"Target_Size","Source_Size","Method","CIndex"
100,100,"Target_Only",0.672609400324149
100,100,"Source1_Only",0.554294975688817
100,100,"Source2_Only",0.781199351701783
100,100,"Weighted",0.750405186385737
200,100,"Target_Only",0.664502164502164
200,100,"Source1_Only",0.692640692640693
200,100,"Source2_Only",0.668831168831169
200,100,"Weighted",0.731601731601732
300,100,"Target_Only",0.786343612334802
300,100,"Source1_Only",0.6735368156073
300,100,"Source2_Only",0.721837633731907
300,100,"Weighted",0.823159219634991
100,300,"Target_Only",0.697674418604651
100,300,"Source1_Only",0.652713178294574
100,300,"Source2_Only",0.668217054263566
100,300,"Weighted",0.73953488372093
200,300,"Target_Only",0.720604914933837
200,300,"Source1_Only",0.667296786389414
200,300,"Source2_Only",0.703213610586011
200,300,"Weighted",0.76937618147448
300,300,"Target_Only",0.722432153899004
300,300,"Source1_Only",0.674682239780144
300,300,"Source2_Only",0.732566128478186
300,300,"Weighted",0.781518378564067
100,500,"Target_Only",0.78544776119403
100,500,"Source1_Only",0.824626865671642
100,500,"Source2_Only",0.727611940298508
100,500,"Weighted",0.80410447761194
200,500,"Target_Only",0.783434650455927
200,500,"Source1_Only",0.684270516717325
200,500,"Source2_Only",0.787993920972644
200,500,"Weighted",0.824088145896656
300,500,"Target_Only",0.753066666666667
300,500,"Source1_Only",0.700088888888889
300,500,"Source2_Only",0.770488888888889
300,500,"Weighted",0.816533333333333
100,1000,"Target_Only",0.638573743922204
100,1000,"Source1_Only",0.628849270664506
100,1000,"Source2_Only",0.685575364667747
100,1000,"Weighted",0.716369529983793
200,1000,"Target_Only",0.729885057471264
200,1000,"Source1_Only",0.658866995073892
200,1000,"Source2_Only",0.792282430213465
200,1000,"Weighted",0.788587848932677
300,1000,"Target_Only",0.723182145428366
300,1000,"Source1_Only",0.711663066954644
300,1000,"Source2_Only",0.761159107271418
300,1000,"Weighted",0.788156947444205
100,100,"Target_Only",0.7536
100,100,"Source1_Only",0.5152
100,100,"Source2_Only",0.7968
100,100,"Weighted",0.7824
200,100,"Target_Only",0.779082177161153
200,100,"Source1_Only",0.568480967627179
200,100,"Source2_Only",0.727499110636784
200,100,"Weighted",0.791177516897901
300,100,"Target_Only",0.796303211351755
300,100,"Source1_Only",0.695668409260642
300,100,"Source2_Only",0.693988050784167
300,100,"Weighted",0.785100821508589
100,300,"Target_Only",0.792700729927007
100,300,"Source1_Only",0.738686131386861
100,300,"Source2_Only",0.762043795620438
100,300,"Weighted",0.856934306569343
200,300,"Target_Only",0.787130716309187
200,300,"Source1_Only",0.723593686766491
200,300,"Source2_Only",0.738972076082558
200,300,"Weighted",0.817482800485633
300,300,"Target_Only",0.734127689845278
300,300,"Source1_Only",0.663880490841188
300,300,"Source2_Only",0.707629379334875
300,300,"Weighted",0.762048728436778
100,500,"Target_Only",0.673841059602649
100,500,"Source1_Only",0.639072847682119
100,500,"Source2_Only",0.728476821192053
100,500,"Weighted",0.745033112582781
200,500,"Target_Only",0.789541363051865
200,500,"Source1_Only",0.723531933133305
200,500,"Source2_Only",0.823831975996571
200,500,"Weighted",0.850835833690527
300,500,"Target_Only",0.746772968868641
300,500,"Source1_Only",0.664578587699317
300,500,"Source2_Only",0.708618071374336
300,500,"Weighted",0.750949126803341
100,1000,"Target_Only",0.634028892455859
100,1000,"Source1_Only",0.7223113964687
100,1000,"Source2_Only",0.695024077046549
100,1000,"Weighted",0.709470304975923
200,1000,"Target_Only",0.740772532188841
200,1000,"Source1_Only",0.639484978540773
200,1000,"Source2_Only",0.728326180257511
200,1000,"Weighted",0.756223175965665
300,1000,"Target_Only",0.748410379790342
300,1000,"Source1_Only",0.704416566420347
300,1000,"Source2_Only",0.765337686887781
300,1000,"Weighted",0.785186458154322
100,100,"Target_Only",0.737404580152672
100,100,"Source1_Only",0.654961832061069
100,100,"Source2_Only",0.714503816793893
100,100,"Weighted",0.783206106870229
200,100,"Target_Only",0.740569668976136
200,100,"Source1_Only",0.668206312548114
200,100,"Source2_Only",0.685912240184757
200,100,"Weighted",0.766743648960739
300,100,"Target_Only",0.722241804723299
300,100,"Source1_Only",0.605040535777229
300,100,"Source2_Only",0.694747973211139
300,100,"Weighted",0.74709199859006
100,300,"Target_Only",0.774193548387097
100,300,"Source1_Only",0.697947214076246
100,300,"Source2_Only",0.752199413489736
100,300,"Weighted",0.790322580645161
200,300,"Target_Only",0.772427983539095
200,300,"Source1_Only",0.609465020576132
200,300,"Source2_Only",0.74238683127572
200,300,"Weighted",0.787654320987654
300,300,"Target_Only",0.79463040446304
300,300,"Source1_Only",0.642433751743375
300,300,"Source2_Only",0.760808926080893
300,300,"Weighted",0.821304044630405
100,500,"Target_Only",0.628318584070796
100,500,"Source1_Only",0.615044247787611
100,500,"Source2_Only",0.787610619469027
100,500,"Weighted",0.768436578171091
200,500,"Target_Only",0.6801872074883
200,500,"Source1_Only",0.633775351014041
200,500,"Source2_Only",0.714703588143526
200,500,"Weighted",0.72581903276131
300,500,"Target_Only",0.768733153638814
300,500,"Source1_Only",0.651033243486074
300,500,"Source2_Only",0.794788858939802
300,500,"Weighted",0.80377358490566
100,1000,"Target_Only",0.79110251450677
100,1000,"Source1_Only",0.74468085106383
100,1000,"Source2_Only",0.760154738878143
100,1000,"Weighted",0.839458413926499
200,1000,"Target_Only",0.741154562383613
200,1000,"Source1_Only",0.650279329608939
200,1000,"Source2_Only",0.754562383612663
200,1000,"Weighted",0.769459962756052
300,1000,"Target_Only",0.728776586075259
300,1000,"Source1_Only",0.689874568260316
300,1000,"Source2_Only",0.781312488638429
300,1000,"Weighted",0.784402835848028
100,100,"Target_Only",0.776470588235294
100,100,"Source1_Only",0.594957983193277
100,100,"Source2_Only",0.633613445378151
100,100,"Weighted",0.719327731092437
200,100,"Target_Only",0.732190476190476
200,100,"Source1_Only",0.718857142857143
200,100,"Source2_Only",0.744761904761905
200,100,"Weighted",0.764190476190476
300,100,"Target_Only",0.787465940054496
300,100,"Source1_Only",0.68283378746594
300,100,"Source2_Only",0.774931880108992
300,100,"Weighted",0.8094459582198
100,300,"Target_Only",0.750373692077728
100,300,"Source1_Only",0.651718983557549
100,300,"Source2_Only",0.766816143497758
100,300,"Weighted",0.831091180866966
200,300,"Target_Only",0.742294520547945
200,300,"Source1_Only",0.642979452054794
200,300,"Source2_Only",0.836044520547945
200,300,"Weighted",0.813784246575342
300,300,"Target_Only",0.702364864864865
300,300,"Source1_Only",0.585810810810811
300,300,"Source2_Only",0.727702702702703
300,300,"Weighted",0.75777027027027
100,500,"Target_Only",0.644578313253012
100,500,"Source1_Only",0.65210843373494
100,500,"Source2_Only",0.795180722891566
100,500,"Weighted",0.762048192771084
200,500,"Target_Only",0.733385457388585
200,500,"Source1_Only",0.642689601250977
200,500,"Source2_Only",0.758405003909304
200,500,"Weighted",0.783424550430023
300,500,"Target_Only",0.722403184943902
300,500,"Source1_Only",0.681505609844372
300,500,"Source2_Only",0.751357220412595
300,500,"Weighted",0.778139703221136
100,1000,"Target_Only",0.740168539325843
100,1000,"Source1_Only",0.629213483146067
100,1000,"Source2_Only",0.823033707865169
100,1000,"Weighted",0.808988764044944
200,1000,"Target_Only",0.728828058169376
200,1000,"Source1_Only",0.726689478186484
200,1000,"Source2_Only",0.758768177929855
200,1000,"Weighted",0.789136013686912
300,1000,"Target_Only",0.784072969654447
300,1000,"Source1_Only",0.710577091738292
300,1000,"Source2_Only",0.771969829854412
300,1000,"Weighted",0.827749517628486
100,100,"Target_Only",0.698051948051948
100,100,"Source1_Only",0.577922077922078
100,100,"Source2_Only",0.63474025974026
100,100,"Weighted",0.732142857142857
200,100,"Target_Only",0.758058674393336
200,100,"Source1_Only",0.607026439695762
200,100,"Source2_Only",0.742122419413256
200,100,"Weighted",0.819630568634553
300,100,"Target_Only",0.781102955015998
300,100,"Source1_Only",0.65424430641822
300,100,"Source2_Only",0.699604743083004
300,100,"Weighted",0.825522303783173
100,300,"Target_Only",0.76271186440678
100,300,"Source1_Only",0.755932203389831
100,300,"Source2_Only",0.740677966101695
100,300,"Weighted",0.823728813559322
200,300,"Target_Only",0.774853801169591
200,300,"Source1_Only",0.691729323308271
200,300,"Source2_Only",0.79281537176274
200,300,"Weighted",0.843358395989975
300,300,"Target_Only",0.742330133634481
300,300,"Source1_Only",0.681159420289855
300,300,"Source2_Only",0.754564276303407
300,300,"Weighted",0.785996612083569
100,500,"Target_Only",0.764124293785311
100,500,"Source1_Only",0.687853107344633
100,500,"Source2_Only",0.768361581920904
100,500,"Weighted",0.813559322033898
200,500,"Target_Only",0.766217870257038
200,500,"Source1_Only",0.719298245614035
200,500,"Source2_Only",0.792737658098735
200,500,"Weighted",0.815177478580171
300,500,"Target_Only",0.757826439578264
300,500,"Source1_Only",0.657258718572587
300,500,"Source2_Only",0.752960259529603
300,500,"Weighted",0.791565287915653
100,1000,"Target_Only",0.707903780068729
100,1000,"Source1_Only",0.743986254295533
100,1000,"Source2_Only",0.730240549828179
100,1000,"Weighted",0.77147766323024
200,1000,"Target_Only",0.772690763052209
200,1000,"Source1_Only",0.666666666666667
200,1000,"Source2_Only",0.796787148594377
200,1000,"Weighted",0.804819277108434
300,1000,"Target_Only",0.787506869389998
300,1000,"Source1_Only",0.731269463271661
300,1000,"Source2_Only",0.79043780912255
300,1000,"Weighted",0.827257739512731
100,100,"Target_Only",0.61119293078056
100,100,"Source1_Only",0.592047128129602
100,100,"Source2_Only",0.642120765832106
100,100,"Weighted",0.617083946980854
200,100,"Target_Only",0.732610321615557
200,100,"Source1_Only",0.681750186985789
200,100,"Source2_Only",0.739341810022438
200,100,"Weighted",0.788706058339566
300,100,"Target_Only",0.780596503256771
300,100,"Source1_Only",0.684093246486116
300,100,"Source2_Only",0.71169009256085
300,100,"Weighted",0.800822763112787
100,300,"Target_Only",0.691780821917808
100,300,"Source1_Only",0.623287671232877
100,300,"Source2_Only",0.707191780821918
100,300,"Weighted",0.741438356164384
200,300,"Target_Only",0.733410493827161
200,300,"Source1_Only",0.725308641975309
200,300,"Source2_Only",0.733024691358025
200,300,"Weighted",0.804398148148148
300,300,"Target_Only",0.772655840754322
300,300,"Source1_Only",0.714684826261568
300,300,"Source2_Only",0.765496769687446
300,300,"Weighted",0.811768814387987
100,500,"Target_Only",0.598006644518272
100,500,"Source1_Only",0.601328903654485
100,500,"Source2_Only",0.654485049833887
100,500,"Weighted",0.644518272425249
200,500,"Target_Only",0.64690332326284
200,500,"Source1_Only",0.578172205438066
200,500,"Source2_Only",0.731495468277946
200,500,"Weighted",0.711858006042296
300,500,"Target_Only",0.677608655785806
300,500,"Source1_Only",0.648267008985879
300,500,"Source2_Only",0.749312305153127
300,500,"Weighted",0.741426737575646
100,1000,"Target_Only",0.633116883116883
100,1000,"Source1_Only",0.550324675324675
100,1000,"Source2_Only",0.775974025974026
100,1000,"Weighted",0.779220779220779
200,1000,"Target_Only",0.788493377483444
200,1000,"Source1_Only",0.701572847682119
200,1000,"Source2_Only",0.826986754966887
200,1000,"Weighted",0.844370860927152
300,1000,"Target_Only",0.787422037422037
300,1000,"Source1_Only",0.715869715869716
300,1000,"Source2_Only",0.783264033264033
300,1000,"Weighted",0.810637560637561
100,100,"Target_Only",0.714285714285714
100,100,"Source1_Only",0.775714285714286
100,100,"Source2_Only",0.535714285714286
100,100,"Weighted",0.728571428571429
200,100,"Target_Only",0.688041594454073
200,100,"Source1_Only",0.743500866551126
200,100,"Source2_Only",0.759532062391681
200,100,"Weighted",0.785528596187175
300,100,"Target_Only",0.74972279423412
300,100,"Source1_Only",0.664660224932679
300,100,"Source2_Only",0.731981625217805
300,100,"Weighted",0.776176144463805
100,300,"Target_Only",0.6608
100,300,"Source1_Only",0.6448
100,300,"Source2_Only",0.6816
100,300,"Weighted",0.736
200,300,"Target_Only",0.723595505617977
200,300,"Source1_Only",0.635205992509363
200,300,"Source2_Only",0.717602996254682
200,300,"Weighted",0.779775280898876
300,300,"Target_Only",0.758133930108452
300,300,"Source1_Only",0.574625580995008
300,300,"Source2_Only",0.752453090032708
300,300,"Weighted",0.785849543811327
100,500,"Target_Only",0.648897058823529
100,500,"Source1_Only",0.696691176470588
100,500,"Source2_Only",0.784926470588235
100,500,"Weighted",0.803308823529412
200,500,"Target_Only",0.772151898734177
200,500,"Source1_Only",0.698180379746835
200,500,"Source2_Only",0.717958860759494
200,500,"Weighted",0.794699367088608
300,500,"Target_Only",0.775422268183385
300,500,"Source1_Only",0.664253705618752
300,500,"Source2_Only",0.759565667011375
300,500,"Weighted",0.798690106859704
100,1000,"Target_Only",0.6
100,1000,"Source1_Only",0.626315789473684
100,1000,"Source2_Only",0.796491228070175
100,1000,"Weighted",0.757894736842105
200,1000,"Target_Only",0.719747587230883
200,1000,"Source1_Only",0.688938381588716
200,1000,"Source2_Only",0.716778025241277
200,1000,"Weighted",0.769487750556793
300,1000,"Target_Only",0.790935390549663
300,1000,"Source1_Only",0.761812921890068
300,1000,"Source2_Only",0.764705882352941
300,1000,"Weighted",0.81870781099325
100,100,"Target_Only",0.747145187601958
100,100,"Source1_Only",0.716150081566069
100,100,"Source2_Only",0.66884176182708
100,100,"Weighted",0.752039151712887
200,100,"Target_Only",0.722667792317433
200,100,"Source1_Only",0.683832840861123
200,100,"Source2_Only",0.648796960742929
200,100,"Weighted",0.751371886872098
300,100,"Target_Only",0.725599166377214
300,100,"Source1_Only",0.705279610976033
300,100,"Source2_Only",0.690343869399097
300,100,"Weighted",0.775790204932268
100,300,"Target_Only",0.724924012158055
100,300,"Source1_Only",0.714285714285714
100,300,"Source2_Only",0.709726443768997
100,300,"Weighted",0.791793313069909
200,300,"Target_Only",0.774736018771998
200,300,"Source1_Only",0.631990614000782
200,300,"Source2_Only",0.754790770434102
200,300,"Weighted",0.809151349237388
300,300,"Target_Only",0.808393152954169
300,300,"Source1_Only",0.653230259525124
300,300,"Source2_Only",0.780415976440272
300,300,"Weighted",0.826062948647156
100,500,"Target_Only",0.760539629005059
100,500,"Source1_Only",0.72681281618887
100,500,"Source2_Only",0.809443507588533
100,500,"Weighted",0.844856661045531
200,500,"Target_Only",0.622544833475662
200,500,"Source1_Only",0.587959009393681
200,500,"Source2_Only",0.770708795900939
200,500,"Weighted",0.737830913748933
300,500,"Target_Only",0.730092204526404
300,500,"Source1_Only",0.633528918692372
300,500,"Source2_Only",0.757753562447611
300,500,"Weighted",0.779379715004191
100,1000,"Target_Only",0.760432766615147
100,1000,"Source1_Only",0.721792890262751
100,1000,"Source2_Only",0.823802163833076
100,1000,"Weighted",0.845440494590417
200,1000,"Target_Only",0.78796169630643
200,1000,"Source1_Only",0.663474692202462
200,1000,"Source2_Only",0.711354309165527
200,1000,"Weighted",0.823073415412677
300,1000,"Target_Only",0.731508634734441
300,1000,"Source1_Only",0.726458129683936
300,1000,"Source2_Only",0.780058651026393
300,1000,"Weighted",0.810524600847181
100,100,"Target_Only",0.777424483306836
100,100,"Source1_Only",0.580286168521463
100,100,"Source2_Only",0.766295707472178
100,100,"Weighted",0.794912559618442
200,100,"Target_Only",0.774206349206349
200,100,"Source1_Only",0.772222222222222
200,100,"Source2_Only",0.692460317460317
200,100,"Weighted",0.805555555555556
300,100,"Target_Only",0.744013781223084
300,100,"Source1_Only",0.662187769164513
300,100,"Source2_Only",0.648406546080965
300,100,"Weighted",0.75297157622739
100,300,"Target_Only",0.752941176470588
100,300,"Source1_Only",0.710924369747899
100,300,"Source2_Only",0.763025210084034
100,300,"Weighted",0.784873949579832
200,300,"Target_Only",0.759121224009415
200,300,"Source1_Only",0.653589642997254
200,300,"Source2_Only",0.775990584542958
200,300,"Weighted",0.811690859160455
300,300,"Target_Only",0.775380261761585
300,300,"Source1_Only",0.664662186062964
300,300,"Source2_Only",0.780509373894588
300,300,"Weighted",0.822249734701097
100,500,"Target_Only",0.65288035450517
100,500,"Source1_Only",0.593796159527326
100,500,"Source2_Only",0.709010339734121
100,500,"Weighted",0.703101920236337
200,500,"Target_Only",0.751173708920188
200,500,"Source1_Only",0.717527386541471
200,500,"Source2_Only",0.720657276995305
200,500,"Weighted",0.789906103286385
300,500,"Target_Only",0.770736086175942
300,500,"Source1_Only",0.688689407540395
300,500,"Source2_Only",0.785098743267505
300,500,"Weighted",0.828904847396768
100,1000,"Target_Only",0.579881656804734
100,1000,"Source1_Only",0.636094674556213
100,1000,"Source2_Only",0.736686390532544
100,1000,"Weighted",0.730769230769231
200,1000,"Target_Only",0.650993109039319
200,1000,"Source1_Only",0.600729631130928
200,1000,"Source2_Only",0.778678556951763
200,1000,"Weighted",0.752736116740981
300,1000,"Target_Only",0.736049601417183
300,1000,"Source1_Only",0.74933569530558
300,1000,"Source2_Only",0.760850310008857
300,1000,"Weighted",0.820194862710363
100,100,"Target_Only",0.694055944055944
100,100,"Source1_Only",0.603146853146853
100,100,"Source2_Only",0.687062937062937
100,100,"Weighted",0.718531468531469
200,100,"Target_Only",0.763724198506807
200,100,"Source1_Only",0.617918313570488
200,100,"Source2_Only",0.783926218708827
200,100,"Weighted",0.800175669740887
300,100,"Target_Only",0.77123798312733
300,100,"Source1_Only",0.68452030606239
300,100,"Source2_Only",0.694918579556602
300,100,"Weighted",0.789287816362566
100,300,"Target_Only",0.667752442996743
100,300,"Source1_Only",0.54885993485342
100,300,"Source2_Only",0.651465798045603
100,300,"Weighted",0.687296416938111
200,300,"Target_Only",0.715969581749049
200,300,"Source1_Only",0.602281368821293
200,300,"Source2_Only",0.781749049429658
200,300,"Weighted",0.780608365019011
300,300,"Target_Only",0.738157894736842
300,300,"Source1_Only",0.704769736842105
300,300,"Source2_Only",0.71875
300,300,"Weighted",0.788651315789474
100,500,"Target_Only",0.771241830065359
100,500,"Source1_Only",0.777777777777778
100,500,"Source2_Only",0.753267973856209
100,500,"Weighted",0.818627450980392
200,500,"Target_Only",0.706179556937427
200,500,"Source1_Only",0.68558103381267
200,500,"Source2_Only",0.781577924601632
200,500,"Weighted",0.791682860474155
300,500,"Target_Only",0.763440860215054
300,500,"Source1_Only",0.692780337941628
300,500,"Source2_Only",0.746373101211811
300,500,"Weighted",0.810035842293907
100,1000,"Target_Only",0.636299435028249
100,1000,"Source1_Only",0.621468926553672
100,1000,"Source2_Only",0.628531073446328
100,1000,"Weighted",0.75
200,1000,"Target_Only",0.708276797829037
200,1000,"Source1_Only",0.62483039348711
200,1000,"Source2_Only",0.791044776119403
200,1000,"Weighted",0.765603799185889
300,1000,"Target_Only",0.709660483024151
300,1000,"Source1_Only",0.727336366818341
300,1000,"Source2_Only",0.716310815540777
300,1000,"Weighted",0.772838641932097
100,100,"Target_Only",0.644694533762058
100,100,"Source1_Only",0.514469453376206
100,100,"Source2_Only",0.598070739549839
100,100,"Weighted",0.692926045016077
200,100,"Target_Only",0.704536789935189
200,100,"Source1_Only",0.646969119329013
200,100,"Source2_Only",0.730461303850553
200,100,"Weighted",0.769729317575296
300,100,"Target_Only",0.76889509513004
300,100,"Source1_Only",0.645487868738
300,100,"Source2_Only",0.649851632047478
300,100,"Weighted",0.751789142956886
100,300,"Target_Only",0.70398773006135
100,300,"Source1_Only",0.728527607361963
100,300,"Source2_Only",0.662576687116564
100,300,"Weighted",0.753067484662577
200,300,"Target_Only",0.744795682343871
200,300,"Source1_Only",0.664610639938319
200,300,"Source2_Only",0.772552043176561
200,300,"Weighted",0.808789514263685
300,300,"Target_Only",0.78147226173542
300,300,"Source1_Only",0.653093883357041
300,300,"Source2_Only",0.765825035561878
300,300,"Weighted",0.785206258890469
100,500,"Target_Only",0.587591240875912
100,500,"Source1_Only",0.607664233576642
100,500,"Source2_Only",0.797445255474453
100,500,"Weighted",0.755474452554745
200,500,"Target_Only",0.663831360946746
200,500,"Source1_Only",0.666050295857988
200,500,"Source2_Only",0.768121301775148
200,500,"Weighted",0.760724852071006
300,500,"Target_Only",0.72621325447904
300,500,"Source1_Only",0.658201426335015
300,500,"Source2_Only",0.70881892503044
300,500,"Weighted",0.751087145590537
100,1000,"Target_Only",0.514376996805112
100,1000,"Source1_Only",0.618210862619808
100,1000,"Source2_Only",0.782747603833866
100,1000,"Weighted",0.677316293929712
200,1000,"Target_Only",0.760535643954313
200,1000,"Source1_Only",0.67073651043718
200,1000,"Source2_Only",0.788499409216227
200,1000,"Weighted",0.808192201654195
300,1000,"Target_Only",0.776900773195876
300,1000,"Source1_Only",0.669942010309278
300,1000,"Source2_Only",0.763853092783505
300,1000,"Weighted",0.807506443298969
100,100,"Target_Only",0.74294670846395
100,100,"Source1_Only",0.691222570532915
100,100,"Source2_Only",0.713166144200627
100,100,"Weighted",0.808777429467085
200,100,"Target_Only",0.712978369384359
200,100,"Source1_Only",0.670965058236273
200,100,"Source2_Only",0.588186356073211
200,100,"Weighted",0.72504159733777
300,100,"Target_Only",0.796961325966851
300,100,"Source1_Only",0.704937845303867
300,100,"Source2_Only",0.722720994475138
300,100,"Weighted",0.800932320441989
100,300,"Target_Only",0.745879120879121
100,300,"Source1_Only",0.677197802197802
100,300,"Source2_Only",0.71978021978022
100,300,"Weighted",0.777472527472527
200,300,"Target_Only",0.593285167870803
200,300,"Source1_Only",0.590735231619209
200,300,"Source2_Only",0.684657883552911
200,300,"Weighted",0.681682957926052
300,300,"Target_Only",0.790843806104129
300,300,"Source1_Only",0.654039497307002
300,300,"Source2_Only",0.750089766606822
300,300,"Weighted",0.791741472172352
100,500,"Target_Only",0.678048780487805
100,500,"Source1_Only",0.570731707317073
100,500,"Source2_Only",0.777235772357724
100,500,"Weighted",0.741463414634146
200,500,"Target_Only",0.735798703774304
200,500,"Source1_Only",0.712924132672512
200,500,"Source2_Only",0.782691574532977
200,500,"Weighted",0.806709874189859
300,500,"Target_Only",0.669768258426966
300,500,"Source1_Only",0.592696629213483
300,500,"Source2_Only",0.749473314606742
300,500,"Weighted",0.725421348314607
100,1000,"Target_Only",0.687707641196013
100,1000,"Source1_Only",0.654485049833887
100,1000,"Source2_Only",0.785714285714286
100,1000,"Weighted",0.759136212624585
200,1000,"Target_Only",0.701931518876207
200,1000,"Source1_Only",0.677787532923617
200,1000,"Source2_Only",0.788410886742757
200,1000,"Weighted",0.82396839332748
300,1000,"Target_Only",0.792160278745645
300,1000,"Source1_Only",0.720383275261324
300,1000,"Source2_Only",0.751742160278746
300,1000,"Weighted",0.825261324041812
100,100,"Target_Only",0.733630952380952
100,100,"Source1_Only",0.65922619047619
100,100,"Source2_Only",0.705357142857143
100,100,"Weighted",0.776785714285714
200,100,"Target_Only",0.764679107874374
200,100,"Source1_Only",0.730541647701411
200,100,"Source2_Only",0.762858443331816
200,100,"Weighted",0.817933545744197
300,100,"Target_Only",0.803521009799037
300,100,"Source1_Only",0.62049493439628
300,100,"Source2_Only",0.739910313901345
300,100,"Weighted",0.815146985550573
100,300,"Target_Only",0.720183486238532
100,300,"Source1_Only",0.814984709480122
100,300,"Source2_Only",0.7782874617737
100,300,"Weighted",0.819571865443425
200,300,"Target_Only",0.770549279314375
200,300,"Source1_Only",0.688352162056876
200,300,"Source2_Only",0.781846513439813
200,300,"Weighted",0.819244253992988
300,300,"Target_Only",0.743827733432337
300,300,"Source1_Only",0.643400779654724
300,300,"Source2_Only",0.719138667161686
300,300,"Weighted",0.766474846853536
100,500,"Target_Only",0.629151291512915
100,500,"Source1_Only",0.726937269372694
100,500,"Source2_Only",0.782287822878229
100,500,"Weighted",0.780442804428044
200,500,"Target_Only",0.789591078066914
200,500,"Source1_Only",0.670631970260223
200,500,"Source2_Only",0.788104089219331
200,500,"Weighted",0.815613382899628
300,500,"Target_Only",0.747638773819387
300,500,"Source1_Only",0.686661143330572
300,500,"Source2_Only",0.743993371996686
300,500,"Weighted",0.788069594034797
100,1000,"Target_Only",0.765714285714286
100,1000,"Source1_Only",0.745714285714286
100,1000,"Source2_Only",0.782857142857143
100,1000,"Weighted",0.805714285714286
200,1000,"Target_Only",0.749014972419228
200,1000,"Source1_Only",0.699369582348306
200,1000,"Source2_Only",0.796296296296296
200,1000,"Weighted",0.821513002364066
300,1000,"Target_Only",0.761131482451545
300,1000,"Source1_Only",0.650602409638554
300,1000,"Source2_Only",0.776497293521914
300,1000,"Weighted",0.803387462895058
100,100,"Target_Only",0.750342935528121
100,100,"Source1_Only",0.662551440329218
100,100,"Source2_Only",0.709190672153635
100,100,"Weighted",0.775034293552812
200,100,"Target_Only",0.728158980127484
200,100,"Source1_Only",0.650543682039745
200,100,"Source2_Only",0.72365954255718
200,100,"Weighted",0.795275590551181
300,100,"Target_Only",0.79563350035791
300,100,"Source1_Only",0.627415891195419
300,100,"Source2_Only",0.696492483894059
300,100,"Weighted",0.789370078740157
100,300,"Target_Only",0.745928338762215
100,300,"Source1_Only",0.646579804560261
100,300,"Source2_Only",0.802931596091205
100,300,"Weighted",0.793159609120521
200,300,"Target_Only",0.685074029611845
200,300,"Source1_Only",0.662264905962385
200,300,"Source2_Only",0.772308923569428
200,300,"Weighted",0.777110844337735
300,300,"Target_Only",0.768968456947997
300,300,"Source1_Only",0.594202898550725
300,300,"Source2_Only",0.744927536231884
300,300,"Weighted",0.775788576300085
100,500,"Target_Only",0.770177838577291
100,500,"Source1_Only",0.627906976744186
100,500,"Source2_Only",0.79343365253078
100,500,"Weighted",0.815321477428181
200,500,"Target_Only",0.789929189614477
200,500,"Source1_Only",0.741935483870968
200,500,"Source2_Only",0.804878048780488
200,500,"Weighted",0.833988985051141
300,500,"Target_Only",0.756158071947546
300,500,"Source1_Only",0.625730994152047
300,500,"Source2_Only",0.798157008683325
300,500,"Weighted",0.828105617579302
100,1000,"Target_Only",0.625
100,1000,"Source1_Only",0.661144578313253
100,1000,"Source2_Only",0.759036144578313
100,1000,"Weighted",0.751506024096386
200,1000,"Target_Only",0.707240704500979
200,1000,"Source1_Only",0.627397260273973
200,1000,"Source2_Only",0.76320939334638
200,1000,"Weighted",0.768688845401174
300,1000,"Target_Only",0.717321428571429
300,1000,"Source1_Only",0.697678571428571
300,1000,"Source2_Only",0.739464285714286
300,1000,"Weighted",0.765892857142857
100,100,"Target_Only",0.61981981981982
100,100,"Source1_Only",0.601801801801802
100,100,"Source2_Only",0.666666666666667
100,100,"Weighted",0.659459459459459
200,100,"Target_Only",0.709090909090909
200,100,"Source1_Only",0.676555023923445
200,100,"Source2_Only",0.688038277511962
200,100,"Weighted",0.776555023923445
300,100,"Target_Only",0.711160964666293
300,100,"Source1_Only",0.60179472798654
300,100,"Source2_Only",0.666666666666667
300,100,"Weighted",0.725369227893064
100,300,"Target_Only",0.604377104377104
100,300,"Source1_Only",0.717171717171717
100,300,"Source2_Only",0.7996632996633
100,300,"Weighted",0.772727272727273
200,300,"Target_Only",0.7375913813005
200,300,"Source1_Only",0.644863409003463
200,300,"Source2_Only",0.746440938822624
200,300,"Weighted",0.772604848018469
300,300,"Target_Only",0.794020511037719
300,300,"Source1_Only",0.724491569615853
300,300,"Source2_Only",0.791586998087954
300,300,"Weighted",0.831739961759082
100,500,"Target_Only",0.672240802675585
100,500,"Source1_Only",0.595317725752508
100,500,"Source2_Only",0.68561872909699
100,500,"Weighted",0.717391304347826
200,500,"Target_Only",0.773584905660377
200,500,"Source1_Only",0.705496308449549
200,500,"Source2_Only",0.728876127973749
200,500,"Weighted",0.791222313371616
300,500,"Target_Only",0.747156321091973
300,500,"Source1_Only",0.649658758531037
300,500,"Source2_Only",0.716769580760481
300,500,"Weighted",0.772830679233019
100,1000,"Target_Only",0.705426356589147
100,1000,"Source1_Only",0.677519379844961
100,1000,"Source2_Only",0.691472868217054
100,1000,"Weighted",0.776744186046512
200,1000,"Target_Only",0.719180633147114
200,1000,"Source1_Only",0.648417132216015
200,1000,"Source2_Only",0.750465549348231
200,1000,"Weighted",0.782867783985102
300,1000,"Target_Only",0.823105360443623
300,1000,"Source1_Only",0.726432532347505
300,1000,"Source2_Only",0.80268022181146
300,1000,"Weighted",0.836598890942699
100,100,"Target_Only",0.661538461538462
100,100,"Source1_Only",0.570940170940171
100,100,"Source2_Only",0.75042735042735
100,100,"Weighted",0.755555555555556
200,100,"Target_Only",0.775095785440613
200,100,"Source1_Only",0.661302681992337
200,100,"Source2_Only",0.76551724137931
200,100,"Weighted",0.793869731800766
300,100,"Target_Only",0.777798300701884
300,100,"Source1_Only",0.659955670483931
300,100,"Source2_Only",0.701699298115996
300,100,"Weighted",0.806243073513114
100,300,"Target_Only",0.751131221719457
100,300,"Source1_Only",0.716440422322775
100,300,"Source2_Only",0.817496229260935
100,300,"Weighted",0.802413273001508
200,300,"Target_Only",0.729988510149368
200,300,"Source1_Only",0.613941018766756
200,300,"Source2_Only",0.70662581386442
200,300,"Weighted",0.747606281118345
300,300,"Target_Only",0.767140101700859
300,300,"Source1_Only",0.643871646501841
300,300,"Source2_Only",0.782745923198317
300,300,"Weighted",0.800631246712257
100,500,"Target_Only",0.844642857142857
100,500,"Source1_Only",0.630357142857143
100,500,"Source2_Only",0.835714285714286
100,500,"Weighted",0.839285714285714
200,500,"Target_Only",0.740584166026134
200,500,"Source1_Only",0.696003074558032
200,500,"Source2_Only",0.749423520368947
200,500,"Weighted",0.787855495772483
300,500,"Target_Only",0.737539212269083
300,500,"Source1_Only",0.616591146741025
300,500,"Source2_Only",0.732136632973161
300,500,"Weighted",0.763506448239805
100,1000,"Target_Only",0.79512893982808
100,1000,"Source1_Only",0.726361031518625
100,1000,"Source2_Only",0.805157593123209
100,1000,"Weighted",0.845272206303725
200,1000,"Target_Only",0.754497354497355
200,1000,"Source1_Only",0.663139329805996
200,1000,"Source2_Only",0.78342151675485
200,1000,"Weighted",0.815167548500882
300,1000,"Target_Only",0.705032213129027
300,1000,"Source1_Only",0.666376458297057
300,1000,"Source2_Only",0.757095594636949
300,1000,"Weighted",0.777119972139997
100,100,"Target_Only",0.733333333333333
100,100,"Source1_Only",0.672592592592593
100,100,"Source2_Only",0.644444444444444
100,100,"Weighted",0.751111111111111
200,100,"Target_Only",0.811219946571683
200,100,"Source1_Only",0.674087266251113
200,100,"Source2_Only",0.654051647373108
200,100,"Weighted",0.804986642920748
300,100,"Target_Only",0.761320185147917
300,100,"Source1_Only",0.587240893539948
300,100,"Source2_Only",0.699738377943248
300,100,"Weighted",0.774602535721473
100,300,"Target_Only",0.517241379310345
100,300,"Source1_Only",0.662668665667166
100,300,"Source2_Only",0.736131934032983
100,300,"Weighted",0.650674662668666
200,300,"Target_Only",0.660355029585799
200,300,"Source1_Only",0.653648915187377
200,300,"Source2_Only",0.674950690335306
200,300,"Weighted",0.705719921104537
300,300,"Target_Only",0.757776550708632
300,300,"Source1_Only",0.624884962267624
300,300,"Source2_Only",0.754647524387999
300,300,"Weighted",0.776918829376035
100,500,"Target_Only",0.715753424657534
100,500,"Source1_Only",0.568493150684932
100,500,"Source2_Only",0.707191780821918
100,500,"Weighted",0.74486301369863
200,500,"Target_Only",0.718337218337218
200,500,"Source1_Only",0.618881118881119
200,500,"Source2_Only",0.768065268065268
200,500,"Weighted",0.761849261849262
300,500,"Target_Only",0.772354889314973
300,500,"Source1_Only",0.706118180233572
300,500,"Source2_Only",0.755621404915461
300,500,"Weighted",0.819766428446923
100,1000,"Target_Only",0.758913412563667
100,1000,"Source1_Only",0.67911714770798
100,1000,"Source2_Only",0.784380305602717
100,1000,"Weighted",0.842105263157895
200,1000,"Target_Only",0.727885425442292
200,1000,"Source1_Only",0.721988205560236
200,1000,"Source2_Only",0.707245155855097
200,1000,"Weighted",0.785593934288121
300,1000,"Target_Only",0.741416132741909
300,1000,"Source1_Only",0.665352390340069
300,1000,"Source2_Only",0.7746016099885
300,1000,"Weighted",0.795958600295712
100,100,"Target_Only",0.624365482233503
100,100,"Source1_Only",0.690355329949239
100,100,"Source2_Only",0.671742808798646
100,100,"Weighted",0.708967851099831
200,100,"Target_Only",0.71073717948718
200,100,"Source1_Only",0.614583333333333
200,100,"Source2_Only",0.658653846153846
200,100,"Weighted",0.732371794871795
300,100,"Target_Only",0.766565758493105
300,100,"Source1_Only",0.564749411368988
300,100,"Source2_Only",0.75882946518668
300,100,"Weighted",0.791792801883619
100,300,"Target_Only",0.703891708967851
100,300,"Source1_Only",0.576988155668359
100,300,"Source2_Only",0.698815566835871
100,300,"Weighted",0.702199661590524
200,300,"Target_Only",0.740544629349471
200,300,"Source1_Only",0.639183055975794
200,300,"Source2_Only",0.719364599092284
200,300,"Weighted",0.767776096822995
300,300,"Target_Only",0.740888666999501
300,300,"Source1_Only",0.662672657680146
300,300,"Source2_Only",0.747378931602596
300,300,"Weighted",0.786320519221168
100,500,"Target_Only",0.663139329805996
100,500,"Source1_Only",0.62962962962963
100,500,"Source2_Only",0.735449735449735
100,500,"Weighted",0.779541446208113
200,500,"Target_Only",0.768047337278106
200,500,"Source1_Only",0.734122287968442
200,500,"Source2_Only",0.744378698224852
200,500,"Weighted",0.79723865877712
300,500,"Target_Only",0.741094986807388
300,500,"Source1_Only",0.62598944591029
300,500,"Source2_Only",0.785784960422164
300,500,"Weighted",0.79122691292876
100,1000,"Target_Only",0.613598673300166
100,1000,"Source1_Only",0.696517412935323
100,1000,"Source2_Only",0.734660033167496
100,1000,"Weighted",0.72636815920398
200,1000,"Target_Only",0.785243198680956
200,1000,"Source1_Only",0.722588623248145
200,1000,"Source2_Only",0.809563066776587
200,1000,"Weighted",0.83676834295136
300,1000,"Target_Only",0.776372093023256
300,1000,"Source1_Only",0.701209302325581
300,1000,"Source2_Only",0.736
300,1000,"Weighted",0.815627906976744
100,100,"Target_Only",0.717717717717718
100,100,"Source1_Only",0.65015015015015
100,100,"Source2_Only",0.711711711711712
100,100,"Weighted",0.794294294294294
200,100,"Target_Only",0.736862745098039
200,100,"Source1_Only",0.587843137254902
200,100,"Source2_Only",0.752156862745098
200,100,"Weighted",0.783529411764706
300,100,"Target_Only",0.767429577464789
300,100,"Source1_Only",0.683978873239437
300,100,"Source2_Only",0.716021126760563
300,100,"Weighted",0.809859154929577
100,300,"Target_Only",0.77972027972028
100,300,"Source1_Only",0.753496503496504
100,300,"Source2_Only",0.793706293706294
100,300,"Weighted",0.814685314685315
200,300,"Target_Only",0.776734693877551
200,300,"Source1_Only",0.62734693877551
200,300,"Source2_Only",0.801224489795918
200,300,"Weighted",0.824489795918367
300,300,"Target_Only",0.753062414932919
300,300,"Source1_Only",0.64650981917169
300,300,"Source2_Only",0.785339296130663
300,300,"Weighted",0.787478125607622
100,500,"Target_Only",0.725293132328308
100,500,"Source1_Only",0.609715242881072
100,500,"Source2_Only",0.726968174204355
100,500,"Weighted",0.733668341708543
200,500,"Target_Only",0.727162489894907
200,500,"Source1_Only",0.696038803556993
200,500,"Source2_Only",0.746160064672595
200,500,"Weighted",0.792239288601455
300,500,"Target_Only",0.712936046511628
300,500,"Source1_Only",0.622093023255814
300,500,"Source2_Only",0.79015261627907
300,500,"Weighted",0.776889534883721
100,1000,"Target_Only",0.701461377870564
100,1000,"Source1_Only",0.789144050104384
100,1000,"Source2_Only",0.81419624217119
100,1000,"Weighted",0.874739039665971
200,1000,"Target_Only",0.767590618336887
200,1000,"Source1_Only",0.68955223880597
200,1000,"Source2_Only",0.736886993603411
200,1000,"Weighted",0.804690831556503
300,1000,"Target_Only",0.789453425712086
300,1000,"Source1_Only",0.663010007698229
300,1000,"Source2_Only",0.824480369515012
300,1000,"Weighted",0.826789838337182
100,100,"Target_Only",0.64808362369338
100,100,"Source1_Only",0.611498257839721
100,100,"Source2_Only",0.839721254355401
100,100,"Weighted",0.808362369337979
200,100,"Target_Only",0.731658692185008
200,100,"Source1_Only",0.662280701754386
200,100,"Source2_Only",0.774720893141946
200,100,"Weighted",0.802232854864434
300,100,"Target_Only",0.743987719597476
300,100,"Source1_Only",0.641821593041105
300,100,"Source2_Only",0.741429302404912
300,100,"Weighted",0.771618625277162
100,300,"Target_Only",0.702702702702703
100,300,"Source1_Only",0.650238473767886
100,300,"Source2_Only",0.713831478537361
100,300,"Weighted",0.75516693163752
200,300,"Target_Only",0.755681818181818
200,300,"Source1_Only",0.622814685314685
200,300,"Source2_Only",0.791520979020979
200,300,"Weighted",0.791958041958042
300,300,"Target_Only",0.79660441426146
300,300,"Source1_Only",0.641935483870968
300,300,"Source2_Only",0.777079796264856
300,300,"Weighted",0.817996604414261
100,500,"Target_Only",0.732166890982503
100,500,"Source1_Only",0.678331090174966
100,500,"Source2_Only",0.75235531628533
100,500,"Weighted",0.772543741588156
200,500,"Target_Only",0.747609147609148
200,500,"Source1_Only",0.698128898128898
200,500,"Source2_Only",0.772972972972973
200,500,"Weighted",0.794178794178794
300,500,"Target_Only",0.74523045753841
300,500,"Source1_Only",0.635657605942934
300,500,"Source2_Only",0.750970791828465
300,500,"Weighted",0.780685463447577
100,1000,"Target_Only",0.681444991789819
100,1000,"Source1_Only",0.722495894909688
100,1000,"Source2_Only",0.791461412151067
100,1000,"Weighted",0.821018062397373
200,1000,"Target_Only",0.769018525817895
200,1000,"Source1_Only",0.701616081986598
200,1000,"Source2_Only",0.795427670476941
200,1000,"Weighted",0.823413480488766
300,1000,"Target_Only",0.77078853046595
300,1000,"Source1_Only",0.668996415770609
300,1000,"Source2_Only",0.750358422939068
300,1000,"Weighted",0.790681003584229
100,100,"Target_Only",0.759717314487633
100,100,"Source1_Only",0.782685512367491
100,100,"Source2_Only",0.72791519434629
100,100,"Weighted",0.803886925795053
200,100,"Target_Only",0.723130434782609
200,100,"Source1_Only",0.641391304347826
200,100,"Source2_Only",0.679652173913043
200,100,"Weighted",0.771478260869565
300,100,"Target_Only",0.764292497625831
300,100,"Source1_Only",0.601044634377968
300,100,"Source2_Only",0.747958214624881
300,100,"Weighted",0.778157644824311
100,300,"Target_Only",0.697115384615385
100,300,"Source1_Only",0.674679487179487
100,300,"Source2_Only",0.673076923076923
100,300,"Weighted",0.705128205128205
200,300,"Target_Only",0.730376766091052
200,300,"Source1_Only",0.626373626373626
200,300,"Source2_Only",0.770800627943485
200,300,"Weighted",0.810832025117739
300,300,"Target_Only",0.790025359256128
300,300,"Source1_Only",0.680642434488588
300,300,"Source2_Only",0.736432797971259
300,300,"Weighted",0.800845308537616
100,500,"Target_Only",0.654882154882155
100,500,"Source1_Only",0.626262626262626
100,500,"Source2_Only",0.779461279461279
100,500,"Weighted",0.771043771043771
200,500,"Target_Only",0.719747733543555
200,500,"Source1_Only",0.623965313362239
200,500,"Source2_Only",0.731178557351202
200,500,"Weighted",0.759558533701222
300,500,"Target_Only",0.764030612244898
300,500,"Source1_Only",0.686953352769679
300,500,"Source2_Only",0.755830903790087
300,500,"Weighted",0.806122448979592
100,1000,"Target_Only",0.662957074721781
100,1000,"Source1_Only",0.594594594594595
100,1000,"Source2_Only",0.769475357710652
100,1000,"Weighted",0.758346581875994
200,1000,"Target_Only",0.744615384615385
200,1000,"Source1_Only",0.661923076923077
200,1000,"Source2_Only",0.788461538461538
200,1000,"Weighted",0.835
300,1000,"Target_Only",0.736850393700787
300,1000,"Source1_Only",0.731811023622047
300,1000,"Source2_Only",0.72251968503937
300,1000,"Weighted",0.802362204724409
100,100,"Target_Only",0.6224
100,100,"Source1_Only",0.6288
100,100,"Source2_Only",0.704
100,100,"Weighted",0.6784
200,100,"Target_Only",0.698419132549655
200,100,"Source1_Only",0.581678151601135
200,100,"Source2_Only",0.653830563437373
200,100,"Weighted",0.745439805431698
300,100,"Target_Only",0.724306688417618
300,100,"Source1_Only",0.60920790284575
300,100,"Source2_Only",0.642196846112017
300,100,"Weighted",0.72847562080841
100,300,"Target_Only",0.708333333333333
100,300,"Source1_Only",0.767241379310345
100,300,"Source2_Only",0.706896551724138
100,300,"Weighted",0.794540229885057
200,300,"Target_Only",0.796986186688991
200,300,"Source1_Only",0.651737128505651
200,300,"Source2_Only",0.750523231477606
200,300,"Weighted",0.829635830891586
300,300,"Target_Only",0.752782338989236
300,300,"Source1_Only",0.569968983762087
300,300,"Source2_Only",0.768472906403941
300,300,"Weighted",0.786352855318373
100,500,"Target_Only",0.667630057803468
100,500,"Source1_Only",0.651734104046243
100,500,"Source2_Only",0.676300578034682
100,500,"Weighted",0.735549132947977
200,500,"Target_Only",0.756045820958846
200,500,"Source1_Only",0.737378022910479
200,500,"Source2_Only",0.801442511667374
200,500,"Weighted",0.82308018667798
300,500,"Target_Only",0.710508123055652
300,500,"Source1_Only",0.653128240580712
300,500,"Source2_Only",0.748530936743865
300,500,"Weighted",0.777048047010024
100,1000,"Target_Only",0.693989071038251
100,1000,"Source1_Only",0.70856102003643
100,1000,"Source2_Only",0.739526411657559
100,1000,"Weighted",0.792349726775956
200,1000,"Target_Only",0.755178907721281
200,1000,"Source1_Only",0.726177024482109
200,1000,"Source2_Only",0.792843691148776
200,1000,"Weighted",0.809416195856874
300,1000,"Target_Only",0.784529390551749
300,1000,"Source1_Only",0.682473855030653
300,1000,"Source2_Only",0.792102416155788
300,1000,"Weighted",0.829246303642265
100,100,"Target_Only",0.751131221719457
100,100,"Source1_Only",0.675716440422323
100,100,"Source2_Only",0.710407239819005
100,100,"Weighted",0.793363499245852
200,100,"Target_Only",0.71180931744312
200,100,"Source1_Only",0.651498736005778
200,100,"Source2_Only",0.729866377753702
200,100,"Weighted",0.76489707475623
300,100,"Target_Only",0.765761234071093
300,100,"Source1_Only",0.641851106639839
300,100,"Source2_Only",0.749664654594232
300,100,"Weighted",0.769450033534541
100,300,"Target_Only",0.644480519480519
100,300,"Source1_Only",0.537337662337662
100,300,"Source2_Only",0.714285714285714
100,300,"Weighted",0.701298701298701
200,300,"Target_Only",0.778070175438596
200,300,"Source1_Only",0.71140350877193
200,300,"Source2_Only",0.822368421052632
200,300,"Weighted",0.83859649122807
300,300,"Target_Only",0.760272675629616
300,300,"Source1_Only",0.663510698731301
300,300,"Source2_Only",0.742662374550275
300,300,"Weighted",0.798144290854005
100,500,"Target_Only",0.743243243243243
100,500,"Source1_Only",0.633633633633634
100,500,"Source2_Only",0.785285285285285
100,500,"Weighted",0.780780780780781
200,500,"Target_Only",0.745233968804159
200,500,"Source1_Only",0.741334488734835
200,500,"Source2_Only",0.837954939341421
200,500,"Weighted",0.837954939341421
300,500,"Target_Only",0.781677376833086
300,500,"Source1_Only",0.624320316361839
300,500,"Source2_Only",0.765364969517219
300,500,"Weighted",0.802438622507827
100,1000,"Target_Only",0.761006289308176
100,1000,"Source1_Only",0.740566037735849
100,1000,"Source2_Only",0.767295597484277
100,1000,"Weighted",0.833333333333333
200,1000,"Target_Only",0.803348909657321
200,1000,"Source1_Only",0.731308411214953
200,1000,"Source2_Only",0.76518691588785
200,1000,"Weighted",0.837616822429907
300,1000,"Target_Only",0.700122399020808
300,1000,"Source1_Only",0.623185871655884
300,1000,"Source2_Only",0.750131141808008
300,1000,"Weighted",0.7796817625459
100,100,"Target_Only",0.648233486943164
100,100,"Source1_Only",0.67741935483871
100,100,"Source2_Only",0.711213517665131
100,100,"Weighted",0.721966205837174
200,100,"Target_Only",0.73605065294816
200,100,"Source1_Only",0.587257617728532
200,100,"Source2_Only",0.724574594380688
200,100,"Weighted",0.777601899485556
300,100,"Target_Only",0.787958607714017
300,100,"Source1_Only",0.672624647224835
300,100,"Source2_Only",0.70931326434619
300,100,"Weighted",0.787770460959548
100,300,"Target_Only",0.621970920840065
100,300,"Source1_Only",0.634894991922456
100,300,"Source2_Only",0.804523424878837
100,300,"Weighted",0.781906300484653
200,300,"Target_Only",0.757526444263629
200,300,"Source1_Only",0.661106590724166
200,300,"Source2_Only",0.794141578519121
200,300,"Weighted",0.798209926769732
300,300,"Target_Only",0.783812193412754
300,300,"Source1_Only",0.678521373510862
300,300,"Source2_Only",0.776629292221444
300,300,"Weighted",0.827259985984583
100,500,"Target_Only",0.643463497453311
100,500,"Source1_Only",0.702886247877759
100,500,"Source2_Only",0.770797962648557
100,500,"Weighted",0.782682512733446
200,500,"Target_Only",0.749494131930392
200,500,"Source1_Only",0.71873735329826
200,500,"Source2_Only",0.754350465398624
200,500,"Weighted",0.802913800080939
300,500,"Target_Only",0.758287795992714
300,500,"Source1_Only",0.719307832422587
300,500,"Source2_Only",0.715482695810565
300,500,"Weighted",0.790710382513661
100,1000,"Target_Only",0.775322283609576
100,1000,"Source1_Only",0.70902394106814
100,1000,"Source2_Only",0.747697974217311
100,1000,"Weighted",0.791896869244936
200,1000,"Target_Only",0.742225859247136
200,1000,"Source1_Only",0.673895253682488
200,1000,"Source2_Only",0.772094926350245
200,1000,"Weighted",0.809738134206219
300,1000,"Target_Only",0.736925515055468
300,1000,"Source1_Only",0.673886247578799
300,1000,"Source2_Only",0.756999471737982
300,1000,"Weighted",0.807536538122909
100,100,"Target_Only",0.702614379084967
100,100,"Source1_Only",0.741830065359477
100,100,"Source2_Only",0.647058823529412
100,100,"Weighted",0.764705882352941
200,100,"Target_Only",0.748712288447388
200,100,"Source1_Only",0.623620309050773
200,100,"Source2_Only",0.677336276674025
200,100,"Weighted",0.748344370860927
300,100,"Target_Only",0.74554266920547
300,100,"Source1_Only",0.728405746927471
300,100,"Source2_Only",0.697593906872079
300,100,"Weighted",0.807339449541284
100,300,"Target_Only",0.63353115727003
100,300,"Source1_Only",0.596439169139466
100,300,"Source2_Only",0.71513353115727
100,300,"Weighted",0.724035608308605
200,300,"Target_Only",0.626373626373626
200,300,"Source1_Only",0.611067503924647
200,300,"Source2_Only",0.701334379905808
200,300,"Weighted",0.695839874411303
300,300,"Target_Only",0.77667190501135
300,300,"Source1_Only",0.616203946219661
300,300,"Source2_Only",0.697747511786275
300,300,"Weighted",0.779465688842326
100,500,"Target_Only",0.811819595645412
100,500,"Source1_Only",0.685847589424572
100,500,"Source2_Only",0.808709175738725
100,500,"Weighted",0.839813374805599
200,500,"Target_Only",0.817408906882591
200,500,"Source1_Only",0.647773279352227
200,500,"Source2_Only",0.808097165991903
200,500,"Weighted",0.842105263157895
300,500,"Target_Only",0.778770745942003
300,500,"Source1_Only",0.666788254605143
300,500,"Source2_Only",0.785154112712019
300,500,"Weighted",0.823271931424403
100,1000,"Target_Only",0.619047619047619
100,1000,"Source1_Only",0.523809523809524
100,1000,"Source2_Only",0.766666666666667
100,1000,"Weighted",0.746031746031746
200,1000,"Target_Only",0.710460549803642
200,1000,"Source1_Only",0.604426990360585
200,1000,"Source2_Only",0.729025348089968
200,1000,"Weighted",0.73402356301321
300,1000,"Target_Only",0.803798602401003
300,1000,"Source1_Only",0.751836588425013
300,1000,"Source2_Only",0.806486292779072
300,1000,"Weighted",0.839813653467121
100,100,"Target_Only",0.753030303030303
100,100,"Source1_Only",0.643939393939394
100,100,"Source2_Only",0.651515151515151
100,100,"Weighted",0.739393939393939
200,100,"Target_Only",0.750294927251278
200,100,"Source1_Only",0.651985843491939
200,100,"Source2_Only",0.729060165159261
200,100,"Weighted",0.78568619740464
300,100,"Target_Only",0.744018296973962
300,100,"Source1_Only",0.594827586206897
300,100,"Source2_Only",0.710239268121042
300,100,"Weighted",0.755805770584096
100,300,"Target_Only",0.617363344051447
100,300,"Source1_Only",0.652733118971061
100,300,"Source2_Only",0.704180064308682
100,300,"Weighted",0.704180064308682
200,300,"Target_Only",0.654411764705882
200,300,"Source1_Only",0.568339100346021
200,300,"Source2_Only",0.704152249134948
200,300,"Weighted",0.703287197231834
300,300,"Target_Only",0.717528842575363
300,300,"Source1_Only",0.646073688128024
300,300,"Source2_Only",0.725716412355787
300,300,"Weighted",0.770561965016747
100,500,"Target_Only",0.759055118110236
100,500,"Source1_Only",0.748031496062992
100,500,"Source2_Only",0.697637795275591
100,500,"Weighted",0.796850393700787
200,500,"Target_Only",0.747885622231172
200,500,"Source1_Only",0.657672170761176
200,500,"Source2_Only",0.819573097060008
200,500,"Weighted",0.827627869512686
300,500,"Target_Only",0.765054127198918
300,500,"Source1_Only",0.649695534506089
300,500,"Source2_Only",0.783998646820027
300,500,"Weighted",0.811738836265223
100,1000,"Target_Only",0.783898305084746
100,1000,"Source1_Only",0.652542372881356
100,1000,"Source2_Only",0.748587570621469
100,1000,"Weighted",0.830508474576271
200,1000,"Target_Only",0.638508371385084
200,1000,"Source1_Only",0.651065449010654
200,1000,"Source2_Only",0.763698630136986
200,1000,"Weighted",0.718036529680365
300,1000,"Target_Only",0.746080933284725
300,1000,"Source1_Only",0.685563251913963
300,1000,"Source2_Only",0.792562887349617
300,1000,"Weighted",0.802952971199417
100,100,"Target_Only",0.703076923076923
100,100,"Source1_Only",0.675384615384615
100,100,"Source2_Only",0.767692307692308
100,100,"Weighted",0.769230769230769
200,100,"Target_Only",0.668633235004916
200,100,"Source1_Only",0.564896755162242
200,100,"Source2_Only",0.667649950835792
200,100,"Weighted",0.718780727630285
300,100,"Target_Only",0.803759894459103
300,100,"Source1_Only",0.656497361477573
300,100,"Source2_Only",0.761048812664908
300,100,"Weighted",0.837565963060686
100,300,"Target_Only",0.656862745098039
100,300,"Source1_Only",0.596078431372549
100,300,"Source2_Only",0.76078431372549
100,300,"Weighted",0.727450980392157
200,300,"Target_Only",0.725556813892035
200,300,"Source1_Only",0.666666666666667
200,300,"Source2_Only",0.782936957342393
200,300,"Weighted",0.788221970554926
300,300,"Target_Only",0.756233153638814
300,300,"Source1_Only",0.563173854447439
300,300,"Source2_Only",0.731637466307278
300,300,"Weighted",0.778470350404313
100,500,"Target_Only",0.663893510815308
100,500,"Source1_Only",0.607321131447587
100,500,"Source2_Only",0.775374376039933
100,500,"Weighted",0.740432612312812
200,500,"Target_Only",0.777947932618683
200,500,"Source1_Only",0.711332312404288
200,500,"Source2_Only",0.829249617151608
200,500,"Weighted",0.835375191424196
300,500,"Target_Only",0.733486622073579
300,500,"Source1_Only",0.591555183946488
300,500,"Source2_Only",0.772366220735786
300,500,"Weighted",0.780309364548495
100,1000,"Target_Only",0.504918032786885
100,1000,"Source1_Only",0.678688524590164
100,1000,"Source2_Only",0.721311475409836
100,1000,"Weighted",0.663934426229508
200,1000,"Target_Only",0.725519287833828
200,1000,"Source1_Only",0.670994065281899
200,1000,"Source2_Only",0.786721068249258
200,1000,"Weighted",0.781528189910979
300,1000,"Target_Only",0.786699107866991
300,1000,"Source1_Only",0.707704785077048
300,1000,"Source2_Only",0.787996755879968
300,1000,"Weighted",0.825304136253041
100,100,"Target_Only",0.643312101910828
100,100,"Source1_Only",0.644904458598726
100,100,"Source2_Only",0.714968152866242
100,100,"Weighted",0.74203821656051
200,100,"Target_Only",0.675895164267257
200,100,"Source1_Only",0.589147286821705
200,100,"Source2_Only",0.652639350313769
200,100,"Weighted",0.729420450350683
300,100,"Target_Only",0.800827129859388
300,100,"Source1_Only",0.639867659222498
300,100,"Source2_Only",0.758974358974359
300,100,"Weighted",0.815219189412738
100,300,"Target_Only",0.6546875
100,300,"Source1_Only",0.5953125
100,300,"Source2_Only",0.7828125
100,300,"Weighted",0.7453125
200,300,"Target_Only",0.668981481481482
200,300,"Source1_Only",0.56712962962963
200,300,"Source2_Only",0.722993827160494
200,300,"Weighted",0.71141975308642
300,300,"Target_Only",0.74496644295302
300,300,"Source1_Only",0.707237438781063
300,300,"Source2_Only",0.672410665699256
300,300,"Weighted",0.778523489932886
100,500,"Target_Only",0.675986842105263
100,500,"Source1_Only",0.684210526315789
100,500,"Source2_Only",0.712171052631579
100,500,"Weighted",0.726973684210526
200,500,"Target_Only",0.72508038585209
200,500,"Source1_Only",0.681672025723473
200,500,"Source2_Only",0.764469453376206
200,500,"Weighted",0.792604501607717
300,500,"Target_Only",0.751635174418605
300,500,"Source1_Only",0.692223837209302
300,500,"Source2_Only",0.746366279069767
300,500,"Weighted",0.797238372093023
100,1000,"Target_Only",0.518333333333333
100,1000,"Source1_Only",0.688333333333333
100,1000,"Source2_Only",0.728333333333333
100,1000,"Weighted",0.701666666666667
200,1000,"Target_Only",0.767080745341615
200,1000,"Source1_Only",0.68944099378882
200,1000,"Source2_Only",0.786490683229814
200,1000,"Weighted",0.804347826086957
300,1000,"Target_Only",0.722926475914524
300,1000,"Source1_Only",0.662622238319449
300,1000,"Source2_Only",0.74248460702644
300,1000,"Weighted",0.766207895689967
100,100,"Target_Only",0.754646840148699
100,100,"Source1_Only",0.719330855018587
100,100,"Source2_Only",0.661710037174721
100,100,"Weighted",0.752788104089219
200,100,"Target_Only",0.712071778140294
200,100,"Source1_Only",0.635399673735726
200,100,"Source2_Only",0.703099510603589
200,100,"Weighted",0.73694942903752
300,100,"Target_Only",0.782174338883448
300,100,"Source1_Only",0.632908912830558
300,100,"Source2_Only",0.677766895200784
300,100,"Weighted",0.777081292850147
100,300,"Target_Only",0.719642857142857
100,300,"Source1_Only",0.730357142857143
100,300,"Source2_Only",0.782142857142857
100,300,"Weighted",0.826785714285714
200,300,"Target_Only",0.704665314401623
200,300,"Source1_Only",0.665720081135903
200,300,"Source2_Only",0.744827586206896
200,300,"Weighted",0.785395537525355
300,300,"Target_Only",0.798342541436464
300,300,"Source1_Only",0.672849250197316
300,300,"Source2_Only",0.798539857932123
300,300,"Weighted",0.833662194159432
100,500,"Target_Only",0.788756388415673
100,500,"Source1_Only",0.696763202725724
100,500,"Source2_Only",0.816013628620102
100,500,"Weighted",0.86541737649063
200,500,"Target_Only",0.784269662921348
200,500,"Source1_Only",0.624719101123596
200,500,"Source2_Only",0.70374531835206
200,500,"Weighted",0.773408239700375
300,500,"Target_Only",0.708185053380783
300,500,"Source1_Only",0.673614641586172
300,500,"Source2_Only",0.749195051686155
300,500,"Weighted",0.776309100152517
100,1000,"Target_Only",0.738724727838258
100,1000,"Source1_Only",0.749611197511664
100,1000,"Source2_Only",0.786936236391913
100,1000,"Weighted",0.816485225505443
200,1000,"Target_Only",0.75338530980714
200,1000,"Source1_Only",0.746819860484202
200,1000,"Source2_Only",0.759950759130078
200,1000,"Weighted",0.806319244973328
300,1000,"Target_Only",0.77413538764137
300,1000,"Source1_Only",0.688903458449434
300,1000,"Source2_Only",0.755286018685461
300,1000,"Weighted",0.806261268644485
100,100,"Target_Only",0.689948892674617
100,100,"Source1_Only",0.61839863713799
100,100,"Source2_Only",0.812606473594549
100,100,"Weighted",0.780238500851789
200,100,"Target_Only",0.751827626010004
200,100,"Source1_Only",0.64524817237399
200,100,"Source2_Only",0.729126587148903
200,100,"Weighted",0.798768757214313
300,100,"Target_Only",0.785538984330753
300,100,"Source1_Only",0.670190673966396
300,100,"Source2_Only",0.750613554842364
300,100,"Weighted",0.794978289597886
100,300,"Target_Only",0.759259259259259
100,300,"Source1_Only",0.734567901234568
100,300,"Source2_Only",0.685185185185185
100,300,"Weighted",0.762345679012346
200,300,"Target_Only",0.771324126726239
200,300,"Source1_Only",0.800974817221771
200,300,"Source2_Only",0.782696994313566
200,300,"Weighted",0.830219333874898
300,300,"Target_Only",0.73309053069719
300,300,"Source1_Only",0.643773846687478
300,300,"Source2_Only",0.757197363857093
300,300,"Weighted",0.805757891085675
100,500,"Target_Only",0.790951638065523
100,500,"Source1_Only",0.712948517940718
100,500,"Source2_Only",0.856474258970359
100,500,"Weighted",0.873634945397816
200,500,"Target_Only",0.757175226586103
200,500,"Source1_Only",0.677114803625378
200,500,"Source2_Only",0.765861027190332
200,500,"Weighted",0.779456193353474
300,500,"Target_Only",0.774386920980926
300,500,"Source1_Only",0.656494096276113
300,500,"Source2_Only",0.772207084468665
300,500,"Weighted",0.820890099909173
100,1000,"Target_Only",0.738898756660746
100,1000,"Source1_Only",0.731793960923623
100,1000,"Source2_Only",0.793960923623446
100,1000,"Weighted",0.802841918294849
200,1000,"Target_Only",0.76742364917776
200,1000,"Source1_Only",0.711041503523884
200,1000,"Source2_Only",0.735708692247455
200,1000,"Weighted",0.784259984338293
300,1000,"Target_Only",0.774894810659187
300,1000,"Source1_Only",0.708976157082749
300,1000,"Source2_Only",0.774544179523142
300,1000,"Weighted",0.819950911640954
100,100,"Target_Only",0.686453576864536
100,100,"Source1_Only",0.639269406392694
100,100,"Source2_Only",0.672754946727549
100,100,"Weighted",0.701674277016743
200,100,"Target_Only",0.736021300874857
200,100,"Source1_Only",0.682388740966147
200,100,"Source2_Only",0.687333586915177
200,100,"Weighted",0.780524914416128
300,100,"Target_Only",0.719816607233826
300,100,"Source1_Only",0.643233146544405
300,100,"Source2_Only",0.661062998811343
300,100,"Weighted",0.742401086771948
100,300,"Target_Only",0.633711507293355
100,300,"Source1_Only",0.627228525121556
100,300,"Source2_Only",0.764991896272285
100,300,"Weighted",0.758508914100486
200,300,"Target_Only",0.750548646671544
200,300,"Source1_Only",0.694586686174104
200,300,"Source2_Only",0.797732260424287
200,300,"Weighted",0.813825896122897
300,300,"Target_Only",0.722499041778459
300,300,"Source1_Only",0.594863932541204
300,300,"Source2_Only",0.680145649674205
300,300,"Weighted",0.72537370640092
100,500,"Target_Only",0.810606060606061
100,500,"Source1_Only",0.743939393939394
100,500,"Source2_Only",0.806060606060606
100,500,"Weighted",0.836363636363636
200,500,"Target_Only",0.789232531500573
200,500,"Source1_Only",0.737686139747995
200,500,"Source2_Only",0.785032455135548
200,500,"Weighted",0.838487972508591
300,500,"Target_Only",0.741553157615426
300,500,"Source1_Only",0.654696621263046
300,500,"Source2_Only",0.77268706881302
300,500,"Weighted",0.775694321599151
100,1000,"Target_Only",0.622950819672131
100,1000,"Source1_Only",0.647540983606557
100,1000,"Source2_Only",0.75
100,1000,"Weighted",0.683606557377049
200,1000,"Target_Only",0.730515191545575
200,1000,"Source1_Only",0.688243064729194
200,1000,"Source2_Only",0.783795684720388
200,1000,"Weighted",0.800968736239542
300,1000,"Target_Only",0.754409317803661
300,1000,"Source1_Only",0.716472545757072
300,1000,"Source2_Only",0.786023294509151
300,1000,"Weighted",0.809983361064892
100,100,"Target_Only",0.666666666666667
100,100,"Source1_Only",0.567901234567901
100,100,"Source2_Only",0.691358024691358
100,100,"Weighted",0.744855967078189
200,100,"Target_Only",0.758689572512984
200,100,"Source1_Only",0.651618058330004
200,100,"Source2_Only",0.75269676388334
200,100,"Weighted",0.811825809029165
300,100,"Target_Only",0.821652421652422
300,100,"Source1_Only",0.633998100664767
300,100,"Source2_Only",0.679392212725546
300,100,"Weighted",0.798670465337132
100,300,"Target_Only",0.734234234234234
100,300,"Source1_Only",0.794294294294294
100,300,"Source2_Only",0.774774774774775
100,300,"Weighted",0.846846846846847
200,300,"Target_Only",0.70207468879668
200,300,"Source1_Only",0.669294605809129
200,300,"Source2_Only",0.829045643153527
200,300,"Weighted",0.833609958506224
300,300,"Target_Only",0.712384353189417
300,300,"Source1_Only",0.623924687550722
300,300,"Source2_Only",0.751176757019964
300,300,"Weighted",0.755396851160526
100,500,"Target_Only",0.62756052141527
100,500,"Source1_Only",0.666666666666667
100,500,"Source2_Only",0.769087523277467
100,500,"Weighted",0.735567970204842
200,500,"Target_Only",0.707417070443533
200,500,"Source1_Only",0.688035780842341
200,500,"Source2_Only",0.706298919120388
200,500,"Weighted",0.764815505031681
300,500,"Target_Only",0.764008445671593
300,500,"Source1_Only",0.710898164690596
300,500,"Source2_Only",0.794380380055222
300,500,"Weighted",0.821991229494884
100,1000,"Target_Only",0.701782820097245
100,1000,"Source1_Only",0.633711507293355
100,1000,"Source2_Only",0.724473257698541
100,1000,"Weighted",0.776337115072934
200,1000,"Target_Only",0.733125243854858
200,1000,"Source1_Only",0.685914943425673
200,1000,"Source2_Only",0.765509168942645
200,1000,"Weighted",0.801014436207569
300,1000,"Target_Only",0.706447187928669
300,1000,"Source1_Only",0.628086419753086
300,1000,"Source2_Only",0.761831275720165
300,1000,"Weighted",0.765603566529492
100,100,"Target_Only",0.63448275862069
100,100,"Source1_Only",0.670689655172414
100,100,"Source2_Only",0.689655172413793
100,100,"Weighted",0.729310344827586
200,100,"Target_Only",0.787470261697066
200,100,"Source1_Only",0.721649484536082
200,100,"Source2_Only",0.737113402061856
200,100,"Weighted",0.818001586042823
300,100,"Target_Only",0.759424795958026
300,100,"Source1_Only",0.65643218033424
300,100,"Source2_Only",0.671200932763311
300,100,"Weighted",0.779246016323358
100,300,"Target_Only",0.707182320441989
100,300,"Source1_Only",0.651933701657459
100,300,"Source2_Only",0.773480662983425
100,300,"Weighted",0.786372007366482
200,300,"Target_Only",0.784358390280941
200,300,"Source1_Only",0.694001518602885
200,300,"Source2_Only",0.729688686408504
200,300,"Weighted",0.817388003037206
300,300,"Target_Only",0.804039619343562
300,300,"Source1_Only",0.675665177704409
300,300,"Source2_Only",0.759370751602253
300,300,"Weighted",0.831229364925228
100,500,"Target_Only",0.737704918032787
100,500,"Source1_Only",0.652459016393443
100,500,"Source2_Only",0.777049180327869
100,500,"Weighted",0.80655737704918
200,500,"Target_Only",0.729485669414998
200,500,"Source1_Only",0.652925009815469
200,500,"Source2_Only",0.819395367098547
200,500,"Weighted",0.815861798193954
300,500,"Target_Only",0.791427546628408
300,500,"Source1_Only",0.640243902439024
300,500,"Source2_Only",0.747309899569584
300,500,"Weighted",0.800394548063128
100,1000,"Target_Only",0.742808798646362
100,1000,"Source1_Only",0.671742808798646
100,1000,"Source2_Only",0.851099830795262
100,1000,"Weighted",0.812182741116751
200,1000,"Target_Only",0.769838285069575
200,1000,"Source1_Only",0.712297856336969
200,1000,"Source2_Only",0.753666792027078
200,1000,"Weighted",0.829259119969914
300,1000,"Target_Only",0.787537288697381
300,1000,"Source1_Only",0.691581040768976
300,1000,"Source2_Only",0.800298309579052
300,1000,"Weighted",0.825986078886311
100,100,"Target_Only",0.635593220338983
100,100,"Source1_Only",0.664406779661017
100,100,"Source2_Only",0.791525423728814
100,100,"Weighted",0.755932203389831
200,100,"Target_Only",0.708992506244796
200,100,"Source1_Only",0.621565362198168
200,100,"Source2_Only",0.683180682764363
200,100,"Weighted",0.715653621981682
300,100,"Target_Only",0.790889225079845
300,100,"Source1_Only",0.62901327954278
300,100,"Source2_Only",0.727517229786519
300,100,"Weighted",0.792738275340393
100,300,"Target_Only",0.677996422182469
100,300,"Source1_Only",0.661896243291592
100,300,"Source2_Only",0.78175313059034
100,300,"Weighted",0.760286225402504
200,300,"Target_Only",0.794031105506515
200,300,"Source1_Only",0.647751155947877
200,300,"Source2_Only",0.770491803278688
200,300,"Weighted",0.812105926860025
300,300,"Target_Only",0.74906500445236
300,300,"Source1_Only",0.683704363312556
300,300,"Source2_Only",0.757613535173642
300,300,"Weighted",0.787711487088157
100,500,"Target_Only",0.790893760539629
100,500,"Source1_Only",0.738617200674536
100,500,"Source2_Only",0.792580101180438
100,500,"Weighted",0.849915682967959
200,500,"Target_Only",0.677395757132407
200,500,"Source1_Only",0.623994147768837
200,500,"Source2_Only",0.737381126554499
200,500,"Weighted",0.742867593269934
300,500,"Target_Only",0.760471204188482
300,500,"Source1_Only",0.663612565445026
300,500,"Source2_Only",0.791721204188482
300,500,"Weighted",0.812990837696335
100,1000,"Target_Only",0.677938808373591
100,1000,"Source1_Only",0.668276972624799
100,1000,"Source2_Only",0.697262479871176
100,1000,"Weighted",0.753623188405797
200,1000,"Target_Only",0.749822316986496
200,1000,"Source1_Only",0.648542999289268
200,1000,"Source2_Only",0.812366737739872
200,1000,"Weighted",0.826226012793177
300,1000,"Target_Only",0.759708737864078
300,1000,"Source1_Only",0.679985063480209
300,1000,"Source2_Only",0.761202389843167
300,1000,"Weighted",0.796676624346527
100,100,"Target_Only",0.816640986132512
100,100,"Source1_Only",0.750385208012327
100,100,"Source2_Only",0.771956856702619
100,100,"Weighted",0.859784283513097
200,100,"Target_Only",0.757131214343928
200,100,"Source1_Only",0.648329258353708
200,100,"Source2_Only",0.753871230643847
200,100,"Weighted",0.778321108394458
300,100,"Target_Only",0.802570455249303
300,100,"Source1_Only",0.643697739238154
300,100,"Source2_Only",0.713533601734283
300,100,"Weighted",0.792350572932797
100,300,"Target_Only",0.641288433382138
100,300,"Source1_Only",0.732064421669107
100,300,"Source2_Only",0.781844802342606
100,300,"Weighted",0.786237188872621
200,300,"Target_Only",0.725513905683192
200,300,"Source1_Only",0.687222893994357
200,300,"Source2_Only",0.735993550987505
200,300,"Weighted",0.781136638452237
300,300,"Target_Only",0.691978792543185
300,300,"Source1_Only",0.568325637078844
300,300,"Source2_Only",0.755088079356935
300,300,"Weighted",0.753206772703951
100,500,"Target_Only",0.75113808801214
100,500,"Source1_Only",0.735963581183611
100,500,"Source2_Only",0.737481031866464
100,500,"Weighted",0.798179059180577
200,500,"Target_Only",0.753579175704989
200,500,"Source1_Only",0.665509761388286
200,500,"Source2_Only",0.770498915401302
200,500,"Weighted",0.803470715835141
300,500,"Target_Only",0.759658180523411
300,500,"Source1_Only",0.705002670464661
300,500,"Source2_Only",0.779775680968489
300,500,"Weighted",0.821078867722984
100,1000,"Target_Only",0.642201834862385
100,1000,"Source1_Only",0.740061162079511
100,1000,"Source2_Only",0.775229357798165
100,1000,"Weighted",0.7782874617737
200,1000,"Target_Only",0.755659974369927
200,1000,"Source1_Only",0.704826997009825
200,1000,"Source2_Only",0.771892353695002
200,1000,"Weighted",0.811191798376762
300,1000,"Target_Only",0.662353347135956
300,1000,"Source1_Only",0.643029675638371
300,1000,"Source2_Only",0.726535541752933
300,1000,"Weighted",0.742408557625949
100,100,"Target_Only",0.787596899224806
100,100,"Source1_Only",0.720930232558139
100,100,"Source2_Only",0.751937984496124
100,100,"Weighted",0.827906976744186
200,100,"Target_Only",0.715447154471545
200,100,"Source1_Only",0.582655826558266
200,100,"Source2_Only",0.752226093689508
200,100,"Weighted",0.777003484320558
300,100,"Target_Only",0.773909922842275
300,100,"Source1_Only",0.668760093307016
300,100,"Source2_Only",0.678270231473174
300,100,"Weighted",0.787367665530235
100,300,"Target_Only",0.728542914171657
100,300,"Source1_Only",0.55688622754491
100,300,"Source2_Only",0.772455089820359
100,300,"Weighted",0.788423153692615
200,300,"Target_Only",0.805947388486466
200,300,"Source1_Only",0.71978650400305
200,300,"Source2_Only",0.749142203583683
200,300,"Weighted",0.807091117041555
300,300,"Target_Only",0.757759543346415
300,300,"Source1_Only",0.662326079200856
300,300,"Source2_Only",0.769889404209775
300,300,"Weighted",0.794327506243311
100,500,"Target_Only",0.724727838258165
100,500,"Source1_Only",0.642301710730949
100,500,"Source2_Only",0.782270606531882
100,500,"Weighted",0.80248833592535
200,500,"Target_Only",0.753303964757709
200,500,"Source1_Only",0.700841009211053
200,500,"Source2_Only",0.704845814977974
200,500,"Weighted",0.776932318782539
300,500,"Target_Only",0.780408858603066
300,500,"Source1_Only",0.621635434412266
300,500,"Source2_Only",0.764224872231687
300,500,"Weighted",0.792163543441227
100,1000,"Target_Only",0.731270358306189
100,1000,"Source1_Only",0.723127035830619
100,1000,"Source2_Only",0.788273615635179
100,1000,"Weighted",0.778501628664495
200,1000,"Target_Only",0.823039555863983
200,1000,"Source1_Only",0.723976405274115
200,1000,"Source2_Only",0.801873698820264
200,1000,"Weighted",0.850104094378904
300,1000,"Target_Only",0.726048951048951
300,1000,"Source1_Only",0.656118881118881
300,1000,"Source2_Only",0.758041958041958
300,1000,"Weighted",0.758041958041958
100,100,"Target_Only",0.676767676767677
100,100,"Source1_Only",0.614718614718615
100,100,"Source2_Only",0.715728715728716
100,100,"Weighted",0.725829725829726
200,100,"Target_Only",0.760861207227989
200,100,"Source1_Only",0.695501730103806
200,100,"Source2_Only",0.739331026528258
200,100,"Weighted",0.798539023452518
300,100,"Target_Only",0.767694776252451
300,100,"Source1_Only",0.668390087359601
300,100,"Source2_Only",0.713852736673204
300,100,"Weighted",0.78088785879836
100,300,"Target_Only",0.688495575221239
100,300,"Source1_Only",0.626548672566372
100,300,"Source2_Only",0.755752212389381
100,300,"Weighted",0.782300884955752
200,300,"Target_Only",0.763595505617978
200,300,"Source1_Only",0.583370786516854
200,300,"Source2_Only",0.787415730337079
200,300,"Weighted",0.804044943820225
300,300,"Target_Only",0.760007084661707
300,300,"Source1_Only",0.763195182430039
300,300,"Source2_Only",0.693765497697485
300,300,"Weighted",0.780729720155863
100,500,"Target_Only",0.76410998552822
100,500,"Source1_Only",0.767004341534009
100,500,"Source2_Only",0.814761215629522
100,500,"Weighted",0.862518089725036
200,500,"Target_Only",0.807038834951456
200,500,"Source1_Only",0.70873786407767
200,500,"Source2_Only",0.72289644012945
200,500,"Weighted",0.828478964401294
300,500,"Target_Only",0.743995823181343
300,500,"Source1_Only",0.657326836059868
300,500,"Source2_Only",0.76435781413157
300,500,"Weighted",0.797250261051166
100,1000,"Target_Only",0.649090909090909
100,1000,"Source1_Only",0.650909090909091
100,1000,"Source2_Only",0.687272727272727
100,1000,"Weighted",0.696363636363636
200,1000,"Target_Only",0.729468599033816
200,1000,"Source1_Only",0.635046113306983
200,1000,"Source2_Only",0.714975845410628
200,1000,"Weighted",0.754062362758015
300,1000,"Target_Only",0.754588273509826
300,1000,"Source1_Only",0.662173136267663
300,1000,"Source2_Only",0.74833522819555
300,1000,"Weighted",0.781711872665259
100,100,"Target_Only",0.784810126582278
100,100,"Source1_Only",0.678119349005425
100,100,"Source2_Only",0.76130198915009
100,100,"Weighted",0.81374321880651
200,100,"Target_Only",0.681944998007174
200,100,"Source1_Only",0.636508569151056
200,100,"Source2_Only",0.681147867676365
200,100,"Weighted",0.701076125946592
300,100,"Target_Only",0.706428325885184
300,100,"Source1_Only",0.542798212444139
300,100,"Source2_Only",0.692677896184256
300,100,"Weighted",0.736335510484703
100,300,"Target_Only",0.641744548286604
100,300,"Source1_Only",0.651090342679128
100,300,"Source2_Only",0.741433021806854
100,300,"Weighted",0.73208722741433
200,300,"Target_Only",0.659287054409006
200,300,"Source1_Only",0.623639774859287
200,300,"Source2_Only",0.69718574108818
200,300,"Weighted",0.738461538461539
300,300,"Target_Only",0.748428713198809
300,300,"Source1_Only",0.65547469401257
300,300,"Source2_Only",0.745120740985776
300,300,"Weighted",0.799536883890175
100,500,"Target_Only",0.584870848708487
100,500,"Source1_Only",0.658671586715867
100,500,"Source2_Only",0.802583025830258
100,500,"Weighted",0.699261992619926
200,500,"Target_Only",0.777385159010601
200,500,"Source1_Only",0.756968983117393
200,500,"Source2_Only",0.745583038869258
200,500,"Weighted",0.80290537887711
300,500,"Target_Only",0.713073005093379
300,500,"Source1_Only",0.624033201282777
300,500,"Source2_Only",0.761743067345784
300,500,"Weighted",0.780607432559894
100,1000,"Target_Only",0.63914373088685
100,1000,"Source1_Only",0.697247706422018
100,1000,"Source2_Only",0.844036697247706
100,1000,"Weighted",0.801223241590214
200,1000,"Target_Only",0.737085258294834
200,1000,"Source1_Only",0.625367492650147
200,1000,"Source2_Only",0.791684166316674
200,1000,"Weighted",0.795044099118018
300,1000,"Target_Only",0.793137908061292
300,1000,"Source1_Only",0.709360426382412
300,1000,"Source2_Only",0.763157894736842
300,1000,"Weighted",0.822618254497002
100,100,"Target_Only",0.701030927835051
100,100,"Source1_Only",0.738831615120275
100,100,"Source2_Only",0.573883161512027
100,100,"Weighted",0.786941580756014
200,100,"Target_Only",0.770849273144606
200,100,"Source1_Only",0.654934965570008
200,100,"Source2_Only",0.748278500382556
200,100,"Weighted",0.765876052027544
300,100,"Target_Only",0.728959120577121
300,100,"Source1_Only",0.647028512538647
300,100,"Source2_Only",0.675369288904157
300,100,"Weighted",0.753177602198557
100,300,"Target_Only",0.78705035971223
100,300,"Source1_Only",0.702158273381295
100,300,"Source2_Only",0.843165467625899
100,300,"Weighted",0.838848920863309
200,300,"Target_Only",0.73306916426513
200,300,"Source1_Only",0.673270893371758
200,300,"Source2_Only",0.735230547550432
200,300,"Weighted",0.784221902017291
300,300,"Target_Only",0.769476853594279
300,300,"Source1_Only",0.689499435453519
300,300,"Source2_Only",0.751411366202484
300,300,"Weighted",0.802596913812571
100,500,"Target_Only",0.696745562130177
100,500,"Source1_Only",0.670118343195266
100,500,"Source2_Only",0.681952662721893
100,500,"Weighted",0.75887573964497
200,500,"Target_Only",0.714548126377664
200,500,"Source1_Only",0.668258633357825
200,500,"Source2_Only",0.724467303453343
200,500,"Weighted",0.817781043350478
300,500,"Target_Only",0.774486643648919
300,500,"Source1_Only",0.698164637470471
300,500,"Source2_Only",0.770670543339996
300,500,"Weighted",0.819734690168999
100,1000,"Target_Only",0.663235294117647
100,1000,"Source1_Only",0.733823529411765
100,1000,"Source2_Only",0.672058823529412
100,1000,"Weighted",0.707352941176471
200,1000,"Target_Only",0.726651480637813
200,1000,"Source1_Only",0.708428246013667
200,1000,"Source2_Only",0.773348519362187
200,1000,"Weighted",0.807896735003796
300,1000,"Target_Only",0.741749021070296
300,1000,"Source1_Only",0.673876561625956
300,1000,"Source2_Only",0.767667350363602
300,1000,"Weighted",0.796196158866306
100,100,"Target_Only",0.785507246376812
100,100,"Source1_Only",0.550724637681159
100,100,"Source2_Only",0.791304347826087
100,100,"Weighted",0.794202898550725
200,100,"Target_Only",0.664437450826121
200,100,"Source1_Only",0.574350904799371
200,100,"Source2_Only",0.704169944925256
200,100,"Weighted",0.717545239968529
300,100,"Target_Only",0.74468802698145
300,100,"Source1_Only",0.659527824620573
300,100,"Source2_Only",0.75531197301855
300,100,"Weighted",0.780101180438449
100,300,"Target_Only",0.715555555555556
100,300,"Source1_Only",0.598518518518519
100,300,"Source2_Only",0.768888888888889
100,300,"Weighted",0.771851851851852
200,300,"Target_Only",0.770537124802528
200,300,"Source1_Only",0.637045813586098
200,300,"Source2_Only",0.765797788309637
200,300,"Weighted",0.777251184834123
300,300,"Target_Only",0.728340675477239
300,300,"Source1_Only",0.701174743024963
300,300,"Source2_Only",0.754038179148311
300,300,"Weighted",0.79643906020558
100,500,"Target_Only",0.682269503546099
100,500,"Source1_Only",0.628368794326241
100,500,"Source2_Only",0.809929078014184
100,500,"Weighted",0.795744680851064
200,500,"Target_Only",0.719399027839152
200,500,"Source1_Only",0.641184268669907
200,500,"Source2_Only",0.702607158638975
200,500,"Weighted",0.755192222713213
300,500,"Target_Only",0.727775069071997
300,500,"Source1_Only",0.622785633024541
300,500,"Source2_Only",0.759141882008776
300,500,"Weighted",0.78595806923452
100,1000,"Target_Only",0.731666666666667
100,1000,"Source1_Only",0.54
100,1000,"Source2_Only",0.831666666666667
100,1000,"Weighted",0.808333333333333
200,1000,"Target_Only",0.790642347343378
200,1000,"Source1_Only",0.695479777954005
200,1000,"Source2_Only",0.791038858049167
200,1000,"Weighted",0.809674861221253
300,1000,"Target_Only",0.72091492512753
300,1000,"Source1_Only",0.687674839558993
300,1000,"Source2_Only",0.695573473753497
300,1000,"Weighted",0.77340793154517
100,100,"Target_Only",0.803174603174603
100,100,"Source1_Only",0.679365079365079
100,100,"Source2_Only",0.736507936507937
100,100,"Weighted",0.833333333333333
200,100,"Target_Only",0.745624745624746
200,100,"Source1_Only",0.57956857956858
200,100,"Source2_Only",0.660561660561661
200,100,"Weighted",0.75986975986976
300,100,"Target_Only",0.751832647952798
300,100,"Source1_Only",0.622563919184695
300,100,"Source2_Only",0.709994636152333
300,100,"Weighted",0.756302521008403
100,300,"Target_Only",0.655821917808219
100,300,"Source1_Only",0.690068493150685
100,300,"Source2_Only",0.724315068493151
100,300,"Weighted",0.732876712328767
200,300,"Target_Only",0.717837411207577
200,300,"Source1_Only",0.667324388318863
200,300,"Source2_Only",0.773875295974743
200,300,"Weighted",0.81767955801105
300,300,"Target_Only",0.799902944031058
300,300,"Source1_Only",0.702846975088968
300,300,"Source2_Only",0.747169200905856
300,300,"Weighted",0.814784859268845
100,500,"Target_Only",0.729411764705882
100,500,"Source1_Only",0.568067226890756
100,500,"Source2_Only",0.796638655462185
100,500,"Weighted",0.783193277310924
200,500,"Target_Only",0.710171345242435
200,500,"Source1_Only",0.674444039372949
200,500,"Source2_Only",0.812249362012395
200,500,"Weighted",0.797302223842508
300,500,"Target_Only",0.741843971631206
300,500,"Source1_Only",0.658786446020489
300,500,"Source2_Only",0.774310480693459
300,500,"Weighted",0.798581560283688
100,1000,"Target_Only",0.543478260869565
100,1000,"Source1_Only",0.675465838509317
100,1000,"Source2_Only",0.701863354037267
100,1000,"Weighted",0.684782608695652
200,1000,"Target_Only",0.743196627060176
200,1000,"Source1_Only",0.671138367190494
200,1000,"Source2_Only",0.747029513223457
200,1000,"Weighted",0.814105021080874
300,1000,"Target_Only",0.709620476610768
300,1000,"Source1_Only",0.694969108561342
300,1000,"Source2_Only",0.729390997352162
300,1000,"Weighted",0.780582524271845
100,100,"Target_Only",0.725239616613419
100,100,"Source1_Only",0.659744408945687
100,100,"Source2_Only",0.728434504792332
100,100,"Weighted",0.781150159744409
200,100,"Target_Only",0.776779026217228
200,100,"Source1_Only",0.665543071161049
200,100,"Source2_Only",0.67752808988764
200,100,"Weighted",0.789887640449438
300,100,"Target_Only",0.78598271326569
300,100,"Source1_Only",0.638669673055242
300,100,"Source2_Only",0.716459977452086
300,100,"Weighted",0.789364900413378
100,300,"Target_Only",0.660535117056856
100,300,"Source1_Only",0.693979933110368
100,300,"Source2_Only",0.780936454849498
100,300,"Weighted",0.802675585284281
200,300,"Target_Only",0.675349188372971
200,300,"Source1_Only",0.6640241600604
200,300,"Source2_Only",0.672706681766704
200,300,"Weighted",0.739901849754624
300,300,"Target_Only",0.739106852287109
300,300,"Source1_Only",0.595733140480926
300,300,"Source2_Only",0.760260350750316
300,300,"Weighted",0.78340263966733
100,500,"Target_Only",0.625407166123779
100,500,"Source1_Only",0.732899022801303
100,500,"Source2_Only",0.752442996742671
100,500,"Weighted",0.742671009771987
200,500,"Target_Only",0.705185185185185
200,500,"Source1_Only",0.675925925925926
200,500,"Source2_Only",0.76
200,500,"Weighted",0.767777777777778
300,500,"Target_Only",0.779556650246305
300,500,"Source1_Only",0.700035186488388
300,500,"Source2_Only",0.782019704433498
300,500,"Weighted",0.809465165376495
100,1000,"Target_Only",0.68621236133122
100,1000,"Source1_Only",0.748019017432647
100,1000,"Source2_Only",0.767036450079239
100,1000,"Weighted",0.806656101426307
200,1000,"Target_Only",0.739791833466773
200,1000,"Source1_Only",0.650520416333066
200,1000,"Source2_Only",0.780224179343475
200,1000,"Weighted",0.819055244195356
300,1000,"Target_Only",0.727698715723707
300,1000,"Source1_Only",0.638146476917737
300,1000,"Source2_Only",0.713033668864977
300,1000,"Weighted",0.763103089205137
100,100,"Target_Only",0.683994528043776
100,100,"Source1_Only",0.595075239398085
100,100,"Source2_Only",0.647058823529412
100,100,"Weighted",0.711354309165527
200,100,"Target_Only",0.74012474012474
200,100,"Source1_Only",0.616632016632017
200,100,"Source2_Only",0.755925155925156
200,100,"Weighted",0.781288981288981
300,100,"Target_Only",0.751922732963692
300,100,"Source1_Only",0.690037560364872
300,100,"Source2_Only",0.698265068860669
300,100,"Weighted",0.769450903237346
100,300,"Target_Only",0.66969696969697
100,300,"Source1_Only",0.678787878787879
100,300,"Source2_Only",0.772727272727273
100,300,"Weighted",0.834848484848485
200,300,"Target_Only",0.738693467336683
200,300,"Source1_Only",0.682340272792534
200,300,"Source2_Only",0.755563531945441
200,300,"Weighted",0.792534099066762
300,300,"Target_Only",0.749916860658464
300,300,"Source1_Only",0.692550714998337
300,300,"Source2_Only",0.772530761556368
300,300,"Weighted",0.794645826405055
100,500,"Target_Only",0.6288
100,500,"Source1_Only",0.6144
100,500,"Source2_Only",0.7616
100,500,"Weighted",0.7344
200,500,"Target_Only",0.762667821567778
200,500,"Source1_Only",0.665223040277176
200,500,"Source2_Only",0.78648765699437
200,500,"Weighted",0.813339107838891
300,500,"Target_Only",0.730445246690734
300,500,"Source1_Only",0.618703799209214
300,500,"Source2_Only",0.746003094378546
300,500,"Weighted",0.757435104005501
100,1000,"Target_Only",0.691154422788606
100,1000,"Source1_Only",0.79160419790105
100,1000,"Source2_Only",0.811094452773613
100,1000,"Weighted",0.83808095952024
200,1000,"Target_Only",0.790472779369628
200,1000,"Source1_Only",0.675143266475645
200,1000,"Source2_Only",0.830945558739255
200,1000,"Weighted",0.859240687679083
300,1000,"Target_Only",0.759542626534387
300,1000,"Source1_Only",0.697830839078527
300,1000,"Source2_Only",0.791827812342357
300,1000,"Weighted",0.815369093660669
100,100,"Target_Only",0.725454545454545
100,100,"Source1_Only",0.623636363636364
100,100,"Source2_Only",0.709090909090909
100,100,"Weighted",0.781818181818182
200,100,"Target_Only",0.762770562770563
200,100,"Source1_Only",0.699134199134199
200,100,"Source2_Only",0.778354978354978
200,100,"Weighted",0.819480519480519
300,100,"Target_Only",0.753447982291844
300,100,"Source1_Only",0.648901753788524
300,100,"Source2_Only",0.70543163630172
300,100,"Weighted",0.802315681934275
100,300,"Target_Only",0.762478485370052
100,300,"Source1_Only",0.55421686746988
100,300,"Source2_Only",0.752151462994836
100,300,"Weighted",0.78829604130809
200,300,"Target_Only",0.70353982300885
200,300,"Source1_Only",0.605309734513274
200,300,"Source2_Only",0.722566371681416
200,300,"Weighted",0.756637168141593
300,300,"Target_Only",0.764590747330961
300,300,"Source1_Only",0.636654804270463
300,300,"Source2_Only",0.785943060498221
300,300,"Weighted",0.807829181494662
100,500,"Target_Only",0.657284768211921
100,500,"Source1_Only",0.625827814569536
100,500,"Source2_Only",0.746688741721854
100,500,"Weighted",0.725165562913907
200,500,"Target_Only",0.686654643823264
200,500,"Source1_Only",0.636609558160505
200,500,"Source2_Only",0.755184851217313
200,500,"Weighted",0.763300270513977
300,500,"Target_Only",0.751519485162674
300,500,"Source1_Only",0.617089739006078
300,500,"Source2_Only",0.797282803003218
300,500,"Weighted",0.796031462281015
100,1000,"Target_Only",0.698581560283688
100,1000,"Source1_Only",0.638297872340426
100,1000,"Source2_Only",0.730496453900709
100,1000,"Weighted",0.75709219858156
200,1000,"Target_Only",0.738562091503268
200,1000,"Source1_Only",0.671387073347858
200,1000,"Source2_Only",0.737109658678286
200,1000,"Weighted",0.796296296296296
300,1000,"Target_Only",0.706337231233497
300,1000,"Source1_Only",0.659562429271973
300,1000,"Source2_Only",0.675971331572991
300,1000,"Weighted",0.730856280648812
100,100,"Target_Only",0.700516351118761
100,100,"Source1_Only",0.647160068846816
100,100,"Source2_Only",0.752151462994836
100,100,"Weighted",0.793459552495697
200,100,"Target_Only",0.727457351746547
200,100,"Source1_Only",0.639723801787165
200,100,"Source2_Only",0.692526401299756
200,100,"Weighted",0.740454914703493
300,100,"Target_Only",0.73792394655704
300,100,"Source1_Only",0.641315519013361
300,100,"Source2_Only",0.714114422747516
300,100,"Weighted",0.777834874957177
100,300,"Target_Only",0.764430577223089
100,300,"Source1_Only",0.731669266770671
100,300,"Source2_Only",0.691107644305772
100,300,"Weighted",0.795631825273011
200,300,"Target_Only",0.743253373313343
200,300,"Source1_Only",0.66904047976012
200,300,"Source2_Only",0.666791604197901
200,300,"Weighted",0.770614692653673
300,300,"Target_Only",0.758473882429998
300,300,"Source1_Only",0.599312264614377
300,300,"Source2_Only",0.738333060422466
300,300,"Weighted",0.767479941051253
100,500,"Target_Only",0.735820895522388
100,500,"Source1_Only",0.646268656716418
100,500,"Source2_Only",0.732835820895522
100,500,"Weighted",0.797014925373134
200,500,"Target_Only",0.68793235972329
200,500,"Source1_Only",0.691391237509608
200,500,"Source2_Only",0.785549577248271
200,500,"Weighted",0.75826287471176
300,500,"Target_Only",0.751976111013525
300,500,"Source1_Only",0.613033549973652
300,500,"Source2_Only",0.779905146671351
300,500,"Weighted",0.803794133145969
100,1000,"Target_Only",0.721167883211679
100,1000,"Source1_Only",0.694890510948905
100,1000,"Source2_Only",0.788321167883212
100,1000,"Weighted",0.783941605839416
200,1000,"Target_Only",0.765925367508481
200,1000,"Source1_Only",0.777233320768941
200,1000,"Source2_Only",0.751601960045232
200,1000,"Weighted",0.83942706370147
300,1000,"Target_Only",0.825947677522691
300,1000,"Source1_Only",0.662039508809397
300,1000,"Source2_Only",0.781455775048941
300,1000,"Weighted",0.838939313045026
100,100,"Target_Only",0.732838589981447
100,100,"Source1_Only",0.666048237476809
100,100,"Source2_Only",0.614100185528757
100,100,"Weighted",0.725417439703154
200,100,"Target_Only",0.72031122031122
200,100,"Source1_Only",0.631859131859132
200,100,"Source2_Only",0.708435708435708
200,100,"Weighted",0.753071253071253
300,100,"Target_Only",0.695327102803738
300,100,"Source1_Only",0.62446898895497
300,100,"Source2_Only",0.67017841971113
300,100,"Weighted",0.707731520815633
100,300,"Target_Only",0.625990491283677
100,300,"Source1_Only",0.725832012678288
100,300,"Source2_Only",0.719492868462758
100,300,"Weighted",0.733755942947702
200,300,"Target_Only",0.748028539241457
200,300,"Source1_Only",0.666917010889974
200,300,"Source2_Only",0.71686068343973
200,300,"Weighted",0.801727375140819
300,300,"Target_Only",0.781167342620349
300,300,"Source1_Only",0.676600246870041
300,300,"Source2_Only",0.792452830188679
300,300,"Weighted",0.812555104919767
100,500,"Target_Only",0.679338842975207
100,500,"Source1_Only",0.742148760330579
100,500,"Source2_Only",0.818181818181818
100,500,"Weighted",0.788429752066116
200,500,"Target_Only",0.734311328443358
200,500,"Source1_Only",0.744498777506112
200,500,"Source2_Only",0.797881010594947
200,500,"Weighted",0.811735941320293
300,500,"Target_Only",0.755500286971494
300,500,"Source1_Only",0.701358331739047
300,500,"Source2_Only",0.766979146738091
300,500,"Weighted",0.793954467189593
100,1000,"Target_Only",0.76007326007326
100,1000,"Source1_Only",0.78021978021978
100,1000,"Source2_Only",0.71978021978022
100,1000,"Weighted",0.827838827838828
200,1000,"Target_Only",0.733835779452598
200,1000,"Source1_Only",0.653312177707259
200,1000,"Source2_Only",0.776279254264181
200,1000,"Weighted",0.79055930186434
300,1000,"Target_Only",0.717696373245854
300,1000,"Source1_Only",0.708766174594496
300,1000,"Source2_Only",0.769090577729178
300,1000,"Weighted",0.791689447785675
100,100,"Target_Only",0.637083993660856
100,100,"Source1_Only",0.702060221870048
100,100,"Source2_Only",0.600633914421553
100,100,"Weighted",0.705229793977813
200,100,"Target_Only",0.74361820199778
200,100,"Source1_Only",0.654458009618942
200,100,"Source2_Only",0.686274509803922
200,100,"Weighted",0.735479097299297
300,100,"Target_Only",0.694040194040194
300,100,"Source1_Only",0.574670824670825
300,100,"Source2_Only",0.6498613998614
300,100,"Weighted",0.730595980595981
100,300,"Target_Only",0.777947932618683
100,300,"Source1_Only",0.744257274119449
100,300,"Source2_Only",0.751914241960184
100,300,"Weighted",0.863705972434916
200,300,"Target_Only",0.748610007942812
200,300,"Source1_Only",0.618347895154885
200,300,"Source2_Only",0.727958697378872
200,300,"Weighted",0.772041302621128
300,300,"Target_Only",0.767494356659142
300,300,"Source1_Only",0.708051166290444
300,300,"Source2_Only",0.785553047404063
300,300,"Weighted",0.797404063205418
100,500,"Target_Only",0.690189328743546
100,500,"Source1_Only",0.650602409638554
100,500,"Source2_Only",0.815834767641997
100,500,"Weighted",0.790017211703959
200,500,"Target_Only",0.752577319587629
200,500,"Source1_Only",0.680412371134021
200,500,"Source2_Only",0.815721649484536
200,500,"Weighted",0.843213058419244
300,500,"Target_Only",0.755296812368773
300,500,"Source1_Only",0.662721893491124
300,500,"Source2_Only",0.735063943500668
300,500,"Weighted",0.789845390341668
100,1000,"Target_Only",0.772963604852686
100,1000,"Source1_Only",0.693240901213172
100,1000,"Source2_Only",0.826689774696707
100,1000,"Weighted",0.845753899480069
200,1000,"Target_Only",0.691670120182346
200,1000,"Source1_Only",0.654372150849565
200,1000,"Source2_Only",0.753418980522172
200,1000,"Weighted",0.742644011603813
300,1000,"Target_Only",0.737664473684211
300,1000,"Source1_Only",0.754111842105263
300,1000,"Source2_Only",0.725164473684211
300,1000,"Weighted",0.778289473684211
100,100,"Target_Only",0.564705882352941
100,100,"Source1_Only",0.614117647058824
100,100,"Source2_Only",0.632941176470588
100,100,"Weighted",0.717647058823529
200,100,"Target_Only",0.778460278460279
200,100,"Source1_Only",0.565110565110565
200,100,"Source2_Only",0.717444717444717
200,100,"Weighted",0.791564291564292
300,100,"Target_Only",0.76028787599188
300,100,"Source1_Only",0.620409669680753
300,100,"Source2_Only",0.714892046503045
300,100,"Weighted",0.780586824137295
100,300,"Target_Only",0.667673716012085
100,300,"Source1_Only",0.675226586102719
100,300,"Source2_Only",0.768882175226586
100,300,"Weighted",0.756797583081571
200,300,"Target_Only",0.682533438237608
200,300,"Source1_Only",0.644767899291896
200,300,"Source2_Only",0.731313926042486
200,300,"Weighted",0.745869394177813
300,300,"Target_Only",0.717612558219769
300,300,"Source1_Only",0.678799378989132
300,300,"Source2_Only",0.708642401242022
300,300,"Weighted",0.754355701224771
100,500,"Target_Only",0.68125
100,500,"Source1_Only",0.7109375
100,500,"Source2_Only",0.759375
100,500,"Weighted",0.7875
200,500,"Target_Only",0.731881188118812
200,500,"Source1_Only",0.683564356435644
200,500,"Source2_Only",0.793663366336634
200,500,"Weighted",0.798811881188119
300,500,"Target_Only",0.76330420969023
300,500,"Source1_Only",0.651945988880064
300,500,"Source2_Only",0.793804606830818
300,500,"Weighted",0.815726767275616
100,1000,"Target_Only",0.716196136701337
100,1000,"Source1_Only",0.786032689450223
100,1000,"Source2_Only",0.75482912332838
100,1000,"Weighted",0.811292719167905
200,1000,"Target_Only",0.664605873261206
200,1000,"Source1_Only",0.65726429675425
200,1000,"Source2_Only",0.76854714064915
200,1000,"Weighted",0.775502318392581
300,1000,"Target_Only",0.777717879604672
300,1000,"Source1_Only",0.677448337825696
300,1000,"Source2_Only",0.78418688230009
300,1000,"Weighted",0.812578616352201
100,100,"Target_Only",0.805019305019305
100,100,"Source1_Only",0.685328185328185
100,100,"Source2_Only",0.555984555984556
100,100,"Weighted",0.716216216216216
200,100,"Target_Only",0.711057304277643
200,100,"Source1_Only",0.713478611783697
200,100,"Source2_Only",0.600887812752219
200,100,"Weighted",0.734463276836158
300,100,"Target_Only",0.746427384513127
300,100,"Source1_Only",0.5785975407112
300,100,"Source2_Only",0.719508142239947
300,100,"Weighted",0.768527750083084
100,300,"Target_Only",0.650842266462481
100,300,"Source1_Only",0.606431852986217
100,300,"Source2_Only",0.689127105666156
100,300,"Weighted",0.699846860643185
200,300,"Target_Only",0.726247987117552
200,300,"Source1_Only",0.682769726247987
200,300,"Source2_Only",0.745169082125604
200,300,"Weighted",0.776972624798712
300,300,"Target_Only",0.751588097626212
300,300,"Source1_Only",0.683717820127048
300,300,"Source2_Only",0.769642260113674
300,300,"Weighted",0.799732530926112
100,500,"Target_Only",0.794326241134752
100,500,"Source1_Only",0.789007092198582
100,500,"Source2_Only",0.812056737588652
100,500,"Weighted",0.847517730496454
200,500,"Target_Only",0.769529731830548
200,500,"Source1_Only",0.64827050136028
200,500,"Source2_Only",0.808394869801788
200,500,"Weighted",0.815001943256899
300,500,"Target_Only",0.805494319145328
300,500,"Source1_Only",0.715109377649652
300,500,"Source2_Only",0.763608614549771
300,500,"Weighted",0.841105646939122
100,1000,"Target_Only",0.684131736526946
100,1000,"Source1_Only",0.702095808383234
100,1000,"Source2_Only",0.708083832335329
100,1000,"Weighted",0.758982035928144
200,1000,"Target_Only",0.722413134784269
200,1000,"Source1_Only",0.686903398243604
200,1000,"Source2_Only",0.743413516609393
200,1000,"Weighted",0.760595647193585
300,1000,"Target_Only",0.792547061083365
300,1000,"Source1_Only",0.724164425662697
300,1000,"Source2_Only",0.751440645409143
300,1000,"Weighted",0.806377257011141
100,100,"Target_Only",0.76530612244898
100,100,"Source1_Only",0.540816326530612
100,100,"Source2_Only",0.680758017492711
100,100,"Weighted",0.76530612244898
200,100,"Target_Only",0.709074733096085
200,100,"Source1_Only",0.736209964412811
200,100,"Source2_Only",0.690836298932384
200,100,"Weighted",0.762900355871886
300,100,"Target_Only",0.801434569629111
300,100,"Source1_Only",0.646780965710287
300,100,"Source2_Only",0.751574527641708
300,100,"Weighted",0.819804058782365
100,300,"Target_Only",0.571641791044776
100,300,"Source1_Only",0.658208955223881
100,300,"Source2_Only",0.647761194029851
100,300,"Weighted",0.674626865671642
200,300,"Target_Only",0.780804694048617
200,300,"Source1_Only",0.694467728415759
200,300,"Source2_Only",0.769907795473596
200,300,"Weighted",0.821877619446773
300,300,"Target_Only",0.771399456521739
300,300,"Source1_Only",0.626528532608696
300,300,"Source2_Only",0.753736413043478
300,300,"Weighted",0.80180027173913
100,500,"Target_Only",0.677083333333333
100,500,"Source1_Only",0.762152777777778
100,500,"Source2_Only",0.744791666666667
100,500,"Weighted",0.789930555555556
200,500,"Target_Only",0.798463789319678
200,500,"Source1_Only",0.628749085588881
200,500,"Source2_Only",0.821141185076811
200,500,"Weighted",0.834674469641551
300,500,"Target_Only",0.71969696969697
300,500,"Source1_Only",0.678429027113238
300,500,"Source2_Only",0.704744816586922
300,500,"Weighted",0.750199362041467
100,1000,"Target_Only",0.489184692179701
100,1000,"Source1_Only",0.698835274542429
100,1000,"Source2_Only",0.710482529118136
100,1000,"Weighted",0.682196339434276
200,1000,"Target_Only",0.758870967741935
200,1000,"Source1_Only",0.627822580645161
200,1000,"Source2_Only",0.773387096774194
200,1000,"Weighted",0.777016129032258
300,1000,"Target_Only",0.729369720597791
300,1000,"Source1_Only",0.624756335282651
300,1000,"Source2_Only",0.776965562053281
300,1000,"Weighted",0.777615334632878
100,100,"Target_Only",0.774193548387097
100,100,"Source1_Only",0.689149560117302
100,100,"Source2_Only",0.659824046920821
100,100,"Weighted",0.80791788856305
200,100,"Target_Only",0.802536997885835
200,100,"Source1_Only",0.617758985200846
200,100,"Source2_Only",0.778858350951374
200,100,"Weighted",0.810993657505285
300,100,"Target_Only",0.778717645068516
300,100,"Source1_Only",0.653527321942142
300,100,"Source2_Only",0.690407714430722
300,100,"Weighted",0.794789375740145
100,300,"Target_Only",0.739449541284404
100,300,"Source1_Only",0.620183486238532
100,300,"Source2_Only",0.711926605504587
100,300,"Weighted",0.759633027522936
200,300,"Target_Only",0.798852929127407
200,300,"Source1_Only",0.709135600163867
200,300,"Source2_Only",0.777550184350676
200,300,"Weighted",0.830807046292503
300,300,"Target_Only",0.784456695714032
300,300,"Source1_Only",0.657300373466121
300,300,"Source2_Only",0.725057798328295
300,300,"Weighted",0.788902720967455
100,500,"Target_Only",0.74025974025974
100,500,"Source1_Only",0.578643578643579
100,500,"Source2_Only",0.812409812409812
100,500,"Weighted",0.825396825396825
200,500,"Target_Only",0.744605900484368
200,500,"Source1_Only",0.615147512109203
200,500,"Source2_Only",0.785116688683399
200,500,"Weighted",0.80449141347424
300,500,"Target_Only",0.788482433900761
300,500,"Source1_Only",0.630387540746106
300,500,"Source2_Only",0.756247736327418
300,500,"Weighted",0.819268381021369
100,1000,"Target_Only",0.701208981001727
100,1000,"Source1_Only",0.754749568221071
100,1000,"Source2_Only",0.756476683937824
100,1000,"Weighted",0.773747841105354
200,1000,"Target_Only",0.701030927835051
200,1000,"Source1_Only",0.714539637397796
200,1000,"Source2_Only",0.736580163526484
200,1000,"Weighted",0.768929968005688
300,1000,"Target_Only",0.759198957994139
300,1000,"Source1_Only",0.693422338000651
300,1000,"Source2_Only",0.764408987300554
300,1000,"Weighted",0.798111364376425
100,100,"Target_Only",0.655652173913043
100,100,"Source1_Only",0.56
100,100,"Source2_Only",0.669565217391304
100,100,"Weighted",0.726956521739131
200,100,"Target_Only",0.804242649795311
200,100,"Source1_Only",0.660215854112393
200,100,"Source2_Only",0.713807219947897
200,100,"Weighted",0.82806103461109
300,100,"Target_Only",0.785927584919746
300,100,"Source1_Only",0.663867114594998
300,100,"Source2_Only",0.757185516983949
300,100,"Weighted",0.827920865994774
100,300,"Target_Only",0.645454545454546
100,300,"Source1_Only",0.743939393939394
100,300,"Source2_Only",0.748484848484849
100,300,"Weighted",0.753030303030303
200,300,"Target_Only",0.66484375
200,300,"Source1_Only",0.680859375
200,300,"Source2_Only",0.707421875
200,300,"Weighted",0.72734375
300,300,"Target_Only",0.783341849770056
300,300,"Source1_Only",0.6957928802589
300,300,"Source2_Only",0.757281553398058
300,300,"Weighted",0.814512008175779
100,500,"Target_Only",0.722137404580153
100,500,"Source1_Only",0.687022900763359
100,500,"Source2_Only",0.725190839694656
100,500,"Weighted",0.751145038167939
200,500,"Target_Only",0.731521739130435
200,500,"Source1_Only",0.7
200,500,"Source2_Only",0.798550724637681
200,500,"Weighted",0.8
300,500,"Target_Only",0.75310773480663
300,500,"Source1_Only",0.677313535911602
300,500,"Source2_Only",0.781077348066298
300,500,"Weighted",0.785911602209945
100,1000,"Target_Only",0.738229755178908
100,1000,"Source1_Only",0.694915254237288
100,1000,"Source2_Only",0.854990583804143
100,1000,"Weighted",0.834274952919021
200,1000,"Target_Only",0.691002367797948
200,1000,"Source1_Only",0.67008681925809
200,1000,"Source2_Only",0.80939226519337
200,1000,"Weighted",0.783741120757695
300,1000,"Target_Only",0.789773739533226
300,1000,"Source1_Only",0.725993230001782
300,1000,"Source2_Only",0.747372171744165
300,1000,"Weighted",0.813825048993408
100,100,"Target_Only",0.55895865237366
100,100,"Source1_Only",0.66156202143951
100,100,"Source2_Only",0.633996937212864
100,100,"Weighted",0.620214395099541
200,100,"Target_Only",0.771349862258953
200,100,"Source1_Only",0.684376229830775
200,100,"Source2_Only",0.733569460842188
200,100,"Weighted",0.787878787878788
300,100,"Target_Only",0.716362407031778
300,100,"Source1_Only",0.612237998647735
300,100,"Source2_Only",0.627789046653144
300,100,"Weighted",0.700980392156863
100,300,"Target_Only",0.654696132596685
100,300,"Source1_Only",0.679558011049724
100,300,"Source2_Only",0.723756906077348
100,300,"Weighted",0.743093922651934
200,300,"Target_Only",0.680181887078439
200,300,"Source1_Only",0.661614247821144
200,300,"Source2_Only",0.713527851458886
200,300,"Weighted",0.756347101174687
300,300,"Target_Only",0.764182820558421
300,300,"Source1_Only",0.629379334874622
300,300,"Source2_Only",0.751022585808287
300,300,"Weighted",0.793170905210742
100,500,"Target_Only",0.640791476407915
100,500,"Source1_Only",0.802130898021309
100,500,"Source2_Only",0.71841704718417
100,500,"Weighted",0.76103500761035
200,500,"Target_Only",0.754098360655738
200,500,"Source1_Only",0.707412687099073
200,500,"Source2_Only",0.764789736279401
200,500,"Weighted",0.830363506771205
300,500,"Target_Only",0.768040340810294
300,500,"Source1_Only",0.717614327942966
300,500,"Source2_Only",0.715353851504086
300,500,"Weighted",0.79603547209181
100,1000,"Target_Only",0.731554160125589
100,1000,"Source1_Only",0.756671899529042
100,1000,"Source2_Only",0.673469387755102
100,1000,"Weighted",0.80690737833595
200,1000,"Target_Only",0.737300985595148
200,1000,"Source1_Only",0.687263078089462
200,1000,"Source2_Only",0.721379833206975
200,1000,"Weighted",0.76800606520091
300,1000,"Target_Only",0.801304049416609
300,1000,"Source1_Only",0.680851063829787
300,1000,"Source2_Only",0.78448867536033
300,1000,"Weighted",0.824982841455045
100,100,"Target_Only",0.729646697388633
100,100,"Source1_Only",0.620583717357911
100,100,"Source2_Only",0.711213517665131
100,100,"Weighted",0.766513056835638
200,100,"Target_Only",0.742681047765793
200,100,"Source1_Only",0.619414483821264
200,100,"Source2_Only",0.724961479198767
200,100,"Weighted",0.765793528505393
300,100,"Target_Only",0.722555663117135
300,100,"Source1_Only",0.648209099709584
300,100,"Source2_Only",0.686350435624395
300,100,"Weighted",0.747918683446273
100,300,"Target_Only",0.653907496012759
100,300,"Source1_Only",0.606060606060606
100,300,"Source2_Only",0.783094098883573
100,300,"Weighted",0.755980861244019
200,300,"Target_Only",0.789735733435465
200,300,"Source1_Only",0.709306779011873
200,300,"Source2_Only",0.714285714285714
200,300,"Weighted",0.809268479509766
300,300,"Target_Only",0.677805907172996
300,300,"Source1_Only",0.671561181434599
300,300,"Source2_Only",0.695864978902954
300,300,"Weighted",0.726075949367089
100,500,"Target_Only",0.769010043041607
100,500,"Source1_Only",0.694404591104735
100,500,"Source2_Only",0.776183644189383
100,500,"Weighted",0.812051649928264
200,500,"Target_Only",0.667971808927173
200,500,"Source1_Only",0.67149569303054
200,500,"Source2_Only",0.704776820673453
200,500,"Weighted",0.73257635082224
300,500,"Target_Only",0.747760659261913
300,500,"Source1_Only",0.670010748835543
300,500,"Source2_Only",0.73450376209244
300,500,"Weighted",0.779828018631315
100,1000,"Target_Only",0.721500721500722
100,1000,"Source1_Only",0.789321789321789
100,1000,"Source2_Only",0.845598845598846
100,1000,"Weighted",0.868686868686869
200,1000,"Target_Only",0.694027116159766
200,1000,"Source1_Only",0.672773909857091
200,1000,"Source2_Only",0.719677537559546
200,1000,"Weighted",0.767314034444852
300,1000,"Target_Only",0.770987003863716
300,1000,"Source1_Only",0.722866174920969
300,1000,"Source2_Only",0.772391991570074
300,1000,"Weighted",0.818054092026695
100,100,"Target_Only",0.66936790923825
100,100,"Source1_Only",0.649918962722853
100,100,"Source2_Only",0.73257698541329
100,100,"Weighted",0.726094003241491
200,100,"Target_Only",0.699000370233247
200,100,"Source1_Only",0.65272121436505
200,100,"Source2_Only",0.587930396149574
200,100,"Weighted",0.683820807108478
300,100,"Target_Only",0.725739791701108
300,100,"Source1_Only",0.609191601917672
300,100,"Source2_Only",0.671515953050091
300,100,"Weighted",0.751859811539097
100,300,"Target_Only",0.660771704180064
100,300,"Source1_Only",0.631832797427653
100,300,"Source2_Only",0.659163987138264
100,300,"Weighted",0.733118971061093
200,300,"Target_Only",0.769968051118211
200,300,"Source1_Only",0.622546782291191
200,300,"Source2_Only",0.780465540848927
200,300,"Weighted",0.791419443176632
300,300,"Target_Only",0.787594895816508
300,300,"Source1_Only",0.66612825068648
300,300,"Source2_Only",0.806816346309158
300,300,"Weighted",0.827329995154256
100,500,"Target_Only",0.775947281713344
100,500,"Source1_Only",0.654036243822076
100,500,"Source2_Only",0.825370675453048
100,500,"Weighted",0.828665568369028
200,500,"Target_Only",0.683242791475136
200,500,"Source1_Only",0.665273715002089
200,500,"Source2_Only",0.739239448391141
200,500,"Weighted",0.74968658587547
300,500,"Target_Only",0.774222065063649
300,500,"Source1_Only",0.725601131541726
300,500,"Source2_Only",0.787305516265912
300,500,"Weighted",0.829031117397454
100,1000,"Target_Only",0.661818181818182
100,1000,"Source1_Only",0.750909090909091
100,1000,"Source2_Only",0.721818181818182
100,1000,"Weighted",0.745454545454545
200,1000,"Target_Only",0.697120921305182
200,1000,"Source1_Only",0.703262955854127
200,1000,"Source2_Only",0.747792706333973
200,1000,"Weighted",0.785412667946257
300,1000,"Target_Only",0.813751926040062
300,1000,"Source1_Only",0.669298921417566
300,1000,"Source2_Only",0.799884437596302
300,1000,"Weighted",0.841872110939908
100,100,"Target_Only",0.625730994152047
100,100,"Source1_Only",0.66812865497076
100,100,"Source2_Only",0.751461988304094
100,100,"Weighted",0.738304093567251
200,100,"Target_Only",0.71857485988791
200,100,"Source1_Only",0.672938350680544
200,100,"Source2_Only",0.679343474779824
200,100,"Weighted",0.732185748598879
300,100,"Target_Only",0.790595150624541
300,100,"Source1_Only",0.626193975018369
300,100,"Source2_Only",0.693056576047024
300,100,"Weighted",0.77608376193975
100,300,"Target_Only",0.6096
100,300,"Source1_Only",0.72
100,300,"Source2_Only",0.7152
100,300,"Weighted",0.7088
200,300,"Target_Only",0.716840536512668
200,300,"Source1_Only",0.629657228017884
200,300,"Source2_Only",0.693740685543964
200,300,"Weighted",0.747019374068554
300,300,"Target_Only",0.745830553702468
300,300,"Source1_Only",0.618912608405604
300,300,"Source2_Only",0.754836557705137
300,300,"Weighted",0.777518345563709
100,500,"Target_Only",0.610729023383769
100,500,"Source1_Only",0.685006877579092
100,500,"Source2_Only",0.701513067400275
100,500,"Weighted",0.680880330123796
200,500,"Target_Only",0.7489818585709
200,500,"Source1_Only",0.654202147352832
200,500,"Source2_Only",0.708256201406886
200,500,"Weighted",0.782673084042947
300,500,"Target_Only",0.745897104923474
300,500,"Source1_Only",0.656647612022866
300,500,"Source2_Only",0.764337082795501
300,500,"Weighted",0.794025447169463
100,1000,"Target_Only",0.687074829931973
100,1000,"Source1_Only",0.785714285714286
100,1000,"Source2_Only",0.790816326530612
100,1000,"Weighted",0.811224489795918
200,1000,"Target_Only",0.714406421630756
200,1000,"Source1_Only",0.76552598225602
200,1000,"Source2_Only",0.737642585551331
200,1000,"Weighted",0.759611322348965
300,1000,"Target_Only",0.775043630017452
300,1000,"Source1_Only",0.656195462478185
300,1000,"Source2_Only",0.786561954624782
300,1000,"Weighted",0.79738219895288
100,100,"Target_Only",0.765765765765766
100,100,"Source1_Only",0.686186186186186
100,100,"Source2_Only",0.774774774774775
100,100,"Weighted",0.788288288288288
200,100,"Target_Only",0.691685393258427
200,100,"Source1_Only",0.609887640449438
200,100,"Source2_Only",0.716404494382022
200,100,"Weighted",0.728089887640449
300,100,"Target_Only",0.768265565438374
300,100,"Source1_Only",0.659783989834816
300,100,"Source2_Only",0.743805590851334
300,100,"Weighted",0.79987293519695
100,300,"Target_Only",0.673949579831933
100,300,"Source1_Only",0.645378151260504
100,300,"Source2_Only",0.757983193277311
100,300,"Weighted",0.766386554621849
200,300,"Target_Only",0.737092640058587
200,300,"Source1_Only",0.664957890882461
200,300,"Source2_Only",0.744049798608568
200,300,"Weighted",0.775540095203222
300,300,"Target_Only",0.768218798684438
300,300,"Source1_Only",0.668339968841959
300,300,"Source2_Only",0.775489008135711
300,300,"Weighted",0.800588540765103
100,500,"Target_Only",0.718426501035197
100,500,"Source1_Only",0.602484472049689
100,500,"Source2_Only",0.77639751552795
100,500,"Weighted",0.782608695652174
200,500,"Target_Only",0.747994934571549
200,500,"Source1_Only",0.68467707893626
200,500,"Source2_Only",0.680878007598143
200,500,"Weighted",0.750527648796961
300,500,"Target_Only",0.70892101551481
300,500,"Source1_Only",0.65320874471086
300,500,"Source2_Only",0.71509167842031
300,500,"Weighted",0.761107193229901
100,1000,"Target_Only",0.663602941176471
100,1000,"Source1_Only",0.683823529411765
100,1000,"Source2_Only",0.818933823529412
100,1000,"Weighted",0.777573529411765
200,1000,"Target_Only",0.79062159214831
200,1000,"Source1_Only",0.708469647400945
200,1000,"Source2_Only",0.778262450018175
200,1000,"Weighted",0.816793893129771
300,1000,"Target_Only",0.691933590474593
300,1000,"Source1_Only",0.703504947174241
300,1000,"Source2_Only",0.713231594834815
300,1000,"Weighted",0.74509475096428
100,100,"Target_Only",0.728026533996683
100,100,"Source1_Only",0.75787728026534
100,100,"Source2_Only",0.718076285240464
100,100,"Weighted",0.7893864013267
200,100,"Target_Only",0.748394863563403
200,100,"Source1_Only",0.711476725521669
200,100,"Source2_Only",0.656902086677368
200,100,"Weighted",0.751203852327448
300,100,"Target_Only",0.772178850248403
300,100,"Source1_Only",0.680092264017033
300,100,"Source2_Only",0.764549325762952
300,100,"Weighted",0.813697657913414
100,300,"Target_Only",0.715610510046368
100,300,"Source1_Only",0.704791344667697
100,300,"Source2_Only",0.777434312210201
100,300,"Weighted",0.812982998454405
200,300,"Target_Only",0.714050267820354
200,300,"Source1_Only",0.672023073753605
200,300,"Source2_Only",0.775854964977338
200,300,"Weighted",0.794808405438813
300,300,"Target_Only",0.745608327911516
300,300,"Source1_Only",0.693884189980482
300,300,"Source2_Only",0.746421600520494
300,300,"Weighted",0.793428757319454
100,500,"Target_Only",0.732057416267943
100,500,"Source1_Only",0.575757575757576
100,500,"Source2_Only",0.799043062200957
100,500,"Weighted",0.789473684210526
200,500,"Target_Only",0.733562691131499
200,500,"Source1_Only",0.68539755351682
200,500,"Source2_Only",0.779816513761468
200,500,"Weighted",0.797782874617737
300,500,"Target_Only",0.763484708063021
300,500,"Source1_Only",0.681000926784059
300,500,"Source2_Only",0.781093605189991
300,500,"Weighted",0.822428174235403
100,1000,"Target_Only",0.792035398230089
100,1000,"Source1_Only",0.668141592920354
100,1000,"Source2_Only",0.876106194690266
100,1000,"Weighted",0.859882005899705
200,1000,"Target_Only",0.752104055087988
200,1000,"Source1_Only",0.695868400918133
200,1000,"Source2_Only",0.748278500382556
200,1000,"Weighted",0.79150726855394
300,1000,"Target_Only",0.780969845150774
300,1000,"Source1_Only",0.679910350448248
300,1000,"Source2_Only",0.733088834555827
300,1000,"Weighted",0.788916055419723
100,100,"Target_Only",0.725423728813559
100,100,"Source1_Only",0.711864406779661
100,100,"Source2_Only",0.633898305084746
100,100,"Weighted",0.727118644067797
200,100,"Target_Only",0.716126350789692
200,100,"Source1_Only",0.526184538653367
200,100,"Source2_Only",0.714879467996675
200,100,"Weighted",0.721113881961762
300,100,"Target_Only",0.763894212341893
300,100,"Source1_Only",0.55825986968187
300,100,"Source2_Only",0.707742430049828
300,100,"Weighted",0.762744346492909
100,300,"Target_Only",0.635135135135135
100,300,"Source1_Only",0.611969111969112
100,300,"Source2_Only",0.644787644787645
100,300,"Weighted",0.671814671814672
200,300,"Target_Only",0.747180085569817
200,300,"Source1_Only",0.672500972384286
200,300,"Source2_Only",0.698171917541813
200,300,"Weighted",0.784519642162583
300,300,"Target_Only",0.756796836381612
300,300,"Source1_Only",0.601581809194266
300,300,"Source2_Only",0.741637831603229
300,300,"Weighted",0.771626297577855
100,500,"Target_Only",0.700573065902579
100,500,"Source1_Only",0.727793696275072
100,500,"Source2_Only",0.787965616045845
100,500,"Weighted",0.816618911174785
200,500,"Target_Only",0.684850718761519
200,500,"Source1_Only",0.636196092886104
200,500,"Source2_Only",0.778842609657206
200,500,"Weighted",0.769996314043494
300,500,"Target_Only",0.753505659739821
300,500,"Source1_Only",0.701469842878865
300,500,"Source2_Only",0.781044095286366
300,500,"Weighted",0.813482007095793
100,1000,"Target_Only",0.797276853252648
100,1000,"Source1_Only",0.691376701966717
100,1000,"Source2_Only",0.851739788199697
100,1000,"Weighted",0.856278366111952
200,1000,"Target_Only",0.784125766871166
200,1000,"Source1_Only",0.653757668711656
200,1000,"Source2_Only",0.807898773006135
200,1000,"Weighted",0.812116564417178
300,1000,"Target_Only",0.761321909424725
300,1000,"Source1_Only",0.704144081133065
300,1000,"Source2_Only",0.779157195313866
300,1000,"Weighted",0.801538730547299
100,100,"Target_Only",0.756622516556291
100,100,"Source1_Only",0.609271523178808
100,100,"Source2_Only",0.826158940397351
100,100,"Weighted",0.81953642384106
200,100,"Target_Only",0.71494785631518
200,100,"Source1_Only",0.577056778679027
200,100,"Source2_Only",0.696021629972963
200,100,"Weighted",0.719196601004249
300,100,"Target_Only",0.71514657980456
300,100,"Source1_Only",0.651465798045603
300,100,"Source2_Only",0.700814332247557
300,100,"Weighted",0.739087947882736
100,300,"Target_Only",0.802065404475043
100,300,"Source1_Only",0.674698795180723
100,300,"Source2_Only",0.769363166953528
100,300,"Weighted",0.858864027538726
200,300,"Target_Only",0.694809941520468
200,300,"Source1_Only",0.673976608187135
200,300,"Source2_Only",0.812134502923977
200,300,"Weighted",0.820906432748538
300,300,"Target_Only",0.742896035392207
300,300,"Source1_Only",0.643355453462651
300,300,"Source2_Only",0.749021609664795
300,300,"Weighted",0.783903352050366
100,500,"Target_Only",0.745417515274949
100,500,"Source1_Only",0.69857433808554
100,500,"Source2_Only",0.745417515274949
100,500,"Weighted",0.830957230142566
200,500,"Target_Only",0.73094512195122
200,500,"Source1_Only",0.707317073170732
200,500,"Source2_Only",0.734756097560976
200,500,"Weighted",0.790015243902439
300,500,"Target_Only",0.81041181041181
300,500,"Source1_Only",0.731157731157731
300,500,"Source2_Only",0.800699300699301
300,500,"Weighted",0.851981351981352
100,1000,"Target_Only",0.676703645007924
100,1000,"Source1_Only",0.641838351822504
100,1000,"Source2_Only",0.746434231378764
100,1000,"Weighted",0.770206022187005
200,1000,"Target_Only",0.730405149564559
200,1000,"Source1_Only",0.652783036728512
200,1000,"Source2_Only",0.777357061719046
200,1000,"Weighted",0.773949261643317
300,1000,"Target_Only",0.743097643097643
300,1000,"Source1_Only",0.663299663299663
300,1000,"Source2_Only",0.772390572390572
300,1000,"Weighted",0.79023569023569
100,100,"Target_Only",0.656796769851952
100,100,"Source1_Only",0.598923283983849
100,100,"Source2_Only",0.691790040376851
100,100,"Weighted",0.724091520861373
200,100,"Target_Only",0.728125
200,100,"Source1_Only",0.605902777777778
200,100,"Source2_Only",0.808333333333333
200,100,"Weighted",0.818055555555556
300,100,"Target_Only",0.815648445873526
300,100,"Source1_Only",0.647374062165059
300,100,"Source2_Only",0.751697034655234
300,100,"Weighted",0.814219364058592
100,300,"Target_Only",0.716049382716049
100,300,"Source1_Only",0.699588477366255
100,300,"Source2_Only",0.816186556927298
100,300,"Weighted",0.801097393689986
200,300,"Target_Only",0.742111414102065
200,300,"Source1_Only",0.680560966108298
200,300,"Source2_Only",0.754382547721075
200,300,"Weighted",0.786131671211531
300,300,"Target_Only",0.759399709536873
300,300,"Source1_Only",0.673874455381636
300,300,"Source2_Only",0.746974342423753
300,300,"Weighted",0.783282233338712
100,500,"Target_Only",0.63452566096423
100,500,"Source1_Only",0.68895800933126
100,500,"Source2_Only",0.695178849144634
100,500,"Weighted",0.723172628304821
200,500,"Target_Only",0.773690523790484
200,500,"Source1_Only",0.715713714514194
200,500,"Source2_Only",0.727708916433427
200,500,"Weighted",0.804078368652539
300,500,"Target_Only",0.721734812117199
300,500,"Source1_Only",0.659824532362192
300,500,"Source2_Only",0.727528554875021
300,500,"Weighted",0.760304585333554
100,1000,"Target_Only",0.636771300448431
100,1000,"Source1_Only",0.621823617339312
100,1000,"Source2_Only",0.769805680119581
100,1000,"Weighted",0.772795216741405
200,1000,"Target_Only",0.697647951441578
200,1000,"Source1_Only",0.698406676783005
200,1000,"Source2_Only",0.814871016691957
200,1000,"Weighted",0.801213960546282
300,1000,"Target_Only",0.75008477449983
300,1000,"Source1_Only",0.6578501186843
300,1000,"Source2_Only",0.843506273312987
300,1000,"Weighted",0.817565276364869
100,100,"Target_Only",0.715959004392386
100,100,"Source1_Only",0.641288433382138
100,100,"Source2_Only",0.774524158125915
100,100,"Weighted",0.7701317715959
200,100,"Target_Only",0.738324971053647
200,100,"Source1_Only",0.631416441528367
200,100,"Source2_Only",0.695870320339637
200,100,"Weighted",0.758008490930143
300,100,"Target_Only",0.751949117767747
300,100,"Source1_Only",0.610791957324579
300,100,"Source2_Only",0.741280262617973
300,100,"Weighted",0.778210915059499
100,300,"Target_Only",0.749134948096886
100,300,"Source1_Only",0.641868512110727
100,300,"Source2_Only",0.769896193771626
100,300,"Weighted",0.78719723183391
200,300,"Target_Only",0.766898063573255
200,300,"Source1_Only",0.679576178297406
200,300,"Source2_Only",0.768359517720132
200,300,"Weighted",0.803799780781878
300,300,"Target_Only",0.77682485229655
300,300,"Source1_Only",0.673527730131504
300,300,"Source2_Only",0.729178578235182
300,300,"Weighted",0.795121021536116
100,500,"Target_Only",0.700840336134454
100,500,"Source1_Only",0.729411764705882
100,500,"Source2_Only",0.709243697478992
100,500,"Weighted",0.759663865546218
200,500,"Target_Only",0.733496332518337
200,500,"Source1_Only",0.67359413202934
200,500,"Source2_Only",0.795436022819886
200,500,"Weighted",0.788508557457213
300,500,"Target_Only",0.715182357930449
300,500,"Source1_Only",0.70568278201866
300,500,"Source2_Only",0.729770992366412
300,500,"Weighted",0.777099236641221
100,1000,"Target_Only",0.767885532591415
100,1000,"Source1_Only",0.766295707472178
100,1000,"Source2_Only",0.742448330683625
100,1000,"Weighted",0.798092209856916
200,1000,"Target_Only",0.76865671641791
200,1000,"Source1_Only",0.695522388059701
200,1000,"Source2_Only",0.780223880597015
200,1000,"Weighted",0.827238805970149
300,1000,"Target_Only",0.769258655066159
300,1000,"Source1_Only",0.721950335327171
300,1000,"Source2_Only",0.769439912996194
300,1000,"Weighted",0.800797534892152
100,100,"Target_Only",0.663235294117647
100,100,"Source1_Only",0.605882352941176
100,100,"Source2_Only",0.705882352941176
100,100,"Weighted",0.730882352941177
200,100,"Target_Only",0.731421647819063
200,100,"Source1_Only",0.560581583198708
200,100,"Source2_Only",0.74313408723748
200,100,"Weighted",0.762520193861066
300,100,"Target_Only",0.715939153439153
300,100,"Source1_Only",0.610449735449735
300,100,"Source2_Only",0.746693121693122
300,100,"Weighted",0.755125661375661
100,300,"Target_Only",0.703174603174603
100,300,"Source1_Only",0.571428571428571
100,300,"Source2_Only",0.696825396825397
100,300,"Weighted",0.720634920634921
200,300,"Target_Only",0.750096264921063
200,300,"Source1_Only",0.725067385444744
200,300,"Source2_Only",0.750481324605314
200,300,"Weighted",0.786291875240662
300,300,"Target_Only",0.761978896384709
300,300,"Source1_Only",0.639162774606469
300,300,"Source2_Only",0.785850198927521
300,300,"Weighted",0.809375540563916
100,500,"Target_Only",0.682377049180328
100,500,"Source1_Only",0.772540983606557
100,500,"Source2_Only",0.745901639344262
100,500,"Weighted",0.811475409836066
200,500,"Target_Only",0.783634353114633
200,500,"Source1_Only",0.633615923332105
200,500,"Source2_Only",0.772576483597494
200,500,"Weighted",0.814227792112053
300,500,"Target_Only",0.716355384883924
300,500,"Source1_Only",0.60551579682318
300,500,"Source2_Only",0.705533251876418
300,500,"Weighted",0.75109094082737
100,1000,"Target_Only",0.560790273556231
100,1000,"Source1_Only",0.711246200607903
100,1000,"Source2_Only",0.615501519756839
100,1000,"Weighted",0.630699088145897
200,1000,"Target_Only",0.781826786559394
200,1000,"Source1_Only",0.694746805489825
200,1000,"Source2_Only",0.746805489824893
200,1000,"Weighted",0.817321344060577
300,1000,"Target_Only",0.761804087385483
300,1000,"Source1_Only",0.726568005637773
300,1000,"Source2_Only",0.776779422128259
300,1000,"Weighted",0.818886539816772
100,100,"Target_Only",0.661485319516408
100,100,"Source1_Only",0.620034542314335
100,100,"Source2_Only",0.77720207253886
100,100,"Weighted",0.761658031088083
200,100,"Target_Only",0.706550218340611
200,100,"Source1_Only",0.668995633187773
200,100,"Source2_Only",0.65764192139738
200,100,"Weighted",0.729257641921397
300,100,"Target_Only",0.746714848883049
300,100,"Source1_Only",0.653580814717477
300,100,"Source2_Only",0.69053876478318
300,100,"Weighted",0.752299605781866
100,300,"Target_Only",0.665634674922601
100,300,"Source1_Only",0.68266253869969
100,300,"Source2_Only",0.75077399380805
100,300,"Weighted",0.76625386996904
200,300,"Target_Only",0.646434634974533
200,300,"Source1_Only",0.595500848896435
200,300,"Source2_Only",0.719015280135823
200,300,"Weighted",0.720713073005093
300,300,"Target_Only",0.796692281991313
300,300,"Source1_Only",0.678583361176078
300,300,"Source2_Only",0.774640828600067
300,300,"Weighted",0.807550952221851
100,500,"Target_Only",0.758691206543967
100,500,"Source1_Only",0.791411042944785
100,500,"Source2_Only",0.807770961145194
100,500,"Weighted",0.838445807770961
200,500,"Target_Only",0.692013593882753
200,500,"Source1_Only",0.687340696686491
200,500,"Source2_Only",0.800764655904843
200,500,"Weighted",0.772727272727273
300,500,"Target_Only",0.784379407616361
300,500,"Source1_Only",0.728314527503526
300,500,"Source2_Only",0.752644569816643
300,500,"Weighted",0.825458392101551
100,1000,"Target_Only",0.571225071225071
100,1000,"Source1_Only",0.747863247863248
100,1000,"Source2_Only",0.739316239316239
100,1000,"Weighted",0.739316239316239
200,1000,"Target_Only",0.674587964737447
200,1000,"Source1_Only",0.648907627443465
200,1000,"Source2_Only",0.744729781525489
200,1000,"Weighted",0.759678037562284
300,1000,"Target_Only",0.788576300085251
300,1000,"Source1_Only",0.676214833759591
300,1000,"Source2_Only",0.791133844842285
300,1000,"Weighted",0.830179028132992
100,100,"Target_Only",0.709576138147567
100,100,"Source1_Only",0.63265306122449
100,100,"Source2_Only",0.616954474097331
100,100,"Weighted",0.753532182103611
200,100,"Target_Only",0.738672768878718
200,100,"Source1_Only",0.666361556064073
200,100,"Source2_Only",0.701601830663616
200,100,"Weighted",0.788558352402746
300,100,"Target_Only",0.743132358187656
300,100,"Source1_Only",0.689261505529789
300,100,"Source2_Only",0.665001783803068
300,100,"Weighted",0.750445950767035
100,300,"Target_Only",0.7085346215781
100,300,"Source1_Only",0.650563607085346
100,300,"Source2_Only",0.79549114331723
100,300,"Weighted",0.792270531400966
200,300,"Target_Only",0.773863636363636
200,300,"Source1_Only",0.700378787878788
200,300,"Source2_Only",0.726893939393939
200,300,"Weighted",0.800757575757576
300,300,"Target_Only",0.763037200611517
300,300,"Source1_Only",0.648038049940547
300,300,"Source2_Only",0.773399014778325
300,300,"Weighted",0.800237812128419
100,500,"Target_Only",0.765413533834586
100,500,"Source1_Only",0.619548872180451
100,500,"Source2_Only",0.82406015037594
100,500,"Weighted",0.815037593984962
200,500,"Target_Only",0.740126382306477
200,500,"Source1_Only",0.633096366508689
200,500,"Source2_Only",0.77567140600316
200,500,"Weighted",0.764218009478673
300,500,"Target_Only",0.772136953955136
300,500,"Source1_Only",0.675662000337325
300,500,"Source2_Only",0.720020239500759
300,500,"Weighted",0.790352504638219
100,1000,"Target_Only",0.637958532695375
100,1000,"Source1_Only",0.720893141945774
100,1000,"Source2_Only",0.783094098883573
100,1000,"Weighted",0.784688995215311
200,1000,"Target_Only",0.709451575262544
200,1000,"Source1_Only",0.752625437572929
200,1000,"Source2_Only",0.744068455853753
200,1000,"Weighted",0.774795799299883
300,1000,"Target_Only",0.742536669542709
300,1000,"Source1_Only",0.699223468507334
300,1000,"Source2_Only",0.768421052631579
300,1000,"Weighted",0.793960310612597
100,100,"Target_Only",0.684603886397608
100,100,"Source1_Only",0.717488789237668
100,100,"Source2_Only",0.677130044843049
100,100,"Weighted",0.736920777279522
200,100,"Target_Only",0.703649096940656
200,100,"Source1_Only",0.684850718761519
200,100,"Source2_Only",0.712495392554368
200,100,"Weighted",0.763730187983782
300,100,"Target_Only",0.783749082905356
300,100,"Source1_Only",0.696625091709464
300,100,"Source2_Only",0.769442406456346
300,100,"Weighted",0.813279530447542
100,300,"Target_Only",0.634020618556701
100,300,"Source1_Only",0.582474226804124
100,300,"Source2_Only",0.756013745704467
100,300,"Weighted",0.718213058419244
200,300,"Target_Only",0.788353413654618
200,300,"Source1_Only",0.724497991967871
200,300,"Source2_Only",0.816064257028112
200,300,"Weighted",0.85140562248996
300,300,"Target_Only",0.762371134020619
300,300,"Source1_Only",0.669931271477663
300,300,"Source2_Only",0.766666666666667
300,300,"Weighted",0.793986254295533
100,500,"Target_Only",0.754335260115607
100,500,"Source1_Only",0.748554913294798
100,500,"Source2_Only",0.763005780346821
100,500,"Weighted",0.823699421965318
200,500,"Target_Only",0.791729893778452
200,500,"Source1_Only",0.66350531107739
200,500,"Source2_Only",0.77845220030349
200,500,"Weighted",0.809559939301973
300,500,"Target_Only",0.717387616624258
300,500,"Source1_Only",0.676675148430874
300,500,"Source2_Only",0.722476675148431
300,500,"Weighted",0.77167090754877
100,1000,"Target_Only",0.761832061068702
100,1000,"Source1_Only",0.63969465648855
100,1000,"Source2_Only",0.743511450381679
100,1000,"Weighted",0.76793893129771
200,1000,"Target_Only",0.768724881256851
200,1000,"Source1_Only",0.716477895506028
200,1000,"Source2_Only",0.766898063573255
200,1000,"Weighted",0.809645597369383
300,1000,"Target_Only",0.750872738813075
300,1000,"Source1_Only",0.65280863218026
300,1000,"Source2_Only",0.75737860996509
300,1000,"Weighted",0.78308473500476
100,100,"Target_Only",0.671617161716172
100,100,"Source1_Only",0.681518151815181
100,100,"Source2_Only",0.760726072607261
100,100,"Weighted",0.749174917491749
200,100,"Target_Only",0.731140350877193
200,100,"Source1_Only",0.699561403508772
200,100,"Source2_Only",0.693421052631579
200,100,"Weighted",0.744298245614035
300,100,"Target_Only",0.760163356227956
300,100,"Source1_Only",0.600519769816224
300,100,"Source2_Only",0.68980879896046
300,100,"Weighted",0.777241507332467
100,300,"Target_Only",0.72827804107425
100,300,"Source1_Only",0.707740916271722
100,300,"Source2_Only",0.777251184834123
100,300,"Weighted",0.807266982622433
200,300,"Target_Only",0.804780876494024
200,300,"Source1_Only",0.681274900398406
200,300,"Source2_Only",0.766533864541833
200,300,"Weighted",0.840637450199203
300,300,"Target_Only",0.818131868131868
300,300,"Source1_Only",0.671611721611722
300,300,"Source2_Only",0.775274725274725
300,300,"Weighted",0.835347985347985
100,500,"Target_Only",0.72824427480916
100,500,"Source1_Only",0.616793893129771
100,500,"Source2_Only",0.690076335877863
100,500,"Weighted",0.784732824427481
200,500,"Target_Only",0.699572483482316
200,500,"Source1_Only",0.659930042751652
200,500,"Source2_Only",0.764477263894287
200,500,"Weighted",0.754760979401477
300,500,"Target_Only",0.77427445360086
300,500,"Source1_Only",0.646721605159441
300,500,"Source2_Only",0.766571121461842
300,500,"Weighted",0.784306700107488
100,1000,"Target_Only",0.772173913043478
100,1000,"Source1_Only",0.63304347826087
100,1000,"Source2_Only",0.83304347826087
100,1000,"Weighted",0.834782608695652
200,1000,"Target_Only",0.724008350730689
200,1000,"Source1_Only",0.699791231732777
200,1000,"Source2_Only",0.835073068893528
200,1000,"Weighted",0.843006263048017
300,1000,"Target_Only",0.764271844660194
300,1000,"Source1_Only",0.685242718446602
300,1000,"Source2_Only",0.795533980582524
300,1000,"Weighted",0.823495145631068
100,100,"Target_Only",0.745161290322581
100,100,"Source1_Only",0.737096774193548
100,100,"Source2_Only",0.696774193548387
100,100,"Weighted",0.8
200,100,"Target_Only",0.74009900990099
200,100,"Source1_Only",0.696369636963696
200,100,"Source2_Only",0.71947194719472
200,100,"Weighted",0.770627062706271
300,100,"Target_Only",0.768585333109582
300,100,"Source1_Only",0.656821614364826
300,100,"Source2_Only",0.737036415505957
300,100,"Weighted",0.795435475750965
100,300,"Target_Only",0.696027633851468
100,300,"Source1_Only",0.604490500863558
100,300,"Source2_Only",0.637305699481865
100,300,"Weighted",0.7426597582038
200,300,"Target_Only",0.757401315789474
200,300,"Source1_Only",0.671052631578947
200,300,"Source2_Only",0.736430921052632
200,300,"Weighted",0.799753289473684
300,300,"Target_Only",0.741935483870968
300,300,"Source1_Only",0.644061583577713
300,300,"Source2_Only",0.788856304985337
300,300,"Weighted",0.80700146627566
100,500,"Target_Only",0.709122203098107
100,500,"Source1_Only",0.652323580034423
100,500,"Source2_Only",0.740103270223752
100,500,"Weighted",0.762478485370052
200,500,"Target_Only",0.766783081102057
200,500,"Source1_Only",0.693053938688397
200,500,"Source2_Only",0.779976717112922
200,500,"Weighted",0.832363213038417
300,500,"Target_Only",0.710280373831776
300,500,"Source1_Only",0.608005642743784
300,500,"Source2_Only",0.761417739375772
300,500,"Weighted",0.764591782754364
100,1000,"Target_Only",0.69344262295082
100,1000,"Source1_Only",0.657377049180328
100,1000,"Source2_Only",0.786885245901639
100,1000,"Weighted",0.808196721311475
200,1000,"Target_Only",0.69047619047619
200,1000,"Source1_Only",0.681349206349206
200,1000,"Source2_Only",0.748015873015873
200,1000,"Weighted",0.761111111111111
300,1000,"Target_Only",0.716782063963073
300,1000,"Source1_Only",0.729805473128915
300,1000,"Source2_Only",0.682822288163534
300,1000,"Weighted",0.753709198813056
100,100,"Target_Only",0.642201834862385
100,100,"Source1_Only",0.637614678899083
100,100,"Source2_Only",0.672782874617737
100,100,"Weighted",0.694189602446483
200,100,"Target_Only",0.65077519379845
200,100,"Source1_Only",0.576744186046512
200,100,"Source2_Only",0.641472868217054
200,100,"Weighted",0.666279069767442
300,100,"Target_Only",0.753384559092572
300,100,"Source1_Only",0.621478229052323
300,100,"Source2_Only",0.697768020490304
300,100,"Weighted",0.754665203073546
100,300,"Target_Only",0.716262975778547
100,300,"Source1_Only",0.633217993079585
100,300,"Source2_Only",0.794117647058824
100,300,"Weighted",0.773356401384083
200,300,"Target_Only",0.696161616161616
200,300,"Source1_Only",0.652121212121212
200,300,"Source2_Only",0.703838383838384
200,300,"Weighted",0.750707070707071
300,300,"Target_Only",0.753251197809719
300,300,"Source1_Only",0.662217659137577
300,300,"Source2_Only",0.682580424366872
300,300,"Weighted",0.760780287474333
100,500,"Target_Only",0.659842519685039
100,500,"Source1_Only",0.724409448818898
100,500,"Source2_Only",0.735433070866142
100,500,"Weighted",0.774803149606299
200,500,"Target_Only",0.79226618705036
200,500,"Source1_Only",0.66591726618705
200,500,"Source2_Only",0.719424460431655
200,500,"Weighted",0.817446043165468
300,500,"Target_Only",0.771844660194175
300,500,"Source1_Only",0.666782246879334
300,500,"Source2_Only",0.764563106796116
300,500,"Weighted",0.81622746185853
100,1000,"Target_Only",0.670788253477589
100,1000,"Source1_Only",0.666151468315301
100,1000,"Source2_Only",0.743431221020093
100,1000,"Weighted",0.758887171561051
200,1000,"Target_Only",0.775174681463214
200,1000,"Source1_Only",0.589395807644883
200,1000,"Source2_Only",0.77599671187834
200,1000,"Weighted",0.801479654747226
300,1000,"Target_Only",0.690026019080659
300,1000,"Source1_Only",0.688291413703382
300,1000,"Source2_Only",0.733738074588031
300,1000,"Weighted",0.754032957502168
100,100,"Target_Only",0.727540500736377
100,100,"Source1_Only",0.776141384388807
100,100,"Source2_Only",0.770250368188512
100,100,"Weighted",0.798232695139912
200,100,"Target_Only",0.69327251995439
200,100,"Source1_Only",0.710376282782212
200,100,"Source2_Only",0.696313188901558
200,100,"Weighted",0.782972253895857
300,100,"Target_Only",0.740959541711421
300,100,"Source1_Only",0.730218403150734
300,100,"Source2_Only",0.637665592552811
300,100,"Weighted",0.735051915503043
100,300,"Target_Only",0.695652173913043
100,300,"Source1_Only",0.66304347826087
100,300,"Source2_Only",0.767080745341615
100,300,"Weighted",0.807453416149068
200,300,"Target_Only",0.741181296144381
200,300,"Source1_Only",0.707136997538966
200,300,"Source2_Only",0.748154224774405
200,300,"Weighted",0.799835931091058
300,300,"Target_Only",0.746439736019451
300,300,"Source1_Only",0.615491490100729
300,300,"Source2_Only",0.751476207016325
300,300,"Weighted",0.770753733935394
100,500,"Target_Only",0.802795031055901
100,500,"Source1_Only",0.725155279503106
100,500,"Source2_Only",0.658385093167702
100,500,"Weighted",0.827639751552795
200,500,"Target_Only",0.675844346549192
200,500,"Source1_Only",0.673274596182085
200,500,"Source2_Only",0.763215859030837
200,500,"Weighted",0.754038179148311
300,500,"Target_Only",0.786255597657596
300,500,"Source1_Only",0.686703410265243
300,500,"Source2_Only",0.749052704099208
300,500,"Weighted",0.841887702376852
100,1000,"Target_Only",0.727450980392157
100,1000,"Source1_Only",0.776470588235294
100,1000,"Source2_Only",0.727450980392157
100,1000,"Weighted",0.794117647058824
200,1000,"Target_Only",0.707531380753138
200,1000,"Source1_Only",0.569874476987448
200,1000,"Source2_Only",0.78744769874477
200,1000,"Weighted",0.739330543933054
300,1000,"Target_Only",0.758181818181818
300,1000,"Source1_Only",0.702148760330578
300,1000,"Source2_Only",0.737851239669421
300,1000,"Weighted",0.779338842975207
100,100,"Target_Only",0.713385826771654
100,100,"Source1_Only",0.700787401574803
100,100,"Source2_Only",0.795275590551181
100,100,"Weighted",0.834645669291339
200,100,"Target_Only",0.778481012658228
200,100,"Source1_Only",0.654272151898734
200,100,"Source2_Only",0.700158227848101
200,100,"Weighted",0.774920886075949
300,100,"Target_Only",0.735827227150019
300,100,"Source1_Only",0.586386424990359
300,100,"Source2_Only",0.712688006170459
300,100,"Weighted",0.756459699190127
100,300,"Target_Only",0.546944858420268
100,300,"Source1_Only",0.543964232488823
100,300,"Source2_Only",0.751117734724292
100,300,"Weighted",0.682563338301043
200,300,"Target_Only",0.719411553641909
200,300,"Source1_Only",0.659490491567994
200,300,"Source2_Only",0.745604592752063
200,300,"Weighted",0.764980265518479
300,300,"Target_Only",0.780665835855439
300,300,"Source1_Only",0.641979704468578
300,300,"Source2_Only",0.773900658714616
300,300,"Weighted",0.81093110201175
100,500,"Target_Only",0.757668711656442
100,500,"Source1_Only",0.667177914110429
100,500,"Source2_Only",0.820552147239264
100,500,"Weighted",0.811349693251534
200,500,"Target_Only",0.750503018108652
200,500,"Source1_Only",0.631388329979879
200,500,"Source2_Only",0.806036217303823
200,500,"Weighted",0.809255533199195
300,500,"Target_Only",0.74260576563085
300,500,"Source1_Only",0.61437663796331
300,500,"Source2_Only",0.772369898914264
300,500,"Weighted",0.795394983152377
100,1000,"Target_Only",0.64926590538336
100,1000,"Source1_Only",0.637846655791191
100,1000,"Source2_Only",0.727569331158238
100,1000,"Weighted",0.740619902120718
200,1000,"Target_Only",0.774703557312253
200,1000,"Source1_Only",0.615810276679842
200,1000,"Source2_Only",0.822924901185771
200,1000,"Weighted",0.813438735177866
300,1000,"Target_Only",0.772804340454391
300,1000,"Source1_Only",0.680061037639878
300,1000,"Source2_Only",0.767039674465921
300,1000,"Weighted",0.794845710410309
100,100,"Target_Only",0.680515759312321
100,100,"Source1_Only",0.653295128939828
100,100,"Source2_Only",0.80945558739255
100,100,"Weighted",0.799426934097421
200,100,"Target_Only",0.765076507650765
200,100,"Source1_Only",0.680918091809181
200,100,"Source2_Only",0.745724572457246
200,100,"Weighted",0.779027902790279
300,100,"Target_Only",0.745345016429354
300,100,"Source1_Only",0.641292442497262
300,100,"Source2_Only",0.680722891566265
300,100,"Weighted",0.748630887185104
100,300,"Target_Only",0.729041916167665
100,300,"Source1_Only",0.639221556886228
100,300,"Source2_Only",0.766467065868264
100,300,"Weighted",0.80688622754491
200,300,"Target_Only",0.733162830349531
200,300,"Source1_Only",0.677749360613811
200,300,"Source2_Only",0.73614663256607
200,300,"Weighted",0.776214833759591
300,300,"Target_Only",0.787697423108894
300,300,"Source1_Only",0.688445552784705
300,300,"Source2_Only",0.758769742310889
300,300,"Weighted",0.812302576891106
100,500,"Target_Only",0.5952
100,500,"Source1_Only",0.6432
100,500,"Source2_Only",0.7568
100,500,"Weighted",0.76
200,500,"Target_Only",0.77615349474646
200,500,"Source1_Only",0.665600730927364
200,500,"Source2_Only",0.772498857925994
200,500,"Weighted",0.803106441297396
300,500,"Target_Only",0.739609685580051
300,500,"Source1_Only",0.746657029273581
300,500,"Source2_Only",0.783158655583665
300,500,"Weighted",0.815865558366462
100,1000,"Target_Only",0.682269503546099
100,1000,"Source1_Only",0.658156028368794
100,1000,"Source2_Only",0.74468085106383
100,1000,"Weighted",0.721985815602837
200,1000,"Target_Only",0.705041683207622
200,1000,"Source1_Only",0.662961492655816
200,1000,"Source2_Only",0.711393410083366
200,1000,"Weighted",0.741167129813418
300,1000,"Target_Only",0.747413485551195
300,1000,"Source1_Only",0.701926507313593
300,1000,"Source2_Only",0.766856938993935
300,1000,"Weighted",0.793257224402426
100,100,"Target_Only",0.672727272727273
100,100,"Source1_Only",0.593388429752066
100,100,"Source2_Only",0.68099173553719
100,100,"Weighted",0.725619834710744
200,100,"Target_Only",0.71828665568369
200,100,"Source1_Only",0.616144975288303
200,100,"Source2_Only",0.758649093904448
200,100,"Weighted",0.757001647446458
300,100,"Target_Only",0.766452919338508
300,100,"Source1_Only",0.693553830577118
300,100,"Source2_Only",0.692035099561255
300,100,"Weighted",0.792102598717516
100,300,"Target_Only",0.689847009735744
100,300,"Source1_Only",0.732962447844228
100,300,"Source2_Only",0.755215577190542
100,300,"Weighted",0.791376912378303
200,300,"Target_Only",0.794003868471954
200,300,"Source1_Only",0.731141199226306
200,300,"Source2_Only",0.778046421663443
200,300,"Weighted",0.845744680851064
300,300,"Target_Only",0.790196419259517
300,300,"Source1_Only",0.673909264731444
300,300,"Source2_Only",0.72588214844429
300,300,"Weighted",0.792977576916391
100,500,"Target_Only",0.681268882175227
100,500,"Source1_Only",0.709969788519637
100,500,"Source2_Only",0.765861027190332
100,500,"Weighted",0.75226586102719
200,500,"Target_Only",0.736111111111111
200,500,"Source1_Only",0.661507936507936
200,500,"Source2_Only",0.78968253968254
200,500,"Weighted",0.787698412698413
300,500,"Target_Only",0.719730941704036
300,500,"Source1_Only",0.621938599517075
300,500,"Source2_Only",0.739910313901345
300,500,"Weighted",0.765091410831321
100,1000,"Target_Only",0.712389380530973
100,1000,"Source1_Only",0.743362831858407
100,1000,"Source2_Only",0.727138643067847
100,1000,"Weighted",0.774336283185841
200,1000,"Target_Only",0.735842026825633
200,1000,"Source1_Only",0.624813710879285
200,1000,"Source2_Only",0.767138599105812
200,1000,"Weighted",0.769001490312966
300,1000,"Target_Only",0.711839971165976
300,1000,"Source1_Only",0.647864480086502
300,1000,"Source2_Only",0.717066138042891
300,1000,"Weighted",0.744458460983961
100,100,"Target_Only",0.738619676945668
100,100,"Source1_Only",0.66079295154185
100,100,"Source2_Only",0.656387665198238
100,100,"Weighted",0.76064610866373
200,100,"Target_Only",0.735649546827795
200,100,"Source1_Only",0.629154078549849
200,100,"Source2_Only",0.759818731117825
200,100,"Weighted",0.768882175226586
300,100,"Target_Only",0.737603993344426
300,100,"Source1_Only",0.628618968386023
300,100,"Source2_Only",0.698835274542429
300,100,"Weighted",0.748585690515807
100,300,"Target_Only",0.668518518518519
100,300,"Source1_Only",0.562962962962963
100,300,"Source2_Only",0.72962962962963
100,300,"Weighted",0.775925925925926
200,300,"Target_Only",0.741634241245136
200,300,"Source1_Only",0.667704280155642
200,300,"Source2_Only",0.759143968871595
200,300,"Weighted",0.793385214007782
300,300,"Target_Only",0.761879526585409
300,300,"Source1_Only",0.65818759936407
300,300,"Source2_Only",0.770005299417064
300,300,"Weighted",0.806217982688571
100,500,"Target_Only",0.70015455950541
100,500,"Source1_Only",0.707882534775889
100,500,"Source2_Only",0.680061823802164
100,500,"Weighted",0.761978361669243
200,500,"Target_Only",0.760535643954313
200,500,"Source1_Only",0.708940527766837
200,500,"Source2_Only",0.790862544308783
200,500,"Weighted",0.802284363922804
300,500,"Target_Only",0.75309992706054
300,500,"Source1_Only",0.708424507658643
300,500,"Source2_Only",0.786834427425237
300,500,"Weighted",0.811816192560175
100,1000,"Target_Only",0.805343511450382
100,1000,"Source1_Only",0.566793893129771
100,1000,"Source2_Only",0.759541984732824
100,1000,"Weighted",0.837786259541985
200,1000,"Target_Only",0.650910499806277
200,1000,"Source1_Only",0.693529639674545
200,1000,"Source2_Only",0.733824099186362
200,1000,"Weighted",0.75164664858582
300,1000,"Target_Only",0.780540153818637
300,1000,"Source1_Only",0.733857986049007
300,1000,"Source2_Only",0.76336970130567
300,1000,"Weighted",0.819710248613844
100,100,"Target_Only",0.659649122807018
100,100,"Source1_Only",0.694736842105263
100,100,"Source2_Only",0.62280701754386
100,100,"Weighted",0.756140350877193
200,100,"Target_Only",0.76600081532817
200,100,"Source1_Only",0.683245006114961
200,100,"Source2_Only",0.670199755401549
200,100,"Weighted",0.779046066041582
300,100,"Target_Only",0.735513385293121
300,100,"Source1_Only",0.599966113181972
300,100,"Source2_Only",0.685530328702135
300,100,"Weighted",0.768553032870213
100,300,"Target_Only",0.698085419734904
100,300,"Source1_Only",0.600883652430044
100,300,"Source2_Only",0.734904270986745
100,300,"Weighted",0.752577319587629
200,300,"Target_Only",0.757966616084977
200,300,"Source1_Only",0.685508345978756
200,300,"Source2_Only",0.756449165402124
200,300,"Weighted",0.795144157814871
300,300,"Target_Only",0.706428701511564
300,300,"Source1_Only",0.684392642505919
300,300,"Source2_Only",0.746312147149882
300,300,"Weighted",0.783645966126389
100,500,"Target_Only",0.637417218543046
100,500,"Source1_Only",0.675496688741722
100,500,"Source2_Only",0.806291390728477
100,500,"Weighted",0.816225165562914
200,500,"Target_Only",0.775039745627981
200,500,"Source1_Only",0.678855325914149
200,500,"Source2_Only",0.764308426073132
200,500,"Weighted",0.814785373608903
300,500,"Target_Only",0.717613836921991
300,500,"Source1_Only",0.625661842569714
300,500,"Source2_Only",0.722026120720085
300,500,"Weighted",0.759442287327921
100,1000,"Target_Only",0.749525616698292
100,1000,"Source1_Only",0.766603415559772
100,1000,"Source2_Only",0.713472485768501
100,1000,"Weighted",0.834914611005693
200,1000,"Target_Only",0.721446700507614
200,1000,"Source1_Only",0.703045685279188
200,1000,"Source2_Only",0.760998307952623
200,1000,"Weighted",0.774111675126903
300,1000,"Target_Only",0.757345132743363
300,1000,"Source1_Only",0.670796460176991
300,1000,"Source2_Only",0.715398230088496
300,1000,"Weighted",0.766371681415929
100,100,"Target_Only",0.678883071553229
100,100,"Source1_Only",0.56195462478185
100,100,"Source2_Only",0.68935427574171
100,100,"Weighted",0.671902268760908
200,100,"Target_Only",0.768403639371381
200,100,"Source1_Only",0.64929693961952
200,100,"Source2_Only",0.679900744416873
200,100,"Weighted",0.765508684863524
300,100,"Target_Only",0.771124301675978
300,100,"Source1_Only",0.626222067039106
300,100,"Source2_Only",0.746333798882682
300,100,"Weighted",0.789804469273743
100,300,"Target_Only",0.632102272727273
100,300,"Source1_Only",0.677556818181818
100,300,"Source2_Only",0.761363636363636
100,300,"Weighted",0.779829545454545
200,300,"Target_Only",0.753101240496199
200,300,"Source1_Only",0.628651460584234
200,300,"Source2_Only",0.768707482993197
200,300,"Weighted",0.797519007603041
300,300,"Target_Only",0.696333333333333
300,300,"Source1_Only",0.696
300,300,"Source2_Only",0.733666666666667
300,300,"Weighted",0.765333333333333
100,500,"Target_Only",0.707563025210084
100,500,"Source1_Only",0.645378151260504
100,500,"Source2_Only",0.853781512605042
100,500,"Weighted",0.842016806722689
200,500,"Target_Only",0.731279251170047
200,500,"Source1_Only",0.69188767550702
200,500,"Source2_Only",0.743369734789392
200,500,"Weighted",0.801872074882995
300,500,"Target_Only",0.770514603616133
300,500,"Source1_Only",0.68115438108484
300,500,"Source2_Only",0.778337969401947
300,500,"Weighted",0.797635605006954
100,1000,"Target_Only",0.6110183639399
100,1000,"Source1_Only",0.717863105175292
100,1000,"Source2_Only",0.819699499165276
100,1000,"Weighted",0.789649415692821
200,1000,"Target_Only",0.781211874745832
200,1000,"Source1_Only",0.760471736478243
200,1000,"Source2_Only",0.815372102480683
200,1000,"Weighted",0.844245628304189
300,1000,"Target_Only",0.75376799322608
300,1000,"Source1_Only",0.635224386113463
300,1000,"Source2_Only",0.801524132091448
300,1000,"Weighted",0.802540220152413
100,100,"Target_Only",0.631578947368421
100,100,"Source1_Only",0.549707602339181
100,100,"Source2_Only",0.744639376218324
100,100,"Weighted",0.762183235867446
200,100,"Target_Only",0.652500940203084
200,100,"Source1_Only",0.564497931553215
200,100,"Source2_Only",0.630312147423844
200,100,"Weighted",0.648740127867619
300,100,"Target_Only",0.770166898470097
300,100,"Source1_Only",0.713838664812239
300,100,"Source2_Only",0.733136300417246
300,100,"Weighted",0.800243393602225
100,300,"Target_Only",0.588342440801457
100,300,"Source1_Only",0.652094717668488
100,300,"Source2_Only",0.794171220400729
100,300,"Weighted",0.761384335154827
200,300,"Target_Only",0.716888888888889
200,300,"Source1_Only",0.583111111111111
200,300,"Source2_Only",0.776
200,300,"Weighted",0.768444444444444
300,300,"Target_Only",0.767354260089686
300,300,"Source1_Only",0.668161434977579
300,300,"Source2_Only",0.747264573991031
300,300,"Weighted",0.797130044843049
100,500,"Target_Only",0.720461095100865
100,500,"Source1_Only",0.779538904899135
100,500,"Source2_Only",0.747838616714697
100,500,"Weighted",0.765129682997118
200,500,"Target_Only",0.77159140727751
200,500,"Source1_Only",0.635247698377904
200,500,"Source2_Only",0.80447172292854
200,500,"Weighted",0.840859272249014
300,500,"Target_Only",0.686585365853658
300,500,"Source1_Only",0.676655052264808
300,500,"Source2_Only",0.725435540069686
300,500,"Weighted",0.771080139372822
100,1000,"Target_Only",0.709774436090226
100,1000,"Source1_Only",0.679699248120301
100,1000,"Source2_Only",0.723308270676692
100,1000,"Weighted",0.759398496240602
200,1000,"Target_Only",0.704682779456193
200,1000,"Source1_Only",0.679380664652568
200,1000,"Source2_Only",0.774546827794562
200,1000,"Weighted",0.76963746223565
300,1000,"Target_Only",0.764980265518479
300,1000,"Source1_Only",0.675098672407607
300,1000,"Source2_Only",0.751883745963402
300,1000,"Weighted",0.790455687118766
100,100,"Target_Only",0.734072022160665
100,100,"Source1_Only",0.516620498614958
100,100,"Source2_Only",0.799168975069252
100,100,"Weighted",0.779778393351801
200,100,"Target_Only",0.670708601743085
200,100,"Source1_Only",0.630541871921182
200,100,"Source2_Only",0.573702159909056
200,100,"Weighted",0.690791966654036
300,100,"Target_Only",0.753905564332105
300,100,"Source1_Only",0.61119887660172
300,100,"Source2_Only",0.712304721783395
300,100,"Weighted",0.760575741618396
100,300,"Target_Only",0.63258785942492
100,300,"Source1_Only",0.664536741214057
100,300,"Source2_Only",0.640575079872205
100,300,"Weighted",0.662939297124601
200,300,"Target_Only",0.794220665499124
200,300,"Source1_Only",0.781961471103327
200,300,"Source2_Only",0.778021015761821
200,300,"Weighted",0.832749562171629
300,300,"Target_Only",0.792631578947368
300,300,"Source1_Only",0.730877192982456
300,300,"Source2_Only",0.780350877192982
300,300,"Weighted",0.829473684210526
100,500,"Target_Only",0.527173913043478
100,500,"Source1_Only",0.722826086956522
100,500,"Source2_Only",0.722826086956522
100,500,"Weighted",0.681159420289855
200,500,"Target_Only",0.772889417360285
200,500,"Source1_Only",0.695600475624257
200,500,"Source2_Only",0.803012286959968
200,500,"Weighted",0.845818470075307
300,500,"Target_Only",0.709369339700313
300,500,"Source1_Only",0.627696360941874
300,500,"Source2_Only",0.760250288160711
300,500,"Weighted",0.75909764531533
100,1000,"Target_Only",0.759055118110236
100,1000,"Source1_Only",0.773228346456693
100,1000,"Source2_Only",0.793700787401575
100,1000,"Weighted",0.820472440944882
200,1000,"Target_Only",0.752179899036255
200,1000,"Source1_Only",0.653051858650757
200,1000,"Source2_Only",0.775585130793942
200,1000,"Weighted",0.833409821018816
300,1000,"Target_Only",0.809966660817687
300,1000,"Source1_Only",0.73451482716266
300,1000,"Source2_Only",0.805930865064046
300,1000,"Weighted",0.840322863660291
100,100,"Target_Only",0.770700636942675
100,100,"Source1_Only",0.654458598726115
100,100,"Source2_Only",0.718152866242038
100,100,"Weighted",0.761146496815287
200,100,"Target_Only",0.681501547987616
200,100,"Source1_Only",0.62577399380805
200,100,"Source2_Only",0.691176470588235
200,100,"Weighted",0.726006191950464
300,100,"Target_Only",0.776221387085753
300,100,"Source1_Only",0.660403143149983
300,100,"Source2_Only",0.718483088486505
300,100,"Weighted",0.800478305432183
100,300,"Target_Only",0.634796238244514
100,300,"Source1_Only",0.695924764890282
100,300,"Source2_Only",0.725705329153605
100,300,"Weighted",0.738244514106583
200,300,"Target_Only",0.689057421451788
200,300,"Source1_Only",0.657276995305164
200,300,"Source2_Only",0.778981581798483
200,300,"Weighted",0.7825929938606
300,300,"Target_Only",0.74136464182406
300,300,"Source1_Only",0.632976008167432
300,300,"Source2_Only",0.727241790028926
300,300,"Weighted",0.772673132550621
100,500,"Target_Only",0.799610894941634
100,500,"Source1_Only",0.591439688715953
100,500,"Source2_Only",0.801556420233463
100,500,"Weighted",0.784046692607004
200,500,"Target_Only",0.695290858725762
200,500,"Source1_Only",0.714285714285714
200,500,"Source2_Only",0.685397704788287
200,500,"Weighted",0.753462603878116
300,500,"Target_Only",0.788965984092063
300,500,"Source1_Only",0.703503130817397
300,500,"Source2_Only",0.779827381959722
300,500,"Weighted",0.836520561854798
100,1000,"Target_Only",0.799019607843137
100,1000,"Source1_Only",0.736928104575163
100,1000,"Source2_Only",0.766339869281046
100,1000,"Weighted",0.844771241830065
200,1000,"Target_Only",0.74166314900802
200,1000,"Source1_Only",0.656395103419164
200,1000,"Source2_Only",0.718868720979316
200,1000,"Weighted",0.78387505276488
300,1000,"Target_Only",0.760998383910936
300,1000,"Source1_Only",0.711797450170587
300,1000,"Source2_Only",0.744478362363081
300,1000,"Weighted",0.79924582510325
100,100,"Target_Only",0.689170182841069
100,100,"Source1_Only",0.565400843881857
100,100,"Source2_Only",0.728551336146273
100,100,"Weighted",0.739803094233474
200,100,"Target_Only",0.805524449421426
200,100,"Source1_Only",0.669652855543113
200,100,"Source2_Only",0.772303098170959
200,100,"Weighted",0.821575214632325
300,100,"Target_Only",0.698504418762746
300,100,"Source1_Only",0.588715159755269
300,100,"Source2_Only",0.652787219578518
300,100,"Weighted",0.727566281441197
100,300,"Target_Only",0.729390681003584
100,300,"Source1_Only",0.716845878136201
100,300,"Source2_Only",0.774193548387097
100,300,"Weighted",0.810035842293907
200,300,"Target_Only",0.717712177121771
200,300,"Source1_Only",0.571217712177122
200,300,"Source2_Only",0.751291512915129
200,300,"Weighted",0.765313653136531
300,300,"Target_Only",0.749282124910266
300,300,"Source1_Only",0.66816223977028
300,300,"Source2_Only",0.702979181622398
300,300,"Weighted",0.770997846374731
100,500,"Target_Only",0.675282714054927
100,500,"Source1_Only",0.756058158319871
100,500,"Source2_Only",0.772213247172859
100,500,"Weighted",0.781906300484653
200,500,"Target_Only",0.76509511993383
200,500,"Source1_Only",0.722911497105045
200,500,"Source2_Only",0.805624483043838
200,500,"Weighted",0.827129859387924
300,500,"Target_Only",0.802501400037334
300,500,"Source1_Only",0.7078588762367
300,500,"Source2_Only",0.797647937278327
300,500,"Weighted",0.843569161844316
100,1000,"Target_Only",0.634965034965035
100,1000,"Source1_Only",0.566433566433566
100,1000,"Source2_Only",0.815384615384615
100,1000,"Weighted",0.746853146853147
200,1000,"Target_Only",0.694506310319228
200,1000,"Source1_Only",0.710096510764662
200,1000,"Source2_Only",0.803637713437268
200,1000,"Weighted",0.799183370452858
300,1000,"Target_Only",0.767682072829132
300,1000,"Source1_Only",0.685924369747899
300,1000,"Source2_Only",0.794117647058824
300,1000,"Weighted",0.815126050420168
100,100,"Target_Only",0.813813813813814
100,100,"Source1_Only",0.674174174174174
100,100,"Source2_Only",0.726726726726727
100,100,"Weighted",0.810810810810811
200,100,"Target_Only",0.753397282174261
200,100,"Source1_Only",0.625099920063949
200,100,"Source2_Only",0.773381294964029
200,100,"Weighted",0.80255795363709
300,100,"Target_Only",0.788209203474404
300,100,"Source1_Only",0.587876547773055
300,100,"Source2_Only",0.712252818333025
300,100,"Weighted",0.77065237479209
100,300,"Target_Only",0.702290076335878
100,300,"Source1_Only",0.662595419847328
100,300,"Source2_Only",0.804580152671756
100,300,"Weighted",0.803053435114504
200,300,"Target_Only",0.789237668161435
200,300,"Source1_Only",0.693436608234814
200,300,"Source2_Only",0.766816143497758
200,300,"Weighted",0.814920505503465
300,300,"Target_Only",0.737517580872011
300,300,"Source1_Only",0.67176511954993
300,300,"Source2_Only",0.700773558368495
300,300,"Weighted",0.758263009845288
100,500,"Target_Only",0.623636363636364
100,500,"Source1_Only",0.754545454545455
100,500,"Source2_Only",0.636363636363636
100,500,"Weighted",0.696363636363636
200,500,"Target_Only",0.74101046882112
200,500,"Source1_Only",0.655439235320892
200,500,"Source2_Only",0.747382794720073
200,500,"Weighted",0.787892580791989
300,500,"Target_Only",0.759796437659033
300,500,"Source1_Only",0.608142493638677
300,500,"Source2_Only",0.720949957591179
300,500,"Weighted",0.773706530958439
100,1000,"Target_Only",0.783703703703704
100,1000,"Source1_Only",0.700740740740741
100,1000,"Source2_Only",0.826666666666667
100,1000,"Weighted",0.862222222222222
200,1000,"Target_Only",0.751139151770067
200,1000,"Source1_Only",0.676480897301087
200,1000,"Source2_Only",0.732912723449001
200,1000,"Weighted",0.775324220119173
300,1000,"Target_Only",0.75564605701592
300,1000,"Source1_Only",0.65605331358756
300,1000,"Source2_Only",0.783598667160311
300,1000,"Weighted",0.800074046649389
100,100,"Target_Only",0.730994152046784
100,100,"Source1_Only",0.618421052631579
100,100,"Source2_Only",0.820175438596491
100,100,"Weighted",0.792397660818713
200,100,"Target_Only",0.758766859344894
200,100,"Source1_Only",0.616955684007707
200,100,"Source2_Only",0.755684007707129
200,100,"Weighted",0.804238921001927
300,100,"Target_Only",0.703552609212987
300,100,"Source1_Only",0.552269250382458
300,100,"Source2_Only",0.648478667346592
300,100,"Weighted",0.710521842597314
100,300,"Target_Only",0.663280116110305
100,300,"Source1_Only",0.709724238026125
100,300,"Source2_Only",0.737300435413643
100,300,"Weighted",0.821480406386067
200,300,"Target_Only",0.793450881612091
200,300,"Source1_Only",0.699832073887489
200,300,"Source2_Only",0.759026028547439
200,300,"Weighted",0.82031905961377
300,300,"Target_Only",0.756972111553785
300,300,"Source1_Only",0.685092961487384
300,300,"Source2_Only",0.752158034528552
300,300,"Weighted",0.809096945551129
100,500,"Target_Only",0.62708719851577
100,500,"Source1_Only",0.662337662337662
100,500,"Source2_Only",0.7569573283859
100,500,"Weighted",0.732838589981447
200,500,"Target_Only",0.722528638099279
200,500,"Source1_Only",0.689859991514637
200,500,"Source2_Only",0.788714467543488
200,500,"Weighted",0.791260076368265
300,500,"Target_Only",0.763243449990438
300,500,"Source1_Only",0.642952763434691
300,500,"Source2_Only",0.7598011091987
300,500,"Weighted",0.786001147446931
100,1000,"Target_Only",0.684090909090909
100,1000,"Source1_Only",0.754545454545455
100,1000,"Source2_Only",0.704545454545455
100,1000,"Weighted",0.754545454545455
200,1000,"Target_Only",0.816460587326121
200,1000,"Source1_Only",0.719860896445131
200,1000,"Source2_Only",0.821483771251932
200,1000,"Weighted",0.85355486862442
300,1000,"Target_Only",0.728184553660983
300,1000,"Source1_Only",0.679371447676362
300,1000,"Source2_Only",0.753928452022735
300,1000,"Weighted",0.780675359411568
100,100,"Target_Only",0.700647249190939
100,100,"Source1_Only",0.720064724919094
100,100,"Source2_Only",0.718446601941748
100,100,"Weighted",0.781553398058252
200,100,"Target_Only",0.761041009463722
200,100,"Source1_Only",0.719242902208202
200,100,"Source2_Only",0.698343848580442
200,100,"Weighted",0.792586750788643
300,100,"Target_Only",0.773325701202061
300,100,"Source1_Only",0.671627551993894
300,100,"Source2_Only",0.730013356229727
300,100,"Weighted",0.788971570311009
100,300,"Target_Only",0.638426626323752
100,300,"Source1_Only",0.605143721633888
100,300,"Source2_Only",0.736762481089259
100,300,"Weighted",0.721633888048411
200,300,"Target_Only",0.758994364976159
200,300,"Source1_Only",0.688339835283919
200,300,"Source2_Only",0.791070654529692
200,300,"Weighted",0.834850455136541
300,300,"Target_Only",0.724190187535518
300,300,"Source1_Only",0.640651638567911
300,300,"Source2_Only",0.737639704489487
300,300,"Weighted",0.765296457662436
100,500,"Target_Only",0.658692185007974
100,500,"Source1_Only",0.665071770334928
100,500,"Source2_Only",0.778309409888357
100,500,"Weighted",0.802232854864434
200,500,"Target_Only",0.7139146567718
200,500,"Source1_Only",0.604452690166976
200,500,"Source2_Only",0.767717996289425
200,500,"Weighted",0.774397031539889
300,500,"Target_Only",0.776168304880152
300,500,"Source1_Only",0.741162269356786
300,500,"Source2_Only",0.76754612864287
300,500,"Weighted",0.811174340403518
100,1000,"Target_Only",0.740402193784278
100,1000,"Source1_Only",0.703839122486289
100,1000,"Source2_Only",0.791590493601462
100,1000,"Weighted",0.835466179159049
200,1000,"Target_Only",0.726741922927209
200,1000,"Source1_Only",0.58699883223044
200,1000,"Source2_Only",0.749318801089918
200,1000,"Weighted",0.757103931490853
300,1000,"Target_Only",0.690467359050445
300,1000,"Source1_Only",0.681194362017804
300,1000,"Source2_Only",0.676372403560831
300,1000,"Weighted",0.728857566765579
100,100,"Target_Only",0.666666666666667
100,100,"Source1_Only",0.675925925925926
100,100,"Source2_Only",0.702160493827161
100,100,"Weighted",0.753086419753086
200,100,"Target_Only",0.736800317586344
200,100,"Source1_Only",0.710599444223898
200,100,"Source2_Only",0.661770543866614
200,100,"Weighted",0.761810242159587
300,100,"Target_Only",0.696844003606853
300,100,"Source1_Only",0.563570784490532
300,100,"Source2_Only",0.625788999098287
300,100,"Weighted",0.682777276825969
100,300,"Target_Only",0.713298791018998
100,300,"Source1_Only",0.626943005181347
100,300,"Source2_Only",0.782383419689119
100,300,"Weighted",0.796200345423143
200,300,"Target_Only",0.770958083832335
200,300,"Source1_Only",0.68001497005988
200,300,"Source2_Only",0.770209580838323
200,300,"Weighted",0.81062874251497
300,300,"Target_Only",0.736358820413209
300,300,"Source1_Only",0.650715168638531
300,300,"Source2_Only",0.725587144622991
300,300,"Weighted",0.782094296309377
100,500,"Target_Only",0.790732436472347
100,500,"Source1_Only",0.684603886397608
100,500,"Source2_Only",0.807174887892377
100,500,"Weighted",0.85949177877429
200,500,"Target_Only",0.695652173913043
200,500,"Source1_Only",0.628425283156741
200,500,"Source2_Only",0.725977347460723
200,500,"Weighted",0.760686883449032
300,500,"Target_Only",0.746203172460344
300,500,"Source1_Only",0.650185622679716
300,500,"Source2_Only",0.763415457306784
300,500,"Weighted",0.790583867701654
100,1000,"Target_Only",0.648312611012433
100,1000,"Source1_Only",0.680284191829485
100,1000,"Source2_Only",0.730017761989343
100,1000,"Weighted",0.746003552397869
200,1000,"Target_Only",0.824244657332351
200,1000,"Source1_Only",0.684966838614591
200,1000,"Source2_Only",0.815033161385409
200,1000,"Weighted",0.850036845983788
300,1000,"Target_Only",0.783081032947462
300,1000,"Source1_Only",0.698308103294746
300,1000,"Source2_Only",0.814959928762244
300,1000,"Weighted",0.837756010685663
100,100,"Target_Only",0.614262560777958
100,100,"Source1_Only",0.716369529983793
100,100,"Source2_Only",0.591572123176661
100,100,"Weighted",0.685575364667747
200,100,"Target_Only",0.743720565149137
200,100,"Source1_Only",0.625196232339089
200,100,"Source2_Only",0.761773940345369
200,100,"Weighted",0.792778649921507
300,100,"Target_Only",0.732998788717771
300,100,"Source1_Only",0.6130818480706
300,100,"Source2_Only",0.720366845474996
300,100,"Weighted",0.753763626925074
100,300,"Target_Only",0.768352365415987
100,300,"Source1_Only",0.690048939641109
100,300,"Source2_Only",0.750407830342577
100,300,"Weighted",0.828711256117455
200,300,"Target_Only",0.78698224852071
200,300,"Source1_Only",0.583431952662722
200,300,"Source2_Only",0.811834319526627
200,300,"Weighted",0.811834319526627
300,300,"Target_Only",0.744547729710404
300,300,"Source1_Only",0.655881301394351
300,300,"Source2_Only",0.735967107615302
300,300,"Weighted",0.775116195924205
100,500,"Target_Only",0.667161961367013
100,500,"Source1_Only",0.683506686478455
100,500,"Source2_Only",0.786032689450223
100,500,"Weighted",0.790490341753343
200,500,"Target_Only",0.779069767441861
200,500,"Source1_Only",0.687249398556536
200,500,"Source2_Only",0.731355252606255
200,500,"Weighted",0.805533279871692
300,500,"Target_Only",0.784221525600836
300,500,"Source1_Only",0.689481017067224
300,500,"Source2_Only",0.770289097875305
300,500,"Weighted",0.804249390456287
100,1000,"Target_Only",0.689822294022617
100,1000,"Source1_Only",0.683360258481422
100,1000,"Source2_Only",0.798061389337641
100,1000,"Weighted",0.781906300484653
200,1000,"Target_Only",0.751729159082636
200,1000,"Source1_Only",0.715325809974518
200,1000,"Source2_Only",0.805242082271569
200,1000,"Weighted",0.821623589370222
300,1000,"Target_Only",0.751305600576265
300,1000,"Source1_Only",0.709706464973888
300,1000,"Source2_Only",0.768773635872501
300,1000,"Weighted",0.807671528903296
100,100,"Target_Only",0.678018575851393
100,100,"Source1_Only",0.701238390092879
100,100,"Source2_Only",0.769349845201238
100,100,"Weighted",0.806501547987616
200,100,"Target_Only",0.728337236533958
200,100,"Source1_Only",0.569867291178767
200,100,"Source2_Only",0.699453551912568
200,100,"Weighted",0.755269320843091
300,100,"Target_Only",0.701066260472201
300,100,"Source1_Only",0.596534653465347
300,100,"Source2_Only",0.682787509520183
300,100,"Weighted",0.718583396801219
100,300,"Target_Only",0.711340206185567
100,300,"Source1_Only",0.579037800687285
100,300,"Source2_Only",0.855670103092784
100,300,"Weighted",0.807560137457045
200,300,"Target_Only",0.749109616145627
200,300,"Source1_Only",0.721408785120697
200,300,"Source2_Only",0.777601899485556
200,300,"Weighted",0.815591610605461
300,300,"Target_Only",0.805484925535779
300,300,"Source1_Only",0.653650563022158
300,300,"Source2_Only",0.780058118416273
300,300,"Weighted",0.830548492553578
100,500,"Target_Only",0.533751962323391
100,500,"Source1_Only",0.675039246467818
100,500,"Source2_Only",0.758241758241758
100,500,"Weighted",0.706436420722135
200,500,"Target_Only",0.689144736842105
200,500,"Source1_Only",0.738898026315789
200,500,"Source2_Only",0.736842105263158
200,500,"Weighted",0.770148026315789
300,500,"Target_Only",0.686203490286467
300,500,"Source1_Only",0.730819888047415
300,500,"Source2_Only",0.758314125782022
300,500,"Weighted",0.768027658873889
100,1000,"Target_Only",0.8
100,1000,"Source1_Only",0.701818181818182
100,1000,"Source2_Only",0.812727272727273
100,1000,"Weighted",0.841818181818182
200,1000,"Target_Only",0.723652453740949
200,1000,"Source1_Only",0.680611423974256
200,1000,"Source2_Only",0.736524537409493
200,1000,"Weighted",0.735317779565567
300,1000,"Target_Only",0.757147778160524
300,1000,"Source1_Only",0.701860144677919
300,1000,"Source2_Only",0.729245607991733
300,1000,"Weighted",0.777127109886324
100,100,"Target_Only",0.756289308176101
100,100,"Source1_Only",0.632075471698113
100,100,"Source2_Only",0.688679245283019
100,100,"Weighted",0.754716981132076
200,100,"Target_Only",0.824514655500571
200,100,"Source1_Only",0.72059383326989
200,100,"Source2_Only",0.756756756756757
200,100,"Weighted",0.838218500190331
300,100,"Target_Only",0.722861430715358
300,100,"Source1_Only",0.659496414874104
300,100,"Source2_Only",0.733533433383358
300,100,"Weighted",0.769384692346173
100,300,"Target_Only",0.790893760539629
100,300,"Source1_Only",0.767284991568297
100,300,"Source2_Only",0.822934232715008
100,300,"Weighted",0.843170320404722
200,300,"Target_Only",0.741209008297116
200,300,"Source1_Only",0.638482813117345
200,300,"Source2_Only",0.770446463848281
200,300,"Weighted",0.778743579612801
300,300,"Target_Only",0.725012770304785
300,300,"Source1_Only",0.662353141494977
300,300,"Source2_Only",0.731142516601396
300,300,"Weighted",0.773369657755832
100,500,"Target_Only",0.649706457925636
100,500,"Source1_Only",0.589041095890411
100,500,"Source2_Only",0.747553816046967
100,500,"Weighted",0.796477495107632
200,500,"Target_Only",0.717315850366371
200,500,"Source1_Only",0.706131893559584
200,500,"Source2_Only",0.725028924026224
200,500,"Weighted",0.771307365985345
300,500,"Target_Only",0.766391370301702
300,500,"Source1_Only",0.714478341479858
300,500,"Source2_Only",0.799595482892297
300,500,"Weighted",0.819147143097927
100,1000,"Target_Only",0.609865470852018
100,1000,"Source1_Only",0.617339312406577
100,1000,"Source2_Only",0.693572496263079
100,1000,"Weighted",0.693572496263079
200,1000,"Target_Only",0.798498617147373
200,1000,"Source1_Only",0.745555116554721
200,1000,"Source2_Only",0.800079020150138
200,1000,"Weighted",0.856183326748321
300,1000,"Target_Only",0.741252915694768
300,1000,"Source1_Only",0.625624791736088
300,1000,"Source2_Only",0.769160279906698
300,1000,"Weighted",0.775074975008331
100,100,"Target_Only",0.756838905775076
100,100,"Source1_Only",0.574468085106383
100,100,"Source2_Only",0.71580547112462
100,100,"Weighted",0.765957446808511
200,100,"Target_Only",0.719109461966605
200,100,"Source1_Only",0.651576994434137
200,100,"Source2_Only",0.687198515769944
200,100,"Weighted",0.732838589981447
300,100,"Target_Only",0.738630766704975
300,100,"Source1_Only",0.675586931538335
300,100,"Source2_Only",0.632080118207191
300,100,"Weighted",0.73469052700706
100,300,"Target_Only",0.717073170731707
100,300,"Source1_Only",0.695934959349593
100,300,"Source2_Only",0.739837398373984
100,300,"Weighted",0.757723577235772
200,300,"Target_Only",0.737515476681799
200,300,"Source1_Only",0.638464713165497
200,300,"Source2_Only",0.753198514238547
200,300,"Weighted",0.779612051176228
300,300,"Target_Only",0.771798704534131
300,300,"Source1_Only",0.633781763826607
300,300,"Source2_Only",0.778774289985052
300,300,"Weighted",0.796379338980236
100,500,"Target_Only",0.688059701492537
100,500,"Source1_Only",0.629850746268657
100,500,"Source2_Only",0.805970149253731
100,500,"Weighted",0.801492537313433
200,500,"Target_Only",0.754816773706082
200,500,"Source1_Only",0.749527767283717
200,500,"Source2_Only",0.752927842840952
200,500,"Weighted",0.816395919909331
300,500,"Target_Only",0.81531377899045
300,500,"Source1_Only",0.694918144611187
300,500,"Source2_Only",0.778819918144611
300,500,"Weighted",0.839870395634379
100,1000,"Target_Only",0.685667752442997
100,1000,"Source1_Only",0.644951140065147
100,1000,"Source2_Only",0.711726384364821
100,1000,"Weighted",0.744299674267101
200,1000,"Target_Only",0.724493423391397
200,1000,"Source1_Only",0.694987557767508
200,1000,"Source2_Only",0.73871311766797
200,1000,"Weighted",0.781016708140775
300,1000,"Target_Only",0.785199855959669
300,1000,"Source1_Only",0.70327691753691
300,1000,"Source2_Only",0.782319049333813
300,1000,"Weighted",0.823370543752251
100,100,"Target_Only",0.729773462783172
100,100,"Source1_Only",0.580906148867314
100,100,"Source2_Only",0.63915857605178
100,100,"Weighted",0.723300970873786
200,100,"Target_Only",0.720948616600791
200,100,"Source1_Only",0.642687747035573
200,100,"Source2_Only",0.688142292490119
200,100,"Weighted",0.753754940711462
300,100,"Target_Only",0.698989898989899
300,100,"Source1_Only",0.640771349862259
300,100,"Source2_Only",0.676767676767677
300,100,"Weighted",0.727823691460055
100,300,"Target_Only",0.756880733944954
100,300,"Source1_Only",0.695718654434251
100,300,"Source2_Only",0.802752293577982
100,300,"Weighted",0.831804281345566
200,300,"Target_Only",0.781459419210722
200,300,"Source1_Only",0.726731198808637
200,300,"Source2_Only",0.799329858525689
200,300,"Weighted",0.822040208488459
300,300,"Target_Only",0.752748242926653
300,300,"Source1_Only",0.642458100558659
300,300,"Source2_Only",0.769868444764823
300,300,"Weighted",0.800684808073527
100,500,"Target_Only",0.687142857142857
100,500,"Source1_Only",0.631428571428571
100,500,"Source2_Only",0.798571428571429
100,500,"Weighted",0.771428571428571
200,500,"Target_Only",0.740806223479491
200,500,"Source1_Only",0.691654879773692
200,500,"Source2_Only",0.765205091937765
200,500,"Weighted",0.812942008486563
300,500,"Target_Only",0.80332558555337
300,500,"Source1_Only",0.696942606829966
300,500,"Source2_Only",0.789021991775434
300,500,"Weighted",0.831575183264795
100,1000,"Target_Only",0.763385146804836
100,1000,"Source1_Only",0.761658031088083
100,1000,"Source2_Only",0.744386873920553
100,1000,"Weighted",0.820379965457686
200,1000,"Target_Only",0.749528479818936
200,1000,"Source1_Only",0.635609204073934
200,1000,"Source2_Only",0.758204451150509
200,1000,"Weighted",0.780460203696718
300,1000,"Target_Only",0.782718271827183
300,1000,"Source1_Only",0.715031503150315
300,1000,"Source2_Only",0.765076507650765
300,1000,"Weighted",0.81026102610261
100,100,"Target_Only",0.703651685393258
100,100,"Source1_Only",0.61376404494382
100,100,"Source2_Only",0.655898876404494
100,100,"Weighted",0.719101123595506
200,100,"Target_Only",0.795072788353863
200,100,"Source1_Only",0.735349010824935
200,100,"Source2_Only",0.709593131765584
200,100,"Weighted",0.796192609182531
300,100,"Target_Only",0.736161407139162
300,100,"Source1_Only",0.639248146232109
300,100,"Source2_Only",0.700293153992068
300,100,"Weighted",0.774961200206932
100,300,"Target_Only",0.616838487972509
100,300,"Source1_Only",0.611683848797251
100,300,"Source2_Only",0.793814432989691
100,300,"Weighted",0.783505154639175
200,300,"Target_Only",0.729246001523229
200,300,"Source1_Only",0.637852246763138
200,300,"Source2_Only",0.705635948210206
200,300,"Weighted",0.790936785986291
300,300,"Target_Only",0.740889212827988
300,300,"Source1_Only",0.644314868804665
300,300,"Source2_Only",0.715925655976676
300,300,"Weighted",0.771683673469388
100,500,"Target_Only",0.733736762481089
100,500,"Source1_Only",0.662632375189107
100,500,"Source2_Only",0.771558245083207
100,500,"Weighted",0.768532526475038
200,500,"Target_Only",0.698813624186759
200,500,"Source1_Only",0.652123995407577
200,500,"Source2_Only",0.746268656716418
200,500,"Weighted",0.76425564485266
300,500,"Target_Only",0.671048080249049
300,500,"Source1_Only",0.635420269802836
300,500,"Source2_Only",0.736423382912487
300,500,"Weighted",0.747838118298167
100,1000,"Target_Only",0.68030303030303
100,1000,"Source1_Only",0.701515151515152
100,1000,"Source2_Only",0.75
100,1000,"Weighted",0.756060606060606
200,1000,"Target_Only",0.733831775700935
200,1000,"Source1_Only",0.660934579439252
200,1000,"Source2_Only",0.76
200,1000,"Weighted",0.773831775700935
300,1000,"Target_Only",0.732980832782551
300,1000,"Source1_Only",0.625908790482485
300,1000,"Source2_Only",0.761070720423001
300,1000,"Weighted",0.776437541308658
100,100,"Target_Only",0.723905723905724
100,100,"Source1_Only",0.675084175084175
100,100,"Source2_Only",0.760942760942761
100,100,"Weighted",0.826599326599327
200,100,"Target_Only",0.666666666666667
200,100,"Source1_Only",0.650656814449918
200,100,"Source2_Only",0.723316912972085
200,100,"Weighted",0.736042692939245
300,100,"Target_Only",0.790905836018618
300,100,"Source1_Only",0.66953097028285
300,100,"Source2_Only",0.672932330827068
300,100,"Weighted",0.778016469745793
100,300,"Target_Only",0.777080062794348
100,300,"Source1_Only",0.673469387755102
100,300,"Source2_Only",0.824175824175824
100,300,"Weighted",0.874411302982732
200,300,"Target_Only",0.780086240689925
200,300,"Source1_Only",0.697373578988632
200,300,"Source2_Only",0.722853782830263
200,300,"Weighted",0.791062328498628
300,300,"Target_Only",0.814226394656075
300,300,"Source1_Only",0.709153276764759
300,300,"Source2_Only",0.775230185954143
300,300,"Weighted",0.82271168080881
100,500,"Target_Only",0.767628205128205
100,500,"Source1_Only",0.690705128205128
100,500,"Source2_Only",0.810897435897436
100,500,"Weighted",0.86698717948718
200,500,"Target_Only",0.73841059602649
200,500,"Source1_Only",0.666666666666667
200,500,"Source2_Only",0.742825607064018
200,500,"Weighted",0.771155261221486
300,500,"Target_Only",0.767086481947943
300,500,"Source1_Only",0.716204869857263
300,500,"Source2_Only",0.755499580184719
300,500,"Weighted",0.823341729638959
100,1000,"Target_Only",0.568306010928962
100,1000,"Source1_Only",0.61384335154827
100,1000,"Source2_Only",0.795992714025501
100,1000,"Weighted",0.744990892531876
200,1000,"Target_Only",0.681749622926094
200,1000,"Source1_Only",0.666666666666667
200,1000,"Source2_Only",0.76131221719457
200,1000,"Weighted",0.750754147812971
300,1000,"Target_Only",0.820464316423044
300,1000,"Source1_Only",0.734651762682717
300,1000,"Source2_Only",0.779707652622528
300,1000,"Weighted",0.853482373172829
100,100,"Target_Only",0.730973451327434
100,100,"Source1_Only",0.580530973451327
100,100,"Source2_Only",0.773451327433628
100,100,"Weighted",0.782300884955752
200,100,"Target_Only",0.737704918032787
200,100,"Source1_Only",0.623695976154993
200,100,"Source2_Only",0.688152011922504
200,100,"Weighted",0.754843517138599
300,100,"Target_Only",0.743455497382199
300,100,"Source1_Only",0.672076788830716
300,100,"Source2_Only",0.694938917975567
300,100,"Weighted",0.759860383944154
100,300,"Target_Only",0.738362760834671
100,300,"Source1_Only",0.789727126805779
100,300,"Source2_Only",0.768860353130016
100,300,"Weighted",0.818619582664527
200,300,"Target_Only",0.781897926634769
200,300,"Source1_Only",0.662679425837321
200,300,"Source2_Only",0.7396331738437
200,300,"Weighted",0.824162679425837
300,300,"Target_Only",0.776725550901475
300,300,"Source1_Only",0.616827535967948
300,300,"Source2_Only",0.778728828992898
300,300,"Weighted",0.804589327991258
100,500,"Target_Only",0.588410104011887
100,500,"Source1_Only",0.537890044576523
100,500,"Source2_Only",0.686478454680535
100,500,"Weighted",0.664190193164933
200,500,"Target_Only",0.750743099787686
200,500,"Source1_Only",0.727813163481953
200,500,"Source2_Only",0.771549893842888
200,500,"Weighted",0.791507430997877
300,500,"Target_Only",0.761119081779053
300,500,"Source1_Only",0.674856527977044
300,500,"Source2_Only",0.780846484935438
300,500,"Weighted",0.808285509325682
100,1000,"Target_Only",0.718934911242604
100,1000,"Source1_Only",0.687869822485207
100,1000,"Source2_Only",0.71301775147929
100,1000,"Weighted",0.730769230769231
200,1000,"Target_Only",0.738008867392181
200,1000,"Source1_Only",0.707779121322048
200,1000,"Source2_Only",0.771463119709794
200,1000,"Weighted",0.805320435308343
300,1000,"Target_Only",0.766827752847774
300,1000,"Source1_Only",0.646876078702106
300,1000,"Source2_Only",0.769589230238177
300,1000,"Weighted",0.801691404901622
100,100,"Target_Only",0.672281776416539
100,100,"Source1_Only",0.595712098009188
100,100,"Source2_Only",0.725880551301684
100,100,"Weighted",0.718223583460949
200,100,"Target_Only",0.743140243902439
200,100,"Source1_Only",0.555640243902439
200,100,"Source2_Only",0.715701219512195
200,100,"Weighted",0.768292682926829
300,100,"Target_Only",0.771526772793053
300,100,"Source1_Only",0.640918958031838
300,100,"Source2_Only",0.698986975397974
300,100,"Weighted",0.765738060781476
100,300,"Target_Only",0.696284329563813
100,300,"Source1_Only",0.697899838449112
100,300,"Source2_Only",0.75767366720517
100,300,"Weighted",0.788368336025848
200,300,"Target_Only",0.717478930010993
200,300,"Source1_Only",0.655917918651521
200,300,"Source2_Only",0.698790765848296
200,300,"Weighted",0.751923781604984
300,300,"Target_Only",0.742687159147248
300,300,"Source1_Only",0.610147083126756
300,300,"Source2_Only",0.797223599405057
300,300,"Weighted",0.796232027764006
100,500,"Target_Only",0.741058655221745
100,500,"Source1_Only",0.663805436337625
100,500,"Source2_Only",0.703862660944206
100,500,"Weighted",0.766809728183119
200,500,"Target_Only",0.732773697096887
200,500,"Source1_Only",0.679608254634488
200,500,"Source2_Only",0.743966421825813
200,500,"Weighted",0.767051416579223
300,500,"Target_Only",0.768811881188119
300,500,"Source1_Only",0.675907590759076
300,500,"Source2_Only",0.766501650165016
300,500,"Weighted",0.805445544554455
100,1000,"Target_Only",0.680445151033386
100,1000,"Source1_Only",0.759936406995231
100,1000,"Source2_Only",0.855325914149444
100,1000,"Weighted",0.83147853736089
200,1000,"Target_Only",0.751605995717345
200,1000,"Source1_Only",0.690935046395432
200,1000,"Source2_Only",0.721270521056388
200,1000,"Weighted",0.795503211991435
300,1000,"Target_Only",0.748764274757116
300,1000,"Source1_Only",0.70393727629112
300,1000,"Source2_Only",0.738708027952957
300,1000,"Weighted",0.77978523947503
100,100,"Target_Only",0.678821879382889
100,100,"Source1_Only",0.643758765778401
100,100,"Source2_Only",0.61851332398317
100,100,"Weighted",0.684431977559607
200,100,"Target_Only",0.692644135188867
200,100,"Source1_Only",0.601192842942346
200,100,"Source2_Only",0.710536779324056
200,100,"Weighted",0.75427435387674
300,100,"Target_Only",0.804267161410019
300,100,"Source1_Only",0.709276437847866
300,100,"Source2_Only",0.66456400742115
300,100,"Weighted",0.803153988868275
100,300,"Target_Only",0.745551601423488
100,300,"Source1_Only",0.567615658362989
100,300,"Source2_Only",0.749110320284697
100,300,"Weighted",0.775800711743772
200,300,"Target_Only",0.774493927125506
200,300,"Source1_Only",0.708097165991903
200,300,"Source2_Only",0.772064777327935
200,300,"Weighted",0.807287449392713
300,300,"Target_Only",0.756176154672395
300,300,"Source1_Only",0.677944862155389
300,300,"Source2_Only",0.736126029359112
300,300,"Weighted",0.781596849266022
100,500,"Target_Only",0.739457831325301
100,500,"Source1_Only",0.655120481927711
100,500,"Source2_Only",0.801204819277108
100,500,"Weighted",0.816265060240964
200,500,"Target_Only",0.726156365124846
200,500,"Source1_Only",0.596807204257061
200,500,"Source2_Only",0.767498976668031
200,500,"Weighted",0.771592304543594
300,500,"Target_Only",0.844751108920651
300,500,"Source1_Only",0.684737966157385
300,500,"Source2_Only",0.798587152948907
300,500,"Weighted",0.852801051421061
100,1000,"Target_Only",0.738461538461539
100,1000,"Source1_Only",0.706153846153846
100,1000,"Source2_Only",0.775384615384615
100,1000,"Weighted",0.82
200,1000,"Target_Only",0.736639753940792
200,1000,"Source1_Only",0.671280276816609
200,1000,"Source2_Only",0.800076893502499
200,1000,"Weighted",0.816993464052288
300,1000,"Target_Only",0.741897955791923
300,1000,"Source1_Only",0.671597141432608
300,1000,"Source2_Only",0.73009805550939
300,1000,"Weighted",0.776300481967758
100,100,"Target_Only",0.641791044776119
100,100,"Source1_Only",0.651741293532338
100,100,"Source2_Only",0.729684908789386
100,100,"Weighted",0.749585406301824
200,100,"Target_Only",0.801393728222997
200,100,"Source1_Only",0.619337979094077
200,100,"Source2_Only",0.73301393728223
200,100,"Weighted",0.81794425087108
300,100,"Target_Only",0.728032758914861
300,100,"Source1_Only",0.672240232042314
300,100,"Source2_Only",0.699368708411534
300,100,"Weighted",0.770175737928681
100,300,"Target_Only",0.8144
100,300,"Source1_Only",0.7376
100,300,"Source2_Only",0.7408
100,300,"Weighted",0.8224
200,300,"Target_Only",0.629298794104511
200,300,"Source1_Only",0.571237159446181
200,300,"Source2_Only",0.618579723090665
200,300,"Weighted",0.664582402858419
300,300,"Target_Only",0.756645203896318
300,300,"Source1_Only",0.641901931649331
300,300,"Source2_Only",0.767706785537395
300,300,"Weighted",0.787518573551263
100,500,"Target_Only",0.689003436426117
100,500,"Source1_Only",0.604810996563574
100,500,"Source2_Only",0.743986254295533
100,500,"Weighted",0.788659793814433
200,500,"Target_Only",0.724708537044002
200,500,"Source1_Only",0.649492290334712
200,500,"Source2_Only",0.735990974050395
200,500,"Weighted",0.766453553967657
300,500,"Target_Only",0.751196172248804
300,500,"Source1_Only",0.72282980177717
300,500,"Source2_Only",0.776486671223513
300,500,"Weighted",0.828947368421053
100,1000,"Target_Only",0.631294964028777
100,1000,"Source1_Only",0.607913669064748
100,1000,"Source2_Only",0.764388489208633
100,1000,"Weighted",0.741007194244604
200,1000,"Target_Only",0.677311548458968
200,1000,"Source1_Only",0.646490902339398
200,1000,"Source2_Only",0.746379502413665
200,1000,"Weighted",0.733382844411437
300,1000,"Target_Only",0.761257121852601
300,1000,"Source1_Only",0.663297188016909
300,1000,"Source2_Only",0.773203455247197
300,1000,"Weighted",0.785884947619923
100,100,"Target_Only",0.740131578947368
100,100,"Source1_Only",0.536184210526316
100,100,"Source2_Only",0.722039473684211
100,100,"Weighted",0.758223684210526
200,100,"Target_Only",0.673601147776184
200,100,"Source1_Only",0.606527977044476
200,100,"Source2_Only",0.638091822094692
200,100,"Weighted",0.70480631276901
300,100,"Target_Only",0.784807798418245
300,100,"Source1_Only",0.657899576972595
300,100,"Source2_Only",0.72080191281957
300,100,"Weighted",0.792348721721538
100,300,"Target_Only",0.508148148148148
100,300,"Source1_Only",0.665185185185185
100,300,"Source2_Only",0.665185185185185
100,300,"Weighted",0.681481481481481
200,300,"Target_Only",0.751699320271891
200,300,"Source1_Only",0.59656137544982
200,300,"Source2_Only",0.795681727309076
200,300,"Weighted",0.790483806477409
300,300,"Target_Only",0.740866035182679
300,300,"Source1_Only",0.668978349120433
300,300,"Source2_Only",0.723951285520974
300,300,"Weighted",0.774695534506089
100,500,"Target_Only",0.69983416252073
100,500,"Source1_Only",0.658374792703151
100,500,"Source2_Only",0.809286898839138
100,500,"Weighted",0.769485903814262
200,500,"Target_Only",0.673333333333333
200,500,"Source1_Only",0.645098039215686
200,500,"Source2_Only",0.705098039215686
200,500,"Weighted",0.727843137254902
300,500,"Target_Only",0.746600951733515
300,500,"Source1_Only",0.67199184228416
300,500,"Source2_Only",0.750679809653297
300,500,"Weighted",0.77906186267845
100,1000,"Target_Only",0.764516129032258
100,1000,"Source1_Only",0.746774193548387
100,1000,"Source2_Only",0.796774193548387
100,1000,"Weighted",0.838709677419355
200,1000,"Target_Only",0.759008136381248
200,1000,"Source1_Only",0.756683456024797
200,1000,"Source2_Only",0.77721813250678
200,1000,"Weighted",0.804339403332042
300,1000,"Target_Only",0.771697163001511
300,1000,"Source1_Only",0.722511331206983
300,1000,"Source2_Only",0.759610542219238
300,1000,"Weighted",0.811818029209334
100,100,"Target_Only",0.823909531502423
100,100,"Source1_Only",0.807754442649435
100,100,"Source2_Only",0.691437802907916
100,100,"Weighted",0.809369951534733
200,100,"Target_Only",0.779302234417875
200,100,"Source1_Only",0.560956487651901
200,100,"Source2_Only",0.724421795374363
200,100,"Weighted",0.789102312818503
300,100,"Target_Only",0.750304294905234
300,100,"Source1_Only",0.600069553121196
300,100,"Source2_Only",0.728742827334377
300,100,"Weighted",0.771344114067119
100,300,"Target_Only",0.688206785137318
100,300,"Source1_Only",0.592891760904685
100,300,"Source2_Only",0.78513731825525
100,300,"Weighted",0.768982229402262
200,300,"Target_Only",0.641961651917404
200,300,"Source1_Only",0.59882005899705
200,300,"Source2_Only",0.691371681415929
200,300,"Weighted",0.706858407079646
300,300,"Target_Only",0.736475908853714
300,300,"Source1_Only",0.629500782744825
300,300,"Source2_Only",0.785180031309793
300,300,"Weighted",0.786049747782223
100,500,"Target_Only",0.759112519809826
100,500,"Source1_Only",0.656101426307448
100,500,"Source2_Only",0.779714738510301
100,500,"Weighted",0.792393026941363
200,500,"Target_Only",0.683121597096189
200,500,"Source1_Only",0.697277676950998
200,500,"Source2_Only",0.714337568058076
200,500,"Weighted",0.744464609800363
300,500,"Target_Only",0.770588235294118
300,500,"Source1_Only",0.609411764705882
300,500,"Source2_Only",0.778151260504202
300,500,"Weighted",0.794957983193277
100,1000,"Target_Only",0.70381679389313
100,1000,"Source1_Only",0.844274809160305
100,1000,"Source2_Only",0.818320610687023
100,1000,"Weighted",0.829007633587786
200,1000,"Target_Only",0.72712215320911
200,1000,"Source1_Only",0.779710144927536
200,1000,"Source2_Only",0.756521739130435
200,1000,"Weighted",0.81656314699793
300,1000,"Target_Only",0.756751857893783
300,1000,"Source1_Only",0.695486677542142
300,1000,"Source2_Only",0.73826354903027
300,1000,"Weighted",0.798259923871669
100,100,"Target_Only",0.594080338266385
100,100,"Source1_Only",0.579281183932347
100,100,"Source2_Only",0.58985200845666
100,100,"Weighted",0.619450317124736
200,100,"Target_Only",0.723261032161556
200,100,"Source1_Only",0.605833956619297
200,100,"Source2_Only",0.715407629020195
200,100,"Weighted",0.759910246821242
300,100,"Target_Only",0.715227311137401
300,100,"Source1_Only",0.610106472874768
300,100,"Source2_Only",0.709312151428089
300,100,"Weighted",0.734662835896569
100,300,"Target_Only",0.71858407079646
100,300,"Source1_Only",0.72212389380531
100,300,"Source2_Only",0.692035398230089
100,300,"Weighted",0.752212389380531
200,300,"Target_Only",0.69524236983842
200,300,"Source1_Only",0.632854578096948
200,300,"Source2_Only",0.751795332136445
200,300,"Weighted",0.769299820466786
300,300,"Target_Only",0.776862283504288
300,300,"Source1_Only",0.669581301496553
300,300,"Source2_Only",0.766436858920464
300,300,"Weighted",0.79603161257777
100,500,"Target_Only",0.746243739565943
100,500,"Source1_Only",0.6110183639399
100,500,"Source2_Only",0.739565943238731
100,500,"Weighted",0.81636060100167
200,500,"Target_Only",0.736861584011843
200,500,"Source1_Only",0.738341968911917
200,500,"Source2_Only",0.788675055514434
200,500,"Weighted",0.814211695040711
300,500,"Target_Only",0.772484952708512
300,500,"Source1_Only",0.637833190025795
300,500,"Source2_Only",0.761994840928633
300,500,"Weighted",0.786242476354256
100,1000,"Target_Only",0.561111111111111
100,1000,"Source1_Only",0.569444444444444
100,1000,"Source2_Only",0.755555555555556
100,1000,"Weighted",0.655555555555556
200,1000,"Target_Only",0.735863377609108
200,1000,"Source1_Only",0.699051233396584
200,1000,"Source2_Only",0.76584440227704
200,1000,"Weighted",0.778747628083492
300,1000,"Target_Only",0.788929760028026
300,1000,"Source1_Only",0.736381152566124
300,1000,"Source2_Only",0.797687861271676
300,1000,"Weighted",0.816780521982834
100,100,"Target_Only",0.721854304635762
100,100,"Source1_Only",0.587748344370861
100,100,"Source2_Only",0.740066225165563
100,100,"Weighted",0.778145695364238
200,100,"Target_Only",0.673067915690867
200,100,"Source1_Only",0.637939110070258
200,100,"Source2_Only",0.647306791569087
200,100,"Weighted",0.690866510538642
300,100,"Target_Only",0.768001469507715
300,100,"Source1_Only",0.672299779573843
300,100,"Source2_Only",0.711425422483468
300,100,"Weighted",0.790411462160176
100,300,"Target_Only",0.685325264750378
100,300,"Source1_Only",0.708018154311649
100,300,"Source2_Only",0.680786686838124
100,300,"Weighted",0.721633888048411
200,300,"Target_Only",0.751067961165049
200,300,"Source1_Only",0.601165048543689
200,300,"Source2_Only",0.772427184466019
200,300,"Weighted",0.794563106796117
300,300,"Target_Only",0.751693766937669
300,300,"Source1_Only",0.670392953929539
300,300,"Source2_Only",0.777269647696477
300,300,"Weighted",0.80640243902439
100,500,"Target_Only",0.599702380952381
100,500,"Source1_Only",0.543154761904762
100,500,"Source2_Only",0.578869047619048
100,500,"Weighted",0.675595238095238
200,500,"Target_Only",0.747261050245561
200,500,"Source1_Only",0.65130336229694
200,500,"Source2_Only",0.748016622591613
200,500,"Weighted",0.795239894219872
300,500,"Target_Only",0.785391943840883
300,500,"Source1_Only",0.662376734079893
300,500,"Source2_Only",0.757813805783052
300,500,"Weighted",0.818485709510279
100,1000,"Target_Only",0.605873261205564
100,1000,"Source1_Only",0.653786707882535
100,1000,"Source2_Only",0.741885625965997
100,1000,"Weighted",0.715610510046368
200,1000,"Target_Only",0.747744360902256
200,1000,"Source1_Only",0.665037593984962
200,1000,"Source2_Only",0.786842105263158
200,1000,"Weighted",0.81390977443609
300,1000,"Target_Only",0.729048843187661
300,1000,"Source1_Only",0.695801199657241
300,1000,"Source2_Only",0.740017137960583
300,1000,"Weighted",0.772579263067695
100,100,"Target_Only",0.688715953307393
100,100,"Source1_Only",0.56420233463035
100,100,"Source2_Only",0.715953307392996
100,100,"Weighted",0.733463035019455
200,100,"Target_Only",0.707053941908714
200,100,"Source1_Only",0.614522821576764
200,100,"Source2_Only",0.621576763485477
200,100,"Weighted",0.700414937759336
300,100,"Target_Only",0.750228393933857
300,100,"Source1_Only",0.584505755527133
300,100,"Source2_Only",0.661794262744382
300,100,"Weighted",0.73780376393203
100,300,"Target_Only",0.652823920265781
100,300,"Source1_Only",0.669435215946844
100,300,"Source2_Only",0.712624584717608
100,300,"Weighted",0.724252491694352
200,300,"Target_Only",0.777689873417722
200,300,"Source1_Only",0.668512658227848
200,300,"Source2_Only",0.808939873417722
200,300,"Weighted",0.815664556962025
300,300,"Target_Only",0.779208998548621
300,300,"Source1_Only",0.65711175616836
300,300,"Source2_Only",0.748730043541364
300,300,"Weighted",0.807510885341074
100,500,"Target_Only",0.696864111498258
100,500,"Source1_Only",0.679442508710801
100,500,"Source2_Only",0.712543554006969
100,500,"Weighted",0.782229965156794
200,500,"Target_Only",0.759837177747625
200,500,"Source1_Only",0.693351424694708
200,500,"Source2_Only",0.781546811397558
200,500,"Weighted",0.800090456806875
300,500,"Target_Only",0.748763250883392
300,500,"Source1_Only",0.631625441696113
300,500,"Source2_Only",0.750883392226148
300,500,"Weighted",0.796113074204947
100,1000,"Target_Only",0.576864535768645
100,1000,"Source1_Only",0.675799086757991
100,1000,"Source2_Only",0.815829528158295
100,1000,"Weighted",0.69558599695586
200,1000,"Target_Only",0.695971978984238
200,1000,"Source1_Only",0.604903677758319
200,1000,"Source2_Only",0.752714535901926
200,1000,"Weighted",0.759369527145359
300,1000,"Target_Only",0.781319622964867
300,1000,"Source1_Only",0.706769494430163
300,1000,"Source2_Only",0.767952013710368
300,1000,"Weighted",0.808568980291345
100,100,"Target_Only",0.617511520737327
100,100,"Source1_Only",0.625192012288787
100,100,"Source2_Only",0.701996927803379
100,100,"Weighted",0.662058371735791
200,100,"Target_Only",0.748927875243665
200,100,"Source1_Only",0.674463937621832
200,100,"Source2_Only",0.702534113060429
200,100,"Weighted",0.787134502923977
300,100,"Target_Only",0.77275127618377
300,100,"Source1_Only",0.651469811652878
300,100,"Source2_Only",0.733145572962507
300,100,"Weighted",0.790353810948777
100,300,"Target_Only",0.682269503546099
100,300,"Source1_Only",0.709219858156028
100,300,"Source2_Only",0.695035460992908
100,300,"Weighted",0.780141843971631
200,300,"Target_Only",0.649285438393202
200,300,"Source1_Only",0.639629200463499
200,300,"Source2_Only",0.640787949015064
200,300,"Weighted",0.674391657010429
300,300,"Target_Only",0.70125658694771
300,300,"Source1_Only",0.701661937576003
300,300,"Source2_Only",0.681597081475476
300,300,"Weighted",0.753749493311715
100,500,"Target_Only",0.612521150592217
100,500,"Source1_Only",0.763113367174281
100,500,"Source2_Only",0.61590524534687
100,500,"Weighted",0.692047377326565
200,500,"Target_Only",0.713507625272331
200,500,"Source1_Only",0.753086419753086
200,500,"Source2_Only",0.757080610021787
200,500,"Weighted",0.782861292665214
300,500,"Target_Only",0.709195202503042
300,500,"Source1_Only",0.640535372848948
300,500,"Source2_Only",0.77020684860073
300,500,"Weighted",0.787589083956197
100,1000,"Target_Only",0.6779324055666
100,1000,"Source1_Only",0.72962226640159
100,1000,"Source2_Only",0.771371769383698
100,1000,"Weighted",0.815109343936382
200,1000,"Target_Only",0.641357027463651
200,1000,"Source1_Only",0.680129240710824
200,1000,"Source2_Only",0.72092084006462
200,1000,"Weighted",0.718497576736672
300,1000,"Target_Only",0.71587982832618
300,1000,"Source1_Only",0.610815450643777
300,1000,"Source2_Only",0.753648068669528
300,1000,"Weighted",0.759828326180258
100,100,"Target_Only",0.792703150912106
100,100,"Source1_Only",0.716417910447761
100,100,"Source2_Only",0.72636815920398
100,100,"Weighted",0.796019900497512
200,100,"Target_Only",0.722014148980441
200,100,"Source1_Only",0.638368705784436
200,100,"Source2_Only",0.706616729088639
200,100,"Weighted",0.734498543487307
300,100,"Target_Only",0.761962552011096
300,100,"Source1_Only",0.68880027739251
300,100,"Source2_Only",0.717926490984743
300,100,"Weighted",0.792649098474341
100,300,"Target_Only",0.754276827371695
100,300,"Source1_Only",0.67651632970451
100,300,"Source2_Only",0.723172628304821
100,300,"Weighted",0.816485225505443
200,300,"Target_Only",0.705836575875486
200,300,"Source1_Only",0.692217898832685
200,300,"Source2_Only",0.700778210116731
200,300,"Weighted",0.74591439688716
300,300,"Target_Only",0.738602391629297
300,300,"Source1_Only",0.644805680119582
300,300,"Source2_Only",0.691330343796712
300,300,"Weighted",0.757660687593423
100,500,"Target_Only",0.658914728682171
100,500,"Source1_Only",0.711627906976744
100,500,"Source2_Only",0.862015503875969
100,500,"Weighted",0.82015503875969
200,500,"Target_Only",0.708169677926159
200,500,"Source1_Only",0.701885310290652
200,500,"Source2_Only",0.79693637077769
200,500,"Weighted",0.79222309505106
300,500,"Target_Only",0.747458183010823
300,500,"Source1_Only",0.720400131190554
300,500,"Source2_Only",0.743850442768121
300,500,"Weighted",0.794194817973106
100,1000,"Target_Only",0.772652388797364
100,1000,"Source1_Only",0.634266886326194
100,1000,"Source2_Only",0.774299835255354
100,1000,"Weighted",0.807248764415156
200,1000,"Target_Only",0.739167374681393
200,1000,"Source1_Only",0.674171622769754
200,1000,"Source2_Only",0.757434154630416
200,1000,"Weighted",0.80161427357689
300,1000,"Target_Only",0.767918676774638
300,1000,"Source1_Only",0.640420399724328
300,1000,"Source2_Only",0.785665058580289
300,1000,"Weighted",0.799620951068229
100,100,"Target_Only",0.804651162790698
100,100,"Source1_Only",0.53953488372093
100,100,"Source2_Only",0.742635658914729
100,100,"Weighted",0.798449612403101
200,100,"Target_Only",0.77593984962406
200,100,"Source1_Only",0.520300751879699
200,100,"Source2_Only",0.731578947368421
200,100,"Weighted",0.780827067669173
300,100,"Target_Only",0.74924898391942
300,100,"Source1_Only",0.643223184308182
300,100,"Source2_Only",0.715497437709843
300,100,"Weighted",0.766566531189256
100,300,"Target_Only",0.759554140127389
100,300,"Source1_Only",0.79140127388535
100,300,"Source2_Only",0.764331210191083
100,300,"Weighted",0.845541401273885
200,300,"Target_Only",0.77986906710311
200,300,"Source1_Only",0.677168576104746
200,300,"Source2_Only",0.757774140752864
200,300,"Weighted",0.824877250409165
300,300,"Target_Only",0.838786234955077
300,300,"Source1_Only",0.722325817935243
300,300,"Source2_Only",0.790981522291914
300,300,"Weighted",0.85438209866079
100,500,"Target_Only",0.685092127303183
100,500,"Source1_Only",0.721943048576214
100,500,"Source2_Only",0.76214405360134
100,500,"Weighted",0.800670016750419
200,500,"Target_Only",0.772617124394184
200,500,"Source1_Only",0.711631663974152
200,500,"Source2_Only",0.766962843295638
200,500,"Weighted",0.819063004846527
300,500,"Target_Only",0.800666199158485
300,500,"Source1_Only",0.67671809256662
300,500,"Source2_Only",0.779277699859747
300,500,"Weighted",0.808730715287518
100,1000,"Target_Only",0.750798722044728
100,1000,"Source1_Only",0.746006389776358
100,1000,"Source2_Only",0.741214057507987
100,1000,"Weighted",0.782747603833866
200,1000,"Target_Only",0.765830346475508
200,1000,"Source1_Only",0.726802070888092
200,1000,"Source2_Only",0.686977299880526
200,1000,"Weighted",0.767025089605735
300,1000,"Target_Only",0.739033201445037
300,1000,"Source1_Only",0.630655427490108
300,1000,"Source2_Only",0.762601066574918
300,1000,"Weighted",0.797350765525546
100,100,"Target_Only",0.571428571428571
100,100,"Source1_Only",0.640394088669951
100,100,"Source2_Only",0.766830870279146
100,100,"Weighted",0.692939244663383
200,100,"Target_Only",0.754266211604096
200,100,"Source1_Only",0.592339780053091
200,100,"Source2_Only",0.641638225255973
200,100,"Weighted",0.755783086841107
300,100,"Target_Only",0.77063550036523
300,100,"Source1_Only",0.607925493060628
300,100,"Source2_Only",0.710007304601899
300,100,"Weighted",0.783783783783784
100,300,"Target_Only",0.724962630792227
100,300,"Source1_Only",0.585949177877429
100,300,"Source2_Only",0.693572496263079
100,300,"Weighted",0.73542600896861
200,300,"Target_Only",0.732769044740024
200,300,"Source1_Only",0.705763804917372
200,300,"Source2_Only",0.73559048770657
200,300,"Weighted",0.79322853688029
300,300,"Target_Only",0.782699322563835
300,300,"Source1_Only",0.633489664755949
300,300,"Source2_Only",0.748306409588327
300,300,"Weighted",0.799895779051589
100,500,"Target_Only",0.712898751733703
100,500,"Source1_Only",0.715672676837725
100,500,"Source2_Only",0.646324549237171
100,500,"Weighted",0.754507628294036
200,500,"Target_Only",0.729938271604938
200,500,"Source1_Only",0.701774691358025
200,500,"Source2_Only",0.74266975308642
200,500,"Weighted",0.787422839506173
300,500,"Target_Only",0.740668360367403
300,500,"Source1_Only",0.6593707250342
300,500,"Source2_Only",0.72562048075044
300,500,"Weighted",0.782489740082079
100,1000,"Target_Only",0.739382239382239
100,1000,"Source1_Only",0.708494208494209
100,1000,"Source2_Only",0.78957528957529
100,1000,"Weighted",0.795366795366795
200,1000,"Target_Only",0.705263157894737
200,1000,"Source1_Only",0.691497975708502
200,1000,"Source2_Only",0.751012145748988
200,1000,"Weighted",0.759514170040486
300,1000,"Target_Only",0.742156509195817
300,1000,"Source1_Only",0.681752614496935
300,1000,"Source2_Only",0.766498377208799
300,1000,"Weighted",0.771907681211684
100,100,"Target_Only",0.645412130637636
100,100,"Source1_Only",0.556765163297045
100,100,"Source2_Only",0.665629860031104
100,100,"Weighted",0.690513219284603
200,100,"Target_Only",0.76144578313253
200,100,"Source1_Only",0.620481927710843
200,100,"Source2_Only",0.679919678714859
200,100,"Weighted",0.753012048192771
300,100,"Target_Only",0.741391304347826
300,100,"Source1_Only",0.641913043478261
300,100,"Source2_Only",0.726782608695652
300,100,"Weighted",0.778608695652174
100,300,"Target_Only",0.6703125
100,300,"Source1_Only",0.725
100,300,"Source2_Only",0.7671875
100,300,"Weighted",0.7765625
200,300,"Target_Only",0.743165190604544
200,300,"Source1_Only",0.654216403542549
200,300,"Source2_Only",0.70542934154794
200,300,"Weighted",0.76742395071236
300,300,"Target_Only",0.769404410487932
300,300,"Source1_Only",0.705330786594895
300,300,"Source2_Only",0.73589164785553
300,300,"Weighted",0.809168258378191
100,500,"Target_Only",0.662222222222222
100,500,"Source1_Only",0.583703703703704
100,500,"Source2_Only",0.708148148148148
100,500,"Weighted",0.722962962962963
200,500,"Target_Only",0.766666666666667
200,500,"Source1_Only",0.70727969348659
200,500,"Source2_Only",0.721455938697318
200,500,"Weighted",0.789655172413793
300,500,"Target_Only",0.734683370516561
300,500,"Source1_Only",0.724729706538528
300,500,"Source2_Only",0.712716663806418
300,500,"Weighted",0.777243864767462
100,1000,"Target_Only",0.751633986928105
100,1000,"Source1_Only",0.609477124183007
100,1000,"Source2_Only",0.797385620915033
100,1000,"Weighted",0.805555555555556
200,1000,"Target_Only",0.716640502354788
200,1000,"Source1_Only",0.725274725274725
200,1000,"Source2_Only",0.73861852433281
200,1000,"Weighted",0.788461538461538
300,1000,"Target_Only",0.774589424291644
300,1000,"Source1_Only",0.698068940624436
300,1000,"Source2_Only",0.757624977440895
300,1000,"Weighted",0.809240209348493
100,100,"Target_Only",0.626453488372093
100,100,"Source1_Only",0.646802325581395
100,100,"Source2_Only",0.777616279069767
100,100,"Weighted",0.716569767441861
200,100,"Target_Only",0.732329084588644
200,100,"Source1_Only",0.614522981846273
200,100,"Source2_Only",0.729625337968328
200,100,"Weighted",0.765546543066821
300,100,"Target_Only",0.769136451217376
300,100,"Source1_Only",0.692240322298126
300,100,"Source2_Only",0.69188999824838
300,100,"Weighted",0.775967770187423
100,300,"Target_Only",0.697108066971081
100,300,"Source1_Only",0.570776255707763
100,300,"Source2_Only",0.742770167427702
100,300,"Weighted",0.786910197869102
200,300,"Target_Only",0.772388059701492
200,300,"Source1_Only",0.716003316749585
200,300,"Source2_Only",0.793532338308458
200,300,"Weighted",0.813432835820896
300,300,"Target_Only",0.779749478079332
300,300,"Source1_Only",0.595163535142658
300,300,"Source2_Only",0.754349338900487
300,300,"Weighted",0.795233124565066
100,500,"Target_Only",0.66962962962963
100,500,"Source1_Only",0.703703703703704
100,500,"Source2_Only",0.786666666666667
100,500,"Weighted",0.792592592592593
200,500,"Target_Only",0.708901363271852
200,500,"Source1_Only",0.704891740176423
200,500,"Source2_Only",0.781876503608661
200,500,"Weighted",0.812349639133921
300,500,"Target_Only",0.751932410569836
300,500,"Source1_Only",0.657199352867158
300,500,"Source2_Only",0.700161783210498
300,500,"Weighted",0.768290490742405
100,1000,"Target_Only",0.685099846390169
100,1000,"Source1_Only",0.697388632872504
100,1000,"Source2_Only",0.741935483870968
100,1000,"Weighted",0.76036866359447
200,1000,"Target_Only",0.722179585571757
200,1000,"Source1_Only",0.661933998465081
200,1000,"Source2_Only",0.778204144282425
200,1000,"Weighted",0.7831926323868
300,1000,"Target_Only",0.771428571428571
300,1000,"Source1_Only",0.72108843537415
300,1000,"Source2_Only",0.764115646258503
300,1000,"Weighted",0.822448979591837
100,100,"Target_Only",0.710144927536232
100,100,"Source1_Only",0.669887278582931
100,100,"Source2_Only",0.801932367149758
100,100,"Weighted",0.785829307568438
200,100,"Target_Only",0.633820459290188
200,100,"Source1_Only",0.628810020876827
200,100,"Source2_Only",0.6839248434238
200,100,"Weighted",0.703131524008351
300,100,"Target_Only",0.760748702742772
300,100,"Source1_Only",0.5941438102298
300,100,"Source2_Only",0.719236471460341
300,100,"Weighted",0.774833209785026
100,300,"Target_Only",0.632911392405063
100,300,"Source1_Only",0.757911392405063
100,300,"Source2_Only",0.667721518987342
100,300,"Weighted",0.723101265822785
200,300,"Target_Only",0.769294263309946
200,300,"Source1_Only",0.675608749484111
200,300,"Source2_Only",0.759389186958316
200,300,"Weighted",0.814692529921585
300,300,"Target_Only",0.755035383777899
300,300,"Source1_Only",0.670295772092179
300,300,"Source2_Only",0.699510070767556
300,300,"Weighted",0.769733260751225
100,500,"Target_Only",0.740157480314961
100,500,"Source1_Only",0.759055118110236
100,500,"Source2_Only",0.806299212598425
100,500,"Weighted",0.833070866141732
200,500,"Target_Only",0.770499312872194
200,500,"Source1_Only",0.697205680256528
200,500,"Source2_Only",0.756298671552909
200,500,"Weighted",0.807604214383875
300,500,"Target_Only",0.79218991914674
300,500,"Source1_Only",0.679855496301393
300,500,"Source2_Only",0.779459831412352
300,500,"Weighted",0.811629107173576
100,1000,"Target_Only",0.735059760956175
100,1000,"Source1_Only",0.725099601593626
100,1000,"Source2_Only",0.667330677290837
100,1000,"Weighted",0.737051792828685
200,1000,"Target_Only",0.689438390611903
200,1000,"Source1_Only",0.694886839899413
200,1000,"Source2_Only",0.735959765297569
200,1000,"Weighted",0.765716680637049
300,1000,"Target_Only",0.768753233316089
300,1000,"Source1_Only",0.709777547853078
300,1000,"Source2_Only",0.785307811691671
300,1000,"Weighted",0.818934299017072
100,100,"Target_Only",0.739376770538244
100,100,"Source1_Only",0.627478753541077
100,100,"Source2_Only",0.746458923512748
100,100,"Weighted",0.793201133144476
200,100,"Target_Only",0.732399179767601
200,100,"Source1_Only",0.547846889952153
200,100,"Source2_Only",0.726930963773069
200,100,"Weighted",0.778537252221463
300,100,"Target_Only",0.755080950740613
300,100,"Source1_Only",0.631932483637616
300,100,"Source2_Only",0.721667240785394
300,100,"Weighted",0.769032035825009
100,300,"Target_Only",0.627450980392157
100,300,"Source1_Only",0.61437908496732
100,300,"Source2_Only",0.684640522875817
100,300,"Weighted",0.727124183006536
200,300,"Target_Only",0.679650238473768
200,300,"Source1_Only",0.635930047694754
200,300,"Source2_Only",0.631955484896661
200,300,"Weighted",0.738871224165342
300,300,"Target_Only",0.722425249169435
300,300,"Source1_Only",0.620431893687708
300,300,"Source2_Only",0.773920265780731
300,300,"Weighted",0.779568106312292
100,500,"Target_Only",0.741702741702742
100,500,"Source1_Only",0.691197691197691
100,500,"Source2_Only",0.81962481962482
100,500,"Weighted",0.80952380952381
200,500,"Target_Only",0.683113568694173
200,500,"Source1_Only",0.679285410463633
200,500,"Source2_Only",0.721395150999575
200,500,"Weighted",0.772011909825606
300,500,"Target_Only",0.822084773512825
300,500,"Source1_Only",0.714571584500637
300,500,"Source2_Only",0.760414771693651
300,500,"Weighted",0.835000909587047
100,1000,"Target_Only",0.674015748031496
100,1000,"Source1_Only",0.606299212598425
100,1000,"Source2_Only",0.710236220472441
100,1000,"Weighted",0.708661417322835
200,1000,"Target_Only",0.792009400705053
200,1000,"Source1_Only",0.741088915001959
200,1000,"Source2_Only",0.785742264003134
200,1000,"Weighted",0.823345084214649
300,1000,"Target_Only",0.702378757145491
300,1000,"Source1_Only",0.65978240826111
300,1000,"Source2_Only",0.751613498063802
300,1000,"Weighted",0.741102710676747
100,100,"Target_Only",0.752407152682256
100,100,"Source1_Only",0.639614855570839
100,100,"Source2_Only",0.745529573590096
100,100,"Weighted",0.789546079779917
200,100,"Target_Only",0.696397941680961
200,100,"Source1_Only",0.677530017152659
200,100,"Source2_Only",0.680531732418525
200,100,"Weighted",0.747855917667238
300,100,"Target_Only",0.761608040201005
300,100,"Source1_Only",0.593366834170854
300,100,"Source2_Only",0.736683417085427
300,100,"Weighted",0.781306532663317
100,300,"Target_Only",0.771992818671454
100,300,"Source1_Only",0.585278276481149
100,300,"Source2_Only",0.734290843806104
100,300,"Weighted",0.822262118491921
200,300,"Target_Only",0.764072847682119
200,300,"Source1_Only",0.571605960264901
200,300,"Source2_Only",0.770695364238411
200,300,"Weighted",0.791804635761589
300,300,"Target_Only",0.763137852246763
300,300,"Source1_Only",0.707539984767708
300,300,"Source2_Only",0.767517136329018
300,300,"Weighted",0.802741812642803
100,500,"Target_Only",0.637254901960784
100,500,"Source1_Only",0.703921568627451
100,500,"Source2_Only",0.607843137254902
100,500,"Weighted",0.743137254901961
200,500,"Target_Only",0.794496990541703
200,500,"Source1_Only",0.793637145313844
200,500,"Source2_Only",0.771711092003439
200,500,"Weighted",0.840498710232158
300,500,"Target_Only",0.785303146584804
300,500,"Source1_Only",0.704911742133538
300,500,"Source2_Only",0.758825786646201
300,500,"Weighted",0.822908672294705
100,1000,"Target_Only",0.715179968701095
100,1000,"Source1_Only",0.669796557120501
100,1000,"Source2_Only",0.755868544600939
100,1000,"Weighted",0.785602503912363
200,1000,"Target_Only",0.724392361111111
200,1000,"Source1_Only",0.673611111111111
200,1000,"Source2_Only",0.731770833333333
200,1000,"Weighted",0.783420138888889
300,1000,"Target_Only",0.718465311843027
300,1000,"Source1_Only",0.652768044849334
300,1000,"Source2_Only",0.750175192711983
300,1000,"Weighted",0.763489838822705
100,100,"Target_Only",0.670180722891566
100,100,"Source1_Only",0.618975903614458
100,100,"Source2_Only",0.769578313253012
100,100,"Weighted",0.765060240963855
200,100,"Target_Only",0.752448100274187
200,100,"Source1_Only",0.678417547982765
200,100,"Source2_Only",0.697218958088523
200,100,"Weighted",0.781825303564434
300,100,"Target_Only",0.772096292391495
300,100,"Source1_Only",0.675101036724653
300,100,"Source2_Only",0.794412229836584
300,100,"Weighted",0.821648216482165
100,300,"Target_Only",0.688925081433225
100,300,"Source1_Only",0.741042345276873
100,300,"Source2_Only",0.771986970684039
100,300,"Weighted",0.802931596091205
200,300,"Target_Only",0.718641451177152
200,300,"Source1_Only",0.653801620995755
200,300,"Source2_Only",0.726360478579699
200,300,"Weighted",0.780779621767657
300,300,"Target_Only",0.776197604790419
300,300,"Source1_Only",0.654191616766467
300,300,"Source2_Only",0.776946107784431
300,300,"Weighted",0.798839820359281
100,500,"Target_Only",0.762798634812287
100,500,"Source1_Only",0.718430034129693
100,500,"Source2_Only",0.745733788395904
100,500,"Weighted",0.803754266211604
200,500,"Target_Only",0.696766561514196
200,500,"Source1_Only",0.652602523659306
200,500,"Source2_Only",0.762223974763407
200,500,"Weighted",0.761041009463722
300,500,"Target_Only",0.76248872858431
300,500,"Source1_Only",0.713255184851217
300,500,"Source2_Only",0.765374211000902
300,500,"Weighted",0.79585211902615
100,1000,"Target_Only",0.594896331738437
100,1000,"Source1_Only",0.556618819776715
100,1000,"Source2_Only",0.819776714513557
100,1000,"Weighted",0.727272727272727
200,1000,"Target_Only",0.724897959183674
200,1000,"Source1_Only",0.701224489795918
200,1000,"Source2_Only",0.727755102040816
200,1000,"Weighted",0.761224489795918
300,1000,"Target_Only",0.759539894102611
300,1000,"Source1_Only",0.705860872740551
300,1000,"Source2_Only",0.718824173817783
300,1000,"Weighted",0.776702574402045
100,100,"Target_Only",0.613259668508287
100,100,"Source1_Only",0.69060773480663
100,100,"Source2_Only",0.733425414364641
100,100,"Weighted",0.752762430939226
200,100,"Target_Only",0.676494676494676
200,100,"Source1_Only",0.618345618345618
200,100,"Source2_Only",0.709254709254709
200,100,"Weighted",0.732186732186732
300,100,"Target_Only",0.712278353964537
300,100,"Source1_Only",0.585981933757109
300,100,"Source2_Only",0.660923385747742
300,100,"Weighted",0.729173636667782
100,300,"Target_Only",0.72821270310192
100,300,"Source1_Only",0.610044313146233
100,300,"Source2_Only",0.716395864106352
100,300,"Weighted",0.741506646971935
200,300,"Target_Only",0.749899638699318
200,300,"Source1_Only",0.692091529506222
200,300,"Source2_Only",0.775993576876756
200,300,"Weighted",0.811320754716981
300,300,"Target_Only",0.764567923507126
300,300,"Source1_Only",0.647483312285766
300,300,"Source2_Only",0.745805520476276
300,300,"Weighted",0.798123759696915
100,500,"Target_Only",0.62303664921466
100,500,"Source1_Only",0.710296684118674
100,500,"Source2_Only",0.767888307155323
100,500,"Weighted",0.731239092495637
200,500,"Target_Only",0.721967486452689
200,500,"Source1_Only",0.676948728636932
200,500,"Source2_Only",0.757815756565235
200,500,"Weighted",0.805335556481867
300,500,"Target_Only",0.753617878732369
300,500,"Source1_Only",0.622275141967393
300,500,"Source2_Only",0.78677413445686
300,500,"Weighted",0.808389814984429
100,1000,"Target_Only",0.637540453074434
100,1000,"Source1_Only",0.79126213592233
100,1000,"Source2_Only",0.647249190938511
100,1000,"Weighted",0.694174757281553
200,1000,"Target_Only",0.730662435541452
200,1000,"Source1_Only",0.692582308607695
200,1000,"Source2_Only",0.787385957953193
200,1000,"Weighted",0.781435938119794
300,1000,"Target_Only",0.77456374783839
300,1000,"Source1_Only",0.694859298852382
300,1000,"Source2_Only",0.792799874233611
300,1000,"Weighted",0.814337368338312
100,100,"Target_Only",0.644578313253012
100,100,"Source1_Only",0.563253012048193
100,100,"Source2_Only",0.635542168674699
100,100,"Weighted",0.655120481927711
200,100,"Target_Only",0.792702485966319
200,100,"Source1_Only",0.643945469125902
200,100,"Source2_Only",0.712510024057739
200,100,"Weighted",0.792702485966319
300,100,"Target_Only",0.811457963816956
300,100,"Source1_Only",0.627527492018446
300,100,"Source2_Only",0.705037247250798
300,100,"Weighted",0.795317488471089
100,300,"Target_Only",0.733333333333333
100,300,"Source1_Only",0.71937984496124
100,300,"Source2_Only",0.787596899224806
100,300,"Weighted",0.823255813953488
200,300,"Target_Only",0.772273272073512
200,300,"Source1_Only",0.718337994406712
200,300,"Source2_Only",0.682381142628845
200,300,"Weighted",0.793048341989612
300,300,"Target_Only",0.736515595381699
300,300,"Source1_Only",0.66620713424091
300,300,"Source2_Only",0.688437015336895
300,300,"Weighted",0.762881268309495
100,500,"Target_Only",0.670194003527337
100,500,"Source1_Only",0.841269841269841
100,500,"Source2_Only",0.807760141093474
100,500,"Weighted",0.828924162257496
200,500,"Target_Only",0.638362395754359
200,500,"Source1_Only",0.687642153146323
200,500,"Source2_Only",0.699772554965883
200,500,"Weighted",0.730477634571645
300,500,"Target_Only",0.73271486084369
300,500,"Source1_Only",0.640294066164887
300,500,"Source2_Only",0.674426746017854
300,500,"Weighted",0.739716436198145
100,1000,"Target_Only",0.700460829493088
100,1000,"Source1_Only",0.688172043010753
100,1000,"Source2_Only",0.797235023041475
100,1000,"Weighted",0.788018433179724
200,1000,"Target_Only",0.761399371069182
200,1000,"Source1_Only",0.698899371069182
200,1000,"Source2_Only",0.802672955974843
200,1000,"Weighted",0.800314465408805
300,1000,"Target_Only",0.752529441034998
300,1000,"Source1_Only",0.67523635760491
300,1000,"Source2_Only",0.75501741582352
300,1000,"Weighted",0.805937966495273
100,100,"Target_Only",0.759286775631501
100,100,"Source1_Only",0.618127786032689
100,100,"Source2_Only",0.827637444279346
100,100,"Weighted",0.823179791976226
200,100,"Target_Only",0.635785288270378
200,100,"Source1_Only",0.621471172962227
200,100,"Source2_Only",0.610735586481113
200,100,"Weighted",0.661630218687873
300,100,"Target_Only",0.763850302336983
300,100,"Source1_Only",0.630331753554502
300,100,"Source2_Only",0.68311815656153
300,100,"Weighted",0.76254289916653
100,300,"Target_Only",0.711323763955343
100,300,"Source1_Only",0.61244019138756
100,300,"Source2_Only",0.728867623604466
100,300,"Weighted",0.776714513556619
200,300,"Target_Only",0.731779504254532
200,300,"Source1_Only",0.725120236773955
200,300,"Source2_Only",0.732149463559008
200,300,"Weighted",0.776914539400666
300,300,"Target_Only",0.761765212894329
300,300,"Source1_Only",0.672125495604206
300,300,"Source2_Only",0.778314083778659
300,300,"Weighted",0.810377521117049
100,500,"Target_Only",0.725118483412322
100,500,"Source1_Only",0.631911532385466
100,500,"Source2_Only",0.82306477093207
100,500,"Weighted",0.797788309636651
200,500,"Target_Only",0.708251857645679
200,500,"Source1_Only",0.632772780602268
200,500,"Source2_Only",0.696128275322644
200,500,"Weighted",0.741885021509582
300,500,"Target_Only",0.775798319327731
300,500,"Source1_Only",0.53781512605042
300,500,"Source2_Only",0.769747899159664
300,500,"Weighted",0.799831932773109
100,1000,"Target_Only",0.713629402756508
100,1000,"Source1_Only",0.739663093415008
100,1000,"Source2_Only",0.826952526799387
100,1000,"Weighted",0.817764165390505
200,1000,"Target_Only",0.718921032056294
200,1000,"Source1_Only",0.639171227521501
200,1000,"Source2_Only",0.755277560594214
200,1000,"Weighted",0.791243158717748
300,1000,"Target_Only",0.787070854638422
300,1000,"Source1_Only",0.70799853907962
300,1000,"Source2_Only",0.780314097881665
300,1000,"Weighted",0.810993425858291
100,100,"Target_Only",0.682070240295749
100,100,"Source1_Only",0.571164510166359
100,100,"Source2_Only",0.761552680221811
100,100,"Weighted",0.743068391866913
200,100,"Target_Only",0.68740795287187
200,100,"Source1_Only",0.604933726067747
200,100,"Source2_Only",0.753681885125184
200,100,"Weighted",0.736377025036819
300,100,"Target_Only",0.76478449716004
300,100,"Source1_Only",0.585699966588707
300,100,"Source2_Only",0.730537921817574
300,100,"Weighted",0.768292682926829
100,300,"Target_Only",0.750788643533123
100,300,"Source1_Only",0.746056782334385
100,300,"Source2_Only",0.807570977917981
100,300,"Weighted",0.82018927444795
200,300,"Target_Only",0.777281191806331
200,300,"Source1_Only",0.747858472998138
200,300,"Source2_Only",0.7243947858473
200,300,"Weighted",0.825325884543762
300,300,"Target_Only",0.730191130079792
300,300,"Source1_Only",0.68547040267211
300,300,"Source2_Only",0.776581926145853
300,300,"Weighted",0.790684728149935
100,500,"Target_Only",0.714078374455733
100,500,"Source1_Only",0.74310595065312
100,500,"Source2_Only",0.716981132075472
100,500,"Weighted",0.763425253991292
200,500,"Target_Only",0.762392462105694
200,500,"Source1_Only",0.678820155673904
200,500,"Source2_Only",0.766489143793527
200,500,"Weighted",0.797623924621057
300,500,"Target_Only",0.733344409370327
300,500,"Source1_Only",0.702276125602259
300,500,"Source2_Only",0.7416514371158
300,500,"Weighted",0.772387439774049
100,1000,"Target_Only",0.589939024390244
100,1000,"Source1_Only",0.615853658536585
100,1000,"Source2_Only",0.690548780487805
100,1000,"Weighted",0.684451219512195
200,1000,"Target_Only",0.737884534344711
200,1000,"Source1_Only",0.6826801517067
200,1000,"Source2_Only",0.785924989464812
200,1000,"Weighted",0.801938474504846
300,1000,"Target_Only",0.772652388797364
300,1000,"Source1_Only",0.709060955518946
300,1000,"Source2_Only",0.788632619439868
300,1000,"Weighted",0.821416803953872
100,100,"Target_Only",0.672760511882998
100,100,"Source1_Only",0.669104204753199
100,100,"Source2_Only",0.702010968921389
100,100,"Weighted",0.753199268738574
200,100,"Target_Only",0.734565473849784
200,100,"Source1_Only",0.705859221392057
200,100,"Source2_Only",0.769563507668109
200,100,"Weighted",0.779394416044042
300,100,"Target_Only",0.716181818181818
300,100,"Source1_Only",0.581090909090909
300,100,"Source2_Only",0.689636363636364
300,100,"Weighted",0.728727272727273
100,300,"Target_Only",0.732628398791541
100,300,"Source1_Only",0.737160120845921
100,300,"Source2_Only",0.799093655589124
100,300,"Weighted",0.780966767371601
200,300,"Target_Only",0.714180478821363
200,300,"Source1_Only",0.646777163904236
200,300,"Source2_Only",0.724861878453039
200,300,"Weighted",0.737016574585635
300,300,"Target_Only",0.743467514124294
300,300,"Source1_Only",0.635416666666667
300,300,"Source2_Only",0.718220338983051
300,300,"Weighted",0.77295197740113
100,500,"Target_Only",0.785460992907801
100,500,"Source1_Only",0.719858156028369
100,500,"Source2_Only",0.776595744680851
100,500,"Weighted",0.835106382978723
200,500,"Target_Only",0.735959438377535
200,500,"Source1_Only",0.703978159126365
200,500,"Source2_Only",0.726599063962558
200,500,"Weighted",0.800312012480499
300,500,"Target_Only",0.761272758209971
300,500,"Source1_Only",0.654755827803301
300,500,"Source2_Only",0.77913901650502
300,500,"Weighted",0.824910668708525
100,1000,"Target_Only",0.770491803278688
100,1000,"Source1_Only",0.7
100,1000,"Source2_Only",0.736065573770492
100,1000,"Weighted",0.804918032786885
200,1000,"Target_Only",0.784329563812601
200,1000,"Source1_Only",0.635702746365105
200,1000,"Source2_Only",0.777059773828756
200,1000,"Weighted",0.786348949919225
300,1000,"Target_Only",0.740239043824701
300,1000,"Source1_Only",0.767729083665339
300,1000,"Source2_Only",0.735258964143426
300,1000,"Weighted",0.788446215139442
100,100,"Target_Only",0.793103448275862
100,100,"Source1_Only",0.618773946360153
100,100,"Source2_Only",0.634099616858238
100,100,"Weighted",0.775862068965517
200,100,"Target_Only",0.696166394779772
200,100,"Source1_Only",0.638662316476346
200,100,"Source2_Only",0.712071778140294
200,100,"Weighted",0.775693311582382
300,100,"Target_Only",0.700690846286701
300,100,"Source1_Only",0.666839378238342
300,100,"Source2_Only",0.658376511226252
300,100,"Weighted",0.732469775474957
100,300,"Target_Only",0.724258289703316
100,300,"Source1_Only",0.692844677137871
100,300,"Source2_Only",0.762652705061082
100,300,"Weighted",0.806282722513089
200,300,"Target_Only",0.739369501466276
200,300,"Source1_Only",0.602639296187683
200,300,"Source2_Only",0.774193548387097
200,300,"Weighted",0.782991202346041
300,300,"Target_Only",0.759639193491334
300,300,"Source1_Only",0.684294304916873
300,300,"Source2_Only",0.756809338521401
300,300,"Weighted",0.817297488503714
100,500,"Target_Only",0.667752442996743
100,500,"Source1_Only",0.684039087947883
100,500,"Source2_Only",0.801302931596091
100,500,"Weighted",0.820846905537459
200,500,"Target_Only",0.790530303030303
200,500,"Source1_Only",0.622348484848485
200,500,"Source2_Only",0.794318181818182
200,500,"Weighted",0.809469696969697
300,500,"Target_Only",0.733464075592797
300,500,"Source1_Only",0.682831164200392
300,500,"Source2_Only",0.735781779283295
300,500,"Weighted",0.776787306115172
100,1000,"Target_Only",0.70125786163522
100,1000,"Source1_Only",0.705974842767296
100,1000,"Source2_Only",0.713836477987421
100,1000,"Weighted",0.764150943396226
200,1000,"Target_Only",0.763052208835341
200,1000,"Source1_Only",0.67710843373494
200,1000,"Source2_Only",0.772690763052209
200,1000,"Weighted",0.810843373493976
300,1000,"Target_Only",0.784722222222222
300,1000,"Source1_Only",0.6578125
300,1000,"Source2_Only",0.777256944444444
300,1000,"Weighted",0.818923611111111
100,100,"Target_Only",0.644262295081967
100,100,"Source1_Only",0.598360655737705
100,100,"Source2_Only",0.647540983606557
100,100,"Weighted",0.662295081967213
200,100,"Target_Only",0.752084247476964
200,100,"Source1_Only",0.597630539710399
200,100,"Source2_Only",0.629223343571742
200,100,"Weighted",0.734971478718736
300,100,"Target_Only",0.720660043778414
300,100,"Source1_Only",0.619801313352416
300,100,"Source2_Only",0.626199696918673
300,100,"Weighted",0.716450580905876
100,300,"Target_Only",0.654300168634064
100,300,"Source1_Only",0.602023608768971
100,300,"Source2_Only",0.782462057335582
100,300,"Weighted",0.738617200674536
200,300,"Target_Only",0.717574827321566
200,300,"Source1_Only",0.63584036838066
200,300,"Source2_Only",0.762471220260936
200,300,"Weighted",0.796623177283193
300,300,"Target_Only",0.759852216748768
300,300,"Source1_Only",0.700035186488388
300,300,"Source2_Only",0.776565798733286
300,300,"Weighted",0.7945109078114
100,500,"Target_Only",0.520289855072464
100,500,"Source1_Only",0.550724637681159
100,500,"Source2_Only",0.618840579710145
100,500,"Weighted",0.602898550724638
200,500,"Target_Only",0.767168564083731
200,500,"Source1_Only",0.661770106500184
200,500,"Source2_Only",0.775615130370914
200,500,"Weighted",0.802791039294895
300,500,"Target_Only",0.719238613188307
300,500,"Source1_Only",0.624745071380014
300,500,"Source2_Only",0.731815091774303
300,500,"Weighted",0.759687287559483
100,1000,"Target_Only",0.710382513661202
100,1000,"Source1_Only",0.664845173041894
100,1000,"Source2_Only",0.735883424408015
100,1000,"Weighted",0.781420765027322
200,1000,"Target_Only",0.74779086892489
200,1000,"Source1_Only",0.716494845360825
200,1000,"Source2_Only",0.78939617083947
200,1000,"Weighted",0.824374079528719
300,1000,"Target_Only",0.777177472167649
300,1000,"Source1_Only",0.694007858546169
300,1000,"Source2_Only",0.771119842829077
300,1000,"Weighted",0.812704649639817
100,100,"Target_Only",0.772357723577236
100,100,"Source1_Only",0.601626016260163
100,100,"Source2_Only",0.788617886178862
100,100,"Weighted",0.801626016260163
200,100,"Target_Only",0.786396181384248
200,100,"Source1_Only",0.725536992840095
200,100,"Source2_Only",0.724741447891806
200,100,"Weighted",0.795942720763723
300,100,"Target_Only",0.774086378737542
300,100,"Source1_Only",0.666550096170659
300,100,"Source2_Only",0.661479279594335
300,100,"Weighted",0.782479454450079
100,300,"Target_Only",0.535234899328859
100,300,"Source1_Only",0.572147651006711
100,300,"Source2_Only",0.63758389261745
100,300,"Weighted",0.604026845637584
200,300,"Target_Only",0.715208961654459
200,300,"Source1_Only",0.648427401981904
200,300,"Source2_Only",0.739767341663076
200,300,"Weighted",0.754847048685911
300,300,"Target_Only",0.722738799661877
300,300,"Source1_Only",0.586644125105664
300,300,"Source2_Only",0.790532544378698
300,300,"Weighted",0.769230769230769
100,500,"Target_Only",0.702380952380952
100,500,"Source1_Only",0.768707482993197
100,500,"Source2_Only",0.709183673469388
100,500,"Weighted",0.760204081632653
200,500,"Target_Only",0.797112462006079
200,500,"Source1_Only",0.697948328267477
200,500,"Source2_Only",0.759878419452888
200,500,"Weighted",0.817629179331307
300,500,"Target_Only",0.768696227663799
300,500,"Source1_Only",0.649735274652548
300,500,"Source2_Only",0.799305095962938
300,500,"Weighted",0.82180675049636
100,1000,"Target_Only",0.759704251386322
100,1000,"Source1_Only",0.628465804066543
100,1000,"Source2_Only",0.770794824399261
100,1000,"Weighted",0.835489833641405
200,1000,"Target_Only",0.644329896907216
200,1000,"Source1_Only",0.644329896907216
200,1000,"Source2_Only",0.711769759450172
200,1000,"Weighted",0.746993127147766
300,1000,"Target_Only",0.721264911948495
300,1000,"Source1_Only",0.67998485135391
300,1000,"Source2_Only",0.74512402953986
300,1000,"Weighted",0.76746828252225
100,100,"Target_Only",0.707165109034268
100,100,"Source1_Only",0.559190031152648
100,100,"Source2_Only",0.752336448598131
100,100,"Weighted",0.742990654205608
200,100,"Target_Only",0.745440434613892
200,100,"Source1_Only",0.609623593325572
200,100,"Source2_Only",0.674427629025999
200,100,"Weighted",0.762126503686457
300,100,"Target_Only",0.78914858096828
300,100,"Source1_Only",0.673789649415693
300,100,"Source2_Only",0.719198664440735
300,100,"Weighted",0.814524207011686
100,300,"Target_Only",0.767710049423394
100,300,"Source1_Only",0.729818780889621
100,300,"Source2_Only",0.752883031301483
100,300,"Weighted",0.802306425041186
200,300,"Target_Only",0.718788374948833
200,300,"Source1_Only",0.734752353663528
200,300,"Source2_Only",0.775685632419157
200,300,"Weighted",0.79738027015964
300,300,"Target_Only",0.744174003107198
300,300,"Source1_Only",0.601415501467288
300,300,"Source2_Only",0.72570343518039
300,300,"Weighted",0.767995857068876
100,500,"Target_Only",0.72107765451664
100,500,"Source1_Only",0.690966719492868
100,500,"Source2_Only",0.77337559429477
100,500,"Weighted",0.805071315372425
200,500,"Target_Only",0.763776493256262
200,500,"Source1_Only",0.736416184971098
200,500,"Source2_Only",0.79344894026975
200,500,"Weighted",0.845086705202312
300,500,"Target_Only",0.782766990291262
300,500,"Source1_Only",0.709778085991678
300,500,"Source2_Only",0.835991678224688
300,500,"Weighted",0.850381414701803
100,1000,"Target_Only",0.720351390922401
100,1000,"Source1_Only",0.660322108345534
100,1000,"Source2_Only",0.695461200585652
100,1000,"Weighted",0.759882869692533
200,1000,"Target_Only",0.648927038626609
200,1000,"Source1_Only",0.590557939914163
200,1000,"Source2_Only",0.743347639484979
200,1000,"Weighted",0.709012875536481
300,1000,"Target_Only",0.764088204410221
300,1000,"Source1_Only",0.632131606580329
300,1000,"Source2_Only",0.760063003150158
300,1000,"Weighted",0.802415120756038
100,100,"Target_Only",0.641653905053599
100,100,"Source1_Only",0.647779479326187
100,100,"Source2_Only",0.704441041347626
100,100,"Weighted",0.727411944869832
200,100,"Target_Only",0.774576881526827
200,100,"Source1_Only",0.670867842996039
200,100,"Source2_Only",0.743608210298884
200,100,"Weighted",0.827871804105149
300,100,"Target_Only",0.753495217071376
300,100,"Source1_Only",0.602649006622517
300,100,"Source2_Only",0.722222222222222
300,100,"Weighted",0.791390728476821
100,300,"Target_Only",0.734920634920635
100,300,"Source1_Only",0.711111111111111
100,300,"Source2_Only",0.731746031746032
100,300,"Weighted",0.811111111111111
200,300,"Target_Only",0.760923330585326
200,300,"Source1_Only",0.707337180544106
200,300,"Source2_Only",0.732893652102226
200,300,"Weighted",0.798845836768343
300,300,"Target_Only",0.77602523659306
300,300,"Source1_Only",0.695168520670762
300,300,"Source2_Only",0.71592229785821
300,300,"Weighted",0.785654989208036
100,500,"Target_Only",0.716272600834492
100,500,"Source1_Only",0.674547983310153
100,500,"Source2_Only",0.734353268428373
100,500,"Weighted",0.780250347705146
200,500,"Target_Only",0.699281867145422
200,500,"Source1_Only",0.772441651705566
200,500,"Source2_Only",0.700628366247756
200,500,"Weighted",0.779622980251347
300,500,"Target_Only",0.798680399098809
300,500,"Source1_Only",0.675732217573222
300,500,"Source2_Only",0.800933376247184
300,500,"Weighted",0.834084325716125
100,1000,"Target_Only",0.697274031563845
100,1000,"Source1_Only",0.589670014347202
100,1000,"Source2_Only",0.664275466284075
100,1000,"Weighted",0.715925394548063
200,1000,"Target_Only",0.70512286547272
200,1000,"Source1_Only",0.58350687213661
200,1000,"Source2_Only",0.783007080383174
200,1000,"Weighted",0.766763848396501
300,1000,"Target_Only",0.725706409372846
300,1000,"Source1_Only",0.651791867677464
300,1000,"Source2_Only",0.736733287388008
300,1000,"Weighted",0.770503101309442
100,100,"Target_Only",0.739635157545605
100,100,"Source1_Only",0.698175787728027
100,100,"Source2_Only",0.756218905472637
100,100,"Weighted",0.796019900497512
200,100,"Target_Only",0.676639344262295
200,100,"Source1_Only",0.678688524590164
200,100,"Source2_Only",0.691393442622951
200,100,"Weighted",0.751639344262295
300,100,"Target_Only",0.775601374570447
300,100,"Source1_Only",0.646735395189003
300,100,"Source2_Only",0.751546391752577
300,100,"Weighted",0.798109965635739
100,300,"Target_Only",0.68491124260355
100,300,"Source1_Only",0.593195266272189
100,300,"Source2_Only",0.763313609467456
100,300,"Weighted",0.736686390532544
200,300,"Target_Only",0.718621821164889
200,300,"Source1_Only",0.662428219852338
200,300,"Source2_Only",0.715750615258409
200,300,"Weighted",0.770713699753897
300,300,"Target_Only",0.767944757405052
300,300,"Source1_Only",0.622569507541341
300,300,"Source2_Only",0.751590041795384
300,300,"Weighted",0.791204797383245
100,500,"Target_Only",0.726760563380282
100,500,"Source1_Only",0.585915492957746
100,500,"Source2_Only",0.776056338028169
100,500,"Weighted",0.801408450704225
200,500,"Target_Only",0.736757624398074
200,500,"Source1_Only",0.580256821829855
200,500,"Source2_Only",0.740770465489567
200,500,"Weighted",0.774478330658106
300,500,"Target_Only",0.747660250750486
300,500,"Source1_Only",0.650715168638531
300,500,"Source2_Only",0.794102066042734
300,500,"Weighted",0.812996644887869
100,1000,"Target_Only",0.764168190127971
100,1000,"Source1_Only",0.775137111517368
100,1000,"Source2_Only",0.789762340036563
100,1000,"Weighted",0.828153564899452
200,1000,"Target_Only",0.742487770789658
200,1000,"Source1_Only",0.695667365478686
200,1000,"Source2_Only",0.742487770789658
200,1000,"Weighted",0.779874213836478
300,1000,"Target_Only",0.727785870356883
300,1000,"Source1_Only",0.707938820101967
300,1000,"Source2_Only",0.746540422432629
300,1000,"Weighted",0.768390386016023
100,100,"Target_Only",0.668621700879765
100,100,"Source1_Only",0.532258064516129
100,100,"Source2_Only",0.612903225806452
100,100,"Weighted",0.667155425219941
200,100,"Target_Only",0.703170028818444
200,100,"Source1_Only",0.665706051873199
200,100,"Source2_Only",0.727459860024702
200,100,"Weighted",0.760806916426513
300,100,"Target_Only",0.762948207171315
300,100,"Source1_Only",0.583167330677291
300,100,"Source2_Only",0.687915006640106
300,100,"Weighted",0.74867197875166
100,300,"Target_Only",0.560675883256528
100,300,"Source1_Only",0.625192012288787
100,300,"Source2_Only",0.740399385560676
100,300,"Weighted",0.732718894009217
200,300,"Target_Only",0.693989071038251
200,300,"Source1_Only",0.638251366120219
200,300,"Source2_Only",0.737704918032787
200,300,"Weighted",0.744262295081967
300,300,"Target_Only",0.791775213993301
300,300,"Source1_Only",0.71566803126163
300,300,"Source2_Only",0.754186825455899
300,300,"Weighted",0.814104949758095
100,500,"Target_Only",0.686274509803922
100,500,"Source1_Only",0.722473604826546
100,500,"Source2_Only",0.73604826546003
100,500,"Weighted",0.785822021116139
200,500,"Target_Only",0.724191663420335
200,500,"Source1_Only",0.682898324892871
200,500,"Source2_Only",0.730814179976626
200,500,"Weighted",0.763537202960654
300,500,"Target_Only",0.71148755955532
300,500,"Source1_Only",0.667196047291336
300,500,"Source2_Only",0.708134815599082
300,500,"Weighted",0.749250044115052
100,1000,"Target_Only",0.7484375
100,1000,"Source1_Only",0.7140625
100,1000,"Source2_Only",0.7828125
100,1000,"Weighted",0.84375
200,1000,"Target_Only",0.757612667478684
200,1000,"Source1_Only",0.686967113276492
200,1000,"Source2_Only",0.736906211936663
200,1000,"Weighted",0.794965489240763
300,1000,"Target_Only",0.705570745044429
300,1000,"Source1_Only",0.629699248120301
300,1000,"Source2_Only",0.754272043745728
300,1000,"Weighted",0.742481203007519
100,100,"Target_Only",0.622296173044925
100,100,"Source1_Only",0.630615640599002
100,100,"Source2_Only",0.763727121464226
100,100,"Weighted",0.738768718801997
200,100,"Target_Only",0.764636075949367
200,100,"Source1_Only",0.634098101265823
200,100,"Source2_Only",0.654667721518987
200,100,"Weighted",0.736155063291139
300,100,"Target_Only",0.721728732490605
300,100,"Source1_Only",0.654765971984968
300,100,"Source2_Only",0.704133925521011
300,100,"Weighted",0.755722582849334
100,300,"Target_Only",0.616588419405321
100,300,"Source1_Only",0.668231611893584
100,300,"Source2_Only",0.7339593114241
100,300,"Weighted",0.746478873239437
200,300,"Target_Only",0.54580812445981
200,300,"Source1_Only",0.605877268798617
200,300,"Source2_Only",0.60933448573898
200,300,"Weighted",0.597666378565255
300,300,"Target_Only",0.774620196604111
300,300,"Source1_Only",0.661483467381591
300,300,"Source2_Only",0.761572832886506
300,300,"Weighted",0.801251117068811
100,500,"Target_Only",0.643537414965986
100,500,"Source1_Only",0.726530612244898
100,500,"Source2_Only",0.726530612244898
100,500,"Weighted",0.741496598639456
200,500,"Target_Only",0.735670103092783
200,500,"Source1_Only",0.757525773195876
200,500,"Source2_Only",0.783092783505155
200,500,"Weighted",0.797938144329897
300,500,"Target_Only",0.758000345960906
300,500,"Source1_Only",0.680851063829787
300,500,"Source2_Only",0.763881681370005
300,500,"Weighted",0.82165715274174
100,1000,"Target_Only",0.712351945854484
100,1000,"Source1_Only",0.714043993231811
100,1000,"Source2_Only",0.791878172588832
100,1000,"Weighted",0.790186125211506
200,1000,"Target_Only",0.809083263246426
200,1000,"Source1_Only",0.760723296888141
200,1000,"Source2_Only",0.771656854499579
200,1000,"Weighted",0.842724978973928
300,1000,"Target_Only",0.755390719337588
300,1000,"Source1_Only",0.68173193030878
300,1000,"Source2_Only",0.786958771778506
300,1000,"Weighted",0.803519061583578
100,100,"Target_Only",0.667155425219941
100,100,"Source1_Only",0.601173020527859
100,100,"Source2_Only",0.671554252199413
100,100,"Weighted",0.69941348973607
200,100,"Target_Only",0.763023893458676
200,100,"Source1_Only",0.672542107324716
200,100,"Source2_Only",0.756756756756757
200,100,"Weighted",0.81825303564434
300,100,"Target_Only",0.717053616168365
300,100,"Source1_Only",0.645899448805746
300,100,"Source2_Only",0.684817103724737
300,100,"Weighted",0.734591615166193
100,300,"Target_Only",0.630114566284779
100,300,"Source1_Only",0.602291325695581
100,300,"Source2_Only",0.698854337152209
100,300,"Weighted",0.703764320785597
200,300,"Target_Only",0.685785536159601
200,300,"Source1_Only",0.632703954399715
200,300,"Source2_Only",0.697541859636623
200,300,"Weighted",0.732810830067688
300,300,"Target_Only",0.738416097470925
300,300,"Source1_Only",0.600701495292597
300,300,"Source2_Only",0.743769614177589
300,300,"Weighted",0.773675466125161
100,500,"Target_Only",0.682316118935837
100,500,"Source1_Only",0.663536776212833
100,500,"Source2_Only",0.65414710485133
100,500,"Weighted",0.719874804381847
200,500,"Target_Only",0.77293934681182
200,500,"Source1_Only",0.677682737169518
200,500,"Source2_Only",0.794712286158631
200,500,"Weighted",0.813763608087092
300,500,"Target_Only",0.783409359689137
300,500,"Source1_Only",0.636762966717351
300,500,"Source2_Only",0.811961479979726
300,500,"Weighted",0.814495691839838
100,1000,"Target_Only",0.654676258992806
100,1000,"Source1_Only",0.638848920863309
100,1000,"Source2_Only",0.644604316546763
100,1000,"Weighted",0.732374100719424
200,1000,"Target_Only",0.675962815405047
200,1000,"Source1_Only",0.646746347941567
200,1000,"Source2_Only",0.727755644090305
200,1000,"Weighted",0.759628154050465
300,1000,"Target_Only",0.729724933451642
300,1000,"Source1_Only",0.676841171251109
300,1000,"Source2_Only",0.740550133096717
300,1000,"Weighted",0.759538598047915
100,100,"Target_Only",0.581436077057793
100,100,"Source1_Only",0.509632224168126
100,100,"Source2_Only",0.63922942206655
100,100,"Weighted",0.600700525394046
200,100,"Target_Only",0.725733634311512
200,100,"Source1_Only",0.577125658389767
200,100,"Source2_Only",0.767494356659142
200,100,"Weighted",0.767494356659142
300,100,"Target_Only",0.800136542072026
300,100,"Source1_Only",0.690390851681174
300,100,"Source2_Only",0.714115036695682
300,100,"Weighted",0.805598224953064
100,300,"Target_Only",0.735483870967742
100,300,"Source1_Only",0.703225806451613
100,300,"Source2_Only",0.638709677419355
100,300,"Weighted",0.762903225806452
200,300,"Target_Only",0.731779504254532
200,300,"Source1_Only",0.704402515723271
200,300,"Source2_Only",0.731039585645579
200,300,"Weighted",0.781724010358861
300,300,"Target_Only",0.755351170568562
300,300,"Source1_Only",0.647826086956522
300,300,"Source2_Only",0.704180602006689
300,300,"Weighted",0.779933110367893
100,500,"Target_Only",0.616595135908441
100,500,"Source1_Only",0.562231759656652
100,500,"Source2_Only",0.652360515021459
100,500,"Weighted",0.650929899856938
200,500,"Target_Only",0.765220561429092
200,500,"Source1_Only",0.713816988698505
200,500,"Source2_Only",0.760481224936201
200,500,"Weighted",0.794385709077652
300,500,"Target_Only",0.734172787688003
300,500,"Source1_Only",0.627667016439314
300,500,"Source2_Only",0.736796082546345
300,500,"Weighted",0.757432668765303
100,1000,"Target_Only",0.717647058823529
100,1000,"Source1_Only",0.608403361344538
100,1000,"Source2_Only",0.74453781512605
100,1000,"Weighted",0.771428571428571
200,1000,"Target_Only",0.753646677471637
200,1000,"Source1_Only",0.680713128038898
200,1000,"Source2_Only",0.76904376012966
200,1000,"Weighted",0.820502431118314
300,1000,"Target_Only",0.794433679760437
300,1000,"Source1_Only",0.74828254359697
300,1000,"Source2_Only",0.783688567905584
300,1000,"Weighted",0.837414127179849
100,100,"Target_Only",0.813636363636364
100,100,"Source1_Only",0.73030303030303
100,100,"Source2_Only",0.690909090909091
100,100,"Weighted",0.854545454545454
200,100,"Target_Only",0.725697786333013
200,100,"Source1_Only",0.627045235803657
200,100,"Source2_Only",0.646294513955727
200,100,"Weighted",0.734841193455245
300,100,"Target_Only",0.779335410176532
300,100,"Source1_Only",0.525787469712703
300,100,"Source2_Only",0.737106265143648
300,100,"Weighted",0.813949463482174
100,300,"Target_Only",0.711375212224109
100,300,"Source1_Only",0.699490662139219
100,300,"Source2_Only",0.755517826825127
100,300,"Weighted",0.777589134125637
200,300,"Target_Only",0.730408698912636
200,300,"Source1_Only",0.643794525684289
200,300,"Source2_Only",0.79827521559805
200,300,"Weighted",0.785901762279715
300,300,"Target_Only",0.791082344480403
300,300,"Source1_Only",0.654440848615606
300,300,"Source2_Only",0.785508809780654
300,300,"Weighted",0.814095649047105
100,500,"Target_Only",0.778979907264297
100,500,"Source1_Only",0.612055641421947
100,500,"Source2_Only",0.774343122102009
100,500,"Weighted",0.799072642967543
200,500,"Target_Only",0.705371248025277
200,500,"Source1_Only",0.693127962085308
200,500,"Source2_Only",0.674565560821485
200,500,"Weighted",0.748815165876777
300,500,"Target_Only",0.729977957384276
300,500,"Source1_Only",0.668809698750918
300,500,"Source2_Only",0.766348273328435
300,500,"Weighted",0.786370315944159
100,1000,"Target_Only",0.790625
100,1000,"Source1_Only",0.6953125
100,1000,"Source2_Only",0.78125
100,1000,"Weighted",0.88125
200,1000,"Target_Only",0.762419006479482
200,1000,"Source1_Only",0.693304535637149
200,1000,"Source2_Only",0.769330453563715
200,1000,"Weighted",0.817278617710583
300,1000,"Target_Only",0.776948051948052
300,1000,"Source1_Only",0.626785714285714
300,1000,"Source2_Only",0.764123376623377
300,1000,"Weighted",0.793181818181818
100,100,"Target_Only",0.696923076923077
100,100,"Source1_Only",0.644615384615385
100,100,"Source2_Only",0.783076923076923
100,100,"Weighted",0.776923076923077
200,100,"Target_Only",0.748088360237893
200,100,"Source1_Only",0.645284621920136
200,100,"Source2_Only",0.6928632115548
200,100,"Weighted",0.76125743415463
300,100,"Target_Only",0.792784787631065
300,100,"Source1_Only",0.639950239914697
300,100,"Source2_Only",0.788697352052603
300,100,"Weighted",0.827972276523903
100,300,"Target_Only",0.713523131672598
100,300,"Source1_Only",0.638790035587189
100,300,"Source2_Only",0.761565836298932
100,300,"Weighted",0.781138790035587
200,300,"Target_Only",0.736122284794851
200,300,"Source1_Only",0.680209171359614
200,300,"Source2_Only",0.79646017699115
200,300,"Weighted",0.808930008045052
300,300,"Target_Only",0.743093045411242
300,300,"Source1_Only",0.649253731343284
300,300,"Source2_Only",0.761035249285487
300,300,"Weighted",0.794696729120356
100,500,"Target_Only",0.659340659340659
100,500,"Source1_Only",0.610675039246468
100,500,"Source2_Only",0.690737833594976
100,500,"Weighted",0.778649921507064
200,500,"Target_Only",0.738183161004431
200,500,"Source1_Only",0.659896602658789
200,500,"Source2_Only",0.749261447562777
200,500,"Weighted",0.798005908419498
300,500,"Target_Only",0.78418724659049
300,500,"Source1_Only",0.663287873203096
300,500,"Source2_Only",0.811647622558054
300,500,"Weighted",0.825101363803907
100,1000,"Target_Only",0.575959933222037
100,1000,"Source1_Only",0.664440734557596
100,1000,"Source2_Only",0.622704507512521
100,1000,"Weighted",0.666110183639399
200,1000,"Target_Only",0.749258788648878
200,1000,"Source1_Only",0.614146548072851
200,1000,"Source2_Only",0.787801778907243
200,1000,"Weighted",0.806014400677679
300,1000,"Target_Only",0.81615925058548
300,1000,"Source1_Only",0.693375710940114
300,1000,"Source2_Only",0.80361324857812
300,1000,"Weighted",0.848611575777852
100,100,"Target_Only",0.807272727272727
100,100,"Source1_Only",0.627272727272727
100,100,"Source2_Only",0.7
100,100,"Weighted",0.809090909090909
200,100,"Target_Only",0.68029197080292
200,100,"Source1_Only",0.63978102189781
200,100,"Source2_Only",0.698540145985401
200,100,"Weighted",0.744525547445255
300,100,"Target_Only",0.75670396022021
300,100,"Source1_Only",0.640916355887054
300,100,"Source2_Only",0.678209909429941
300,100,"Weighted",0.77268691173859
100,300,"Target_Only",0.563237774030354
100,300,"Source1_Only",0.664418212478921
100,300,"Source2_Only",0.736930860033727
100,300,"Weighted",0.715008431703204
200,300,"Target_Only",0.699528301886792
200,300,"Source1_Only",0.657547169811321
200,300,"Source2_Only",0.791981132075472
200,300,"Weighted",0.785377358490566
300,300,"Target_Only",0.703594374023268
300,300,"Source1_Only",0.678242750477513
300,300,"Source2_Only",0.707761764195173
300,300,"Weighted",0.758638652543844
100,500,"Target_Only",0.691935483870968
100,500,"Source1_Only",0.685483870967742
100,500,"Source2_Only",0.754838709677419
100,500,"Weighted",0.785483870967742
200,500,"Target_Only",0.681333950903196
200,500,"Source1_Only",0.578971746178786
200,500,"Source2_Only",0.779990736452061
200,500,"Weighted",0.710514126910607
300,500,"Target_Only",0.75316927665921
300,500,"Source1_Only",0.619313944817301
300,500,"Source2_Only",0.764168530947055
300,500,"Weighted",0.807046979865772
100,1000,"Target_Only",0.645454545454546
100,1000,"Source1_Only",0.634545454545455
100,1000,"Source2_Only",0.712727272727273
100,1000,"Weighted",0.685454545454545
200,1000,"Target_Only",0.680064961429151
200,1000,"Source1_Only",0.65935850588713
200,1000,"Source2_Only",0.746650426309379
200,1000,"Weighted",0.734470158343484
300,1000,"Target_Only",0.73725092874029
300,1000,"Source1_Only",0.689125295508274
300,1000,"Source2_Only",0.729061127997298
300,1000,"Weighted",0.770685579196217
100,100,"Target_Only",0.72755905511811
100,100,"Source1_Only",0.710236220472441
100,100,"Source2_Only",0.751181102362205
100,100,"Weighted",0.795275590551181
200,100,"Target_Only",0.754247824285122
200,100,"Source1_Only",0.70907583920431
200,100,"Source2_Only",0.772482387070037
200,100,"Weighted",0.814753418980522
300,100,"Target_Only",0.797727272727273
300,100,"Source1_Only",0.624825174825175
300,100,"Source2_Only",0.807167832167832
300,100,"Weighted",0.835664335664336
100,300,"Target_Only",0.657801418439716
100,300,"Source1_Only",0.523049645390071
100,300,"Source2_Only",0.716312056737589
100,300,"Weighted",0.707446808510638
200,300,"Target_Only",0.697551020408163
200,300,"Source1_Only",0.642040816326531
200,300,"Source2_Only",0.746938775510204
200,300,"Weighted",0.777959183673469
300,300,"Target_Only",0.775166070516096
300,300,"Source1_Only",0.653892011582354
300,300,"Source2_Only",0.807187872594107
300,300,"Weighted",0.817407596661557
100,500,"Target_Only",0.548453608247423
100,500,"Source1_Only",0.581443298969072
100,500,"Source2_Only",0.814432989690722
100,500,"Weighted",0.738144329896907
200,500,"Target_Only",0.706705059646236
200,500,"Source1_Only",0.662278897573015
200,500,"Source2_Only",0.79185520361991
200,500,"Weighted",0.774578362813657
300,500,"Target_Only",0.748609941027801
300,500,"Source1_Only",0.638753159224937
300,500,"Source2_Only",0.774894692502106
300,500,"Weighted",0.790564448188711
100,1000,"Target_Only",0.741702741702742
100,1000,"Source1_Only",0.702741702741703
100,1000,"Source2_Only",0.6998556998557
100,1000,"Weighted",0.796536796536797
200,1000,"Target_Only",0.745325355272999
200,1000,"Source1_Only",0.721391174270755
200,1000,"Source2_Only",0.780104712041885
200,1000,"Weighted",0.816379955123411
300,1000,"Target_Only",0.772774869109948
300,1000,"Source1_Only",0.692844677137871
300,1000,"Source2_Only",0.760558464223386
300,1000,"Weighted",0.801919720767888
100,100,"Target_Only",0.768041237113402
100,100,"Source1_Only",0.687285223367698
100,100,"Source2_Only",0.738831615120275
100,100,"Weighted",0.843642611683849
200,100,"Target_Only",0.72498090145149
200,100,"Source1_Only",0.651260504201681
200,100,"Source2_Only",0.707410236822002
200,100,"Weighted",0.772345301757067
300,100,"Target_Only",0.786639047125842
300,100,"Source1_Only",0.579147246677024
300,100,"Source2_Only",0.698947005006042
300,100,"Weighted",0.79561539789401
100,300,"Target_Only",0.786499215070644
100,300,"Source1_Only",0.679748822605965
100,300,"Source2_Only",0.708006279434851
100,300,"Weighted",0.805337519623234
200,300,"Target_Only",0.671538180489587
200,300,"Source1_Only",0.595177201315309
200,300,"Source2_Only",0.692729265619291
200,300,"Weighted",0.7197661673365
300,300,"Target_Only",0.731242202815897
300,300,"Source1_Only",0.678310461593299
300,300,"Source2_Only",0.75084655141686
300,300,"Weighted",0.771163785421493
100,500,"Target_Only",0.725609756097561
100,500,"Source1_Only",0.711890243902439
100,500,"Source2_Only",0.842987804878049
100,500,"Weighted",0.842987804878049
200,500,"Target_Only",0.736434108527132
200,500,"Source1_Only",0.694410444716442
200,500,"Source2_Only",0.809873521011832
200,500,"Weighted",0.80905752753978
300,500,"Target_Only",0.704823488290807
300,500,"Source1_Only",0.713037399510661
300,500,"Source2_Only",0.768787137364558
300,500,"Weighted",0.777001048584411
100,1000,"Target_Only",0.616113744075829
100,1000,"Source1_Only",0.674565560821485
100,1000,"Source2_Only",0.720379146919431
100,1000,"Weighted",0.688783570300158
200,1000,"Target_Only",0.7040395713108
200,1000,"Source1_Only",0.675185490519373
200,1000,"Source2_Only",0.766281945589448
200,1000,"Weighted",0.748145094806265
300,1000,"Target_Only",0.744218887908208
300,1000,"Source1_Only",0.650838481906443
300,1000,"Source2_Only",0.787202118270079
300,1000,"Weighted",0.788702559576346
100,100,"Target_Only",0.666030534351145
100,100,"Source1_Only",0.597328244274809
100,100,"Source2_Only",0.778625954198473
100,100,"Weighted",0.740458015267176
200,100,"Target_Only",0.762291751320601
200,100,"Source1_Only",0.684681023973994
200,100,"Source2_Only",0.639983746444535
200,100,"Weighted",0.759853718000813
300,100,"Target_Only",0.750047957030501
300,100,"Source1_Only",0.670055630155381
300,100,"Source2_Only",0.726836754268176
300,100,"Weighted",0.780164972184922
100,300,"Target_Only",0.685672514619883
100,300,"Source1_Only",0.685672514619883
100,300,"Source2_Only",0.761695906432749
100,300,"Weighted",0.761695906432749
200,300,"Target_Only",0.776556776556777
200,300,"Source1_Only",0.696377696377696
200,300,"Source2_Only",0.758241758241758
200,300,"Weighted",0.821326821326821
300,300,"Target_Only",0.737258509659614
300,300,"Source1_Only",0.635142594296228
300,300,"Source2_Only",0.705611775528979
300,300,"Weighted",0.756577736890524
100,500,"Target_Only",0.593591905564924
100,500,"Source1_Only",0.650927487352445
100,500,"Source2_Only",0.593591905564924
100,500,"Weighted",0.652613827993255
200,500,"Target_Only",0.751063829787234
200,500,"Source1_Only",0.690212765957447
200,500,"Source2_Only",0.805957446808511
200,500,"Weighted",0.811914893617021
300,500,"Target_Only",0.708473436449227
300,500,"Source1_Only",0.659549428379287
300,500,"Source2_Only",0.761600537995965
300,500,"Weighted",0.759583053127102
100,1000,"Target_Only",0.690909090909091
100,1000,"Source1_Only",0.675757575757576
100,1000,"Source2_Only",0.8
100,1000,"Weighted",0.777272727272727
200,1000,"Target_Only",0.745313214449017
200,1000,"Source1_Only",0.66986739826246
200,1000,"Source2_Only",0.802011888431642
200,1000,"Weighted",0.805212620027435
300,1000,"Target_Only",0.783427495291902
300,1000,"Source1_Only",0.654682417394282
300,1000,"Source2_Only",0.807053586714604
300,1000,"Weighted",0.823146721451806
100,100,"Target_Only",0.61624649859944
100,100,"Source1_Only",0.623249299719888
100,100,"Source2_Only",0.585434173669468
100,100,"Weighted",0.635854341736695
200,100,"Target_Only",0.700395256916996
200,100,"Source1_Only",0.568774703557312
200,100,"Source2_Only",0.680632411067194
200,100,"Weighted",0.71699604743083
300,100,"Target_Only",0.789228007181329
300,100,"Source1_Only",0.659784560143627
300,100,"Source2_Only",0.727648114901257
300,100,"Weighted",0.78096947935368
100,300,"Target_Only",0.781150159744409
100,300,"Source1_Only",0.60702875399361
100,300,"Source2_Only",0.680511182108626
100,300,"Weighted",0.793929712460064
200,300,"Target_Only",0.761280931586608
200,300,"Source1_Only",0.648471615720524
200,300,"Source2_Only",0.794759825327511
200,300,"Weighted",0.804949053857351
300,300,"Target_Only",0.742833607907743
300,300,"Source1_Only",0.657660626029654
300,300,"Source2_Only",0.757825370675453
300,300,"Weighted",0.778912685337727
100,500,"Target_Only",0.68975468975469
100,500,"Source1_Only",0.681096681096681
100,500,"Source2_Only",0.70995670995671
100,500,"Weighted",0.799422799422799
200,500,"Target_Only",0.738393217601938
200,500,"Source1_Only",0.635446104158256
200,500,"Source2_Only",0.803794913201453
200,500,"Weighted",0.804198627371821
300,500,"Target_Only",0.779993124785149
300,500,"Source1_Only",0.676177380543142
300,500,"Source2_Only",0.735819869370918
300,500,"Weighted",0.792712272258508
100,1000,"Target_Only",0.689473684210526
100,1000,"Source1_Only",0.680701754385965
100,1000,"Source2_Only",0.764912280701754
100,1000,"Weighted",0.768421052631579
200,1000,"Target_Only",0.769831483764899
200,1000,"Source1_Only",0.725852856555693
200,1000,"Source2_Only",0.779284833538841
200,1000,"Weighted",0.810110974106042
300,1000,"Target_Only",0.732605973886604
300,1000,"Source1_Only",0.695761044535861
300,1000,"Source2_Only",0.735825433732785
300,1000,"Weighted",0.774458951886961
100,100,"Target_Only",0.726094003241491
100,100,"Source1_Only",0.719611021069692
100,100,"Source2_Only",0.656401944894652
100,100,"Weighted",0.756888168557536
200,100,"Target_Only",0.779955621301775
200,100,"Source1_Only",0.67085798816568
200,100,"Source2_Only",0.686390532544379
200,100,"Weighted",0.783653846153846
300,100,"Target_Only",0.766202592414786
300,100,"Source1_Only",0.696751480236838
300,100,"Source2_Only",0.711313810209634
300,100,"Weighted",0.777884461513842
100,300,"Target_Only",0.774803149606299
100,300,"Source1_Only",0.711811023622047
100,300,"Source2_Only",0.759055118110236
100,300,"Weighted",0.811023622047244
200,300,"Target_Only",0.73
200,300,"Source1_Only",0.697857142857143
200,300,"Source2_Only",0.740714285714286
200,300,"Weighted",0.778571428571429
300,300,"Target_Only",0.764432190246424
300,300,"Source1_Only",0.678269860417026
300,300,"Source2_Only",0.769257280716871
300,300,"Weighted",0.806824056522488
100,500,"Target_Only",0.7552
100,500,"Source1_Only",0.6592
100,500,"Source2_Only",0.7712
100,500,"Weighted",0.8096
200,500,"Target_Only",0.802397684993799
200,500,"Source1_Only",0.673005374121538
200,500,"Source2_Only",0.813972715998346
200,500,"Weighted",0.850351384869781
300,500,"Target_Only",0.727722772277228
300,500,"Source1_Only",0.650813295615276
300,500,"Source2_Only",0.78518387553041
300,500,"Weighted",0.786421499292786
100,1000,"Target_Only",0.68
100,1000,"Source1_Only",0.746666666666667
100,1000,"Source2_Only",0.776666666666667
100,1000,"Weighted",0.81
200,1000,"Target_Only",0.709357652656622
200,1000,"Source1_Only",0.69310071371927
200,1000,"Source2_Only",0.769230769230769
200,1000,"Weighted",0.788263283108644
300,1000,"Target_Only",0.737279938092474
300,1000,"Source1_Only",0.664538595473012
300,1000,"Source2_Only",0.748887599148772
300,1000,"Weighted",0.780615206035984
100,100,"Target_Only",0.6464
100,100,"Source1_Only",0.64
100,100,"Source2_Only",0.8256
100,100,"Weighted",0.7824
200,100,"Target_Only",0.751787132644956
200,100,"Source1_Only",0.541302621127879
200,100,"Source2_Only",0.730738681493249
200,100,"Weighted",0.774821286735504
300,100,"Target_Only",0.789714285714286
300,100,"Source1_Only",0.564380952380952
300,100,"Source2_Only",0.685714285714286
300,100,"Weighted",0.786285714285714
100,300,"Target_Only",0.724007561436673
100,300,"Source1_Only",0.729678638941399
100,300,"Source2_Only",0.744801512287335
100,300,"Weighted",0.790170132325142
200,300,"Target_Only",0.690527838033261
200,300,"Source1_Only",0.690889370932755
200,300,"Source2_Only",0.72234273318872
200,300,"Weighted",0.760665220535069
300,300,"Target_Only",0.721601649768001
300,300,"Source1_Only",0.594088331328407
300,300,"Source2_Only",0.727788279773157
300,300,"Weighted",0.754253308128544
100,500,"Target_Only",0.635071090047393
100,500,"Source1_Only",0.522906793048973
100,500,"Source2_Only",0.740916271721959
100,500,"Weighted",0.707740916271722
200,500,"Target_Only",0.720620043258832
200,500,"Source1_Only",0.601297764960346
200,500,"Source2_Only",0.752703677000721
200,500,"Weighted",0.767483777937996
300,500,"Target_Only",0.752190847127556
300,500,"Source1_Only",0.619441739694904
300,500,"Source2_Only",0.772882181110029
300,500,"Weighted",0.783187276858163
100,1000,"Target_Only",0.652542372881356
100,1000,"Source1_Only",0.628813559322034
100,1000,"Source2_Only",0.635593220338983
100,1000,"Weighted",0.693220338983051
200,1000,"Target_Only",0.70763723150358
200,1000,"Source1_Only",0.65035799522673
200,1000,"Source2_Only",0.766507557677009
200,1000,"Weighted",0.768496420047733
300,1000,"Target_Only",0.722473867595819
300,1000,"Source1_Only",0.690940766550523
300,1000,"Source2_Only",0.735017421602787
300,1000,"Weighted",0.759581881533101
100,100,"Target_Only",0.53405017921147
100,100,"Source1_Only",0.503584229390681
100,100,"Source2_Only",0.659498207885305
100,100,"Weighted",0.603942652329749
200,100,"Target_Only",0.754868755292125
200,100,"Source1_Only",0.645639288738357
200,100,"Source2_Only",0.762066045723963
200,100,"Weighted",0.85182049110923
300,100,"Target_Only",0.773934747726868
300,100,"Source1_Only",0.623462292743805
300,100,"Source2_Only",0.646104474950972
300,100,"Weighted",0.74576573364236
100,300,"Target_Only",0.617940199335548
100,300,"Source1_Only",0.667774086378738
100,300,"Source2_Only",0.770764119601329
100,300,"Weighted",0.740863787375415
200,300,"Target_Only",0.741745283018868
200,300,"Source1_Only",0.653694968553459
200,300,"Source2_Only",0.688286163522013
200,300,"Weighted",0.765723270440252
300,300,"Target_Only",0.739160476766281
300,300,"Source1_Only",0.652617032302643
300,300,"Source2_Only",0.724822940058732
300,300,"Weighted",0.765935394714113
100,500,"Target_Only",0.675409836065574
100,500,"Source1_Only",0.681967213114754
100,500,"Source2_Only",0.726229508196721
100,500,"Weighted",0.80983606557377
200,500,"Target_Only",0.764305722288916
200,500,"Source1_Only",0.670668267306923
200,500,"Source2_Only",0.817126850740296
200,500,"Weighted",0.832733093237295
300,500,"Target_Only",0.763066202090592
300,500,"Source1_Only",0.654318723638364
300,500,"Source2_Only",0.756280946268109
300,500,"Weighted",0.794241701815514
100,1000,"Target_Only",0.720486111111111
100,1000,"Source1_Only",0.743055555555556
100,1000,"Source2_Only",0.748263888888889
100,1000,"Weighted",0.842013888888889
200,1000,"Target_Only",0.775181922635006
200,1000,"Source1_Only",0.771351972424358
200,1000,"Source2_Only",0.774415932592876
200,1000,"Weighted",0.839142091152815
300,1000,"Target_Only",0.777566867989646
300,1000,"Source1_Only",0.663157894736842
300,1000,"Source2_Only",0.816911130284728
300,1000,"Weighted",0.83037100949094
100,100,"Target_Only",0.597337770382696
100,100,"Source1_Only",0.653910149750416
100,100,"Source2_Only",0.735440931780366
100,100,"Weighted",0.777038269550749
200,100,"Target_Only",0.766572920851748
200,100,"Source1_Only",0.680996384089996
200,100,"Source2_Only",0.746886299718763
200,100,"Weighted",0.80996384089996
300,100,"Target_Only",0.744198220205898
300,100,"Source1_Only",0.626766707380911
300,100,"Source2_Only",0.731460478101553
300,100,"Weighted",0.76025126504973
100,300,"Target_Only",0.720630372492837
100,300,"Source1_Only",0.707736389684814
100,300,"Source2_Only",0.727793696275072
100,300,"Weighted",0.786532951289398
200,300,"Target_Only",0.744153082919915
200,300,"Source1_Only",0.663004961020553
200,300,"Source2_Only",0.761162296243799
200,300,"Weighted",0.79801559177888
300,300,"Target_Only",0.761042262472196
300,300,"Source1_Only",0.639815697489673
300,300,"Source2_Only",0.761042262472196
300,300,"Weighted",0.789640927867811
100,500,"Target_Only",0.623123123123123
100,500,"Source1_Only",0.671171171171171
100,500,"Source2_Only",0.66966966966967
100,500,"Weighted",0.711711711711712
200,500,"Target_Only",0.706842653699201
200,500,"Source1_Only",0.629385203195554
200,500,"Source2_Only",0.737061479680445
200,500,"Weighted",0.739145536644668
300,500,"Target_Only",0.805993970562156
300,500,"Source1_Only",0.708636283028906
300,500,"Source2_Only",0.773896080865402
300,500,"Weighted",0.818052846249335
100,1000,"Target_Only",0.770670826833073
100,1000,"Source1_Only",0.709828393135725
100,1000,"Source2_Only",0.862714508580343
100,1000,"Weighted",0.833073322932917
200,1000,"Target_Only",0.719166666666667
200,1000,"Source1_Only",0.724166666666667
200,1000,"Source2_Only",0.70375
200,1000,"Weighted",0.792083333333333
300,1000,"Target_Only",0.700943221749584
300,1000,"Source1_Only",0.688366931755132
300,1000,"Source2_Only",0.758091363047901
300,1000,"Weighted",0.773811725540965
100,100,"Target_Only",0.678466076696165
100,100,"Source1_Only",0.581120943952802
100,100,"Source2_Only",0.702064896755162
100,100,"Weighted",0.746312684365782
200,100,"Target_Only",0.766187050359712
200,100,"Source1_Only",0.636690647482014
200,100,"Source2_Only",0.72581934452438
200,100,"Weighted",0.778577138289368
300,100,"Target_Only",0.756416794152643
300,100,"Source1_Only",0.637769845317015
300,100,"Source2_Only",0.77188509263981
300,100,"Weighted",0.806901240863505
100,300,"Target_Only",0.720190779014308
100,300,"Source1_Only",0.677265500794913
100,300,"Source2_Only",0.688394276629571
100,300,"Weighted",0.759936406995231
200,300,"Target_Only",0.691673212882954
200,300,"Source1_Only",0.649253731343284
200,300,"Source2_Only",0.741555380989788
200,300,"Weighted",0.776512175962294
300,300,"Target_Only",0.723106191629194
300,300,"Source1_Only",0.633344863369076
300,300,"Source2_Only",0.773953649256313
300,300,"Weighted",0.781217571774472
100,500,"Target_Only",0.631975867269985
100,500,"Source1_Only",0.659125188536953
100,500,"Source2_Only",0.648567119155354
100,500,"Weighted",0.705882352941176
200,500,"Target_Only",0.758151052414362
200,500,"Source1_Only",0.753611225753198
200,500,"Source2_Only",0.788278992983904
200,500,"Weighted",0.822534048699959
300,500,"Target_Only",0.742960288808664
300,500,"Source1_Only",0.722924187725632
300,500,"Source2_Only",0.76101083032491
300,500,"Weighted",0.792960288808664
100,1000,"Target_Only",0.681229773462783
100,1000,"Source1_Only",0.739482200647249
100,1000,"Source2_Only",0.660194174757282
100,1000,"Weighted",0.758899676375405
200,1000,"Target_Only",0.756711409395973
200,1000,"Source1_Only",0.773489932885906
200,1000,"Source2_Only",0.785654362416107
200,1000,"Weighted",0.849412751677852
300,1000,"Target_Only",0.79468345575376
300,1000,"Source1_Only",0.663518712836656
300,1000,"Source2_Only",0.763029031129766
300,1000,"Weighted",0.82109129066107
100,100,"Target_Only",0.792792792792793
100,100,"Source1_Only",0.691891891891892
100,100,"Source2_Only",0.726126126126126
100,100,"Weighted",0.841441441441442
200,100,"Target_Only",0.786692759295499
200,100,"Source1_Only",0.650880626223092
200,100,"Source2_Only",0.623483365949119
200,100,"Weighted",0.756947162426614
300,100,"Target_Only",0.653799339245349
300,100,"Source1_Only",0.65414710485133
300,100,"Source2_Only",0.662493479394888
300,100,"Weighted",0.692575204312293
100,300,"Target_Only",0.646234676007005
100,300,"Source1_Only",0.672504378283713
100,300,"Source2_Only",0.761821366024518
100,300,"Weighted",0.749562171628722
200,300,"Target_Only",0.651436646255299
200,300,"Source1_Only",0.549222797927461
200,300,"Source2_Only",0.78568064060292
200,300,"Weighted",0.723033443240697
300,300,"Target_Only",0.738918737407656
300,300,"Source1_Only",0.659838817998657
300,300,"Source2_Only",0.745802552048355
300,300,"Weighted",0.775352585627938
100,500,"Target_Only",0.627151051625239
100,500,"Source1_Only",0.674952198852772
100,500,"Source2_Only",0.801147227533461
100,500,"Weighted",0.749521988527725
200,500,"Target_Only",0.779160186625194
200,500,"Source1_Only",0.683514774494557
200,500,"Source2_Only",0.784603421461897
200,500,"Weighted",0.837091757387247
300,500,"Target_Only",0.726064277301026
300,500,"Source1_Only",0.634023220595659
300,500,"Source2_Only",0.713780918727915
300,500,"Weighted",0.756015480397106
100,1000,"Target_Only",0.597359735973597
100,1000,"Source1_Only",0.656765676567657
100,1000,"Source2_Only",0.688118811881188
100,1000,"Weighted",0.701320132013201
200,1000,"Target_Only",0.768514771347633
200,1000,"Source1_Only",0.747875354107649
200,1000,"Source2_Only",0.706596519627681
200,1000,"Weighted",0.809388911371914
300,1000,"Target_Only",0.799511400651466
300,1000,"Source1_Only",0.651628664495114
300,1000,"Source2_Only",0.771661237785016
300,1000,"Weighted",0.818403908794788
100,100,"Target_Only",0.606907894736842
100,100,"Source1_Only",0.595394736842105
100,100,"Source2_Only",0.644736842105263
100,100,"Weighted",0.677631578947368
200,100,"Target_Only",0.749603803486529
200,100,"Source1_Only",0.677496038034865
200,100,"Source2_Only",0.739698890649762
200,100,"Weighted",0.789223454833597
300,100,"Target_Only",0.750139431121026
300,100,"Source1_Only",0.626324595649749
300,100,"Source2_Only",0.713701431492842
300,100,"Weighted",0.769473879903328
100,300,"Target_Only",0.639372822299652
100,300,"Source1_Only",0.653310104529617
100,300,"Source2_Only",0.764808362369338
100,300,"Weighted",0.749128919860627
200,300,"Target_Only",0.71007639141506
200,300,"Source1_Only",0.671153146598763
200,300,"Source2_Only",0.681338668606766
200,300,"Weighted",0.730447435431066
300,300,"Target_Only",0.762784855553562
300,300,"Source1_Only",0.688318679346851
300,300,"Source2_Only",0.752736407679885
300,300,"Weighted",0.809079490400143
100,500,"Target_Only",0.671130952380952
100,500,"Source1_Only",0.785714285714286
100,500,"Source2_Only",0.745535714285714
100,500,"Weighted",0.821428571428571
200,500,"Target_Only",0.707869481765835
200,500,"Source1_Only",0.694817658349328
200,500,"Source2_Only",0.738579654510557
200,500,"Weighted",0.768905950095969
300,500,"Target_Only",0.750710227272727
300,500,"Source1_Only",0.663529829545455
300,500,"Source2_Only",0.757279829545455
300,500,"Weighted",0.785511363636364
100,1000,"Target_Only",0.632352941176471
100,1000,"Source1_Only",0.576797385620915
100,1000,"Source2_Only",0.720588235294118
100,1000,"Weighted",0.720588235294118
200,1000,"Target_Only",0.746011211729194
200,1000,"Source1_Only",0.702889176369125
200,1000,"Source2_Only",0.757654161276412
200,1000,"Weighted",0.791720569210867
300,1000,"Target_Only",0.696794448116325
300,1000,"Source1_Only",0.696629213483146
300,1000,"Source2_Only",0.73694646397885
300,1000,"Weighted",0.755948446794448
100,100,"Target_Only",0.660322108345534
100,100,"Source1_Only",0.726207906295754
100,100,"Source2_Only",0.767203513909224
100,100,"Weighted",0.752562225475842
200,100,"Target_Only",0.721107544141252
200,100,"Source1_Only",0.604735152487962
200,100,"Source2_Only",0.617576243980738
200,100,"Weighted",0.734751203852327
300,100,"Target_Only",0.748088685015291
300,100,"Source1_Only",0.608371559633027
300,100,"Source2_Only",0.691704892966361
300,100,"Weighted",0.764525993883792
100,300,"Target_Only",0.659701492537313
100,300,"Source1_Only",0.576119402985075
100,300,"Source2_Only",0.722388059701493
100,300,"Weighted",0.719402985074627
200,300,"Target_Only",0.736885928393006
200,300,"Source1_Only",0.66902581182348
200,300,"Source2_Only",0.789342214820983
200,300,"Weighted",0.798084929225645
300,300,"Target_Only",0.781924301379554
300,300,"Source1_Only",0.692253272019809
300,300,"Source2_Only",0.774672798019101
300,300,"Weighted",0.809515387336399
100,500,"Target_Only",0.660984848484849
100,500,"Source1_Only",0.660984848484849
100,500,"Source2_Only",0.801136363636364
100,500,"Weighted",0.850378787878788
200,500,"Target_Only",0.774764150943396
200,500,"Source1_Only",0.692216981132076
200,500,"Source2_Only",0.773977987421384
200,500,"Weighted",0.82311320754717
300,500,"Target_Only",0.789194734142588
300,500,"Source1_Only",0.641648144982048
300,500,"Source2_Only",0.74046845614635
300,500,"Weighted",0.800649683706616
100,1000,"Target_Only",0.71451355661882
100,1000,"Source1_Only",0.698564593301435
100,1000,"Source2_Only",0.751196172248804
100,1000,"Weighted",0.76555023923445
200,1000,"Target_Only",0.724682156948707
200,1000,"Source1_Only",0.655852696185883
200,1000,"Source2_Only",0.789127575624726
200,1000,"Weighted",0.786935554581324
300,1000,"Target_Only",0.784982935153584
300,1000,"Source1_Only",0.709179091072391
300,1000,"Source2_Only",0.808155200287408
300,1000,"Weighted",0.815699658703072
100,100,"Target_Only",0.615748031496063
100,100,"Source1_Only",0.604724409448819
100,100,"Source2_Only",0.730708661417323
100,100,"Weighted",0.724409448818898
200,100,"Target_Only",0.700437028208184
200,100,"Source1_Only",0.728645212554629
200,100,"Source2_Only",0.744139849026619
200,100,"Weighted",0.782677791021057
300,100,"Target_Only",0.752079595498287
300,100,"Source1_Only",0.707062469417713
300,100,"Source2_Only",0.748165062795629
300,100,"Weighted",0.789267656173544
100,300,"Target_Only",0.717532467532467
100,300,"Source1_Only",0.694805194805195
100,300,"Source2_Only",0.761363636363636
100,300,"Weighted",0.831168831168831
200,300,"Target_Only",0.799025578562728
200,300,"Source1_Only",0.680064961429151
200,300,"Source2_Only",0.704425497360942
200,300,"Weighted",0.8022736500203
300,300,"Target_Only",0.744847711107058
300,300,"Source1_Only",0.664052525989422
300,300,"Source2_Only",0.783512675542586
300,300,"Weighted",0.803939449206639
100,500,"Target_Only",0.643086816720257
100,500,"Source1_Only",0.712218649517685
100,500,"Source2_Only",0.770096463022508
100,500,"Weighted",0.742765273311897
200,500,"Target_Only",0.78714859437751
200,500,"Source1_Only",0.701204819277108
200,500,"Source2_Only",0.678313253012048
200,500,"Weighted",0.805622489959839
300,500,"Target_Only",0.7355344883949
300,500,"Source1_Only",0.66868257600523
300,500,"Source2_Only",0.730630925138934
300,500,"Weighted",0.773128473357306
100,1000,"Target_Only",0.732441471571906
100,1000,"Source1_Only",0.608695652173913
100,1000,"Source2_Only",0.777591973244147
100,1000,"Weighted",0.817725752508361
200,1000,"Target_Only",0.740397963905599
200,1000,"Source1_Only",0.674687644608977
200,1000,"Source2_Only",0.775566867191115
200,1000,"Weighted",0.806571031929662
300,1000,"Target_Only",0.754926108374384
300,1000,"Source1_Only",0.689479239971851
300,1000,"Source2_Only",0.798733286418015
300,1000,"Weighted",0.809289232934553
100,100,"Target_Only",0.615987460815047
100,100,"Source1_Only",0.644200626959248
100,100,"Source2_Only",0.594043887147335
100,100,"Weighted",0.692789968652038
200,100,"Target_Only",0.668493150684932
200,100,"Source1_Only",0.537769080234834
200,100,"Source2_Only",0.710371819960861
200,100,"Weighted",0.720547945205479
300,100,"Target_Only",0.712566371681416
300,100,"Source1_Only",0.587964601769911
300,100,"Source2_Only",0.731327433628319
300,100,"Weighted",0.750088495575221
100,300,"Target_Only",0.764604810996564
100,300,"Source1_Only",0.699312714776632
100,300,"Source2_Only",0.65807560137457
100,300,"Weighted",0.783505154639175
200,300,"Target_Only",0.759053954175905
200,300,"Source1_Only",0.669623059866962
200,300,"Source2_Only",0.817442719881744
200,300,"Weighted",0.827790096082779
300,300,"Target_Only",0.809161624891962
300,300,"Source1_Only",0.605185825410545
300,300,"Source2_Only",0.792912705272256
300,300,"Weighted",0.829732065687122
100,500,"Target_Only",0.642028985507246
100,500,"Source1_Only",0.668115942028985
100,500,"Source2_Only",0.756521739130435
100,500,"Weighted",0.733333333333333
200,500,"Target_Only",0.761345218800648
200,500,"Source1_Only",0.65194489465154
200,500,"Source2_Only",0.780794165316045
200,500,"Weighted",0.810372771474879
300,500,"Target_Only",0.701837469217655
300,500,"Source1_Only",0.630232998673991
300,500,"Source2_Only",0.685357075203637
300,500,"Weighted",0.73782913430574
100,1000,"Target_Only",0.73497688751926
100,1000,"Source1_Only",0.679506933744222
100,1000,"Source2_Only",0.764252696456086
100,1000,"Weighted",0.812018489984592
200,1000,"Target_Only",0.700117600940808
200,1000,"Source1_Only",0.641317130537044
200,1000,"Source2_Only",0.774206193649549
200,1000,"Weighted",0.763622108976872
300,1000,"Target_Only",0.750886239123429
300,1000,"Source1_Only",0.648888172736062
300,1000,"Source2_Only",0.756848211408315
300,1000,"Weighted",0.779890428617467
100,100,"Target_Only",0.745901639344262
100,100,"Source1_Only",0.637704918032787
100,100,"Source2_Only",0.721311475409836
100,100,"Weighted",0.790163934426229
200,100,"Target_Only",0.8197820620285
200,100,"Source1_Only",0.681475272422464
200,100,"Source2_Only",0.69907795473596
200,100,"Weighted",0.827745180217938
300,100,"Target_Only",0.679468772433597
300,100,"Source1_Only",0.598528356066044
300,100,"Source2_Only",0.633165829145729
300,100,"Weighted",0.695800430725054
100,300,"Target_Only",0.688816855753647
100,300,"Source1_Only",0.66936790923825
100,300,"Source2_Only",0.771474878444084
100,300,"Weighted",0.79740680713128
200,300,"Target_Only",0.664033107599699
200,300,"Source1_Only",0.68510158013544
200,300,"Source2_Only",0.705041384499624
200,300,"Weighted",0.750564334085779
300,300,"Target_Only",0.782912412681354
300,300,"Source1_Only",0.753358409457281
300,300,"Source2_Only",0.792942862260434
300,300,"Weighted",0.837542539853126
100,500,"Target_Only",0.729468599033816
100,500,"Source1_Only",0.581320450885668
100,500,"Source2_Only",0.805152979066023
100,500,"Weighted",0.776167471819646
200,500,"Target_Only",0.685107995452823
200,500,"Source1_Only",0.649488442591891
200,500,"Source2_Only",0.801818870784388
200,500,"Weighted",0.783251231527094
300,500,"Target_Only",0.774935622317596
300,500,"Source1_Only",0.72618025751073
300,500,"Source2_Only",0.744377682403433
300,500,"Weighted",0.79931330472103
100,1000,"Target_Only",0.710485133020344
100,1000,"Source1_Only",0.621283255086072
100,1000,"Source2_Only",0.785602503912363
100,1000,"Weighted",0.769953051643192
200,1000,"Target_Only",0.735927465054779
200,1000,"Source1_Only",0.682659614658104
200,1000,"Source2_Only",0.708726860596902
200,1000,"Weighted",0.758972421609369
300,1000,"Target_Only",0.725796988069626
300,1000,"Source1_Only",0.620183845100724
300,1000,"Source2_Only",0.789360453745355
300,1000,"Weighted",0.776061020927049
100,100,"Target_Only",0.766412213740458
100,100,"Source1_Only",0.491603053435115
100,100,"Source2_Only",0.749618320610687
100,100,"Weighted",0.764885496183206
200,100,"Target_Only",0.795791114575214
200,100,"Source1_Only",0.638347622759158
200,100,"Source2_Only",0.702260327357755
200,100,"Weighted",0.786048324240062
300,100,"Target_Only",0.738777717685235
300,100,"Source1_Only",0.600144222102037
300,100,"Source2_Only",0.704705246078962
300,100,"Weighted",0.756625202812331
100,300,"Target_Only",0.748148148148148
100,300,"Source1_Only",0.648888888888889
100,300,"Source2_Only",0.715555555555556
100,300,"Weighted",0.739259259259259
200,300,"Target_Only",0.75323656335818
200,300,"Source1_Only",0.635543350333464
200,300,"Source2_Only",0.739113377795214
200,300,"Weighted",0.763436641820322
300,300,"Target_Only",0.723635754938065
300,300,"Source1_Only",0.689822564445932
300,300,"Source2_Only",0.686474723803147
300,300,"Weighted",0.741044526280549
100,500,"Target_Only",0.699346405228758
100,500,"Source1_Only",0.764705882352941
100,500,"Source2_Only",0.756535947712418
100,500,"Weighted",0.82516339869281
200,500,"Target_Only",0.71546237364283
200,500,"Source1_Only",0.69636840134781
200,500,"Source2_Only",0.688506177461625
200,500,"Weighted",0.761886933732684
300,500,"Target_Only",0.766518038102959
300,500,"Source1_Only",0.660721524118362
300,500,"Source2_Only",0.751114714227807
300,500,"Weighted",0.803810295905959
100,1000,"Target_Only",0.622754491017964
100,1000,"Source1_Only",0.667664670658683
100,1000,"Source2_Only",0.69311377245509
100,1000,"Weighted",0.738023952095808
200,1000,"Target_Only",0.739529757531227
200,1000,"Source1_Only",0.657237325495959
200,1000,"Source2_Only",0.781778104335048
200,1000,"Weighted",0.80051432770022
300,1000,"Target_Only",0.796717171717172
300,1000,"Source1_Only",0.684343434343434
300,1000,"Source2_Only",0.784632034632035
300,1000,"Weighted",0.83044733044733
100,100,"Target_Only",0.61830985915493
100,100,"Source1_Only",0.661971830985915
100,100,"Source2_Only",0.712676056338028
100,100,"Weighted",0.707042253521127
200,100,"Target_Only",0.781912765106042
200,100,"Source1_Only",0.625450180072029
200,100,"Source2_Only",0.778711484593838
200,100,"Weighted",0.842737094837935
300,100,"Target_Only",0.767431122056334
300,100,"Source1_Only",0.619208865630291
300,100,"Source2_Only",0.670155456364476
300,100,"Weighted",0.761120517161767
100,300,"Target_Only",0.778333333333333
100,300,"Source1_Only",0.723333333333333
100,300,"Source2_Only",0.82
100,300,"Weighted",0.843333333333333
200,300,"Target_Only",0.745831789551686
200,300,"Source1_Only",0.658021489440534
200,300,"Source2_Only",0.736569099666543
200,300,"Weighted",0.777695442756577
300,300,"Target_Only",0.779488974448722
300,300,"Source1_Only",0.685859292964648
300,300,"Source2_Only",0.764263213160658
300,300,"Weighted",0.807140357017851
100,500,"Target_Only",0.704081632653061
100,500,"Source1_Only",0.624149659863946
100,500,"Source2_Only",0.685374149659864
100,500,"Weighted",0.724489795918367
200,500,"Target_Only",0.691756272401434
200,500,"Source1_Only",0.654719235364397
200,500,"Source2_Only",0.736360015929908
200,500,"Weighted",0.74352847471127
300,500,"Target_Only",0.716093117408907
300,500,"Source1_Only",0.684716599190283
300,500,"Source2_Only",0.739878542510121
300,500,"Weighted",0.768218623481781
100,1000,"Target_Only",0.696261682242991
100,1000,"Source1_Only",0.716510903426791
100,1000,"Source2_Only",0.805295950155763
100,1000,"Weighted",0.766355140186916
200,1000,"Target_Only",0.716538617064294
200,1000,"Source1_Only",0.61140315406389
200,1000,"Source2_Only",0.722604124545087
200,1000,"Weighted",0.772341285887586
300,1000,"Target_Only",0.777132114168518
300,1000,"Source1_Only",0.696803965134165
300,1000,"Source2_Only",0.797983250726372
300,1000,"Weighted",0.813536147667066
100,100,"Target_Only",0.598726114649682
100,100,"Source1_Only",0.565286624203822
100,100,"Source2_Only",0.676751592356688
100,100,"Weighted",0.632165605095541
200,100,"Target_Only",0.716981132075472
200,100,"Source1_Only",0.57417684054754
200,100,"Source2_Only",0.691083980762116
200,100,"Weighted",0.731409544950056
300,100,"Target_Only",0.7919921875
300,100,"Source1_Only",0.659016927083333
300,100,"Source2_Only",0.756510416666667
300,100,"Weighted",0.80126953125
100,300,"Target_Only",0.729393468118196
100,300,"Source1_Only",0.810264385692068
100,300,"Source2_Only",0.721617418351477
100,300,"Weighted",0.786936236391913
200,300,"Target_Only",0.782764811490126
200,300,"Source1_Only",0.695152603231598
200,300,"Source2_Only",0.774865350089767
200,300,"Weighted",0.829084380610413
300,300,"Target_Only",0.746604779095754
300,300,"Source1_Only",0.630565583634176
300,300,"Source2_Only",0.737665463297232
300,300,"Weighted",0.777032834794568
100,500,"Target_Only",0.635782747603834
100,500,"Source1_Only",0.640575079872205
100,500,"Source2_Only",0.795527156549521
100,500,"Weighted",0.742811501597444
200,500,"Target_Only",0.768425135764158
200,500,"Source1_Only",0.688518231186967
200,500,"Source2_Only",0.809930178432894
200,500,"Weighted",0.82467028704422
300,500,"Target_Only",0.769373377827215
300,500,"Source1_Only",0.662773451983686
300,500,"Source2_Only",0.771041898405636
300,500,"Weighted",0.825176121616611
100,1000,"Target_Only",0.763322884012539
100,1000,"Source1_Only",0.727272727272727
100,1000,"Source2_Only",0.785266457680251
100,1000,"Weighted",0.816614420062696
200,1000,"Target_Only",0.747840394899218
200,1000,"Source1_Only",0.686960098724805
200,1000,"Source2_Only",0.79020979020979
200,1000,"Weighted",0.812011517893871
300,1000,"Target_Only",0.704982090524259
300,1000,"Source1_Only",0.657114946271573
300,1000,"Source2_Only",0.753012048192771
300,1000,"Weighted",0.787202865516119
100,100,"Target_Only",0.637660485021398
100,100,"Source1_Only",0.540656205420827
100,100,"Source2_Only",0.680456490727532
100,100,"Weighted",0.693295292439372
200,100,"Target_Only",0.753176742395071
200,100,"Source1_Only",0.580284944166346
200,100,"Source2_Only",0.707739699653446
200,100,"Weighted",0.759337697343088
300,100,"Target_Only",0.754170755642787
300,100,"Source1_Only",0.728164867517174
300,100,"Source2_Only",0.710827608766765
300,100,"Weighted",0.7801766437684
100,300,"Target_Only",0.77741935483871
100,300,"Source1_Only",0.758064516129032
100,300,"Source2_Only",0.732258064516129
100,300,"Weighted",0.82741935483871
200,300,"Target_Only",0.651968503937008
200,300,"Source1_Only",0.59488188976378
200,300,"Source2_Only",0.688976377952756
200,300,"Weighted",0.706692913385827
300,300,"Target_Only",0.708455312553814
300,300,"Source1_Only",0.640261753056656
300,300,"Source2_Only",0.785259169967281
300,300,"Weighted",0.765972102634751
100,500,"Target_Only",0.674140508221226
100,500,"Source1_Only",0.70254110612855
100,500,"Source2_Only",0.733931240657698
100,500,"Weighted",0.760837070254111
200,500,"Target_Only",0.690204081632653
200,500,"Source1_Only",0.663265306122449
200,500,"Source2_Only",0.764081632653061
200,500,"Weighted",0.769387755102041
300,500,"Target_Only",0.785622357050928
300,500,"Source1_Only",0.690016547159404
300,500,"Source2_Only",0.818716675859533
300,500,"Weighted",0.826622540908255
100,1000,"Target_Only",0.690292758089368
100,1000,"Source1_Only",0.61633281972265
100,1000,"Source2_Only",0.796610169491525
100,1000,"Weighted",0.779661016949152
200,1000,"Target_Only",0.739660265878877
200,1000,"Source1_Only",0.691285081240768
200,1000,"Source2_Only",0.802437223042836
200,1000,"Weighted",0.807976366322009
300,1000,"Target_Only",0.761122177954847
300,1000,"Source1_Only",0.672476759628154
300,1000,"Source2_Only",0.752822045152722
300,1000,"Weighted",0.797476759628154
100,100,"Target_Only",0.831889081455806
100,100,"Source1_Only",0.597920277296361
100,100,"Source2_Only",0.75736568457539
100,100,"Weighted",0.824956672443674
200,100,"Target_Only",0.725262368815592
200,100,"Source1_Only",0.610194902548726
200,100,"Source2_Only",0.72263868065967
200,100,"Weighted",0.769865067466267
300,100,"Target_Only",0.748022218481737
300,100,"Source1_Only",0.6335633731695
300,100,"Source2_Only",0.724962127587948
300,100,"Weighted",0.7725972058576
100,300,"Target_Only",0.705882352941176
100,300,"Source1_Only",0.651960784313726
100,300,"Source2_Only",0.792483660130719
100,300,"Weighted",0.748366013071895
200,300,"Target_Only",0.703284258210646
200,300,"Source1_Only",0.690449226123065
200,300,"Source2_Only",0.639486598716497
200,300,"Weighted",0.736881842204606
300,300,"Target_Only",0.729081542014567
300,300,"Source1_Only",0.556404334695328
300,300,"Source2_Only",0.757328122224196
300,300,"Weighted",0.761769408420679
100,500,"Target_Only",0.67651632970451
100,500,"Source1_Only",0.611197511664075
100,500,"Source2_Only",0.746500777604977
100,500,"Weighted",0.74805598755832
200,500,"Target_Only",0.735392320534224
200,500,"Source1_Only",0.698247078464107
200,500,"Source2_Only",0.754173622704507
200,500,"Weighted",0.780467445742905
300,500,"Target_Only",0.782715185444367
300,500,"Source1_Only",0.659202239328202
300,500,"Source2_Only",0.769944016794961
300,500,"Weighted",0.807557732680196
100,1000,"Target_Only",0.690993788819876
100,1000,"Source1_Only",0.71583850931677
100,1000,"Source2_Only",0.790372670807453
100,1000,"Weighted",0.777950310559006
200,1000,"Target_Only",0.75035765379113
200,1000,"Source1_Only",0.719599427753934
200,1000,"Source2_Only",0.779685264663805
200,1000,"Weighted",0.796137339055794
300,1000,"Target_Only",0.827779726411785
300,1000,"Source1_Only",0.748333917923536
300,1000,"Source2_Only",0.794458084882497
300,1000,"Weighted",0.857944580848825
100,100,"Target_Only",0.748456790123457
100,100,"Source1_Only",0.623456790123457
100,100,"Source2_Only",0.776234567901235
100,100,"Weighted",0.777777777777778
200,100,"Target_Only",0.76056338028169
200,100,"Source1_Only",0.676817662733156
200,100,"Source2_Only",0.708031975637609
200,100,"Weighted",0.789493719071184
300,100,"Target_Only",0.779031187790312
300,100,"Source1_Only",0.669376244193762
300,100,"Source2_Only",0.758958195089582
300,100,"Weighted",0.798108825481088
100,300,"Target_Only",0.664796633941094
100,300,"Source1_Only",0.633941093969144
100,300,"Source2_Only",0.743338008415147
100,300,"Weighted",0.741935483870968
200,300,"Target_Only",0.73135558302431
200,300,"Source1_Only",0.641120725175113
200,300,"Source2_Only",0.765142150803461
200,300,"Weighted",0.784095591264936
300,300,"Target_Only",0.725966654842143
300,300,"Source1_Only",0.667435260730756
300,300,"Source2_Only",0.759489180560482
300,300,"Weighted",0.795140120610145
100,500,"Target_Only",0.704113924050633
100,500,"Source1_Only",0.75
100,500,"Source2_Only",0.754746835443038
100,500,"Weighted",0.751582278481013
200,500,"Target_Only",0.729850141757797
200,500,"Source1_Only",0.678412312677197
200,500,"Source2_Only",0.774807614418793
200,500,"Weighted",0.803564196030782
300,500,"Target_Only",0.781831187410587
300,500,"Source1_Only",0.655221745350501
300,500,"Source2_Only",0.792739628040057
300,500,"Weighted",0.814377682403433
100,1000,"Target_Only",0.724087591240876
100,1000,"Source1_Only",0.745985401459854
100,1000,"Source2_Only",0.69051094890511
100,1000,"Weighted",0.78978102189781
200,1000,"Target_Only",0.679898033503277
200,1000,"Source1_Only",0.738528769118718
200,1000,"Source2_Only",0.718135469774217
200,1000,"Weighted",0.786598689002185
300,1000,"Target_Only",0.787333448693546
300,1000,"Source1_Only",0.671396435369441
300,1000,"Source2_Only",0.77470150545077
300,1000,"Weighted",0.823671915556325
100,100,"Target_Only",0.596182085168869
100,100,"Source1_Only",0.738619676945668
100,100,"Source2_Only",0.609397944199706
100,100,"Weighted",0.707782672540382
200,100,"Target_Only",0.715882806476484
200,100,"Source1_Only",0.609483423284503
200,100,"Source2_Only",0.678103315343099
200,100,"Weighted",0.734387047031611
300,100,"Target_Only",0.741749688667497
300,100,"Source1_Only",0.63620797011208
300,100,"Source2_Only",0.704389788293898
300,100,"Weighted",0.74579701120797
100,300,"Target_Only",0.69023569023569
100,300,"Source1_Only",0.636363636363636
100,300,"Source2_Only",0.841750841750842
100,300,"Weighted",0.784511784511784
200,300,"Target_Only",0.688721804511278
200,300,"Source1_Only",0.662781954887218
200,300,"Source2_Only",0.784962406015038
200,300,"Weighted",0.774436090225564
300,300,"Target_Only",0.727852464667356
300,300,"Source1_Only",0.65511892450879
300,300,"Source2_Only",0.761633919338159
300,300,"Weighted",0.773698724577732
100,500,"Target_Only",0.576402321083172
100,500,"Source1_Only",0.642166344294004
100,500,"Source2_Only",0.700193423597679
100,500,"Weighted",0.684719535783366
200,500,"Target_Only",0.713380544166977
200,500,"Source1_Only",0.588893030190086
200,500,"Source2_Only",0.724562057398435
200,500,"Weighted",0.747297800969065
300,500,"Target_Only",0.708282687966661
300,500,"Source1_Only",0.610869942698385
300,500,"Source2_Only",0.719569369682237
300,500,"Weighted",0.726341378711582
100,1000,"Target_Only",0.728486646884273
100,1000,"Source1_Only",0.679525222551929
100,1000,"Source2_Only",0.716617210682493
100,1000,"Weighted",0.774480712166172
200,1000,"Target_Only",0.743972445464983
200,1000,"Source1_Only",0.661308840413318
200,1000,"Source2_Only",0.761576731725985
200,1000,"Weighted",0.797933409873708
300,1000,"Target_Only",0.793056033001031
300,1000,"Source1_Only",0.705568924028876
300,1000,"Source2_Only",0.745617050532829
300,1000,"Weighted",0.82829150910966
100,100,"Target_Only",0.565529622980251
100,100,"Source1_Only",0.535008976660682
100,100,"Source2_Only",0.710951526032316
100,100,"Weighted",0.62657091561939
200,100,"Target_Only",0.768752774079006
200,100,"Source1_Only",0.731025299600533
200,100,"Source2_Only",0.66577896138482
200,100,"Weighted",0.793164669329782
300,100,"Target_Only",0.744238046095631
300,100,"Source1_Only",0.637082903336773
300,100,"Source2_Only",0.682318541451668
300,100,"Weighted",0.775197798417613
100,300,"Target_Only",0.673170731707317
100,300,"Source1_Only",0.642276422764228
100,300,"Source2_Only",0.773983739837398
100,300,"Weighted",0.816260162601626
200,300,"Target_Only",0.784603111288392
200,300,"Source1_Only",0.646589549262066
200,300,"Source2_Only",0.750299162345433
200,300,"Weighted",0.820502592740327
300,300,"Target_Only",0.715678310316816
300,300,"Source1_Only",0.58570268074736
300,300,"Source2_Only",0.711007311129163
300,300,"Weighted",0.748984565393989
100,500,"Target_Only",0.562009419152276
100,500,"Source1_Only",0.744113029827316
100,500,"Source2_Only",0.810047095761381
100,500,"Weighted",0.813186813186813
200,500,"Target_Only",0.723585912486659
200,500,"Source1_Only",0.659196015652793
200,500,"Source2_Only",0.742084667378157
200,500,"Weighted",0.779082177161153
300,500,"Target_Only",0.758310135909612
300,500,"Source1_Only",0.662027181922384
300,500,"Source2_Only",0.780579662682168
300,500,"Weighted",0.810217782872114
100,1000,"Target_Only",0.634259259259259
100,1000,"Source1_Only",0.638888888888889
100,1000,"Source2_Only",0.694444444444444
100,1000,"Weighted",0.716049382716049
200,1000,"Target_Only",0.705620703598868
200,1000,"Source1_Only",0.6579053780833
200,1000,"Source2_Only",0.760210270926001
200,1000,"Weighted",0.746461787302871
300,1000,"Target_Only",0.737495688168334
300,1000,"Source1_Only",0.680579510175923
300,1000,"Source2_Only",0.780786478095895
300,1000,"Weighted",0.802518109692998
100,100,"Target_Only",0.70820189274448
100,100,"Source1_Only",0.646687697160883
100,100,"Source2_Only",0.757097791798107
100,100,"Weighted",0.796529968454259
200,100,"Target_Only",0.769348074723599
200,100,"Source1_Only",0.648494090735799
200,100,"Source2_Only",0.730080060998856
200,100,"Weighted",0.775447960350743
300,100,"Target_Only",0.76054732041049
300,100,"Source1_Only",0.6002606287669
300,100,"Source2_Only",0.723244828147907
300,100,"Weighted",0.770646685127871
100,300,"Target_Only",0.825347758887172
100,300,"Source1_Only",0.752704791344668
100,300,"Source2_Only",0.727975270479134
100,300,"Weighted",0.833075734157651
200,300,"Target_Only",0.789050535987749
200,300,"Source1_Only",0.698315467075038
200,300,"Source2_Only",0.720137825421133
200,300,"Weighted",0.808575803981623
300,300,"Target_Only",0.682253114280556
300,300,"Source1_Only",0.635854847445387
300,300,"Source2_Only",0.766383823794909
300,300,"Weighted",0.769633507853403
100,500,"Target_Only",0.632558139534884
100,500,"Source1_Only",0.64031007751938
100,500,"Source2_Only",0.821705426356589
100,500,"Weighted",0.756589147286822
200,500,"Target_Only",0.768085106382979
200,500,"Source1_Only",0.737021276595745
200,500,"Source2_Only",0.712340425531915
200,500,"Weighted",0.813191489361702
300,500,"Target_Only",0.713970588235294
300,500,"Source1_Only",0.679595588235294
300,500,"Source2_Only",0.744117647058824
300,500,"Weighted",0.776286764705882
100,1000,"Target_Only",0.754180602006689
100,1000,"Source1_Only",0.698996655518395
100,1000,"Source2_Only",0.822742474916388
100,1000,"Weighted",0.824414715719064
200,1000,"Target_Only",0.708996815286624
200,1000,"Source1_Only",0.669585987261146
200,1000,"Source2_Only",0.726114649681529
200,1000,"Weighted",0.737261146496815
300,1000,"Target_Only",0.712681409813407
300,1000,"Source1_Only",0.684174153420871
300,1000,"Source2_Only",0.733241188666206
300,1000,"Weighted",0.756219765031099
100,100,"Target_Only",0.669064748201439
100,100,"Source1_Only",0.713669064748201
100,100,"Source2_Only",0.62158273381295
100,100,"Weighted",0.729496402877698
200,100,"Target_Only",0.663833075734158
200,100,"Source1_Only",0.566846986089645
200,100,"Source2_Only",0.696676970633694
200,100,"Weighted",0.702859350850077
300,100,"Target_Only",0.766696349065005
300,100,"Source1_Only",0.635084594835263
300,100,"Source2_Only",0.747462154942119
300,100,"Weighted",0.79893143365984
100,300,"Target_Only",0.731523378582202
100,300,"Source1_Only",0.699849170437406
100,300,"Source2_Only",0.73604826546003
100,300,"Weighted",0.772247360482655
200,300,"Target_Only",0.729996475149806
200,300,"Source1_Only",0.679943602396898
200,300,"Source2_Only",0.715897074374339
200,300,"Weighted",0.808248149453648
300,300,"Target_Only",0.724458792252184
300,300,"Source1_Only",0.625522218002279
300,300,"Source2_Only",0.705658944170148
300,300,"Weighted",0.754652487656665
100,500,"Target_Only",0.701649175412294
100,500,"Source1_Only",0.689655172413793
100,500,"Source2_Only",0.704647676161919
100,500,"Weighted",0.793103448275862
200,500,"Target_Only",0.68158844765343
200,500,"Source1_Only",0.689891696750903
200,500,"Source2_Only",0.684837545126354
200,500,"Weighted",0.736101083032491
300,500,"Target_Only",0.669314313502999
300,500,"Source1_Only",0.60706759604474
300,500,"Source2_Only",0.760577078943103
300,500,"Weighted",0.729940022694116
100,1000,"Target_Only",0.701842546063652
100,1000,"Source1_Only",0.654941373534338
100,1000,"Source2_Only",0.812395309882747
100,1000,"Weighted",0.778894472361809
200,1000,"Target_Only",0.772494513533285
200,1000,"Source1_Only",0.716166788588149
200,1000,"Source2_Only",0.790416971470373
200,1000,"Weighted",0.830285296269203
300,1000,"Target_Only",0.777649198214581
300,1000,"Source1_Only",0.679947098693999
300,1000,"Source2_Only",0.770540585220698
300,1000,"Weighted",0.8160026450653
100,100,"Target_Only",0.65905383360522
100,100,"Source1_Only",0.631321370309951
100,100,"Source2_Only",0.703099510603589
100,100,"Weighted",0.730831973898858
200,100,"Target_Only",0.790297937356761
200,100,"Source1_Only",0.656608097784568
200,100,"Source2_Only",0.703590527119939
200,100,"Weighted",0.786478227654698
300,100,"Target_Only",0.793368654930781
300,100,"Source1_Only",0.633737822594428
300,100,"Source2_Only",0.697487608955734
300,100,"Weighted",0.800546915057255
100,300,"Target_Only",0.716692189892802
100,300,"Source1_Only",0.742725880551302
100,300,"Source2_Only",0.690658499234303
100,300,"Weighted",0.803981623277182
200,300,"Target_Only",0.730631276901004
200,300,"Source1_Only",0.546987087517934
200,300,"Source2_Only",0.668938307030129
200,300,"Weighted",0.725609756097561
300,300,"Target_Only",0.82025837858079
300,300,"Source1_Only",0.651937839355926
300,300,"Source2_Only",0.789178056543718
300,300,"Weighted",0.845347313237222
100,500,"Target_Only",0.752012882447665
100,500,"Source1_Only",0.760064412238325
100,500,"Source2_Only",0.834138486312399
100,500,"Weighted",0.845410628019324
200,500,"Target_Only",0.76260162601626
200,500,"Source1_Only",0.686178861788618
200,500,"Source2_Only",0.741869918699187
200,500,"Weighted",0.784146341463415
300,500,"Target_Only",0.688586274861136
300,500,"Source1_Only",0.621573194767963
300,500,"Source2_Only",0.748432180612793
300,500,"Weighted",0.762945708654363
100,1000,"Target_Only",0.715654952076677
100,1000,"Source1_Only",0.670926517571885
100,1000,"Source2_Only",0.726837060702875
100,1000,"Weighted",0.781150159744409
200,1000,"Target_Only",0.714679260133806
200,1000,"Source1_Only",0.672176308539945
200,1000,"Source2_Only",0.758756395120031
200,1000,"Weighted",0.796930342384888
300,1000,"Target_Only",0.72158154859967
300,1000,"Source1_Only",0.717257001647446
300,1000,"Source2_Only",0.767504118616145
300,1000,"Weighted",0.80004118616145
100,100,"Target_Only",0.728395061728395
100,100,"Source1_Only",0.611992945326279
100,100,"Source2_Only",0.724867724867725
100,100,"Weighted",0.72663139329806
200,100,"Target_Only",0.731810490693739
200,100,"Source1_Only",0.663705583756345
200,100,"Source2_Only",0.687394247038917
200,100,"Weighted",0.737309644670051
300,100,"Target_Only",0.765732318544645
300,100,"Source1_Only",0.661035826990904
300,100,"Source2_Only",0.705216261369965
300,100,"Weighted",0.788193799888621
100,300,"Target_Only",0.7056
100,300,"Source1_Only",0.656
100,300,"Source2_Only",0.7824
100,300,"Weighted",0.784
200,300,"Target_Only",0.749089584850692
200,300,"Source1_Only",0.64530225782957
200,300,"Source2_Only",0.767297887836854
200,300,"Weighted",0.796795338674436
300,300,"Target_Only",0.732678386763185
300,300,"Source1_Only",0.656153050672182
300,300,"Source2_Only",0.765425715270596
300,300,"Weighted",0.781282316442606
100,500,"Target_Only",0.641744548286604
100,500,"Source1_Only",0.590342679127726
100,500,"Source2_Only",0.738317757009346
100,500,"Weighted",0.710280373831776
200,500,"Target_Only",0.771534044298605
200,500,"Source1_Only",0.679245283018868
200,500,"Source2_Only",0.823625922887613
200,500,"Weighted",0.849466776045939
300,500,"Target_Only",0.736326385177267
300,500,"Source1_Only",0.664528772492428
300,500,"Source2_Only",0.736682700872973
300,500,"Weighted",0.784250846249777
100,1000,"Target_Only",0.744514106583072
100,1000,"Source1_Only",0.695924764890282
100,1000,"Source2_Only",0.782131661442006
100,1000,"Weighted",0.802507836990596
200,1000,"Target_Only",0.638095238095238
200,1000,"Source1_Only",0.633766233766234
200,1000,"Source2_Only",0.738961038961039
200,1000,"Weighted",0.697402597402597
300,1000,"Target_Only",0.766131845134287
300,1000,"Source1_Only",0.686257411928845
300,1000,"Source2_Only",0.772235786536449
300,1000,"Weighted",0.814963376351587
100,100,"Target_Only",0.697171381031614
100,100,"Source1_Only",0.610648918469218
100,100,"Source2_Only",0.735440931780366
100,100,"Weighted",0.762063227953411
200,100,"Target_Only",0.765751836103595
200,100,"Source1_Only",0.553536915345961
200,100,"Source2_Only",0.727097023579436
200,100,"Weighted",0.772709702357944
300,100,"Target_Only",0.73630374479889
300,100,"Source1_Only",0.596393897364771
300,100,"Source2_Only",0.719660194174757
300,100,"Weighted",0.764042995839112
100,300,"Target_Only",0.517580872011252
100,300,"Source1_Only",0.580872011251758
100,300,"Source2_Only",0.623066104078762
100,300,"Weighted",0.618846694796062
200,300,"Target_Only",0.737830586431583
200,300,"Source1_Only",0.564584131851284
200,300,"Source2_Only",0.78267535454197
200,300,"Weighted",0.776542736680721
300,300,"Target_Only",0.742209194692996
300,300,"Source1_Only",0.635914841098426
300,300,"Source2_Only",0.758253625424252
300,300,"Weighted",0.772138228941685
100,500,"Target_Only",0.755905511811024
100,500,"Source1_Only",0.640944881889764
100,500,"Source2_Only",0.788976377952756
100,500,"Weighted",0.782677165354331
200,500,"Target_Only",0.743061062648692
200,500,"Source1_Only",0.668913560666138
200,500,"Source2_Only",0.761697065820777
200,500,"Weighted",0.803330689928628
300,500,"Target_Only",0.765938710813667
300,500,"Source1_Only",0.650228953856992
300,500,"Source2_Only",0.739873194786897
300,500,"Weighted",0.793941528707291
100,1000,"Target_Only",0.611510791366906
100,1000,"Source1_Only",0.616906474820144
100,1000,"Source2_Only",0.733812949640288
100,1000,"Weighted",0.701438848920863
200,1000,"Target_Only",0.763521074226035
200,1000,"Source1_Only",0.730324505781425
200,1000,"Source2_Only",0.764267064528161
200,1000,"Weighted",0.814994405072734
300,1000,"Target_Only",0.714461863660384
300,1000,"Source1_Only",0.666196935000881
300,1000,"Source2_Only",0.754271622335741
300,1000,"Weighted",0.783864717280254
100,100,"Target_Only",0.705701078582434
100,100,"Source1_Only",0.543913713405239
100,100,"Source2_Only",0.719568567026194
100,100,"Weighted",0.756548536209553
200,100,"Target_Only",0.74341252699784
200,100,"Source1_Only",0.730021598272138
200,100,"Source2_Only",0.735637149028078
200,100,"Weighted",0.785745140388769
300,100,"Target_Only",0.812199893295394
300,100,"Source1_Only",0.713498132669394
300,100,"Source2_Only",0.735550417926374
300,100,"Weighted",0.798328294504713
100,300,"Target_Only",0.592216582064298
100,300,"Source1_Only",0.690355329949239
100,300,"Source2_Only",0.768189509306261
100,300,"Weighted",0.72419627749577
200,300,"Target_Only",0.725681725681726
200,300,"Source1_Only",0.647944647944648
200,300,"Source2_Only",0.728937728937729
200,300,"Weighted",0.787952787952788
300,300,"Target_Only",0.755706569088691
300,300,"Source1_Only",0.653598187837602
300,300,"Source2_Only",0.713190451298136
300,300,"Weighted",0.761630946157867
100,500,"Target_Only",0.659010600706714
100,500,"Source1_Only",0.676678445229682
100,500,"Source2_Only",0.736749116607774
100,500,"Weighted",0.740282685512367
200,500,"Target_Only",0.727371078254598
200,500,"Source1_Only",0.60800576992427
200,500,"Source2_Only",0.750090155066715
200,500,"Weighted",0.76992426974396
300,500,"Target_Only",0.774902756637917
300,500,"Source1_Only",0.664806358870286
300,500,"Source2_Only",0.765770336546592
300,500,"Weighted",0.807880940301032
100,1000,"Target_Only",0.758389261744966
100,1000,"Source1_Only",0.645973154362416
100,1000,"Source2_Only",0.778523489932886
100,1000,"Weighted",0.781879194630873
200,1000,"Target_Only",0.723524962178517
200,1000,"Source1_Only",0.693645990922844
200,1000,"Source2_Only",0.744326777609682
200,1000,"Weighted",0.776475037821483
300,1000,"Target_Only",0.795858470569053
300,1000,"Source1_Only",0.697048752649601
300,1000,"Source2_Only",0.816076960704386
300,1000,"Weighted",0.832545247024295
100,100,"Target_Only",0.669432918395574
100,100,"Source1_Only",0.576763485477178
100,100,"Source2_Only",0.659751037344398
100,100,"Weighted",0.706777316735823
200,100,"Target_Only",0.737031700288184
200,100,"Source1_Only",0.631484149855908
200,100,"Source2_Only",0.745677233429395
200,100,"Weighted",0.774135446685879
300,100,"Target_Only",0.793128925009235
300,100,"Source1_Only",0.616180273365349
300,100,"Source2_Only",0.734946435168083
300,100,"Weighted",0.806981898780938
100,300,"Target_Only",0.677165354330709
100,300,"Source1_Only",0.666141732283465
100,300,"Source2_Only",0.77007874015748
100,300,"Weighted",0.741732283464567
200,300,"Target_Only",0.637314734088928
200,300,"Source1_Only",0.591543156059285
200,300,"Source2_Only",0.715344376634699
200,300,"Weighted",0.717088055797733
300,300,"Target_Only",0.704482477587612
300,300,"Source1_Only",0.603748981255094
300,300,"Source2_Only",0.704645476772616
300,300,"Weighted",0.715403422982885
100,500,"Target_Only",0.630048465266559
100,500,"Source1_Only",0.584814216478191
100,500,"Source2_Only",0.662358642972536
100,500,"Weighted",0.673667205169628
200,500,"Target_Only",0.800082270670506
200,500,"Source1_Only",0.663512957630605
200,500,"Source2_Only",0.765528589058001
200,500,"Weighted",0.826820238584944
300,500,"Target_Only",0.751188329782003
300,500,"Source1_Only",0.686444845107359
300,500,"Source2_Only",0.746762825766268
300,500,"Weighted",0.794787739714801
100,1000,"Target_Only",0.658682634730539
100,1000,"Source1_Only",0.634730538922156
100,1000,"Source2_Only",0.803892215568862
100,1000,"Weighted",0.790419161676647
200,1000,"Target_Only",0.756451612903226
200,1000,"Source1_Only",0.660483870967742
200,1000,"Source2_Only",0.775806451612903
200,1000,"Weighted",0.807661290322581
300,1000,"Target_Only",0.765854501468809
300,1000,"Source1_Only",0.712286158631415
300,1000,"Source2_Only",0.763003283221013
300,1000,"Weighted",0.811473993433558
100,100,"Target_Only",0.668188736681887
100,100,"Source1_Only",0.631659056316591
100,100,"Source2_Only",0.680365296803653
100,100,"Weighted",0.727549467275495
200,100,"Target_Only",0.811226799456768
200,100,"Source1_Only",0.714350384789498
200,100,"Source2_Only",0.690810321412404
200,100,"Weighted",0.820280669986419
300,100,"Target_Only",0.789941387785971
300,100,"Source1_Only",0.60559652108149
300,100,"Source2_Only",0.68330497258461
300,100,"Weighted",0.778029873321989
100,300,"Target_Only",0.712349397590361
100,300,"Source1_Only",0.67921686746988
100,300,"Source2_Only",0.801204819277108
100,300,"Weighted",0.828313253012048
200,300,"Target_Only",0.753071739992073
200,300,"Source1_Only",0.768529528339279
200,300,"Source2_Only",0.769322235434007
200,300,"Weighted",0.811335711454618
300,300,"Target_Only",0.746686578308755
300,300,"Source1_Only",0.610976292701139
300,300,"Source2_Only",0.74836662310995
300,300,"Weighted",0.775807354862796
100,500,"Target_Only",0.738613861386139
100,500,"Source1_Only",0.728712871287129
100,500,"Source2_Only",0.885148514851485
100,500,"Weighted",0.837623762376238
200,500,"Target_Only",0.737860244769049
200,500,"Source1_Only",0.683774180813265
200,500,"Source2_Only",0.723253059613107
200,500,"Weighted",0.758784050532965
300,500,"Target_Only",0.723192937281589
300,500,"Source1_Only",0.673901048372264
300,500,"Source2_Only",0.775243700570167
300,500,"Weighted",0.789589847342284
100,1000,"Target_Only",0.622704507512521
100,1000,"Source1_Only",0.67779632721202
100,1000,"Source2_Only",0.786310517529215
100,1000,"Weighted",0.79465776293823
200,1000,"Target_Only",0.780985373364126
200,1000,"Source1_Only",0.678983833718245
200,1000,"Source2_Only",0.772517321016166
200,1000,"Weighted",0.822940723633564
300,1000,"Target_Only",0.706439726267766
300,1000,"Source1_Only",0.660993156694157
300,1000,"Source2_Only",0.735392174065626
300,1000,"Weighted",0.762063519915775
100,100,"Target_Only",0.851648351648352
100,100,"Source1_Only",0.71978021978022
100,100,"Source2_Only",0.721611721611722
100,100,"Weighted",0.827838827838828
200,100,"Target_Only",0.713577421815408
200,100,"Source1_Only",0.567124332570557
200,100,"Source2_Only",0.705186880244088
200,100,"Weighted",0.754385964912281
300,100,"Target_Only",0.74512987012987
300,100,"Source1_Only",0.706980519480519
300,100,"Source2_Only",0.697077922077922
300,100,"Weighted",0.759253246753247
100,300,"Target_Only",0.64624808575804
100,300,"Source1_Only",0.715160796324655
100,300,"Source2_Only",0.64624808575804
100,300,"Weighted",0.709035222052067
200,300,"Target_Only",0.685609157808667
200,300,"Source1_Only",0.612428454619787
200,300,"Source2_Only",0.689697465249387
200,300,"Weighted",0.704415372035977
300,300,"Target_Only",0.767259330450104
300,300,"Source1_Only",0.756687489988787
300,300,"Source2_Only",0.752522825564632
300,300,"Weighted",0.798334134230338
100,500,"Target_Only",0.720112517580872
100,500,"Source1_Only",0.565400843881857
100,500,"Source2_Only",0.794655414908579
100,500,"Weighted",0.79746835443038
200,500,"Target_Only",0.708413369189397
200,500,"Source1_Only",0.706876680752977
200,500,"Source2_Only",0.759124087591241
200,500,"Weighted",0.786016135228582
300,500,"Target_Only",0.791710205503309
300,500,"Source1_Only",0.711250435388366
300,500,"Source2_Only",0.783002438174852
300,500,"Weighted",0.828805294322536
100,1000,"Target_Only",0.686079545454545
100,1000,"Source1_Only",0.757102272727273
100,1000,"Source2_Only",0.744318181818182
100,1000,"Weighted",0.786931818181818
200,1000,"Target_Only",0.789405684754522
200,1000,"Source1_Only",0.67312661498708
200,1000,"Source2_Only",0.74504737295435
200,1000,"Weighted",0.81739879414298
300,1000,"Target_Only",0.772347826086957
300,1000,"Source1_Only",0.661913043478261
300,1000,"Source2_Only",0.769391304347826
300,1000,"Weighted",0.79895652173913
100,100,"Target_Only",0.756147540983606
100,100,"Source1_Only",0.721311475409836
100,100,"Source2_Only",0.756147540983606
100,100,"Weighted",0.811475409836066
200,100,"Target_Only",0.708649468892261
200,100,"Source1_Only",0.63391502276176
200,100,"Source2_Only",0.72154779969651
200,100,"Weighted",0.745447647951442
300,100,"Target_Only",0.80609865470852
300,100,"Source1_Only",0.684484304932735
300,100,"Source2_Only",0.722511210762332
300,100,"Weighted",0.80322869955157
100,300,"Target_Only",0.68452380952381
100,300,"Source1_Only",0.572916666666667
100,300,"Source2_Only",0.663690476190476
100,300,"Weighted",0.744047619047619
200,300,"Target_Only",0.748275862068966
200,300,"Source1_Only",0.705363984674329
200,300,"Source2_Only",0.747126436781609
200,300,"Weighted",0.787739463601533
300,300,"Target_Only",0.766761411135262
300,300,"Source1_Only",0.648219361310818
300,300,"Source2_Only",0.782143454271861
300,300,"Weighted",0.80421334225046
100,500,"Target_Only",0.669278996865204
100,500,"Source1_Only",0.614420062695925
100,500,"Source2_Only",0.785266457680251
100,500,"Weighted",0.733542319749216
200,500,"Target_Only",0.667909057025717
200,500,"Source1_Only",0.588893030190086
200,500,"Source2_Only",0.761088333954528
200,500,"Weighted",0.745806932538204
300,500,"Target_Only",0.740391099123399
300,500,"Source1_Only",0.606372218476062
300,500,"Source2_Only",0.755731625084289
300,500,"Weighted",0.765677680377613
100,1000,"Target_Only",0.615506329113924
100,1000,"Source1_Only",0.765822784810127
100,1000,"Source2_Only",0.770569620253165
100,1000,"Weighted",0.772151898734177
200,1000,"Target_Only",0.627602905569007
200,1000,"Source1_Only",0.645036319612591
200,1000,"Source2_Only",0.74043583535109
200,1000,"Weighted",0.7181598062954
300,1000,"Target_Only",0.754769337495664
300,1000,"Source1_Only",0.62556364897676
300,1000,"Source2_Only",0.78494623655914
300,1000,"Weighted",0.803156434269858
100,100,"Target_Only",0.705426356589147
100,100,"Source1_Only",0.609302325581395
100,100,"Source2_Only",0.751937984496124
100,100,"Weighted",0.758139534883721
200,100,"Target_Only",0.764471780028944
200,100,"Source1_Only",0.66534008683068
200,100,"Source2_Only",0.695007235890014
200,100,"Weighted",0.762301013024602
300,100,"Target_Only",0.789316522893165
300,100,"Source1_Only",0.673025879230259
300,100,"Source2_Only",0.693762441937624
300,100,"Weighted",0.776376907763769
100,300,"Target_Only",0.761194029850746
100,300,"Source1_Only",0.587064676616915
100,300,"Source2_Only",0.772802653399668
100,300,"Weighted",0.777777777777778
200,300,"Target_Only",0.787607170693687
200,300,"Source1_Only",0.686282151208106
200,300,"Source2_Only",0.777084957131723
200,300,"Weighted",0.826188620420889
300,300,"Target_Only",0.698918819864394
300,300,"Source1_Only",0.663917903610042
300,300,"Source2_Only",0.729338464357706
300,300,"Weighted",0.756642844053509
100,500,"Target_Only",0.701492537313433
100,500,"Source1_Only",0.66832504145937
100,500,"Source2_Only",0.701492537313433
100,500,"Weighted",0.781094527363184
200,500,"Target_Only",0.742951907131012
200,500,"Source1_Only",0.601990049751244
200,500,"Source2_Only",0.793946932006633
200,500,"Weighted",0.797678275290216
300,500,"Target_Only",0.730335214072353
300,500,"Source1_Only",0.637404580152672
300,500,"Source2_Only",0.737802854298042
300,500,"Weighted",0.757218718884832
100,1000,"Target_Only",0.798839458413926
100,1000,"Source1_Only",0.7678916827853
100,1000,"Source2_Only",0.804642166344294
100,1000,"Weighted",0.829787234042553
200,1000,"Target_Only",0.719399538106236
200,1000,"Source1_Only",0.742109314857583
200,1000,"Source2_Only",0.780215550423403
200,1000,"Weighted",0.79445727482679
300,1000,"Target_Only",0.746086956521739
300,1000,"Source1_Only",0.702608695652174
300,1000,"Source2_Only",0.748521739130435
300,1000,"Weighted",0.796347826086957
100,100,"Target_Only",0.698924731182796
100,100,"Source1_Only",0.71889400921659
100,100,"Source2_Only",0.731182795698925
100,100,"Weighted",0.827956989247312
200,100,"Target_Only",0.656263180092788
200,100,"Source1_Only",0.633909742724589
200,100,"Source2_Only",0.613665120202446
200,100,"Weighted",0.678616617460987
300,100,"Target_Only",0.741979993101069
300,100,"Source1_Only",0.580545015522594
300,100,"Source2_Only",0.713866850638151
300,100,"Weighted",0.744912038634012
100,300,"Target_Only",0.732323232323232
100,300,"Source1_Only",0.698653198653199
100,300,"Source2_Only",0.740740740740741
100,300,"Weighted",0.7996632996633
200,300,"Target_Only",0.706304265760664
200,300,"Source1_Only",0.701019252548131
200,300,"Source2_Only",0.814269535673839
200,300,"Weighted",0.801057002642507
300,300,"Target_Only",0.755035383777899
300,300,"Source1_Only",0.651605879150789
300,300,"Source2_Only",0.760297586644892
300,300,"Weighted",0.788241698421339
100,500,"Target_Only",0.608064516129032
100,500,"Source1_Only",0.601612903225806
100,500,"Source2_Only",0.825806451612903
100,500,"Weighted",0.767741935483871
200,500,"Target_Only",0.795606120047077
200,500,"Source1_Only",0.661828167908984
200,500,"Source2_Only",0.792075323656336
200,500,"Weighted",0.826990976853668
300,500,"Target_Only",0.749624185735761
300,500,"Source1_Only",0.685485217972273
300,500,"Source2_Only",0.743110071822282
300,500,"Weighted",0.787038583597795
100,1000,"Target_Only",0.7701317715959
100,1000,"Source1_Only",0.693997071742313
100,1000,"Source2_Only",0.796486090775988
100,1000,"Weighted",0.822840409956076
200,1000,"Target_Only",0.779496402877698
200,1000,"Source1_Only",0.695323741007194
200,1000,"Source2_Only",0.786690647482014
200,1000,"Weighted",0.814028776978417
300,1000,"Target_Only",0.729858689667829
300,1000,"Source1_Only",0.641952651862727
300,1000,"Source2_Only",0.703798862176546
300,1000,"Weighted",0.743439163149202
100,100,"Target_Only",0.788709677419355
100,100,"Source1_Only",0.62741935483871
100,100,"Source2_Only",0.740322580645161
100,100,"Weighted",0.820967741935484
200,100,"Target_Only",0.698184568835098
200,100,"Source1_Only",0.666414523449319
200,100,"Source2_Only",0.691754916792738
200,100,"Weighted",0.748108925869894
300,100,"Target_Only",0.751203852327448
300,100,"Source1_Only",0.656679151061174
300,100,"Source2_Only",0.707151774567505
300,100,"Weighted",0.761191367932941
100,300,"Target_Only",0.810495626822157
100,300,"Source1_Only",0.721574344023324
100,300,"Source2_Only",0.753644314868805
100,300,"Weighted",0.848396501457726
200,300,"Target_Only",0.760619150467963
200,300,"Source1_Only",0.69906407487401
200,300,"Source2_Only",0.715622750179986
200,300,"Weighted",0.796976241900648
300,300,"Target_Only",0.790912382331644
300,300,"Source1_Only",0.727914554670529
300,300,"Source2_Only",0.739500362056481
300,300,"Weighted",0.814627081824765
100,500,"Target_Only",0.755376344086022
100,500,"Source1_Only",0.754032258064516
100,500,"Source2_Only",0.727150537634409
100,500,"Weighted",0.786290322580645
200,500,"Target_Only",0.720253164556962
200,500,"Source1_Only",0.663713080168776
200,500,"Source2_Only",0.744303797468354
200,500,"Weighted",0.770464135021097
300,500,"Target_Only",0.650388265746333
300,500,"Source1_Only",0.662295081967213
300,500,"Source2_Only",0.703710094909405
300,500,"Weighted",0.724935289042278
100,1000,"Target_Only",0.618025751072961
100,1000,"Source1_Only",0.603719599427754
100,1000,"Source2_Only",0.735336194563662
100,1000,"Weighted",0.713876967095851
200,1000,"Target_Only",0.675181090354556
200,1000,"Source1_Only",0.661456347693481
200,1000,"Source2_Only",0.736179946626001
200,1000,"Weighted",0.754098360655738
300,1000,"Target_Only",0.742494996664443
300,1000,"Source1_Only",0.659439626417612
300,1000,"Source2_Only",0.768512341561041
300,1000,"Weighted",0.789693128752502
100,100,"Target_Only",0.777456647398844
100,100,"Source1_Only",0.547687861271676
100,100,"Source2_Only",0.773121387283237
100,100,"Weighted",0.802023121387283
200,100,"Target_Only",0.7285050348567
200,100,"Source1_Only",0.673121611154144
200,100,"Source2_Only",0.709527498063517
200,100,"Weighted",0.753292021688613
300,100,"Target_Only",0.776376342253281
300,100,"Source1_Only",0.629452871995909
300,100,"Source2_Only",0.71791375490029
300,100,"Weighted",0.780807908641554
100,300,"Target_Only",0.717095310136157
100,300,"Source1_Only",0.717095310136157
100,300,"Source2_Only",0.826021180030257
100,300,"Weighted",0.819969742813918
200,300,"Target_Only",0.771009174311927
200,300,"Source1_Only",0.722935779816514
200,300,"Source2_Only",0.788623853211009
200,300,"Weighted",0.806238532110092
300,300,"Target_Only",0.802991670916199
300,300,"Source1_Only",0.679415264320925
300,300,"Source2_Only",0.792282848886622
300,300,"Weighted",0.811490736019038
100,500,"Target_Only",0.736559139784946
100,500,"Source1_Only",0.550179211469534
100,500,"Source2_Only",0.779569892473118
100,500,"Weighted",0.818996415770609
200,500,"Target_Only",0.575155763239875
200,500,"Source1_Only",0.587616822429907
200,500,"Source2_Only",0.717679127725857
200,500,"Weighted",0.69898753894081
300,500,"Target_Only",0.76549383818539
300,500,"Source1_Only",0.681371673513127
300,500,"Source2_Only",0.740667976424362
300,500,"Weighted",0.801750312555814
100,1000,"Target_Only",0.617777777777778
100,1000,"Source1_Only",0.626666666666667
100,1000,"Source2_Only",0.783703703703704
100,1000,"Weighted",0.708148148148148
200,1000,"Target_Only",0.718450326045263
200,1000,"Source1_Only",0.720368239355581
200,1000,"Source2_Only",0.706175680859225
200,1000,"Weighted",0.761028001534331
300,1000,"Target_Only",0.705652690544899
300,1000,"Source1_Only",0.688338142929893
300,1000,"Source2_Only",0.802580207095569
300,1000,"Weighted",0.801222203361059
100,100,"Target_Only",0.657894736842105
100,100,"Source1_Only",0.624269005847953
100,100,"Source2_Only",0.733918128654971
100,100,"Weighted",0.728070175438597
200,100,"Target_Only",0.749902610050643
200,100,"Source1_Only",0.611219322165952
200,100,"Source2_Only",0.683677444487729
200,100,"Weighted",0.764316322555512
300,100,"Target_Only",0.741749021070296
300,100,"Source1_Only",0.68338616446019
300,100,"Source2_Only",0.720492261793772
300,100,"Weighted",0.766921499160917
100,300,"Target_Only",0.62992125984252
100,300,"Source1_Only",0.653543307086614
100,300,"Source2_Only",0.688188976377953
100,300,"Weighted",0.737007874015748
200,300,"Target_Only",0.721359630717583
200,300,"Source1_Only",0.613092740243391
200,300,"Source2_Only",0.638271086865296
200,300,"Weighted",0.740243390684012
300,300,"Target_Only",0.793731395552443
300,300,"Source1_Only",0.666608299772369
300,300,"Source2_Only",0.728593941516372
300,300,"Weighted",0.804237436526002
100,500,"Target_Only",0.776545166402536
100,500,"Source1_Only",0.689381933438986
100,500,"Source2_Only",0.781299524564184
100,500,"Weighted",0.828843106180666
200,500,"Target_Only",0.783221974758723
200,500,"Source1_Only",0.628062360801782
200,500,"Source2_Only",0.747587230883445
200,500,"Weighted",0.795842613214551
300,500,"Target_Only",0.739225959100896
300,500,"Source1_Only",0.661990873753591
300,500,"Source2_Only",0.756633429102586
300,500,"Weighted",0.780632077066081
100,1000,"Target_Only",0.620094191522763
100,1000,"Source1_Only",0.646781789638933
100,1000,"Source2_Only",0.627943485086342
100,1000,"Weighted",0.660910518053375
200,1000,"Target_Only",0.718360071301248
200,1000,"Source1_Only",0.730392156862745
200,1000,"Source2_Only",0.739750445632799
200,1000,"Weighted",0.793226381461676
300,1000,"Target_Only",0.736509655296878
300,1000,"Source1_Only",0.665944775311316
300,1000,"Source2_Only",0.727666486193828
300,1000,"Weighted",0.784876376105396
100,100,"Target_Only",0.774744027303754
100,100,"Source1_Only",0.819112627986348
100,100,"Source2_Only",0.74061433447099
100,100,"Weighted",0.827645051194539
200,100,"Target_Only",0.714172917489143
200,100,"Source1_Only",0.597710225029609
200,100,"Source2_Only",0.742202921437031
200,100,"Weighted",0.759573628108962
300,100,"Target_Only",0.811276710360927
300,100,"Source1_Only",0.677141318010415
300,100,"Source2_Only",0.787214939845574
300,100,"Weighted",0.831388040940923
100,300,"Target_Only",0.560457516339869
100,300,"Source1_Only",0.562091503267974
100,300,"Source2_Only",0.684640522875817
100,300,"Weighted",0.676470588235294
200,300,"Target_Only",0.686305111197815
200,300,"Source1_Only",0.673429574717128
200,300,"Source2_Only",0.747951619196254
200,300,"Weighted",0.760827155676941
300,300,"Target_Only",0.778014184397163
300,300,"Source1_Only",0.71081560283688
300,300,"Source2_Only",0.683156028368794
300,300,"Weighted",0.795567375886525
100,500,"Target_Only",0.629690048939641
100,500,"Source1_Only",0.541598694942904
100,500,"Source2_Only",0.745513866231648
100,500,"Weighted",0.66884176182708
200,500,"Target_Only",0.740030674846626
200,500,"Source1_Only",0.630751533742331
200,500,"Source2_Only",0.777990797546012
200,500,"Weighted",0.795628834355828
300,500,"Target_Only",0.708508691674291
300,500,"Source1_Only",0.656907593778591
300,500,"Source2_Only",0.693138151875572
300,500,"Weighted",0.76907593778591
100,1000,"Target_Only",0.713636363636364
100,1000,"Source1_Only",0.709090909090909
100,1000,"Source2_Only",0.721212121212121
100,1000,"Weighted",0.778787878787879
200,1000,"Target_Only",0.726122982991714
200,1000,"Source1_Only",0.715656345399041
200,1000,"Source2_Only",0.805494984736153
200,1000,"Weighted",0.789358918447449
300,1000,"Target_Only",0.785247093023256
300,1000,"Source1_Only",0.699672965116279
300,1000,"Source2_Only",0.804324127906977
300,1000,"Weighted",0.837936046511628
100,100,"Target_Only",0.613354037267081
100,100,"Source1_Only",0.720496894409938
100,100,"Source2_Only",0.599378881987578
100,100,"Weighted",0.667701863354037
200,100,"Target_Only",0.72400513478819
200,100,"Source1_Only",0.561831407787762
200,100,"Source2_Only",0.682071031236628
200,100,"Weighted",0.726144629867351
300,100,"Target_Only",0.776544895868897
300,100,"Source1_Only",0.650734038921133
300,100,"Source2_Only",0.706555138272448
300,100,"Weighted",0.800273130761352
100,300,"Target_Only",0.629934210526316
100,300,"Source1_Only",0.643092105263158
100,300,"Source2_Only",0.784539473684211
100,300,"Weighted",0.758223684210526
200,300,"Target_Only",0.790458015267176
200,300,"Source1_Only",0.719847328244275
200,300,"Source2_Only",0.801145038167939
200,300,"Weighted",0.843511450381679
300,300,"Target_Only",0.736624031705999
300,300,"Source1_Only",0.686903260673753
300,300,"Source2_Only",0.773013871374527
300,300,"Weighted",0.807602233831742
100,500,"Target_Only",0.66
100,500,"Source1_Only",0.66
100,500,"Source2_Only",0.778181818181818
100,500,"Weighted",0.736363636363636
200,500,"Target_Only",0.689338235294118
200,500,"Source1_Only",0.688970588235294
200,500,"Source2_Only",0.708088235294118
200,500,"Weighted",0.753676470588235
300,500,"Target_Only",0.736306179775281
300,500,"Source1_Only",0.64940308988764
300,500,"Source2_Only",0.729459269662921
300,500,"Weighted",0.774227528089888
100,1000,"Target_Only",0.610586011342155
100,1000,"Source1_Only",0.616257088846881
100,1000,"Source2_Only",0.67296786389414
100,1000,"Weighted",0.699432892249527
200,1000,"Target_Only",0.74016393442623
200,1000,"Source1_Only",0.666393442622951
200,1000,"Source2_Only",0.785655737704918
200,1000,"Weighted",0.778688524590164
300,1000,"Target_Only",0.724521739130435
300,1000,"Source1_Only",0.678086956521739
300,1000,"Source2_Only",0.710608695652174
300,1000,"Weighted",0.772695652173913
100,100,"Target_Only",0.721476510067114
100,100,"Source1_Only",0.684563758389262
100,100,"Source2_Only",0.723154362416107
100,100,"Weighted",0.783557046979866
200,100,"Target_Only",0.699008193186718
200,100,"Source1_Only",0.593359206554549
200,100,"Source2_Only",0.721862871927555
200,100,"Weighted",0.750323415265201
300,100,"Target_Only",0.771428571428571
300,100,"Source1_Only",0.540152155536771
300,100,"Source2_Only",0.714961961115807
300,100,"Weighted",0.769399830938292
100,300,"Target_Only",0.762578616352201
100,300,"Source1_Only",0.699685534591195
100,300,"Source2_Only",0.742138364779874
100,300,"Weighted",0.816037735849057
200,300,"Target_Only",0.746545598105014
200,300,"Source1_Only",0.673114883537308
200,300,"Source2_Only",0.709040663245164
200,300,"Weighted",0.769443347808922
300,300,"Target_Only",0.725061684878393
300,300,"Source1_Only",0.60874162848079
300,300,"Source2_Only",0.745682058512513
300,300,"Weighted",0.76559746210786
100,500,"Target_Only",0.68575624082232
100,500,"Source1_Only",0.65345080763583
100,500,"Source2_Only",0.745961820851689
100,500,"Weighted",0.76064610866373
200,500,"Target_Only",0.70264765784114
200,500,"Source1_Only",0.64765784114053
200,500,"Source2_Only",0.745078071961982
200,500,"Weighted",0.75152749490835
300,500,"Target_Only",0.746657283603096
300,500,"Source1_Only",0.686136523574947
300,500,"Source2_Only",0.757213230119634
300,500,"Weighted",0.78219563687544
100,1000,"Target_Only",0.766830870279146
100,1000,"Source1_Only",0.799671592775041
100,1000,"Source2_Only",0.765188834154351
100,1000,"Weighted",0.824302134646962
200,1000,"Target_Only",0.656881433473122
200,1000,"Source1_Only",0.631338162409455
200,1000,"Source2_Only",0.689668318719024
200,1000,"Weighted",0.704918032786885
300,1000,"Target_Only",0.761976802824004
300,1000,"Source1_Only",0.700285762312994
300,1000,"Source2_Only",0.78618255168936
300,1000,"Weighted",0.804336863338376
100,100,"Target_Only",0.657228017883756
100,100,"Source1_Only",0.667660208643815
100,100,"Source2_Only",0.707898658718331
100,100,"Weighted",0.737704918032787
200,100,"Target_Only",0.772392400155099
200,100,"Source1_Only",0.550988755331524
200,100,"Source2_Only",0.706475378053509
200,100,"Weighted",0.766576192322606
300,100,"Target_Only",0.792223572296476
300,100,"Source1_Only",0.655962506509287
300,100,"Source2_Only",0.74657177573338
300,100,"Weighted",0.788751952785975
100,300,"Target_Only",0.681735985533454
100,300,"Source1_Only",0.654611211573237
100,300,"Source2_Only",0.764918625678119
100,300,"Weighted",0.757685352622061
200,300,"Target_Only",0.75177025963808
200,300,"Source1_Only",0.687647521636507
200,300,"Source2_Only",0.768292682926829
200,300,"Weighted",0.829268292682927
300,300,"Target_Only",0.773002014775017
300,300,"Source1_Only",0.710040295500336
300,300,"Source2_Only",0.795668233713902
300,300,"Weighted",0.812961719274681
100,500,"Target_Only",0.742951907131012
100,500,"Source1_Only",0.719734660033168
100,500,"Source2_Only",0.728026533996683
100,500,"Weighted",0.761194029850746
200,500,"Target_Only",0.70577140701622
200,500,"Source1_Only",0.64918898528857
200,500,"Source2_Only",0.744624669935873
200,500,"Weighted",0.757450018860807
300,500,"Target_Only",0.7513218188227
300,500,"Source1_Only",0.704970038773352
300,500,"Source2_Only",0.76612618963694
300,500,"Weighted",0.772294677476207
100,1000,"Target_Only",0.601869158878505
100,1000,"Source1_Only",0.586915887850467
100,1000,"Source2_Only",0.824299065420561
100,1000,"Weighted",0.68785046728972
200,1000,"Target_Only",0.772348484848485
200,1000,"Source1_Only",0.687121212121212
200,1000,"Source2_Only",0.767992424242424
200,1000,"Weighted",0.809469696969697
300,1000,"Target_Only",0.754795512124502
300,1000,"Source1_Only",0.713897937024973
300,1000,"Source2_Only",0.751176257690916
300,1000,"Weighted",0.802207745204488
100,100,"Target_Only",0.733576642335766
100,100,"Source1_Only",0.660583941605839
100,100,"Source2_Only",0.75
100,100,"Weighted",0.802919708029197
200,100,"Target_Only",0.745485090298194
200,100,"Source1_Only",0.533809323813524
200,100,"Source2_Only",0.716085678286434
200,100,"Weighted",0.753044939101218
300,100,"Target_Only",0.762890276538805
300,100,"Source1_Only",0.567707404103479
300,100,"Source2_Only",0.690633363068689
300,100,"Weighted",0.774843889384478
100,300,"Target_Only",0.725111441307578
100,300,"Source1_Only",0.607726597325409
100,300,"Source2_Only",0.762258543833581
100,300,"Weighted",0.759286775631501
200,300,"Target_Only",0.772870662460568
200,300,"Source1_Only",0.597397476340694
200,300,"Source2_Only",0.737776025236593
200,300,"Weighted",0.801656151419558
300,300,"Target_Only",0.728246318607764
300,300,"Source1_Only",0.670491489768598
300,300,"Source2_Only",0.737808376362593
300,300,"Weighted",0.75922738573341
100,500,"Target_Only",0.678041543026706
100,500,"Source1_Only",0.614243323442137
100,500,"Source2_Only",0.836795252225519
100,500,"Weighted",0.823442136498516
200,500,"Target_Only",0.805774278215223
200,500,"Source1_Only",0.750281214848144
200,500,"Source2_Only",0.823397075365579
200,500,"Weighted",0.877015373078365
300,500,"Target_Only",0.752006980802792
300,500,"Source1_Only",0.678883071553229
300,500,"Source2_Only",0.706108202443281
300,500,"Weighted",0.789528795811518
100,1000,"Target_Only",0.66015625
100,1000,"Source1_Only",0.6796875
100,1000,"Source2_Only",0.69921875
100,1000,"Weighted",0.767578125
200,1000,"Target_Only",0.782642689601251
200,1000,"Source1_Only",0.684128225175919
200,1000,"Source2_Only",0.776778733385457
200,1000,"Weighted",0.820562939796716
300,1000,"Target_Only",0.781691399964241
300,1000,"Source1_Only",0.648846772751654
300,1000,"Source2_Only",0.742356517074915
300,1000,"Weighted",0.792955480064366
100,100,"Target_Only",0.860576923076923
100,100,"Source1_Only",0.745192307692308
100,100,"Source2_Only",0.823717948717949
100,100,"Weighted",0.881410256410256
200,100,"Target_Only",0.745144669044788
200,100,"Source1_Only",0.715021799445105
200,100,"Source2_Only",0.679746333729687
200,100,"Weighted",0.782401902497027
300,100,"Target_Only",0.779578289730574
300,100,"Source1_Only",0.697188598203827
300,100,"Source2_Only",0.67258883248731
300,100,"Weighted",0.780359234673955
100,300,"Target_Only",0.661631419939577
100,300,"Source1_Only",0.641993957703928
100,300,"Source2_Only",0.765861027190332
100,300,"Weighted",0.790030211480363
200,300,"Target_Only",0.757066775911512
200,300,"Source1_Only",0.636214666120442
200,300,"Source2_Only",0.738222040147481
200,300,"Weighted",0.784104875051209
300,300,"Target_Only",0.734119057131442
300,300,"Source1_Only",0.661206552137435
300,300,"Source2_Only",0.767878545745106
300,300,"Weighted",0.787455053935278
100,500,"Target_Only",0.749299719887955
100,500,"Source1_Only",0.753501400560224
100,500,"Source2_Only",0.733893557422969
100,500,"Weighted",0.785714285714286
200,500,"Target_Only",0.801209677419355
200,500,"Source1_Only",0.639516129032258
200,500,"Source2_Only",0.832661290322581
200,500,"Weighted",0.861290322580645
300,500,"Target_Only",0.754965753424658
300,500,"Source1_Only",0.650856164383562
300,500,"Source2_Only",0.752739726027397
300,500,"Weighted",0.779965753424658
100,1000,"Target_Only",0.752525252525253
100,1000,"Source1_Only",0.739057239057239
100,1000,"Source2_Only",0.776094276094276
100,1000,"Weighted",0.806397306397306
200,1000,"Target_Only",0.725726141078838
200,1000,"Source1_Only",0.675933609958506
200,1000,"Source2_Only",0.685892116182573
200,1000,"Weighted",0.754356846473029
300,1000,"Target_Only",0.713210702341137
300,1000,"Source1_Only",0.577759197324415
300,1000,"Source2_Only",0.728260869565217
300,1000,"Weighted",0.742683946488294
100,100,"Target_Only",0.648522550544324
100,100,"Source1_Only",0.586314152410575
100,100,"Source2_Only",0.744945567651633
100,100,"Weighted",0.712286158631415
200,100,"Target_Only",0.766528925619835
200,100,"Source1_Only",0.673553719008264
200,100,"Source2_Only",0.764462809917355
200,100,"Weighted",0.821900826446281
300,100,"Target_Only",0.763960260363138
300,100,"Source1_Only",0.586159643713601
300,100,"Source2_Only",0.70520726276122
300,100,"Weighted",0.765159301130524
100,300,"Target_Only",0.674616695059625
100,300,"Source1_Only",0.584327086882453
100,300,"Source2_Only",0.810902896081772
100,300,"Weighted",0.805792163543441
200,300,"Target_Only",0.652727996814018
200,300,"Source1_Only",0.610115491835922
200,300,"Source2_Only",0.77021107128634
200,300,"Weighted",0.725607327757865
300,300,"Target_Only",0.746828844483058
300,300,"Source1_Only",0.659426585577758
300,300,"Source2_Only",0.745612510860122
300,300,"Weighted",0.783145091225022
100,500,"Target_Only",0.784507042253521
100,500,"Source1_Only",0.749295774647887
100,500,"Source2_Only",0.719718309859155
100,500,"Weighted",0.784507042253521
200,500,"Target_Only",0.73314606741573
200,500,"Source1_Only",0.654494382022472
200,500,"Source2_Only",0.754815409309791
200,500,"Weighted",0.778892455858748
300,500,"Target_Only",0.769440190573422
300,500,"Source1_Only",0.677386421643696
300,500,"Source2_Only",0.779649481027735
300,500,"Weighted",0.810787816913391
100,1000,"Target_Only",0.734527687296417
100,1000,"Source1_Only",0.724755700325733
100,1000,"Source2_Only",0.742671009771987
100,1000,"Weighted",0.771986970684039
200,1000,"Target_Only",0.814366075292081
200,1000,"Source1_Only",0.745131977498918
200,1000,"Source2_Only",0.754651665945478
200,1000,"Weighted",0.829078321073129
300,1000,"Target_Only",0.797627606038821
300,1000,"Source1_Only",0.759884974838246
300,1000,"Source2_Only",0.782171099928109
300,1000,"Weighted",0.838066139468009
100,100,"Target_Only",0.694183864915572
100,100,"Source1_Only",0.587242026266417
100,100,"Source2_Only",0.795497185741088
100,100,"Weighted",0.761726078799249
200,100,"Target_Only",0.733025984911987
200,100,"Source1_Only",0.642078792958927
200,100,"Source2_Only",0.74056999161777
200,100,"Weighted",0.767393126571668
300,100,"Target_Only",0.736103896103896
300,100,"Source1_Only",0.658528138528139
300,100,"Source2_Only",0.693506493506494
300,100,"Weighted",0.754978354978355
100,300,"Target_Only",0.682228915662651
100,300,"Source1_Only",0.715361445783133
100,300,"Source2_Only",0.807228915662651
100,300,"Weighted",0.825301204819277
200,300,"Target_Only",0.708652792990142
200,300,"Source1_Only",0.612267250821468
200,300,"Source2_Only",0.755020080321285
200,300,"Weighted",0.761956918583425
300,300,"Target_Only",0.784125953578964
300,300,"Source1_Only",0.679272845317319
300,300,"Source2_Only",0.785911378023048
300,300,"Weighted",0.820483687713034
100,500,"Target_Only",0.67175572519084
100,500,"Source1_Only",0.673282442748092
100,500,"Source2_Only",0.720610687022901
100,500,"Weighted",0.732824427480916
200,500,"Target_Only",0.701640759930915
200,500,"Source1_Only",0.642055267702936
200,500,"Source2_Only",0.736614853195164
200,500,"Weighted",0.764248704663212
300,500,"Target_Only",0.78674052276268
300,500,"Source1_Only",0.692920200796261
300,500,"Source2_Only",0.792106629738619
300,500,"Weighted",0.830361779470313
100,1000,"Target_Only",0.705128205128205
100,1000,"Source1_Only",0.69551282051282
100,1000,"Source2_Only",0.794871794871795
100,1000,"Weighted",0.790064102564103
200,1000,"Target_Only",0.726177024482109
200,1000,"Source1_Only",0.669679849340866
200,1000,"Source2_Only",0.79774011299435
200,1000,"Weighted",0.811299435028249
300,1000,"Target_Only",0.738738738738739
300,1000,"Source1_Only",0.705386237301131
300,1000,"Source2_Only",0.692926969522714
300,1000,"Weighted",0.767299214107725
100,100,"Target_Only",0.703389830508475
100,100,"Source1_Only",0.638983050847458
100,100,"Source2_Only",0.708474576271186
100,100,"Weighted",0.755932203389831
200,100,"Target_Only",0.714001591089897
200,100,"Source1_Only",0.66030230708035
200,100,"Source2_Only",0.707239459029435
200,100,"Weighted",0.73667462211615
300,100,"Target_Only",0.754548517520216
300,100,"Source1_Only",0.681940700808625
300,100,"Source2_Only",0.731132075471698
300,100,"Weighted",0.771900269541779
100,300,"Target_Only",0.749174917491749
100,300,"Source1_Only",0.556105610561056
100,300,"Source2_Only",0.674917491749175
100,300,"Weighted",0.764026402640264
200,300,"Target_Only",0.711085801063022
200,300,"Source1_Only",0.664388762338648
200,300,"Source2_Only",0.780941533788914
200,300,"Weighted",0.792331055429005
300,300,"Target_Only",0.753943217665615
300,300,"Source1_Only",0.709779179810726
300,300,"Source2_Only",0.759025587101297
300,300,"Weighted",0.784787942516649
100,500,"Target_Only",0.617824773413897
100,500,"Source1_Only",0.77190332326284
100,500,"Source2_Only",0.720543806646526
100,500,"Weighted",0.799093655589124
200,500,"Target_Only",0.783109404990403
200,500,"Source1_Only",0.71746641074856
200,500,"Source2_Only",0.802687140115163
200,500,"Weighted",0.845681381957774
300,500,"Target_Only",0.726915520628684
300,500,"Source1_Only",0.718878371137703
300,500,"Source2_Only",0.764065011609216
300,500,"Weighted",0.800321485979639
100,1000,"Target_Only",0.678740157480315
100,1000,"Source1_Only",0.667716535433071
100,1000,"Source2_Only",0.760629921259843
100,1000,"Weighted",0.729133858267716
200,1000,"Target_Only",0.709600948241802
200,1000,"Source1_Only",0.649150533386013
200,1000,"Source2_Only",0.750296325563019
200,1000,"Weighted",0.749111023310944
300,1000,"Target_Only",0.700155359917141
300,1000,"Source1_Only",0.662005869152425
300,1000,"Source2_Only",0.731917831866045
300,1000,"Weighted",0.760918349732436
100,100,"Target_Only",0.671641791044776
100,100,"Source1_Only",0.583582089552239
100,100,"Source2_Only",0.692537313432836
100,100,"Weighted",0.72089552238806
200,100,"Target_Only",0.803209459459459
200,100,"Source1_Only",0.673564189189189
200,100,"Source2_Only",0.716638513513513
200,100,"Weighted",0.808277027027027
300,100,"Target_Only",0.726904090267983
300,100,"Source1_Only",0.585331452750353
300,100,"Source2_Only",0.684590973201692
300,100,"Weighted",0.745416078984485
100,300,"Target_Only",0.649253731343284
100,300,"Source1_Only",0.57910447761194
100,300,"Source2_Only",0.835820895522388
100,300,"Weighted",0.747761194029851
200,300,"Target_Only",0.792692613185068
200,300,"Source1_Only",0.669579030976966
200,300,"Source2_Only",0.735504368546466
200,300,"Weighted",0.796664019062748
300,300,"Target_Only",0.766229159276339
300,300,"Source1_Only",0.635863781482795
300,300,"Source2_Only",0.768357573607662
300,300,"Weighted",0.788932245477119
100,500,"Target_Only",0.686940966010734
100,500,"Source1_Only",0.724508050089445
100,500,"Source2_Only",0.78175313059034
100,500,"Weighted",0.796064400715564
200,500,"Target_Only",0.761796904492261
200,500,"Source1_Only",0.71045677614194
200,500,"Source2_Only",0.774254435636089
200,500,"Weighted",0.803699509248773
300,500,"Target_Only",0.662895114942529
300,500,"Source1_Only",0.598958333333333
300,500,"Source2_Only",0.738326149425287
300,500,"Weighted",0.73114224137931
100,1000,"Target_Only",0.717047451669596
100,1000,"Source1_Only",0.750439367311072
100,1000,"Source2_Only",0.659050966608084
100,1000,"Weighted",0.755711775043937
200,1000,"Target_Only",0.782656421514819
200,1000,"Source1_Only",0.738016831320893
200,1000,"Source2_Only",0.809366995975119
200,1000,"Weighted",0.849615806805708
300,1000,"Target_Only",0.714117647058824
300,1000,"Source1_Only",0.638655462184874
300,1000,"Source2_Only",0.703361344537815
300,1000,"Weighted",0.73546218487395
100,100,"Target_Only",0.562396006655574
100,100,"Source1_Only",0.602329450915141
100,100,"Source2_Only",0.577371048252912
100,100,"Weighted",0.610648918469218
200,100,"Target_Only",0.78
200,100,"Source1_Only",0.627391304347826
200,100,"Source2_Only",0.749565217391304
200,100,"Weighted",0.806086956521739
300,100,"Target_Only",0.731094013886283
300,100,"Source1_Only",0.626008632013511
300,100,"Source2_Only",0.689998123475324
300,100,"Weighted",0.755676487145806
100,300,"Target_Only",0.713385826771654
100,300,"Source1_Only",0.675590551181102
100,300,"Source2_Only",0.798425196850394
100,300,"Weighted",0.795275590551181
200,300,"Target_Only",0.763026409707352
200,300,"Source1_Only",0.733047822983583
200,300,"Source2_Only",0.734118486795146
200,300,"Weighted",0.827266238401142
300,300,"Target_Only",0.777048528241846
300,300,"Source1_Only",0.700278440731901
300,300,"Source2_Only",0.781225139220366
300,300,"Weighted",0.81642800318218
100,500,"Target_Only",0.757267441860465
100,500,"Source1_Only",0.63953488372093
100,500,"Source2_Only",0.82703488372093
100,500,"Weighted",0.796511627906977
200,500,"Target_Only",0.787362845251608
200,500,"Source1_Only",0.733068482784714
200,500,"Source2_Only",0.766553159288687
200,500,"Weighted",0.828225501324253
300,500,"Target_Only",0.792774982027318
300,500,"Source1_Only",0.680625449317038
300,500,"Source2_Only",0.794212796549245
300,500,"Weighted",0.841840402588066
100,1000,"Target_Only",0.620328849028401
100,1000,"Source1_Only",0.659192825112108
100,1000,"Source2_Only",0.738415545590434
100,1000,"Weighted",0.771300448430493
200,1000,"Target_Only",0.73008073008073
200,1000,"Source1_Only",0.71007371007371
200,1000,"Source2_Only",0.714285714285714
200,1000,"Weighted",0.767286767286767
300,1000,"Target_Only",0.794999113317964
300,1000,"Source1_Only",0.705798900514276
300,1000,"Source2_Only",0.833835786486966
300,1000,"Weighted",0.846426671395638
100,100,"Target_Only",0.668686868686869
100,100,"Source1_Only",0.614141414141414
100,100,"Source2_Only",0.711111111111111
100,100,"Weighted",0.739393939393939
200,100,"Target_Only",0.71957671957672
200,100,"Source1_Only",0.551078551078551
200,100,"Source2_Only",0.703296703296703
200,100,"Weighted",0.739112739112739
300,100,"Target_Only",0.754949170679508
300,100,"Source1_Only",0.653112181202069
300,100,"Source2_Only",0.719101123595506
300,100,"Weighted",0.775994292848225
100,300,"Target_Only",0.760061919504644
100,300,"Source1_Only",0.721362229102167
100,300,"Source2_Only",0.735294117647059
100,300,"Weighted",0.803405572755418
200,300,"Target_Only",0.767706576728499
200,300,"Source1_Only",0.661045531197302
200,300,"Source2_Only",0.768128161888701
200,300,"Weighted",0.81070826306914
300,300,"Target_Only",0.723111758046256
300,300,"Source1_Only",0.633672974284328
300,300,"Source2_Only",0.721170952612001
300,300,"Weighted",0.767912016820314
100,500,"Target_Only",0.600290697674419
100,500,"Source1_Only",0.581395348837209
100,500,"Source2_Only",0.667151162790698
100,500,"Weighted",0.684593023255814
200,500,"Target_Only",0.763830599008012
200,500,"Source1_Only",0.634490652422739
200,500,"Source2_Only",0.732163296451736
200,500,"Weighted",0.814193056085464
300,500,"Target_Only",0.761264407963674
300,500,"Source1_Only",0.644603562696472
300,500,"Source2_Only",0.720922109675166
300,500,"Weighted",0.773838630806846
100,1000,"Target_Only",0.580128205128205
100,1000,"Source1_Only",0.564102564102564
100,1000,"Source2_Only",0.684294871794872
100,1000,"Weighted",0.653846153846154
200,1000,"Target_Only",0.6707410236822
200,1000,"Source1_Only",0.542780748663102
200,1000,"Source2_Only",0.736822001527884
200,1000,"Weighted",0.729946524064171
300,1000,"Target_Only",0.774011299435028
300,1000,"Source1_Only",0.626776236945728
300,1000,"Source2_Only",0.783427495291902
300,1000,"Weighted",0.807909604519774
100,100,"Target_Only",0.726229508196721
100,100,"Source1_Only",0.70327868852459
100,100,"Source2_Only",0.739344262295082
100,100,"Weighted",0.791803278688525
200,100,"Target_Only",0.778877887788779
200,100,"Source1_Only",0.738036303630363
200,100,"Source2_Only",0.701320132013201
200,100,"Weighted",0.784653465346535
300,100,"Target_Only",0.768426555148981
300,100,"Source1_Only",0.596968112911657
300,100,"Source2_Only",0.711273741069873
300,100,"Weighted",0.78532845443457
100,300,"Target_Only",0.6875
100,300,"Source1_Only",0.585227272727273
100,300,"Source2_Only",0.823863636363636
100,300,"Weighted",0.778409090909091
200,300,"Target_Only",0.768245341614907
200,300,"Source1_Only",0.646350931677019
200,300,"Source2_Only",0.790372670807453
200,300,"Weighted",0.815605590062112
300,300,"Target_Only",0.749182535102904
300,300,"Source1_Only",0.630313521831121
300,300,"Source2_Only",0.778226582035007
300,300,"Weighted",0.777072513944989
100,500,"Target_Only",0.721036585365854
100,500,"Source1_Only",0.652439024390244
100,500,"Source2_Only",0.76219512195122
100,500,"Weighted",0.789634146341463
200,500,"Target_Only",0.717978395061728
200,500,"Source1_Only",0.62962962962963
200,500,"Source2_Only",0.840277777777778
200,500,"Weighted",0.80516975308642
300,500,"Target_Only",0.770447660720296
300,500,"Source1_Only",0.651295859979805
300,500,"Source2_Only",0.728205991248738
300,500,"Weighted",0.790811174688657
100,1000,"Target_Only",0.693679092382496
100,1000,"Source1_Only",0.576985413290113
100,1000,"Source2_Only",0.752025931928687
100,1000,"Weighted",0.73419773095624
200,1000,"Target_Only",0.718392922963509
200,1000,"Source1_Only",0.635458901584961
200,1000,"Source2_Only",0.722816070770365
200,1000,"Weighted",0.764098783634353
300,1000,"Target_Only",0.763990702664044
300,1000,"Source1_Only",0.64062220632934
300,1000,"Source2_Only",0.793313069908815
300,1000,"Weighted",0.794564634364384
100,100,"Target_Only",0.74247491638796
100,100,"Source1_Only",0.6438127090301
100,100,"Source2_Only",0.722408026755853
100,100,"Weighted",0.745819397993311
200,100,"Target_Only",0.748045486851457
200,100,"Source1_Only",0.571783937455579
200,100,"Source2_Only",0.742004264392324
200,100,"Weighted",0.77683013503909
300,100,"Target_Only",0.747711461003296
300,100,"Source1_Only",0.690223361406078
300,100,"Source2_Only",0.771512266569022
300,100,"Weighted",0.816550714024167
100,300,"Target_Only",0.696808510638298
100,300,"Source1_Only",0.606382978723404
100,300,"Source2_Only",0.689716312056738
100,300,"Weighted",0.703900709219858
200,300,"Target_Only",0.675822050290135
200,300,"Source1_Only",0.625918762088975
200,300,"Source2_Only",0.736557059961315
200,300,"Weighted",0.738491295938104
300,300,"Target_Only",0.77521613832853
300,300,"Source1_Only",0.684438040345821
300,300,"Source2_Only",0.768371757925072
300,300,"Weighted",0.815381844380404
100,500,"Target_Only",0.607874015748031
100,500,"Source1_Only",0.707086614173228
100,500,"Source2_Only",0.699212598425197
100,500,"Weighted",0.762204724409449
200,500,"Target_Only",0.759401536595228
200,500,"Source1_Only",0.659118479579458
200,500,"Source2_Only",0.723412858875859
200,500,"Weighted",0.783259199353012
300,500,"Target_Only",0.722883010829043
300,500,"Source1_Only",0.69217113438665
300,500,"Source2_Only",0.749156754837564
300,500,"Weighted",0.795490857447186
100,1000,"Target_Only",0.706467661691542
100,1000,"Source1_Only",0.646766169154229
100,1000,"Source2_Only",0.827529021558872
100,1000,"Weighted",0.799336650082919
200,1000,"Target_Only",0.787525987525987
200,1000,"Source1_Only",0.710602910602911
200,1000,"Source2_Only",0.795010395010395
200,1000,"Weighted",0.82993762993763
300,1000,"Target_Only",0.730234330348638
300,1000,"Source1_Only",0.638978853114879
300,1000,"Source2_Only",0.746808915983997
300,1000,"Weighted",0.785101924176034
100,100,"Target_Only",0.688372093023256
100,100,"Source1_Only",0.596899224806202
100,100,"Source2_Only",0.637209302325581
100,100,"Weighted",0.731782945736434
200,100,"Target_Only",0.703445268207588
200,100,"Source1_Only",0.545573484518099
200,100,"Source2_Only",0.77191452245966
200,100,"Weighted",0.745747928477976
300,100,"Target_Only",0.768276324614353
300,100,"Source1_Only",0.643527833668679
300,100,"Source2_Only",0.688296445338699
300,100,"Weighted",0.773474178403756
100,300,"Target_Only",0.621993127147766
100,300,"Source1_Only",0.582474226804124
100,300,"Source2_Only",0.793814432989691
100,300,"Weighted",0.719931271477663
200,300,"Target_Only",0.682348210695617
200,300,"Source1_Only",0.693606755126659
200,300,"Source2_Only",0.73783675110575
200,300,"Weighted",0.782870928829916
300,300,"Target_Only",0.767563662633195
300,300,"Source1_Only",0.62940220335922
300,300,"Source2_Only",0.752392992595268
300,300,"Weighted",0.799349828426946
100,500,"Target_Only",0.734351145038168
100,500,"Source1_Only",0.729770992366412
100,500,"Source2_Only",0.708396946564885
100,500,"Weighted",0.798473282442748
200,500,"Target_Only",0.73771892353695
200,500,"Source1_Only",0.728748398120461
200,500,"Source2_Only",0.717214865442119
200,500,"Weighted",0.794959419051687
300,500,"Target_Only",0.718261185885777
300,500,"Source1_Only",0.660603855947617
300,500,"Source2_Only",0.765187340851219
300,500,"Weighted",0.765005456529647
100,1000,"Target_Only",0.634796238244514
100,1000,"Source1_Only",0.692789968652038
100,1000,"Source2_Only",0.703761755485893
100,1000,"Weighted",0.719435736677116
200,1000,"Target_Only",0.737560192616372
200,1000,"Source1_Only",0.707865168539326
200,1000,"Source2_Only",0.778089887640449
200,1000,"Weighted",0.78892455858748
300,1000,"Target_Only",0.762921348314607
300,1000,"Source1_Only",0.66115569823435
300,1000,"Source2_Only",0.813001605136437
300,1000,"Weighted",0.817335473515249
100,100,"Target_Only",0.676204819277108
100,100,"Source1_Only",0.572289156626506
100,100,"Source2_Only",0.789156626506024
100,100,"Weighted",0.771084337349398
200,100,"Target_Only",0.698956780923994
200,100,"Source1_Only",0.579359165424739
200,100,"Source2_Only",0.706408345752608
200,100,"Weighted",0.715350223546945
300,100,"Target_Only",0.75702565892826
300,100,"Source1_Only",0.638156746378076
300,100,"Source2_Only",0.682667132134753
300,100,"Weighted",0.761738523302496
100,300,"Target_Only",0.68937875751503
100,300,"Source1_Only",0.551102204408818
100,300,"Source2_Only",0.801603206412826
100,300,"Weighted",0.75751503006012
200,300,"Target_Only",0.697929869032531
200,300,"Source1_Only",0.649767638360794
200,300,"Source2_Only",0.792986903253063
200,300,"Weighted",0.796366708914237
300,300,"Target_Only",0.770212060967528
300,300,"Source1_Only",0.696984758117959
300,300,"Source2_Only",0.728793903247184
300,300,"Weighted",0.813121272365805
100,500,"Target_Only",0.638065522620905
100,500,"Source1_Only",0.580343213728549
100,500,"Source2_Only",0.772230889235569
100,500,"Weighted",0.745709828393136
200,500,"Target_Only",0.732589285714286
200,500,"Source1_Only",0.721875
200,500,"Source2_Only",0.755357142857143
200,500,"Weighted",0.810714285714286
300,500,"Target_Only",0.758838599487617
300,500,"Source1_Only",0.662852263023057
300,500,"Source2_Only",0.761571306575576
300,500,"Weighted",0.810418445772844
100,1000,"Target_Only",0.793991416309013
100,1000,"Source1_Only",0.655221745350501
100,1000,"Source2_Only",0.795422031473534
100,1000,"Weighted",0.815450643776824
200,1000,"Target_Only",0.722784810126582
200,1000,"Source1_Only",0.714345991561181
200,1000,"Source2_Only",0.766666666666667
200,1000,"Weighted",0.792405063291139
300,1000,"Target_Only",0.74679682733374
300,1000,"Source1_Only",0.665649786455156
300,1000,"Source2_Only",0.756762253406549
300,1000,"Weighted",0.790929428513321
100,100,"Target_Only",0.579494799405646
100,100,"Source1_Only",0.711738484398217
100,100,"Source2_Only",0.684992570579495
100,100,"Weighted",0.742942050520059
200,100,"Target_Only",0.654805575935437
200,100,"Source1_Only",0.683418928833456
200,100,"Source2_Only",0.698092443140132
200,100,"Weighted",0.720836390315481
300,100,"Target_Only",0.735395814376706
300,100,"Source1_Only",0.628753412192903
300,100,"Source2_Only",0.757233848953594
300,100,"Weighted",0.776342129208371
100,300,"Target_Only",0.755038759689922
100,300,"Source1_Only",0.781395348837209
100,300,"Source2_Only",0.768992248062015
100,300,"Weighted",0.798449612403101
200,300,"Target_Only",0.801314263625821
200,300,"Source1_Only",0.678005411673753
200,300,"Source2_Only",0.718979512949362
200,300,"Weighted",0.788558175492849
300,300,"Target_Only",0.745542949756888
300,300,"Source1_Only",0.639708265802269
300,300,"Source2_Only",0.726580226904376
300,300,"Weighted",0.771799027552674
100,500,"Target_Only",0.677842565597668
100,500,"Source1_Only",0.657434402332362
100,500,"Source2_Only",0.740524781341108
100,500,"Weighted",0.769679300291545
200,500,"Target_Only",0.785936285936286
200,500,"Source1_Only",0.749417249417249
200,500,"Source2_Only",0.799145299145299
200,500,"Weighted",0.825951825951826
300,500,"Target_Only",0.699806780256455
300,500,"Source1_Only",0.636746882135956
300,500,"Source2_Only",0.740909889337783
300,500,"Weighted",0.741963815211663
100,1000,"Target_Only",0.791164658634538
100,1000,"Source1_Only",0.710843373493976
100,1000,"Source2_Only",0.807228915662651
100,1000,"Weighted",0.837349397590361
200,1000,"Target_Only",0.736268017140631
200,1000,"Source1_Only",0.640825866770549
200,1000,"Source2_Only",0.751071289442929
200,1000,"Weighted",0.773665757693806
300,1000,"Target_Only",0.737577365163572
300,1000,"Source1_Only",0.671794871794872
300,1000,"Source2_Only",0.777718832891247
300,1000,"Weighted",0.795225464190982
100,100,"Target_Only",0.657434402332362
100,100,"Source1_Only",0.56997084548105
100,100,"Source2_Only",0.82798833819242
100,100,"Weighted",0.782798833819242
200,100,"Target_Only",0.753336029114436
200,100,"Source1_Only",0.685806712494945
200,100,"Source2_Only",0.725030327537404
200,100,"Weighted",0.793772745653053
300,100,"Target_Only",0.785299145299145
300,100,"Source1_Only",0.679316239316239
300,100,"Source2_Only",0.725299145299145
300,100,"Weighted",0.801025641025641
100,300,"Target_Only",0.791666666666667
100,300,"Source1_Only",0.738095238095238
100,300,"Source2_Only",0.794642857142857
100,300,"Weighted",0.837797619047619
200,300,"Target_Only",0.676426982950334
200,300,"Source1_Only",0.636767976278725
200,300,"Source2_Only",0.751297257227576
200,300,"Weighted",0.765011119347665
300,300,"Target_Only",0.715537985562049
300,300,"Source1_Only",0.628394637332417
300,300,"Source2_Only",0.778789962186318
300,300,"Weighted",0.771742866964593
100,500,"Target_Only",0.639123102866779
100,500,"Source1_Only",0.723440134907251
100,500,"Source2_Only",0.743676222596965
100,500,"Weighted",0.762225969645868
200,500,"Target_Only",0.661577608142494
200,500,"Source1_Only",0.735005452562704
200,500,"Source2_Only",0.791348600508906
200,500,"Weighted",0.776444929116685
300,500,"Target_Only",0.781499202551834
300,500,"Source1_Only",0.655856813751551
300,500,"Source2_Only",0.770512138933191
300,500,"Weighted",0.793549530391636
100,1000,"Target_Only",0.643312101910828
100,1000,"Source1_Only",0.734607218683652
100,1000,"Source2_Only",0.67515923566879
100,1000,"Weighted",0.732484076433121
200,1000,"Target_Only",0.764296754250386
200,1000,"Source1_Only",0.660355486862442
200,1000,"Source2_Only",0.807187017001546
200,1000,"Weighted",0.840417310664606
300,1000,"Target_Only",0.741723002253423
300,1000,"Source1_Only",0.653666146645866
300,1000,"Source2_Only",0.751256716935344
300,1000,"Weighted",0.78869821459525
100,100,"Target_Only",0.658901830282862
100,100,"Source1_Only",0.693843594009983
100,100,"Source2_Only",0.728785357737105
100,100,"Weighted",0.733777038269551
200,100,"Target_Only",0.687104430379747
200,100,"Source1_Only",0.672863924050633
200,100,"Source2_Only",0.634889240506329
200,100,"Weighted",0.712025316455696
300,100,"Target_Only",0.766601243048741
300,100,"Source1_Only",0.649165848871443
300,100,"Source2_Only",0.736342819757933
300,100,"Weighted",0.781975793261367
100,300,"Target_Only",0.592063492063492
100,300,"Source1_Only",0.66031746031746
100,300,"Source2_Only",0.757142857142857
100,300,"Weighted",0.815873015873016
200,300,"Target_Only",0.713162251655629
200,300,"Source1_Only",0.577400662251656
200,300,"Source2_Only",0.767384105960265
200,300,"Weighted",0.757864238410596
300,300,"Target_Only",0.763639415813329
300,300,"Source1_Only",0.632868893738459
300,300,"Source2_Only",0.737451737451737
300,300,"Weighted",0.771697163001511
100,500,"Target_Only",0.634848484848485
100,500,"Source1_Only",0.687878787878788
100,500,"Source2_Only",0.742424242424242
100,500,"Weighted",0.73030303030303
200,500,"Target_Only",0.715557275541796
200,500,"Source1_Only",0.653250773993808
200,500,"Source2_Only",0.78405572755418
200,500,"Weighted",0.773993808049536
300,500,"Target_Only",0.726809557273366
300,500,"Source1_Only",0.63633169360506
300,500,"Source2_Only",0.691496837666901
300,500,"Weighted",0.742621222768798
100,1000,"Target_Only",0.75482912332838
100,1000,"Source1_Only",0.606240713224368
100,1000,"Source2_Only",0.777117384843982
100,1000,"Weighted",0.803863298662704
200,1000,"Target_Only",0.767580452920143
200,1000,"Source1_Only",0.651569328565753
200,1000,"Source2_Only",0.792610250297974
200,1000,"Weighted",0.822407628128725
300,1000,"Target_Only",0.764291564291564
300,1000,"Source1_Only",0.709090909090909
300,1000,"Source2_Only",0.787141687141687
300,1000,"Weighted",0.815561015561016
100,100,"Target_Only",0.746932515337423
100,100,"Source1_Only",0.745398773006135
100,100,"Source2_Only",0.705521472392638
100,100,"Weighted",0.789877300613497
200,100,"Target_Only",0.768211920529801
200,100,"Source1_Only",0.613946240747955
200,100,"Source2_Only",0.674717569146864
200,100,"Weighted",0.750681729645501
300,100,"Target_Only",0.701685891748004
300,100,"Source1_Only",0.547116237799468
300,100,"Source2_Only",0.750488021295475
300,100,"Weighted",0.757054125998225
100,300,"Target_Only",0.66612641815235
100,300,"Source1_Only",0.73419773095624
100,300,"Source2_Only",0.6645056726094
100,300,"Weighted",0.729335494327391
200,300,"Target_Only",0.656146179401993
200,300,"Source1_Only",0.648255813953488
200,300,"Source2_Only",0.759966777408638
200,300,"Weighted",0.766196013289037
300,300,"Target_Only",0.784721030042918
300,300,"Source1_Only",0.68343347639485
300,300,"Source2_Only",0.72549356223176
300,300,"Weighted",0.807725321888412
100,500,"Target_Only",0.581538461538462
100,500,"Source1_Only",0.601538461538462
100,500,"Source2_Only",0.8
100,500,"Weighted",0.709230769230769
200,500,"Target_Only",0.680087051142546
200,500,"Source1_Only",0.671381936887922
200,500,"Source2_Only",0.686253173739572
200,500,"Weighted",0.717083786724701
300,500,"Target_Only",0.759225759768452
300,500,"Source1_Only",0.677279305354559
300,500,"Source2_Only",0.749819102749638
300,500,"Weighted",0.791606367583213
100,1000,"Target_Only",0.708818635607321
100,1000,"Source1_Only",0.8369384359401
100,1000,"Source2_Only",0.718801996672213
100,1000,"Weighted",0.782029950083195
200,1000,"Target_Only",0.65746945210879
200,1000,"Source1_Only",0.676783602680331
200,1000,"Source2_Only",0.692944422546315
200,1000,"Weighted",0.729601891998423
300,1000,"Target_Only",0.770351328191945
300,1000,"Source1_Only",0.705055698371894
300,1000,"Source2_Only",0.766580976863753
300,1000,"Weighted",0.816452442159383
100,100,"Target_Only",0.61913357400722
100,100,"Source1_Only",0.624548736462094
100,100,"Source2_Only",0.732851985559567
100,100,"Weighted",0.720216606498195
200,100,"Target_Only",0.715667311411992
200,100,"Source1_Only",0.603094777562863
200,100,"Source2_Only",0.66963249516441
200,100,"Weighted",0.75357833655706
300,100,"Target_Only",0.783030096922292
300,100,"Source1_Only",0.633565720115627
300,100,"Source2_Only",0.744431219180411
300,100,"Weighted",0.792382247917021
100,300,"Target_Only",0.672256097560976
100,300,"Source1_Only",0.596036585365854
100,300,"Source2_Only",0.742378048780488
100,300,"Weighted",0.763719512195122
200,300,"Target_Only",0.779606583701325
200,300,"Source1_Only",0.692091529506222
200,300,"Source2_Only",0.81413087113609
200,300,"Weighted",0.83781613809715
300,300,"Target_Only",0.711440058479532
300,300,"Source1_Only",0.697002923976608
300,300,"Source2_Only",0.703764619883041
300,300,"Weighted",0.748538011695906
100,500,"Target_Only",0.604724409448819
100,500,"Source1_Only",0.64251968503937
100,500,"Source2_Only",0.768503937007874
100,500,"Weighted",0.749606299212598
200,500,"Target_Only",0.739287144573488
200,500,"Source1_Only",0.639567480977173
200,500,"Source2_Only",0.744893872647177
200,500,"Weighted",0.773728474169003
300,500,"Target_Only",0.741412049024685
300,500,"Source1_Only",0.641291213533575
300,500,"Source2_Only",0.693768341101329
300,500,"Weighted",0.76126359399275
100,1000,"Target_Only",0.679727427597956
100,1000,"Source1_Only",0.65076660988075
100,1000,"Source2_Only",0.771720613287905
100,1000,"Weighted",0.742759795570698
200,1000,"Target_Only",0.731783638801967
200,1000,"Source1_Only",0.696915511846223
200,1000,"Source2_Only",0.766204738489048
200,1000,"Weighted",0.781850692892266
300,1000,"Target_Only",0.749131944444444
300,1000,"Source1_Only",0.605208333333333
300,1000,"Source2_Only",0.756944444444444
300,1000,"Weighted",0.788368055555556
100,100,"Target_Only",0.60586319218241
100,100,"Source1_Only",0.697068403908795
100,100,"Source2_Only",0.553745928338762
100,100,"Weighted",0.675895765472313
200,100,"Target_Only",0.76510067114094
200,100,"Source1_Only",0.593762337149625
200,100,"Source2_Only",0.734307145677063
200,100,"Weighted",0.793525463876826
300,100,"Target_Only",0.686410560162464
300,100,"Source1_Only",0.648502284650533
300,100,"Source2_Only",0.701303096970723
300,100,"Weighted",0.737011338635979
100,300,"Target_Only",0.804713804713805
100,300,"Source1_Only",0.755892255892256
100,300,"Source2_Only",0.742424242424242
100,300,"Weighted",0.84006734006734
200,300,"Target_Only",0.706219000381534
200,300,"Source1_Only",0.635253719954216
200,300,"Source2_Only",0.732544830217474
200,300,"Weighted",0.743609309423884
300,300,"Target_Only",0.775858760314719
300,300,"Source1_Only",0.667818077144502
300,300,"Source2_Only",0.698906160046056
300,300,"Weighted",0.805987334484744
100,500,"Target_Only",0.555905511811024
100,500,"Source1_Only",0.656692913385827
100,500,"Source2_Only",0.755905511811024
100,500,"Weighted",0.691338582677165
200,500,"Target_Only",0.793752352277004
200,500,"Source1_Only",0.673692133985698
200,500,"Source2_Only",0.706059465562665
200,500,"Weighted",0.808430560782838
300,500,"Target_Only",0.777013925612551
300,500,"Source1_Only",0.669487043892121
300,500,"Source2_Only",0.743698219636876
300,500,"Weighted",0.804688877137317
100,1000,"Target_Only",0.689127105666156
100,1000,"Source1_Only",0.73353751914242
100,1000,"Source2_Only",0.788667687595712
100,1000,"Weighted",0.790199081163859
200,1000,"Target_Only",0.723446893787575
200,1000,"Source1_Only",0.685370741482966
200,1000,"Source2_Only",0.745490981963928
200,1000,"Weighted",0.771943887775551
300,1000,"Target_Only",0.769757727652465
300,1000,"Source1_Only",0.713951545530493
300,1000,"Source2_Only",0.729323308270677
300,1000,"Weighted",0.815705931495405
100,100,"Target_Only",0.604519774011299
100,100,"Source1_Only",0.634180790960452
100,100,"Source2_Only",0.64406779661017
100,100,"Weighted",0.663841807909604
200,100,"Target_Only",0.745105872952457
200,100,"Source1_Only",0.658809428685577
200,100,"Source2_Only",0.675189772273272
200,100,"Weighted",0.769077107471035
300,100,"Target_Only",0.795662487292443
300,100,"Source1_Only",0.640460860725178
300,100,"Source2_Only",0.713656387665198
300,100,"Weighted",0.803287021348695
100,300,"Target_Only",0.609507640067912
100,300,"Source1_Only",0.601018675721562
100,300,"Source2_Only",0.66553480475382
100,300,"Weighted",0.68251273344652
200,300,"Target_Only",0.68861347792409
200,300,"Source1_Only",0.639814097598761
200,300,"Source2_Only",0.75987606506584
200,300,"Weighted",0.764910921766073
300,300,"Target_Only",0.731162632117286
300,300,"Source1_Only",0.632628707807705
300,300,"Source2_Only",0.732526423457211
300,300,"Weighted",0.75690419365837
100,500,"Target_Only",0.627769571639586
100,500,"Source1_Only",0.598227474150665
100,500,"Source2_Only",0.82274741506647
100,500,"Weighted",0.768094534711965
200,500,"Target_Only",0.73156457276629
200,500,"Source1_Only",0.637924307452204
200,500,"Source2_Only",0.735856418259852
200,500,"Weighted",0.766679672259071
300,500,"Target_Only",0.794283697953423
300,500,"Source1_Only",0.702011291460833
300,500,"Source2_Only",0.776111503175723
300,500,"Weighted",0.819336626676076
100,1000,"Target_Only",0.65938864628821
100,1000,"Source1_Only",0.606986899563319
100,1000,"Source2_Only",0.765647743813683
100,1000,"Weighted",0.746724890829694
200,1000,"Target_Only",0.685626441199078
200,1000,"Source1_Only",0.707532667179093
200,1000,"Source2_Only",0.776325903151422
200,1000,"Weighted",0.795926210607225
300,1000,"Target_Only",0.749144421629021
300,1000,"Source1_Only",0.688056125941136
300,1000,"Source2_Only",0.761635865845312
300,1000,"Weighted",0.777549623545517
100,100,"Target_Only",0.618421052631579
100,100,"Source1_Only",0.59375
100,100,"Source2_Only",0.708881578947368
100,100,"Weighted",0.708881578947368
200,100,"Target_Only",0.765888978278359
200,100,"Source1_Only",0.722445695897023
200,100,"Source2_Only",0.756234915526951
200,100,"Weighted",0.806114239742558
300,100,"Target_Only",0.730540953026963
300,100,"Source1_Only",0.58792606410039
300,100,"Source2_Only",0.699508224520943
300,100,"Weighted",0.751059860946244
100,300,"Target_Only",0.751304347826087
100,300,"Source1_Only",0.742608695652174
100,300,"Source2_Only",0.76695652173913
100,300,"Weighted",0.805217391304348
200,300,"Target_Only",0.685
200,300,"Source1_Only",0.645909090909091
200,300,"Source2_Only",0.740909090909091
200,300,"Weighted",0.762272727272727
300,300,"Target_Only",0.719874257771568
300,300,"Source1_Only",0.599720572825707
300,300,"Source2_Only",0.787460705553615
300,300,"Weighted",0.759168704156479
100,500,"Target_Only",0.73202614379085
100,500,"Source1_Only",0.649237472766885
100,500,"Source2_Only",0.718954248366013
100,500,"Weighted",0.803921568627451
200,500,"Target_Only",0.74554234769688
200,500,"Source1_Only",0.651560178306092
200,500,"Source2_Only",0.759658246656761
200,500,"Weighted",0.807578008915305
300,500,"Target_Only",0.706475583864119
300,500,"Source1_Only",0.68312101910828
300,500,"Source2_Only",0.720629865534324
300,500,"Weighted",0.78927813163482
100,1000,"Target_Only",0.625806451612903
100,1000,"Source1_Only",0.670967741935484
100,1000,"Source2_Only",0.767741935483871
100,1000,"Weighted",0.735483870967742
200,1000,"Target_Only",0.727607814227792
200,1000,"Source1_Only",0.636564688536675
200,1000,"Source2_Only",0.77441946185035
200,1000,"Weighted",0.774050866199779
300,1000,"Target_Only",0.731227436823105
300,1000,"Source1_Only",0.682490974729242
300,1000,"Source2_Only",0.753249097472924
300,1000,"Weighted",0.776534296028881
100,100,"Target_Only",0.786666666666667
100,100,"Source1_Only",0.731666666666667
100,100,"Source2_Only",0.656666666666667
100,100,"Weighted",0.79
200,100,"Target_Only",0.785028022417934
200,100,"Source1_Only",0.624899919935949
200,100,"Source2_Only",0.624099279423539
200,100,"Weighted",0.788230584467574
300,100,"Target_Only",0.743051819974897
300,100,"Source1_Only",0.648915187376726
300,100,"Source2_Only",0.721355567509414
300,100,"Weighted",0.795768334229873
100,300,"Target_Only",0.66551724137931
100,300,"Source1_Only",0.644827586206897
100,300,"Source2_Only",0.720689655172414
100,300,"Weighted",0.710344827586207
200,300,"Target_Only",0.747224278312361
200,300,"Source1_Only",0.670614359733531
200,300,"Source2_Only",0.771280532938564
200,300,"Weighted",0.811250925240563
300,300,"Target_Only",0.800815892160341
300,300,"Source1_Only",0.682156793189074
300,300,"Source2_Only",0.769421780773324
300,300,"Weighted",0.849414686058886
100,500,"Target_Only",0.788632326820604
100,500,"Source1_Only",0.781527531083481
100,500,"Source2_Only",0.825932504440497
100,500,"Weighted",0.872113676731794
200,500,"Target_Only",0.824319140774837
200,500,"Source1_Only",0.631760644418872
200,500,"Source2_Only",0.845416187188339
200,500,"Weighted",0.863828154967395
300,500,"Target_Only",0.783856502242152
300,500,"Source1_Only",0.693273542600897
300,500,"Source2_Only",0.776322869955157
300,500,"Weighted",0.820089686098655
100,1000,"Target_Only",0.744635193133047
100,1000,"Source1_Only",0.714592274678112
100,1000,"Source2_Only",0.770386266094421
100,1000,"Weighted",0.763948497854077
200,1000,"Target_Only",0.759314456035768
200,1000,"Source1_Only",0.721311475409836
200,1000,"Source2_Only",0.729508196721312
200,1000,"Weighted",0.800298062593145
300,1000,"Target_Only",0.755046649703138
300,1000,"Source1_Only",0.70754877014419
300,1000,"Source2_Only",0.808651399491094
300,1000,"Weighted",0.820016963528414
100,100,"Target_Only",0.78781512605042
100,100,"Source1_Only",0.634453781512605
100,100,"Source2_Only",0.703781512605042
100,100,"Weighted",0.78781512605042
200,100,"Target_Only",0.736885584469228
200,100,"Source1_Only",0.658405617513424
200,100,"Source2_Only",0.724494010739364
200,100,"Weighted",0.769516728624535
300,100,"Target_Only",0.731220451759762
300,100,"Source1_Only",0.610926282612502
300,100,"Source2_Only",0.691997898791805
300,100,"Weighted",0.754333741901593
100,300,"Target_Only",0.790372670807453
100,300,"Source1_Only",0.649068322981367
100,300,"Source2_Only",0.799689440993789
100,300,"Weighted",0.826086956521739
200,300,"Target_Only",0.72890127388535
200,300,"Source1_Only",0.707006369426752
200,300,"Source2_Only",0.734474522292994
200,300,"Weighted",0.787420382165605
300,300,"Target_Only",0.817652582159624
300,300,"Source1_Only",0.645070422535211
300,300,"Source2_Only",0.771267605633803
300,300,"Weighted",0.837558685446009
100,500,"Target_Only",0.746365105008078
100,500,"Source1_Only",0.646203554119548
100,500,"Source2_Only",0.780290791599354
100,500,"Weighted",0.827140549273021
200,500,"Target_Only",0.81077694235589
200,500,"Source1_Only",0.679197994987469
200,500,"Source2_Only",0.799081035923141
200,500,"Weighted",0.842105263157895
300,500,"Target_Only",0.772340425531915
300,500,"Source1_Only",0.68386524822695
300,500,"Source2_Only",0.738652482269504
300,500,"Weighted",0.79468085106383
100,1000,"Target_Only",0.636048526863085
100,1000,"Source1_Only",0.608318890814558
100,1000,"Source2_Only",0.734835355285962
100,1000,"Weighted",0.722703639514731
200,1000,"Target_Only",0.7404028886355
200,1000,"Source1_Only",0.647662485746864
200,1000,"Source2_Only",0.737742303306728
200,1000,"Weighted",0.776130748764728
300,1000,"Target_Only",0.683635752688172
300,1000,"Source1_Only",0.639112903225806
300,1000,"Source2_Only",0.714213709677419
300,1000,"Weighted",0.747311827956989
100,100,"Target_Only",0.508137432188065
100,100,"Source1_Only",0.555153707052441
100,100,"Source2_Only",0.679927667269439
100,100,"Weighted",0.618444846292948
200,100,"Target_Only",0.732596685082873
200,100,"Source1_Only",0.646777163904236
200,100,"Source2_Only",0.571270718232044
200,100,"Weighted",0.72670349907919
300,100,"Target_Only",0.773615056818182
300,100,"Source1_Only",0.730291193181818
300,100,"Source2_Only",0.766512784090909
300,100,"Weighted",0.808948863636364
100,300,"Target_Only",0.835728952772074
100,300,"Source1_Only",0.671457905544148
100,300,"Source2_Only",0.815195071868583
100,300,"Weighted",0.880903490759754
200,300,"Target_Only",0.72400175515577
200,300,"Source1_Only",0.612988152698552
200,300,"Source2_Only",0.747257569109258
200,300,"Weighted",0.743747257569109
300,300,"Target_Only",0.818181818181818
300,300,"Source1_Only",0.729445852951829
300,300,"Source2_Only",0.773270554147048
300,300,"Weighted",0.84425932633104
100,500,"Target_Only",0.703770197486535
100,500,"Source1_Only",0.692998204667864
100,500,"Source2_Only",0.784560143626571
100,500,"Weighted",0.77737881508079
200,500,"Target_Only",0.795252225519288
200,500,"Source1_Only",0.747032640949555
200,500,"Source2_Only",0.787462908011869
200,500,"Weighted",0.833086053412463
300,500,"Target_Only",0.770598037400481
300,500,"Source1_Only",0.671357156082207
300,500,"Source2_Only",0.731901499722274
300,500,"Weighted",0.79540825773005
100,1000,"Target_Only",0.611464968152866
100,1000,"Source1_Only",0.699044585987261
100,1000,"Source2_Only",0.657643312101911
100,1000,"Weighted",0.692675159235669
200,1000,"Target_Only",0.72502030869212
200,1000,"Source1_Only",0.681965881397238
200,1000,"Source2_Only",0.82412672623883
200,1000,"Weighted",0.802193338748985
300,1000,"Target_Only",0.805240661587066
300,1000,"Source1_Only",0.75617914885709
300,1000,"Source2_Only",0.763798550455306
300,1000,"Weighted",0.831258130459023
100,100,"Target_Only",0.777777777777778
100,100,"Source1_Only",0.633986928104575
100,100,"Source2_Only",0.722222222222222
100,100,"Weighted",0.797385620915033
200,100,"Target_Only",0.732931726907631
200,100,"Source1_Only",0.683935742971888
200,100,"Source2_Only",0.736144578313253
200,100,"Weighted",0.78433734939759
300,100,"Target_Only",0.695599654874892
300,100,"Source1_Only",0.625021570319241
300,100,"Source2_Only",0.673856773080242
300,100,"Weighted",0.734943917169974
100,300,"Target_Only",0.772131147540984
100,300,"Source1_Only",0.742622950819672
100,300,"Source2_Only",0.813114754098361
100,300,"Weighted",0.865573770491803
200,300,"Target_Only",0.77720207253886
200,300,"Source1_Only",0.654045436428856
200,300,"Source2_Only",0.770825029892387
200,300,"Weighted",0.826624153049023
300,300,"Target_Only",0.786196672706309
300,300,"Source1_Only",0.682754076758359
300,300,"Source2_Only",0.716191731181025
300,300,"Weighted",0.78372591006424
100,500,"Target_Only",0.62406015037594
100,500,"Source1_Only",0.67218045112782
100,500,"Source2_Only",0.705263157894737
100,500,"Weighted",0.721804511278195
200,500,"Target_Only",0.71583122971511
200,500,"Source1_Only",0.6332491886044
200,500,"Source2_Only",0.747926433465561
200,500,"Weighted",0.787234042553192
300,500,"Target_Only",0.810770099792883
300,500,"Source1_Only",0.701562794200715
300,500,"Source2_Only",0.77518358124647
300,500,"Weighted",0.833364714742986
100,1000,"Target_Only",0.840466926070039
100,1000,"Source1_Only",0.696498054474708
100,1000,"Source2_Only",0.828793774319066
100,1000,"Weighted",0.885214007782101
200,1000,"Target_Only",0.693955623565417
200,1000,"Source1_Only",0.7061973986228
200,1000,"Source2_Only",0.721117061973986
200,1000,"Weighted",0.75478194338179
300,1000,"Target_Only",0.767137809187279
300,1000,"Source1_Only",0.700883392226148
300,1000,"Source2_Only",0.770848056537103
300,1000,"Weighted",0.78904593639576
100,100,"Target_Only",0.732142857142857
100,100,"Source1_Only",0.642857142857143
100,100,"Source2_Only",0.644480519480519
100,100,"Weighted",0.724025974025974
200,100,"Target_Only",0.678384442782349
200,100,"Source1_Only",0.649214659685864
200,100,"Source2_Only",0.647344801795064
200,100,"Weighted",0.697830964846672
300,100,"Target_Only",0.704947634525099
300,100,"Source1_Only",0.64409534127844
300,100,"Source2_Only",0.689237992054893
300,100,"Weighted",0.725713253882268
100,300,"Target_Only",0.739054290718039
100,300,"Source1_Only",0.611208406304729
100,300,"Source2_Only",0.749562171628722
100,300,"Weighted",0.788091068301226
200,300,"Target_Only",0.746777862016679
200,300,"Source1_Only",0.706595905989386
200,300,"Source2_Only",0.76800606520091
200,300,"Weighted",0.799469294920394
300,300,"Target_Only",0.760764726145367
300,300,"Source1_Only",0.661040303134688
300,300,"Source2_Only",0.751291767137444
300,300,"Weighted",0.78608336203927
100,500,"Target_Only",0.764940239043825
100,500,"Source1_Only",0.723107569721116
100,500,"Source2_Only",0.752988047808765
100,500,"Weighted",0.804780876494024
200,500,"Target_Only",0.742015613910575
200,500,"Source1_Only",0.679205110007097
200,500,"Source2_Only",0.762952448545067
200,500,"Weighted",0.7902767920511
300,500,"Target_Only",0.747358997314234
300,500,"Source1_Only",0.662130707251567
300,500,"Source2_Only",0.807699194270367
300,500,"Weighted",0.806087735004476
100,1000,"Target_Only",0.740432612312812
100,1000,"Source1_Only",0.610648918469218
100,1000,"Source2_Only",0.855241264559068
100,1000,"Weighted",0.825291181364393
200,1000,"Target_Only",0.733695652173913
200,1000,"Source1_Only",0.676839464882943
200,1000,"Source2_Only",0.762123745819398
200,1000,"Weighted",0.802675585284281
300,1000,"Target_Only",0.768063720842025
300,1000,"Source1_Only",0.735634363739807
300,1000,"Source2_Only",0.767305139389342
300,1000,"Weighted",0.811302863644984
100,100,"Target_Only",0.706642066420664
100,100,"Source1_Only",0.634686346863469
100,100,"Source2_Only",0.750922509225092
100,100,"Weighted",0.732472324723247
200,100,"Target_Only",0.718916993231208
200,100,"Source1_Only",0.664410402565016
200,100,"Source2_Only",0.676522978268614
200,100,"Weighted",0.758104738154614
300,100,"Target_Only",0.76176105094976
300,100,"Source1_Only",0.639801171666962
300,100,"Source2_Only",0.761228475057696
300,100,"Weighted",0.804189597017575
100,300,"Target_Only",0.638364779874214
100,300,"Source1_Only",0.658805031446541
100,300,"Source2_Only",0.677672955974843
100,300,"Weighted",0.677672955974843
200,300,"Target_Only",0.766835626357712
200,300,"Source1_Only",0.660753077480087
200,300,"Source2_Only",0.779869659666908
200,300,"Weighted",0.825126719768284
300,300,"Target_Only",0.758951084215835
300,300,"Source1_Only",0.609346108589679
300,300,"Source2_Only",0.755589174651202
300,300,"Weighted",0.776601109430156
100,500,"Target_Only",0.728323699421965
100,500,"Source1_Only",0.708092485549133
100,500,"Source2_Only",0.732658959537572
100,500,"Weighted",0.773121387283237
200,500,"Target_Only",0.776709796672828
200,500,"Source1_Only",0.693530499075786
200,500,"Source2_Only",0.75268022181146
200,500,"Weighted",0.802957486136784
300,500,"Target_Only",0.790980052038161
300,500,"Source1_Only",0.707372072853426
300,500,"Source2_Only",0.802428447528187
300,500,"Weighted",0.82601908065915
100,1000,"Target_Only",0.633333333333333
100,1000,"Source1_Only",0.608771929824561
100,1000,"Source2_Only",0.729824561403509
100,1000,"Weighted",0.719298245614035
200,1000,"Target_Only",0.713094824591872
200,1000,"Source1_Only",0.577978464744703
200,1000,"Source2_Only",0.766585620006947
200,1000,"Weighted",0.747134421674192
300,1000,"Target_Only",0.785632839224629
300,1000,"Source1_Only",0.709045990117826
300,1000,"Source2_Only",0.787343215507412
300,1000,"Weighted",0.815849486887115
100,100,"Target_Only",0.65587044534413
100,100,"Source1_Only",0.522267206477733
100,100,"Source2_Only",0.607287449392713
100,100,"Weighted",0.659919028340081
200,100,"Target_Only",0.75423045930701
200,100,"Source1_Only",0.666398066075745
200,100,"Source2_Only",0.654311039484287
200,100,"Weighted",0.743352135374698
300,100,"Target_Only",0.721240359897172
300,100,"Source1_Only",0.63030205655527
300,100,"Source2_Only",0.7323264781491
300,100,"Weighted",0.766066838046273
100,300,"Target_Only",0.614533965244866
100,300,"Source1_Only",0.609794628751975
100,300,"Source2_Only",0.725118483412322
100,300,"Weighted",0.721958925750395
200,300,"Target_Only",0.753266144083613
200,300,"Source1_Only",0.640910787607316
200,300,"Source2_Only",0.741694662187383
200,300,"Weighted",0.779768570362075
300,300,"Target_Only",0.734170768969615
300,300,"Source1_Only",0.645221524359192
300,300,"Source2_Only",0.726531997962994
300,300,"Weighted",0.75997283992531
100,500,"Target_Only",0.748006379585327
100,500,"Source1_Only",0.636363636363636
100,500,"Source2_Only",0.807017543859649
100,500,"Weighted",0.811802232854864
200,500,"Target_Only",0.762691377921031
200,500,"Source1_Only",0.695809830781628
200,500,"Source2_Only",0.731668009669621
200,500,"Weighted",0.811845286059629
300,500,"Target_Only",0.71266855335442
300,500,"Source1_Only",0.707008490094889
300,500,"Source2_Only",0.693191276843682
300,500,"Weighted",0.752788413517563
100,1000,"Target_Only",0.678694158075601
100,1000,"Source1_Only",0.742268041237113
100,1000,"Source2_Only",0.642611683848797
100,1000,"Weighted",0.728522336769759
200,1000,"Target_Only",0.762152777777778
200,1000,"Source1_Only",0.727864583333333
200,1000,"Source2_Only",0.740017361111111
200,1000,"Weighted",0.8046875
300,1000,"Target_Only",0.759148006553796
300,1000,"Source1_Only",0.690151101401784
300,1000,"Source2_Only",0.725286728563626
300,1000,"Weighted",0.800473329692336
100,100,"Target_Only",0.621359223300971
100,100,"Source1_Only",0.711974110032362
100,100,"Source2_Only",0.637540453074434
100,100,"Weighted",0.715210355987055
200,100,"Target_Only",0.811696391538781
200,100,"Source1_Only",0.569058481957694
200,100,"Source2_Only",0.778100373289092
200,100,"Weighted",0.818332642057238
300,100,"Target_Only",0.730710270822688
300,100,"Source1_Only",0.608414239482201
300,100,"Source2_Only",0.690853346959632
300,100,"Weighted",0.73871572134219
100,300,"Target_Only",0.735963581183611
100,300,"Source1_Only",0.632776934749621
100,300,"Source2_Only",0.707132018209408
100,300,"Weighted",0.784522003034901
200,300,"Target_Only",0.740466926070039
200,300,"Source1_Only",0.735019455252918
200,300,"Source2_Only",0.735019455252918
200,300,"Weighted",0.796498054474708
300,300,"Target_Only",0.750753412515511
300,300,"Source1_Only",0.693848608402766
300,300,"Source2_Only",0.751285233114696
300,300,"Weighted",0.79152632511966
100,500,"Target_Only",0.760902255639098
100,500,"Source1_Only",0.670676691729323
100,500,"Source2_Only",0.769924812030075
100,500,"Weighted",0.819548872180451
200,500,"Target_Only",0.71090387374462
200,500,"Source1_Only",0.622668579626973
200,500,"Source2_Only",0.754662840746054
200,500,"Weighted",0.751076040172166
300,500,"Target_Only",0.765544041450777
300,500,"Source1_Only",0.694300518134715
300,500,"Source2_Only",0.801443375277572
300,500,"Weighted",0.820318282753516
100,1000,"Target_Only",0.622668579626973
100,1000,"Source1_Only",0.599713055954089
100,1000,"Source2_Only",0.711621233859397
100,1000,"Weighted",0.690100430416069
200,1000,"Target_Only",0.748535564853557
200,1000,"Source1_Only",0.676987447698745
200,1000,"Source2_Only",0.75397489539749
200,1000,"Weighted",0.782845188284519
300,1000,"Target_Only",0.743232021258927
300,1000,"Source1_Only",0.702042850024913
300,1000,"Source2_Only",0.741405082212257
300,1000,"Weighted",0.780269058295964
100,100,"Target_Only",0.624260355029586
100,100,"Source1_Only",0.594674556213018
100,100,"Source2_Only",0.633136094674556
100,100,"Weighted",0.678994082840237
200,100,"Target_Only",0.766025641025641
200,100,"Source1_Only",0.666266025641026
200,100,"Source2_Only",0.604166666666667
200,100,"Weighted",0.782852564102564
300,100,"Target_Only",0.735886371808702
300,100,"Source1_Only",0.612369651204603
300,100,"Source2_Only",0.765731751168644
300,100,"Weighted",0.768428622797555
100,300,"Target_Only",0.79616724738676
100,300,"Source1_Only",0.803135888501742
100,300,"Source2_Only",0.733449477351916
100,300,"Weighted",0.843205574912892
200,300,"Target_Only",0.748917748917749
200,300,"Source1_Only",0.675718221172767
200,300,"Source2_Only",0.765840220385675
200,300,"Weighted",0.812278630460449
300,300,"Target_Only",0.770084162203519
300,300,"Source1_Only",0.667750573833206
300,300,"Source2_Only",0.748469778117827
300,300,"Weighted",0.813695485845448
100,500,"Target_Only",0.753363228699552
100,500,"Source1_Only",0.739910313901345
100,500,"Source2_Only",0.711509715994021
100,500,"Weighted",0.789237668161435
200,500,"Target_Only",0.676737160120846
200,500,"Source1_Only",0.641346568839016
200,500,"Source2_Only",0.746655157531291
200,500,"Weighted",0.744065602071644
300,500,"Target_Only",0.741624180626366
300,500,"Source1_Only",0.626729788783685
300,500,"Source2_Only",0.745630007283321
300,500,"Weighted",0.780043699927167
100,1000,"Target_Only",0.69983948635634
100,1000,"Source1_Only",0.749598715890851
100,1000,"Source2_Only",0.715890850722311
100,1000,"Weighted",0.773675762439807
200,1000,"Target_Only",0.708930075821398
200,1000,"Source1_Only",0.682392586352148
200,1000,"Source2_Only",0.767481044650379
200,1000,"Weighted",0.772114574557708
300,1000,"Target_Only",0.765287317808678
300,1000,"Source1_Only",0.686379628078405
300,1000,"Source2_Only",0.749371754062657
300,1000,"Weighted",0.803987267549003
100,100,"Target_Only",0.669117647058824
100,100,"Source1_Only",0.565359477124183
100,100,"Source2_Only",0.638888888888889
100,100,"Weighted",0.681372549019608
200,100,"Target_Only",0.77834179357022
200,100,"Source1_Only",0.686125211505922
200,100,"Source2_Only",0.784263959390863
200,100,"Weighted",0.836294416243655
300,100,"Target_Only",0.741884816753927
300,100,"Source1_Only",0.587434554973822
300,100,"Source2_Only",0.666666666666667
300,100,"Weighted",0.724956369982548
100,300,"Target_Only",0.719211822660099
100,300,"Source1_Only",0.64367816091954
100,300,"Source2_Only",0.752052545155993
100,300,"Weighted",0.763546798029557
200,300,"Target_Only",0.796344647519582
200,300,"Source1_Only",0.722802436901654
200,300,"Source2_Only",0.689730200174064
200,300,"Weighted",0.79852045256745
300,300,"Target_Only",0.687741224039699
300,300,"Source1_Only",0.646204741775409
300,300,"Source2_Only",0.741775408932182
300,300,"Weighted",0.768057342400294
100,500,"Target_Only",0.644345238095238
100,500,"Source1_Only",0.65327380952381
100,500,"Source2_Only",0.723214285714286
100,500,"Weighted",0.724702380952381
200,500,"Target_Only",0.718505647263249
200,500,"Source1_Only",0.652041702867072
200,500,"Source2_Only",0.769765421372719
200,500,"Weighted",0.796698523023458
300,500,"Target_Only",0.762033440297247
300,500,"Source1_Only",0.660023644654619
300,500,"Source2_Only",0.713899679108259
300,500,"Weighted",0.762877892247931
100,1000,"Target_Only",0.779856115107914
100,1000,"Source1_Only",0.801438848920863
100,1000,"Source2_Only",0.801438848920863
100,1000,"Weighted",0.831654676258993
200,1000,"Target_Only",0.849188952213941
200,1000,"Source1_Only",0.711091626479614
200,1000,"Source2_Only",0.797895659798334
200,1000,"Weighted",0.870232354230601
300,1000,"Target_Only",0.76326164874552
300,1000,"Source1_Only",0.672759856630824
300,1000,"Source2_Only",0.762813620071685
300,1000,"Weighted",0.803046594982079
100,100,"Target_Only",0.600600600600601
100,100,"Source1_Only",0.606606606606607
100,100,"Source2_Only",0.728228228228228
100,100,"Weighted",0.686186186186186
200,100,"Target_Only",0.725526413003325
200,100,"Source1_Only",0.623199113409679
200,100,"Source2_Only",0.682674547469523
200,100,"Weighted",0.721832286664204
300,100,"Target_Only",0.731070496083551
300,100,"Source1_Only",0.600685378590078
300,100,"Source2_Only",0.690763707571802
300,100,"Weighted",0.725685378590078
100,300,"Target_Only",0.673667205169628
100,300,"Source1_Only",0.709208400646204
100,300,"Source2_Only",0.796445880452342
100,300,"Weighted",0.823909531502423
200,300,"Target_Only",0.701572688914461
200,300,"Source1_Only",0.608362102032988
200,300,"Source2_Only",0.729957805907173
200,300,"Weighted",0.74108170310702
300,300,"Target_Only",0.805428384565075
300,300,"Source1_Only",0.673152387181164
300,300,"Source2_Only",0.784499672988882
300,300,"Weighted",0.857096141268803
100,500,"Target_Only",0.552166934189406
100,500,"Source1_Only",0.712680577849117
100,500,"Source2_Only",0.78330658105939
100,500,"Weighted",0.752808988764045
200,500,"Target_Only",0.839195979899497
200,500,"Source1_Only",0.722361809045226
200,500,"Source2_Only",0.785175879396985
200,500,"Weighted",0.873953098827471
300,500,"Target_Only",0.726904090267983
300,500,"Source1_Only",0.717912552891396
300,500,"Source2_Only",0.753173483779972
300,500,"Weighted",0.769569816643159
100,1000,"Target_Only",0.688477951635846
100,1000,"Source1_Only",0.658605974395448
100,1000,"Source2_Only",0.779516358463727
100,1000,"Weighted",0.7425320056899
200,1000,"Target_Only",0.745920745920746
200,1000,"Source1_Only",0.710567210567211
200,1000,"Source2_Only",0.79020979020979
200,1000,"Weighted",0.817793317793318
300,1000,"Target_Only",0.74222972972973
300,1000,"Source1_Only",0.703547297297297
300,1000,"Source2_Only",0.743412162162162
300,1000,"Weighted",0.796114864864865
100,100,"Target_Only",0.65089722675367
100,100,"Source1_Only",0.590538336052202
100,100,"Source2_Only",0.696574225122349
100,100,"Weighted",0.709624796084829
200,100,"Target_Only",0.763643824374231
200,100,"Source1_Only",0.737792367665162
200,100,"Source2_Only",0.818629462453837
200,100,"Weighted",0.838736151005334
300,100,"Target_Only",0.779337840180274
300,100,"Source1_Only",0.695787831513261
300,100,"Source2_Only",0.725949037961518
300,100,"Weighted",0.801352054082163
100,300,"Target_Only",0.668740279937792
100,300,"Source1_Only",0.556765163297045
100,300,"Source2_Only",0.765163297045101
100,300,"Weighted",0.735614307931571
200,300,"Target_Only",0.763934426229508
200,300,"Source1_Only",0.633196721311475
200,300,"Source2_Only",0.773360655737705
200,300,"Weighted",0.833196721311475
300,300,"Target_Only",0.800701637153358
300,300,"Source1_Only",0.69345138656866
300,300,"Source2_Only",0.788506515202138
300,300,"Weighted",0.820414300033411
100,500,"Target_Only",0.50462962962963
100,500,"Source1_Only",0.509259259259259
100,500,"Source2_Only",0.75
100,500,"Weighted",0.635802469135802
200,500,"Target_Only",0.746186937817755
200,500,"Source1_Only",0.65350019554165
200,500,"Source2_Only",0.731716855690262
200,500,"Weighted",0.795463433711381
300,500,"Target_Only",0.768587529540084
300,500,"Source1_Only",0.686784221050718
300,500,"Source2_Only",0.777313215778949
300,500,"Weighted",0.803126704235594
100,1000,"Target_Only",0.808988764044944
100,1000,"Source1_Only",0.775280898876405
100,1000,"Source2_Only",0.820224719101124
100,1000,"Weighted",0.853932584269663
200,1000,"Target_Only",0.712171052631579
200,1000,"Source1_Only",0.629523026315789
200,1000,"Source2_Only",0.78125
200,1000,"Weighted",0.791118421052632
300,1000,"Target_Only",0.751889400921659
300,1000,"Source1_Only",0.72073732718894
300,1000,"Source2_Only",0.647281105990783
300,1000,"Weighted",0.773824884792627
100,100,"Target_Only",0.800933125972006
100,100,"Source1_Only",0.721617418351477
100,100,"Source2_Only",0.841368584758942
100,100,"Weighted",0.87402799377916
200,100,"Target_Only",0.665170220725776
200,100,"Source1_Only",0.600074822297045
200,100,"Source2_Only",0.7003367003367
200,100,"Weighted",0.733258511036289
300,100,"Target_Only",0.780201619567014
300,100,"Source1_Only",0.650140472649149
300,100,"Source2_Only",0.697074863658899
300,100,"Weighted",0.784333168071393
100,300,"Target_Only",0.647239263803681
100,300,"Source1_Only",0.671779141104294
100,300,"Source2_Only",0.653374233128834
100,300,"Weighted",0.674846625766871
200,300,"Target_Only",0.731003039513678
200,300,"Source1_Only",0.680471124620061
200,300,"Source2_Only",0.733282674772036
200,300,"Weighted",0.767477203647416
300,300,"Target_Only",0.79552212698968
300,300,"Source1_Only",0.642119993003323
300,300,"Source2_Only",0.786776281266399
300,300,"Weighted",0.832604512856393
100,500,"Target_Only",0.678674351585014
100,500,"Source1_Only",0.622478386167147
100,500,"Source2_Only",0.750720461095101
100,500,"Weighted",0.757925072046109
200,500,"Target_Only",0.754863813229572
200,500,"Source1_Only",0.66147859922179
200,500,"Source2_Only",0.761348897535668
200,500,"Weighted",0.798530047557285
300,500,"Target_Only",0.738963531669866
300,500,"Source1_Only",0.650991682661548
300,500,"Source2_Only",0.761196417146513
300,500,"Weighted",0.796705054382598
100,1000,"Target_Only",0.732540861812779
100,1000,"Source1_Only",0.591381872213967
100,1000,"Source2_Only",0.760772659732541
100,1000,"Weighted",0.781575037147103
200,1000,"Target_Only",0.741427995159338
200,1000,"Source1_Only",0.689390883420734
200,1000,"Source2_Only",0.757563533682937
200,1000,"Weighted",0.792254941508673
300,1000,"Target_Only",0.760727153619391
300,1000,"Source1_Only",0.684900098264003
300,1000,"Source2_Only",0.761136586963642
300,1000,"Weighted",0.79724860792663
100,100,"Target_Only",0.68895800933126
100,100,"Source1_Only",0.650077760497667
100,100,"Source2_Only",0.68895800933126
100,100,"Weighted",0.732503888024883
200,100,"Target_Only",0.808336434685523
200,100,"Source1_Only",0.660960178637886
200,100,"Source2_Only",0.717901004838109
200,100,"Weighted",0.80647562337179
300,100,"Target_Only",0.728117986534146
300,100,"Source1_Only",0.607887143315165
300,100,"Source2_Only",0.632734850913754
300,100,"Weighted",0.714491824302661
100,300,"Target_Only",0.604133545310016
100,300,"Source1_Only",0.572337042925278
100,300,"Source2_Only",0.674085850556439
100,300,"Weighted",0.677265500794913
200,300,"Target_Only",0.705930470347648
200,300,"Source1_Only",0.713701431492842
200,300,"Source2_Only",0.729652351738241
200,300,"Weighted",0.788139059304704
300,300,"Target_Only",0.75425494963529
300,300,"Source1_Only",0.646405001736714
300,300,"Source2_Only",0.767106634248003
300,300,"Weighted",0.803751302535603
100,500,"Target_Only",0.564516129032258
100,500,"Source1_Only",0.598566308243728
100,500,"Source2_Only",0.741935483870968
100,500,"Weighted",0.663082437275986
200,500,"Target_Only",0.719458814166335
200,500,"Source1_Only",0.681655391961799
200,500,"Source2_Only",0.837644249900517
200,500,"Weighted",0.826104257859132
300,500,"Target_Only",0.743858954041204
300,500,"Source1_Only",0.661648177496038
300,500,"Source2_Only",0.786053882725832
300,500,"Weighted",0.808835182250396
100,1000,"Target_Only",0.886561954624782
100,1000,"Source1_Only",0.828970331588133
100,1000,"Source2_Only",0.808027923211169
100,1000,"Weighted",0.905759162303665
200,1000,"Target_Only",0.617013232514178
200,1000,"Source1_Only",0.739508506616257
200,1000,"Source2_Only",0.675614366729679
200,1000,"Weighted",0.709640831758034
300,1000,"Target_Only",0.776270064537481
300,1000,"Source1_Only",0.719013734899884
300,1000,"Source2_Only",0.77593910309449
300,1000,"Weighted",0.816481879860996
100,100,"Target_Only",0.61648177496038
100,100,"Source1_Only",0.575277337559429
100,100,"Source2_Only",0.781299524564184
100,100,"Weighted",0.770206022187005
200,100,"Target_Only",0.729483282674772
200,100,"Source1_Only",0.669452887537994
200,100,"Source2_Only",0.696048632218845
200,100,"Weighted",0.751519756838906
300,100,"Target_Only",0.741323386312034
300,100,"Source1_Only",0.668342523516056
300,100,"Source2_Only",0.746513136555303
300,100,"Weighted",0.774894583198184
100,300,"Target_Only",0.706263498920086
100,300,"Source1_Only",0.742980561555076
100,300,"Source2_Only",0.701943844492441
100,300,"Weighted",0.784017278617711
200,300,"Target_Only",0.786290322580645
200,300,"Source1_Only",0.621370967741935
200,300,"Source2_Only",0.806451612903226
200,300,"Weighted",0.819354838709677
300,300,"Target_Only",0.784951618284952
300,300,"Source1_Only",0.692692692692693
300,300,"Source2_Only",0.77711044377711
300,300,"Weighted",0.819319319319319
100,500,"Target_Only",0.668683812405446
100,500,"Source1_Only",0.677760968229955
100,500,"Source2_Only",0.812405446293495
100,500,"Weighted",0.771558245083207
200,500,"Target_Only",0.570541259982254
200,500,"Source1_Only",0.684117125110914
200,500,"Source2_Only",0.744454303460515
200,500,"Weighted",0.679236912156167
300,500,"Target_Only",0.74957206436152
300,500,"Source1_Only",0.666723724751797
300,500,"Source2_Only",0.799383772680589
300,500,"Weighted",0.800239643957549
100,1000,"Target_Only",0.719489981785064
100,1000,"Source1_Only",0.646630236794171
100,1000,"Source2_Only",0.60655737704918
100,1000,"Weighted",0.737704918032787
200,1000,"Target_Only",0.736299958796869
200,1000,"Source1_Only",0.570663370416152
200,1000,"Source2_Only",0.73259167696745
200,1000,"Weighted",0.771322620519159
300,1000,"Target_Only",0.787336791271687
300,1000,"Source1_Only",0.736898587014845
300,1000,"Source2_Only",0.807547844750492
300,1000,"Weighted",0.832409229118226
100,100,"Target_Only",0.685430463576159
100,100,"Source1_Only",0.634105960264901
100,100,"Source2_Only",0.821192052980132
100,100,"Weighted",0.783112582781457
200,100,"Target_Only",0.712762044869437
200,100,"Source1_Only",0.642515630746598
200,100,"Source2_Only",0.763148216255976
200,100,"Weighted",0.774549466715704
300,100,"Target_Only",0.742127659574468
300,100,"Source1_Only",0.701106382978723
300,100,"Source2_Only",0.679489361702128
300,100,"Weighted",0.74536170212766
100,300,"Target_Only",0.655705996131528
100,300,"Source1_Only",0.667311411992263
100,300,"Source2_Only",0.796905222437137
100,300,"Weighted",0.841392649903288
200,300,"Target_Only",0.766790276060981
200,300,"Source1_Only",0.697569015245159
200,300,"Source2_Only",0.784507622579316
200,300,"Weighted",0.794808405438813
300,300,"Target_Only",0.76157332470055
300,300,"Source1_Only",0.700712204596957
300,300,"Source2_Only",0.771447070249272
300,300,"Weighted",0.800582712852056
100,500,"Target_Only",0.800324675324675
100,500,"Source1_Only",0.769480519480519
100,500,"Source2_Only",0.795454545454545
100,500,"Weighted",0.87012987012987
200,500,"Target_Only",0.691272587466359
200,500,"Source1_Only",0.716262975778547
200,500,"Source2_Only",0.745482506728182
200,500,"Weighted",0.803152633602461
300,500,"Target_Only",0.705626888217523
300,500,"Source1_Only",0.646336858006042
300,500,"Source2_Only",0.776246223564955
300,500,"Weighted",0.77737915407855
100,1000,"Target_Only",0.693452380952381
100,1000,"Source1_Only",0.680059523809524
100,1000,"Source2_Only",0.799107142857143
100,1000,"Weighted",0.767857142857143
200,1000,"Target_Only",0.724425887265136
200,1000,"Source1_Only",0.635073068893528
200,1000,"Source2_Only",0.739874739039666
200,1000,"Weighted",0.803340292275574
300,1000,"Target_Only",0.732524844197406
300,1000,"Source1_Only",0.69614283308068
300,1000,"Source2_Only",0.76755937342092
300,1000,"Weighted",0.792487788445343
100,100,"Target_Only",0.750733137829912
100,100,"Source1_Only",0.744868035190616
100,100,"Source2_Only",0.706744868035191
100,100,"Weighted",0.781524926686217
200,100,"Target_Only",0.727611940298508
200,100,"Source1_Only",0.704809286898839
200,100,"Source2_Only",0.742537313432836
200,100,"Weighted",0.82089552238806
300,100,"Target_Only",0.766921300408598
300,100,"Source1_Only",0.691241783620536
300,100,"Source2_Only",0.726949724640256
300,100,"Weighted",0.783087582163795
100,300,"Target_Only",0.655555555555556
100,300,"Source1_Only",0.647222222222222
100,300,"Source2_Only",0.731944444444445
100,300,"Weighted",0.738888888888889
200,300,"Target_Only",0.798870056497175
200,300,"Source1_Only",0.716007532956686
200,300,"Source2_Only",0.740112994350282
200,300,"Weighted",0.825612052730697
300,300,"Target_Only",0.735419366783929
300,300,"Source1_Only",0.635067580077763
300,300,"Source2_Only",0.743195704499167
300,300,"Weighted",0.776337715237919
100,500,"Target_Only",0.816715542521994
100,500,"Source1_Only",0.755131964809384
100,500,"Source2_Only",0.809384164222874
100,500,"Weighted",0.870967741935484
200,500,"Target_Only",0.676975945017182
200,500,"Source1_Only",0.694587628865979
200,500,"Source2_Only",0.707474226804124
200,500,"Weighted",0.739690721649485
300,500,"Target_Only",0.801927379108587
300,500,"Source1_Only",0.683014971605576
300,500,"Source2_Only",0.761142660471519
300,500,"Weighted",0.825331268284288
100,1000,"Target_Only",0.778963414634146
100,1000,"Source1_Only",0.63109756097561
100,1000,"Source2_Only",0.842987804878049
100,1000,"Weighted",0.853658536585366
200,1000,"Target_Only",0.728439630966707
200,1000,"Source1_Only",0.670677898114721
200,1000,"Source2_Only",0.747292418772563
200,1000,"Weighted",0.776574408343361
300,1000,"Target_Only",0.787121984369691
300,1000,"Source1_Only",0.743968739381583
300,1000,"Source2_Only",0.775399252463473
300,1000,"Weighted",0.824328916072035
100,100,"Target_Only",0.743150684931507
100,100,"Source1_Only",0.433219178082192
100,100,"Source2_Only",0.662671232876712
100,100,"Weighted",0.691780821917808
200,100,"Target_Only",0.697516930022573
200,100,"Source1_Only",0.617607223476298
200,100,"Source2_Only",0.659593679458239
200,100,"Weighted",0.7372460496614
300,100,"Target_Only",0.762190934065934
300,100,"Source1_Only",0.63907967032967
300,100,"Source2_Only",0.728021978021978
300,100,"Weighted",0.753262362637363
100,300,"Target_Only",0.650943396226415
100,300,"Source1_Only",0.727987421383648
100,300,"Source2_Only",0.704402515723271
100,300,"Weighted",0.734276729559748
200,300,"Target_Only",0.697892271662763
200,300,"Source1_Only",0.619047619047619
200,300,"Source2_Only",0.710382513661202
200,300,"Weighted",0.718969555035129
300,300,"Target_Only",0.748451053283767
300,300,"Source1_Only",0.666135599221101
300,300,"Source2_Only",0.739599929191007
300,300,"Weighted",0.793768808638697
100,500,"Target_Only",0.760726072607261
100,500,"Source1_Only",0.716171617161716
100,500,"Source2_Only",0.831683168316832
100,500,"Weighted",0.858085808580858
200,500,"Target_Only",0.748249027237354
200,500,"Source1_Only",0.772762645914397
200,500,"Source2_Only",0.75136186770428
200,500,"Weighted",0.80272373540856
300,500,"Target_Only",0.749111223971559
300,500,"Source1_Only",0.654647028948705
300,500,"Source2_Only",0.737599458269849
300,500,"Weighted",0.783985102420857
100,1000,"Target_Only",0.762340036563071
100,1000,"Source1_Only",0.760511882998172
100,1000,"Source2_Only",0.747714808043876
100,1000,"Weighted",0.795246800731261
200,1000,"Target_Only",0.739983974358974
200,1000,"Source1_Only",0.746794871794872
200,1000,"Source2_Only",0.76161858974359
200,1000,"Weighted",0.78926282051282
300,1000,"Target_Only",0.678417884780739
300,1000,"Source1_Only",0.67085124677558
300,1000,"Source2_Only",0.726397248495271
300,1000,"Weighted",0.746689595872743
100,100,"Target_Only",0.725118483412322
100,100,"Source1_Only",0.587677725118483
100,100,"Source2_Only",0.672985781990521
100,100,"Weighted",0.721958925750395
200,100,"Target_Only",0.739167017248633
200,100,"Source1_Only",0.689945309213294
200,100,"Source2_Only",0.676903660075726
200,100,"Weighted",0.810265039966344
300,100,"Target_Only",0.73836992928917
300,100,"Source1_Only",0.647190174916264
300,100,"Source2_Only",0.683848157796799
300,100,"Weighted",0.744696687755862
100,300,"Target_Only",0.647157190635452
100,300,"Source1_Only",0.61371237458194
100,300,"Source2_Only",0.734113712374582
100,300,"Weighted",0.759197324414716
200,300,"Target_Only",0.761456628477905
200,300,"Source1_Only",0.601063829787234
200,300,"Source2_Only",0.789279869067103
200,300,"Weighted",0.803191489361702
300,300,"Target_Only",0.734303604670841
300,300,"Source1_Only",0.704349297681503
300,300,"Source2_Only",0.781181248942291
300,300,"Weighted",0.792519884921306
100,500,"Target_Only",0.757009345794392
100,500,"Source1_Only",0.644859813084112
100,500,"Source2_Only",0.745327102803738
100,500,"Weighted",0.789719626168224
200,500,"Target_Only",0.774470232088799
200,500,"Source1_Only",0.662462159434914
200,500,"Source2_Only",0.798688193743693
200,500,"Weighted",0.816347124117053
300,500,"Target_Only",0.777097761314221
300,500,"Source1_Only",0.693509421807054
300,500,"Source2_Only",0.783056852955387
300,500,"Weighted",0.822676759542599
100,1000,"Target_Only",0.715613382899628
100,1000,"Source1_Only",0.732342007434944
100,1000,"Source2_Only",0.695167286245353
100,1000,"Weighted",0.773234200743494
200,1000,"Target_Only",0.757081545064378
200,1000,"Source1_Only",0.672961373390558
200,1000,"Source2_Only",0.812446351931331
200,1000,"Weighted",0.82618025751073
300,1000,"Target_Only",0.810335349092908
300,1000,"Source1_Only",0.679310976727139
300,1000,"Source2_Only",0.752977826644676
300,1000,"Weighted",0.825728422210005
100,100,"Target_Only",0.629699248120301
100,100,"Source1_Only",0.567669172932331
100,100,"Source2_Only",0.637218045112782
100,100,"Weighted",0.723684210526316
200,100,"Target_Only",0.755416819684172
200,100,"Source1_Only",0.628351083363937
200,100,"Source2_Only",0.695556371648917
200,100,"Weighted",0.753580609621741
300,100,"Target_Only",0.761774370208105
300,100,"Source1_Only",0.67561153705732
300,100,"Source2_Only",0.649324571011318
300,100,"Weighted",0.762869660460022
100,300,"Target_Only",0.727987421383648
100,300,"Source1_Only",0.677672955974843
100,300,"Source2_Only",0.803459119496855
100,300,"Weighted",0.781446540880503
200,300,"Target_Only",0.805992509363296
200,300,"Source1_Only",0.659925093632959
200,300,"Source2_Only",0.816104868913858
200,300,"Weighted",0.841573033707865
300,300,"Target_Only",0.718350168350168
300,300,"Source1_Only",0.640740740740741
300,300,"Source2_Only",0.748148148148148
300,300,"Weighted",0.774747474747475
100,500,"Target_Only",0.746200607902736
100,500,"Source1_Only",0.651975683890577
100,500,"Source2_Only",0.787234042553192
100,500,"Weighted",0.78419452887538
200,500,"Target_Only",0.720955096222381
200,500,"Source1_Only",0.697077690662865
200,500,"Source2_Only",0.795081967213115
200,500,"Weighted",0.814326443335709
300,500,"Target_Only",0.745617452278925
300,500,"Source1_Only",0.675691468640436
300,500,"Source2_Only",0.75808336579665
300,500,"Weighted",0.779119594857811
100,1000,"Target_Only",0.734006734006734
100,1000,"Source1_Only",0.752525252525253
100,1000,"Source2_Only",0.845117845117845
100,1000,"Weighted",0.85016835016835
200,1000,"Target_Only",0.793932230102443
200,1000,"Source1_Only",0.7123719464145
200,1000,"Source2_Only",0.804964539007092
200,1000,"Weighted",0.840819542947203
300,1000,"Target_Only",0.780528604884577
300,1000,"Source1_Only",0.752592840414855
300,1000,"Source2_Only",0.780361324857812
300,1000,"Weighted",0.831549013047842
100,100,"Target_Only",0.739130434782609
100,100,"Source1_Only",0.649175412293853
100,100,"Source2_Only",0.733133433283358
100,100,"Weighted",0.794602698650675
200,100,"Target_Only",0.748124753257007
200,100,"Source1_Only",0.56257402289775
200,100,"Source2_Only",0.738649822345045
200,100,"Weighted",0.771417291748914
300,100,"Target_Only",0.752470098803952
300,100,"Source1_Only",0.672040214941931
300,100,"Source2_Only",0.735482752643439
300,100,"Weighted",0.767550702028081
100,300,"Target_Only",0.626822157434402
100,300,"Source1_Only",0.567055393586006
100,300,"Source2_Only",0.747813411078717
100,300,"Weighted",0.71865889212828
200,300,"Target_Only",0.68133129303749
200,300,"Source1_Only",0.610558530986993
200,300,"Source2_Only",0.729915837796481
200,300,"Weighted",0.747513389441469
300,300,"Target_Only",0.77222317010749
300,300,"Source1_Only",0.710288346698516
300,300,"Source2_Only",0.760621054427572
300,300,"Weighted",0.805664562361372
100,500,"Target_Only",0.725111441307578
100,500,"Source1_Only",0.632986627043091
100,500,"Source2_Only",0.738484398216939
100,500,"Weighted",0.778603268945022
200,500,"Target_Only",0.699927693420101
200,500,"Source1_Only",0.646420824295011
200,500,"Source2_Only",0.745119305856833
200,500,"Weighted",0.751626898047722
300,500,"Target_Only",0.7601246105919
300,500,"Source1_Only",0.701973001038422
300,500,"Source2_Only",0.769643475250952
300,500,"Weighted",0.803911388023538
100,1000,"Target_Only",0.681238615664845
100,1000,"Source1_Only",0.686703096539162
100,1000,"Source2_Only",0.735883424408015
100,1000,"Weighted",0.770491803278688
200,1000,"Target_Only",0.742647058823529
200,1000,"Source1_Only",0.714338235294118
200,1000,"Source2_Only",0.776838235294118
200,1000,"Weighted",0.812867647058824
300,1000,"Target_Only",0.76063645797302
300,1000,"Source1_Only",0.719301279833968
300,1000,"Source2_Only",0.779488066413006
300,1000,"Weighted",0.819612590799031
100,100,"Target_Only",0.547077922077922
100,100,"Source1_Only",0.582792207792208
100,100,"Source2_Only",0.691558441558442
100,100,"Weighted",0.678571428571429
200,100,"Target_Only",0.749343339587242
200,100,"Source1_Only",0.65515947467167
200,100,"Source2_Only",0.657410881801126
200,100,"Weighted",0.748968105065666
300,100,"Target_Only",0.729241231209735
300,100,"Source1_Only",0.643879742304939
300,100,"Source2_Only",0.73765211166786
300,100,"Weighted",0.7705798138869
100,300,"Target_Only",0.717754172989378
100,300,"Source1_Only",0.675265553869499
100,300,"Source2_Only",0.7298937784522
100,300,"Weighted",0.805766312594841
200,300,"Target_Only",0.748007590132827
200,300,"Source1_Only",0.65123339658444
200,300,"Source2_Only",0.769639468690702
200,300,"Weighted",0.78292220113852
300,300,"Target_Only",0.76283009466866
300,300,"Source1_Only",0.675801361900017
300,300,"Source2_Only",0.73542600896861
300,300,"Weighted",0.7918950340475
100,500,"Target_Only",0.562043795620438
100,500,"Source1_Only",0.483576642335766
100,500,"Source2_Only",0.724452554744526
100,500,"Weighted",0.66970802919708
200,500,"Target_Only",0.713052858683927
200,500,"Source1_Only",0.649766271125494
200,500,"Source2_Only",0.70873786407767
200,500,"Weighted",0.751528227256383
300,500,"Target_Only",0.720849350173897
300,500,"Source1_Only",0.634449935932638
300,500,"Source2_Only",0.771920190371591
300,500,"Weighted",0.76807614863628
100,1000,"Target_Only",0.626126126126126
100,1000,"Source1_Only",0.734234234234234
100,1000,"Source2_Only",0.776276276276276
100,1000,"Weighted",0.818318318318318
200,1000,"Target_Only",0.633947706815259
200,1000,"Source1_Only",0.687098156879554
200,1000,"Source2_Only",0.728246892413202
200,1000,"Weighted",0.748821260180026
300,1000,"Target_Only",0.75853198422226
300,1000,"Source1_Only",0.66009260847196
300,1000,"Source2_Only",0.774652718230149
300,1000,"Weighted",0.790087463556851
100,100,"Target_Only",0.643097643097643
100,100,"Source1_Only",0.516835016835017
100,100,"Source2_Only",0.577441077441077
100,100,"Weighted",0.671717171717172
200,100,"Target_Only",0.724230769230769
200,100,"Source1_Only",0.685769230769231
200,100,"Source2_Only",0.725
200,100,"Weighted",0.758076923076923
300,100,"Target_Only",0.723461195361285
300,100,"Source1_Only",0.578233719892953
300,100,"Source2_Only",0.68206958073149
300,100,"Weighted",0.742729705619982
100,300,"Target_Only",0.561728395061728
100,300,"Source1_Only",0.570987654320988
100,300,"Source2_Only",0.723765432098765
100,300,"Weighted",0.666666666666667
200,300,"Target_Only",0.729010806317539
200,300,"Source1_Only",0.650041562759767
200,300,"Source2_Only",0.685369908561928
200,300,"Weighted",0.741064006650042
300,300,"Target_Only",0.784159828754905
300,300,"Source1_Only",0.686407420620763
300,300,"Source2_Only",0.741883696039957
300,300,"Weighted",0.806635747413486
100,500,"Target_Only",0.708148148148148
100,500,"Source1_Only",0.666666666666667
100,500,"Source2_Only",0.715555555555556
100,500,"Weighted",0.752592592592593
200,500,"Target_Only",0.717454545454545
200,500,"Source1_Only",0.642545454545455
200,500,"Source2_Only",0.749818181818182
200,500,"Weighted",0.776
300,500,"Target_Only",0.72204696810375
300,500,"Source1_Only",0.62968804766912
300,500,"Source2_Only",0.741500175254118
300,500,"Weighted",0.766561514195584
100,1000,"Target_Only",0.634573304157549
100,1000,"Source1_Only",0.617067833698031
100,1000,"Source2_Only",0.691466083150985
100,1000,"Weighted",0.715536105032823
200,1000,"Target_Only",0.702834008097166
200,1000,"Source1_Only",0.635627530364372
200,1000,"Source2_Only",0.765587044534413
200,1000,"Weighted",0.780161943319838
300,1000,"Target_Only",0.765908341575997
300,1000,"Source1_Only",0.687603033300363
300,1000,"Source2_Only",0.737718430596769
300,1000,"Weighted",0.7909660402242
100,100,"Target_Only",0.659643435980551
100,100,"Source1_Only",0.625607779578606
100,100,"Source2_Only",0.714748784440843
100,100,"Weighted",0.717990275526742
200,100,"Target_Only",0.755954868366068
200,100,"Source1_Only",0.648976180526536
200,100,"Source2_Only",0.701629753447555
200,100,"Weighted",0.771416631842875
300,100,"Target_Only",0.751893620602592
300,100,"Source1_Only",0.603433765359367
300,100,"Source2_Only",0.638276384447063
300,100,"Weighted",0.756269988217472
100,300,"Target_Only",0.74806800618238
100,300,"Source1_Only",0.676970633693972
100,300,"Source2_Only",0.794435857805255
100,300,"Weighted",0.805255023183926
200,300,"Target_Only",0.748953974895398
200,300,"Source1_Only",0.624191707873716
200,300,"Source2_Only",0.736782046405477
200,300,"Weighted",0.780524914416128
300,300,"Target_Only",0.745830437804031
300,300,"Source1_Only",0.617963863794302
300,300,"Source2_Only",0.755385684503127
300,300,"Weighted",0.779186935371786
100,500,"Target_Only",0.783333333333333
100,500,"Source1_Only",0.696666666666667
100,500,"Source2_Only",0.746666666666667
100,500,"Weighted",0.788333333333333
200,500,"Target_Only",0.719167904903418
200,500,"Source1_Only",0.676448736998514
200,500,"Source2_Only",0.75334323922734
200,500,"Weighted",0.796062407132244
300,500,"Target_Only",0.656787600068132
300,500,"Source1_Only",0.660023846022824
300,500,"Source2_Only",0.729603134048714
300,500,"Weighted",0.736842105263158
100,1000,"Target_Only",0.73538961038961
100,1000,"Source1_Only",0.688311688311688
100,1000,"Source2_Only",0.780844155844156
100,1000,"Weighted",0.785714285714286
200,1000,"Target_Only",0.675516224188791
200,1000,"Source1_Only",0.649705014749263
200,1000,"Source2_Only",0.735250737463127
200,1000,"Weighted",0.755162241887906
300,1000,"Target_Only",0.749551489056333
300,1000,"Source1_Only",0.700574094007894
300,1000,"Source2_Only",0.776641550053821
300,1000,"Weighted",0.806243272335845
100,100,"Target_Only",0.679401993355482
100,100,"Source1_Only",0.715946843853821
100,100,"Source2_Only",0.719269102990033
100,100,"Weighted",0.784053156146179
200,100,"Target_Only",0.771662763466042
200,100,"Source1_Only",0.608118657298985
200,100,"Source2_Only",0.724824355971897
200,100,"Weighted",0.787275565964091
300,100,"Target_Only",0.748936170212766
300,100,"Source1_Only",0.682893617021277
300,100,"Source2_Only",0.702978723404255
300,100,"Weighted",0.784851063829787
100,300,"Target_Only",0.615640599001664
100,300,"Source1_Only",0.622296173044925
100,300,"Source2_Only",0.772046589018303
100,300,"Weighted",0.787021630615641
200,300,"Target_Only",0.717315850366371
200,300,"Source1_Only",0.605861935981489
200,300,"Source2_Only",0.783262630158118
200,300,"Weighted",0.785962205939067
300,300,"Target_Only",0.789355062413315
300,300,"Source1_Only",0.654299583911234
300,300,"Source2_Only",0.740117891816921
300,300,"Weighted",0.801317614424411
100,500,"Target_Only",0.509090909090909
100,500,"Source1_Only",0.641818181818182
100,500,"Source2_Only",0.734545454545455
100,500,"Weighted",0.749090909090909
200,500,"Target_Only",0.739651837524178
200,500,"Source1_Only",0.639458413926499
200,500,"Source2_Only",0.798839458413926
200,500,"Weighted",0.80348162475822
300,500,"Target_Only",0.725373134328358
300,500,"Source1_Only",0.663388937664618
300,500,"Source2_Only",0.766812993854258
300,500,"Weighted",0.784021071115013
100,1000,"Target_Only",0.688851913477537
100,1000,"Source1_Only",0.733777038269551
100,1000,"Source2_Only",0.722129783693844
100,1000,"Weighted",0.748752079866889
200,1000,"Target_Only",0.816253002401922
200,1000,"Source1_Only",0.743394715772618
200,1000,"Source2_Only",0.807846277021617
200,1000,"Weighted",0.851080864691753
300,1000,"Target_Only",0.766174801362089
300,1000,"Source1_Only",0.69109777849846
300,1000,"Source2_Only",0.767796335333225
300,1000,"Weighted",0.79763256040214
100,100,"Target_Only",0.611028315946349
100,100,"Source1_Only",0.669150521609538
100,100,"Source2_Only",0.655737704918033
100,100,"Weighted",0.651266766020864
200,100,"Target_Only",0.701981707317073
200,100,"Source1_Only",0.641768292682927
200,100,"Source2_Only",0.725228658536585
200,100,"Weighted",0.752667682926829
300,100,"Target_Only",0.755035383777899
300,100,"Source1_Only",0.643077481400835
300,100,"Source2_Only",0.702594810379242
300,100,"Weighted",0.763200870985302
100,300,"Target_Only",0.754916792738275
100,300,"Source1_Only",0.703479576399395
100,300,"Source2_Only",0.774583963691377
100,300,"Weighted",0.816944024205749
200,300,"Target_Only",0.750097162844928
200,300,"Source1_Only",0.692576758647493
200,300,"Source2_Only",0.752817722502915
200,300,"Weighted",0.783521181500194
300,300,"Target_Only",0.739349678316815
300,300,"Source1_Only",0.625456442357851
300,300,"Source2_Only",0.74491392801252
300,300,"Weighted",0.747348287254391
100,500,"Target_Only",0.655896607431341
100,500,"Source1_Only",0.589660743134087
100,500,"Source2_Only",0.752827140549273
100,500,"Weighted",0.715670436187399
200,500,"Target_Only",0.725534308211474
200,500,"Source1_Only",0.578927634045744
200,500,"Source2_Only",0.725159355080615
200,500,"Weighted",0.748781402324709
300,500,"Target_Only",0.757510729613734
300,500,"Source1_Only",0.670600858369099
300,500,"Source2_Only",0.744277539341917
300,500,"Weighted",0.817954220314735
100,1000,"Target_Only",0.77893175074184
100,1000,"Source1_Only",0.770029673590504
100,1000,"Source2_Only",0.783382789317507
100,1000,"Weighted",0.814540059347181
200,1000,"Target_Only",0.780967361384192
200,1000,"Source1_Only",0.736138419189933
200,1000,"Source2_Only",0.789225324419976
200,1000,"Weighted",0.813212740857255
300,1000,"Target_Only",0.780330511890367
300,1000,"Source1_Only",0.676340185409109
300,1000,"Source2_Only",0.796251511487303
300,1000,"Weighted",0.817009270455461
100,100,"Target_Only",0.674342105263158
100,100,"Source1_Only",0.560855263157895
100,100,"Source2_Only",0.731907894736842
100,100,"Weighted",0.725328947368421
200,100,"Target_Only",0.733695652173913
200,100,"Source1_Only",0.617624223602484
200,100,"Source2_Only",0.698757763975155
200,100,"Weighted",0.768633540372671
300,100,"Target_Only",0.769705834552251
300,100,"Source1_Only",0.602307817324882
300,100,"Source2_Only",0.666666666666667
300,100,"Weighted",0.764342597107102
100,300,"Target_Only",0.734011627906977
100,300,"Source1_Only",0.648255813953488
100,300,"Source2_Only",0.757267441860465
100,300,"Weighted",0.787790697674419
200,300,"Target_Only",0.637513552584026
200,300,"Source1_Only",0.572461149259125
200,300,"Source2_Only",0.703650162631008
200,300,"Weighted",0.680159016985905
300,300,"Target_Only",0.807764345309041
300,300,"Source1_Only",0.671547760939894
300,300,"Source2_Only",0.798229184403201
300,300,"Weighted",0.834326579261025
100,500,"Target_Only",0.779783393501805
100,500,"Source1_Only",0.633574007220217
100,500,"Source2_Only",0.790613718411552
100,500,"Weighted",0.850180505415162
200,500,"Target_Only",0.778067885117493
200,500,"Source1_Only",0.685192092502797
200,500,"Source2_Only",0.75792614696009
200,500,"Weighted",0.81201044386423
300,500,"Target_Only",0.804374240583232
300,500,"Source1_Only",0.666724526991842
300,500,"Source2_Only",0.804894983509807
300,500,"Weighted",0.844124283978476
100,1000,"Target_Only",0.661625708884688
100,1000,"Source1_Only",0.7882797731569
100,1000,"Source2_Only",0.763705103969754
100,1000,"Weighted",0.782608695652174
200,1000,"Target_Only",0.72926267281106
200,1000,"Source1_Only",0.674731182795699
200,1000,"Source2_Only",0.732718894009217
200,1000,"Weighted",0.777649769585253
300,1000,"Target_Only",0.75153929735603
300,1000,"Source1_Only",0.724194132560666
300,1000,"Source2_Only",0.779518290474466
300,1000,"Weighted",0.800072437522637
100,100,"Target_Only",0.715502555366269
100,100,"Source1_Only",0.730834752981261
100,100,"Source2_Only",0.746166950596252
100,100,"Weighted",0.778534923339012
200,100,"Target_Only",0.71512539184953
200,100,"Source1_Only",0.652037617554859
200,100,"Source2_Only",0.73628526645768
200,100,"Weighted",0.765673981191223
300,100,"Target_Only",0.747278126031013
300,100,"Source1_Only",0.603101286704058
300,100,"Source2_Only",0.695645001649621
300,100,"Weighted",0.762619597492577
100,300,"Target_Only",0.675850891410049
100,300,"Source1_Only",0.695299837925446
100,300,"Source2_Only",0.724473257698541
100,300,"Weighted",0.742301458670989
200,300,"Target_Only",0.793709150326797
200,300,"Source1_Only",0.654003267973856
200,300,"Source2_Only",0.723447712418301
200,300,"Weighted",0.80718954248366
300,300,"Target_Only",0.726726726726727
300,300,"Source1_Only",0.650591768238827
300,300,"Source2_Only",0.737502208090443
300,300,"Weighted",0.749867514573397
100,500,"Target_Only",0.675716440422323
100,500,"Source1_Only",0.618401206636501
100,500,"Source2_Only",0.692307692307692
100,500,"Weighted",0.79185520361991
200,500,"Target_Only",0.767990074441687
200,500,"Source1_Only",0.71505376344086
200,500,"Source2_Only",0.78287841191067
200,500,"Weighted",0.817204301075269
300,500,"Target_Only",0.780051150895141
300,500,"Source1_Only",0.702365728900256
300,500,"Source2_Only",0.777973145780051
300,500,"Weighted",0.812979539641944
100,1000,"Target_Only",0.723127035830619
100,1000,"Source1_Only",0.628664495114007
100,1000,"Source2_Only",0.892508143322476
100,1000,"Weighted",0.856677524429967
200,1000,"Target_Only",0.77130570758405
200,1000,"Source1_Only",0.695074276778733
200,1000,"Source2_Only",0.71931196247068
200,1000,"Weighted",0.789679437060203
300,1000,"Target_Only",0.770012050266827
300,1000,"Source1_Only",0.667756928903426
300,1000,"Source2_Only",0.746255809950077
300,1000,"Weighted",0.774832156997762
100,100,"Target_Only",0.627722772277228
100,100,"Source1_Only",0.704950495049505
100,100,"Source2_Only",0.792079207920792
100,100,"Weighted",0.732673267326733
200,100,"Target_Only",0.760219131900548
200,100,"Source1_Only",0.672987779182469
200,100,"Source2_Only",0.78803202697008
200,100,"Weighted",0.825537294563843
300,100,"Target_Only",0.785087719298246
300,100,"Source1_Only",0.672352176738142
300,100,"Source2_Only",0.737329434697856
300,100,"Weighted",0.787361923326836
100,300,"Target_Only",0.682706766917293
100,300,"Source1_Only",0.565413533834586
100,300,"Source2_Only",0.784962406015038
100,300,"Weighted",0.777443609022556
200,300,"Target_Only",0.738398203592814
200,300,"Source1_Only",0.699101796407186
200,300,"Source2_Only",0.730538922155689
200,300,"Weighted",0.777320359281437
300,300,"Target_Only",0.755187511897963
300,300,"Source1_Only",0.719969541214544
300,300,"Source2_Only",0.751760898534171
300,300,"Weighted",0.813249571673329
100,500,"Target_Only",0.654191616766467
100,500,"Source1_Only",0.603293413173653
100,500,"Source2_Only",0.769461077844311
100,500,"Weighted",0.733532934131736
200,500,"Target_Only",0.706743737957611
200,500,"Source1_Only",0.667437379576108
200,500,"Source2_Only",0.782658959537572
200,500,"Weighted",0.791907514450867
300,500,"Target_Only",0.708869445874078
300,500,"Source1_Only",0.653628409675759
300,500,"Source2_Only",0.716932578486876
300,500,"Weighted",0.7421513124035
100,1000,"Target_Only",0.751227495908347
100,1000,"Source1_Only",0.617021276595745
100,1000,"Source2_Only",0.821603927986907
100,1000,"Weighted",0.795417348608838
200,1000,"Target_Only",0.750829187396352
200,1000,"Source1_Only",0.725124378109453
200,1000,"Source2_Only",0.7893864013267
200,1000,"Weighted",0.803897180762852
300,1000,"Target_Only",0.73968253968254
300,1000,"Source1_Only",0.70299823633157
300,1000,"Source2_Only",0.760758377425044
300,1000,"Weighted",0.795414462081129
100,100,"Target_Only",0.818471337579618
100,100,"Source1_Only",0.648089171974522
100,100,"Source2_Only",0.581210191082803
100,100,"Weighted",0.778662420382166
200,100,"Target_Only",0.738265712012729
200,100,"Source1_Only",0.63126491646778
200,100,"Source2_Only",0.695704057279236
200,100,"Weighted",0.774860779634049
300,100,"Target_Only",0.7
300,100,"Source1_Only",0.552709359605911
300,100,"Source2_Only",0.741215106732348
300,100,"Weighted",0.758292282430213
100,300,"Target_Only",0.754977029096478
100,300,"Source1_Only",0.653905053598775
100,300,"Source2_Only",0.774885145482389
100,300,"Weighted",0.834609494640123
200,300,"Target_Only",0.688615628718762
200,300,"Source1_Only",0.635462118207061
200,300,"Source2_Only",0.700119000396668
200,300,"Weighted",0.743752479174931
300,300,"Target_Only",0.781078463028738
300,300,"Source1_Only",0.683080400387472
300,300,"Source2_Only",0.754601226993865
300,300,"Weighted",0.794317081046174
100,500,"Target_Only",0.619822485207101
100,500,"Source1_Only",0.744082840236686
100,500,"Source2_Only",0.71301775147929
100,500,"Weighted",0.710059171597633
200,500,"Target_Only",0.780805205368036
200,500,"Source1_Only",0.733224888165921
200,500,"Source2_Only",0.781618544123627
200,500,"Weighted",0.822285481903213
300,500,"Target_Only",0.738473025947359
300,500,"Source1_Only",0.648123949971999
300,500,"Source2_Only",0.756020160537614
300,500,"Weighted",0.782154190778421
100,1000,"Target_Only",0.723849372384937
100,1000,"Source1_Only",0.637377963737796
100,1000,"Source2_Only",0.771269177126918
100,1000,"Weighted",0.771269177126918
200,1000,"Target_Only",0.71669341894061
200,1000,"Source1_Only",0.63884430176565
200,1000,"Source2_Only",0.690609951845907
200,1000,"Weighted",0.739967897271268
300,1000,"Target_Only",0.766832276854549
300,1000,"Source1_Only",0.729484324139113
300,1000,"Source2_Only",0.786534178516361
300,1000,"Weighted",0.838101764605105
100,100,"Target_Only",0.707472178060413
100,100,"Source1_Only",0.629570747217806
100,100,"Source2_Only",0.748807631160572
100,100,"Weighted",0.744038155802862
200,100,"Target_Only",0.760861492759005
200,100,"Source1_Only",0.637950241366506
200,100,"Source2_Only",0.710360193093205
200,100,"Weighted",0.782770144819903
300,100,"Target_Only",0.724600870827286
300,100,"Source1_Only",0.649310595065312
300,100,"Source2_Only",0.697206095791001
300,100,"Weighted",0.754535558780842
100,300,"Target_Only",0.7005444646098
100,300,"Source1_Only",0.602540834845735
100,300,"Source2_Only",0.684210526315789
100,300,"Weighted",0.724137931034483
200,300,"Target_Only",0.751568381430364
200,300,"Source1_Only",0.603094939355918
200,300,"Source2_Only",0.733166039314095
200,300,"Weighted",0.769134253450439
300,300,"Target_Only",0.751666967021085
300,300,"Source1_Only",0.617588754730582
300,300,"Source2_Only",0.728599747702289
300,300,"Weighted",0.805910974950442
100,500,"Target_Only",0.64207650273224
100,500,"Source1_Only",0.648907103825137
100,500,"Source2_Only",0.744535519125683
100,500,"Weighted",0.743169398907104
200,500,"Target_Only",0.693085321471896
200,500,"Source1_Only",0.664375252729478
200,500,"Source2_Only",0.767084512737566
200,500,"Weighted",0.769915082895269
300,500,"Target_Only",0.741055949566588
300,500,"Source1_Only",0.698817966903073
300,500,"Source2_Only",0.755240346729708
300,500,"Weighted",0.785185185185185
100,1000,"Target_Only",0.66412213740458
100,1000,"Source1_Only",0.732824427480916
100,1000,"Source2_Only",0.70381679389313
100,1000,"Weighted",0.763358778625954
200,1000,"Target_Only",0.719912472647702
200,1000,"Source1_Only",0.636032093362509
200,1000,"Source2_Only",0.783369803063457
200,1000,"Weighted",0.787016776075857
300,1000,"Target_Only",0.757586972612879
300,1000,"Source1_Only",0.666173205033309
300,1000,"Source2_Only",0.757216876387861
300,1000,"Weighted",0.800888230940044
100,100,"Target_Only",0.680952380952381
100,100,"Source1_Only",0.7
100,100,"Source2_Only",0.668253968253968
100,100,"Weighted",0.741269841269841
200,100,"Target_Only",0.702064896755162
200,100,"Source1_Only",0.661609776654024
200,100,"Source2_Only",0.667930889169827
200,100,"Weighted",0.755162241887906
300,100,"Target_Only",0.794803017602682
300,100,"Source1_Only",0.613243922883487
300,100,"Source2_Only",0.750041911148365
300,100,"Weighted",0.798994132439229
100,300,"Target_Only",0.638606676342525
100,300,"Source1_Only",0.618287373004354
100,300,"Source2_Only",0.751814223512337
100,300,"Weighted",0.701015965166909
200,300,"Target_Only",0.738571968265961
200,300,"Source1_Only",0.680770683792973
200,300,"Source2_Only",0.787306384586324
200,300,"Weighted",0.805440120891575
300,300,"Target_Only",0.76508694169792
300,300,"Source1_Only",0.681213774292533
300,300,"Source2_Only",0.773610637572451
300,300,"Weighted",0.810092055915445
100,500,"Target_Only",0.758321273516642
100,500,"Source1_Only",0.562952243125905
100,500,"Source2_Only",0.835021707670043
100,500,"Weighted",0.814761215629522
200,500,"Target_Only",0.794432548179872
200,500,"Source1_Only",0.721627408993576
200,500,"Source2_Only",0.818843683083512
200,500,"Weighted",0.853961456102784
300,500,"Target_Only",0.732576419213974
300,500,"Source1_Only",0.569956331877729
300,500,"Source2_Only",0.749344978165939
300,500,"Weighted",0.782532751091703
100,1000,"Target_Only",0.66
100,1000,"Source1_Only",0.648333333333333
100,1000,"Source2_Only",0.7
100,1000,"Weighted",0.731666666666667
200,1000,"Target_Only",0.801247401247401
200,1000,"Source1_Only",0.74012474012474
200,1000,"Source2_Only",0.815800415800416
200,1000,"Weighted",0.835758835758836
300,1000,"Target_Only",0.758580080753701
300,1000,"Source1_Only",0.646366083445491
300,1000,"Source2_Only",0.736541049798116
300,1000,"Weighted",0.780955585464334
100,100,"Target_Only",0.67629179331307
100,100,"Source1_Only",0.682370820668693
100,100,"Source2_Only",0.753799392097264
100,100,"Weighted",0.770516717325228
200,100,"Target_Only",0.772616136919315
200,100,"Source1_Only",0.750611246943765
200,100,"Source2_Only",0.704156479217604
200,100,"Weighted",0.8
300,100,"Target_Only",0.720941479929067
300,100,"Source1_Only",0.641302595518298
300,100,"Source2_Only",0.712397227148154
300,100,"Weighted",0.758342737385136
100,300,"Target_Only",0.614740368509213
100,300,"Source1_Only",0.589614740368509
100,300,"Source2_Only",0.817420435510888
100,300,"Weighted",0.753768844221105
200,300,"Target_Only",0.724294813466788
200,300,"Source1_Only",0.649226569608735
200,300,"Source2_Only",0.772975432211101
200,300,"Weighted",0.761146496815287
300,300,"Target_Only",0.788397108093811
300,300,"Source1_Only",0.706400987480162
300,300,"Source2_Only",0.787162757891025
300,300,"Weighted",0.823840592488097
100,500,"Target_Only",0.69620253164557
100,500,"Source1_Only",0.699367088607595
100,500,"Source2_Only",0.694620253164557
100,500,"Weighted",0.738924050632911
200,500,"Target_Only",0.770186335403727
200,500,"Source1_Only",0.678183229813665
200,500,"Source2_Only",0.802795031055901
200,500,"Weighted",0.833462732919255
300,500,"Target_Only",0.73729674796748
300,500,"Source1_Only",0.685128726287263
300,500,"Source2_Only",0.729674796747968
300,500,"Weighted",0.766768292682927
100,1000,"Target_Only",0.735449735449735
100,1000,"Source1_Only",0.705467372134039
100,1000,"Source2_Only",0.747795414462081
100,1000,"Weighted",0.786596119929453
200,1000,"Target_Only",0.687903225806452
200,1000,"Source1_Only",0.614516129032258
200,1000,"Source2_Only",0.773790322580645
200,1000,"Weighted",0.768548387096774
300,1000,"Target_Only",0.741220657276995
300,1000,"Source1_Only",0.683380281690141
300,1000,"Source2_Only",0.746103286384977
300,1000,"Weighted",0.770516431924883
100,100,"Target_Only",0.712827988338192
100,100,"Source1_Only",0.641399416909621
100,100,"Source2_Only",0.638483965014577
100,100,"Weighted",0.736151603498542
200,100,"Target_Only",0.719242902208202
200,100,"Source1_Only",0.634463722397476
200,100,"Source2_Only",0.711356466876972
200,100,"Weighted",0.7448738170347
300,100,"Target_Only",0.740096451946263
300,100,"Source1_Only",0.647261453668619
300,100,"Source2_Only",0.750947295900792
300,100,"Weighted",0.772993455046504
100,300,"Target_Only",0.7578125
100,300,"Source1_Only",0.71875
100,300,"Source2_Only",0.8015625
100,300,"Weighted",0.8078125
200,300,"Target_Only",0.715772618094476
200,300,"Source1_Only",0.680944755804644
200,300,"Source2_Only",0.66533226581265
200,300,"Weighted",0.738190552441954
300,300,"Target_Only",0.748161764705882
300,300,"Source1_Only",0.605882352941176
300,300,"Source2_Only",0.715992647058824
300,300,"Weighted",0.772610294117647
100,500,"Target_Only",0.786259541984733
100,500,"Source1_Only",0.693129770992366
100,500,"Source2_Only",0.769465648854962
100,500,"Weighted",0.819847328244275
200,500,"Target_Only",0.77841918294849
200,500,"Source1_Only",0.631438721136767
200,500,"Source2_Only",0.784635879218472
200,500,"Weighted",0.815719360568384
300,500,"Target_Only",0.746028744326778
300,500,"Source1_Only",0.617624810892587
300,500,"Source2_Only",0.762102874432678
300,500,"Weighted",0.784228441754917
100,1000,"Target_Only",0.672158154859967
100,1000,"Source1_Only",0.658978583196046
100,1000,"Source2_Only",0.879736408566722
100,1000,"Weighted",0.835255354200988
200,1000,"Target_Only",0.749667700487373
200,1000,"Source1_Only",0.623393885688968
200,1000,"Source2_Only",0.754984492689411
200,1000,"Weighted",0.807266282676119
300,1000,"Target_Only",0.764664559185107
300,1000,"Source1_Only",0.67316473480857
300,1000,"Source2_Only",0.760800842992624
300,1000,"Weighted",0.815770987003864
100,100,"Target_Only",0.653094462540717
100,100,"Source1_Only",0.552117263843648
100,100,"Source2_Only",0.698697068403909
100,100,"Weighted",0.710097719869707
200,100,"Target_Only",0.725967291583566
200,100,"Source1_Only",0.537295572397288
200,100,"Source2_Only",0.684882329477463
200,100,"Weighted",0.694854407658556
300,100,"Target_Only",0.809384164222874
300,100,"Source1_Only",0.673106779368639
300,100,"Source2_Only",0.625840952216664
300,100,"Weighted",0.789891323098154
100,300,"Target_Only",0.60695652173913
100,300,"Source1_Only",0.570434782608696
100,300,"Source2_Only",0.68695652173913
100,300,"Weighted",0.695652173913043
200,300,"Target_Only",0.68892380204242
200,300,"Source1_Only",0.577769049489395
200,300,"Source2_Only",0.709347996857816
200,300,"Weighted",0.749018067556952
300,300,"Target_Only",0.814973262032086
300,300,"Source1_Only",0.69144385026738
300,300,"Source2_Only",0.80855614973262
300,300,"Weighted",0.83475935828877
100,500,"Target_Only",0.611821086261981
100,500,"Source1_Only",0.710862619808307
100,500,"Source2_Only",0.832268370607029
100,500,"Weighted",0.813099041533546
200,500,"Target_Only",0.789936102236422
200,500,"Source1_Only",0.650159744408946
200,500,"Source2_Only",0.75
200,500,"Weighted",0.80591054313099
300,500,"Target_Only",0.793692509855453
300,500,"Source1_Only",0.699901445466491
300,500,"Source2_Only",0.74326544021025
300,500,"Weighted",0.819645203679369
100,1000,"Target_Only",0.728340675477239
100,1000,"Source1_Only",0.672540381791483
100,1000,"Source2_Only",0.757709251101322
100,1000,"Weighted",0.814977973568282
200,1000,"Target_Only",0.729981378026071
200,1000,"Source1_Only",0.720670391061452
200,1000,"Source2_Only",0.763500931098696
200,1000,"Weighted",0.782122905027933
300,1000,"Target_Only",0.751644472966469
300,1000,"Source1_Only",0.739130434782609
300,1000,"Source2_Only",0.734638215947377
300,1000,"Weighted",0.78485480506979
100,100,"Target_Only",0.860344827586207
100,100,"Source1_Only",0.794827586206897
100,100,"Source2_Only",0.731034482758621
100,100,"Weighted",0.891379310344828
200,100,"Target_Only",0.781914893617021
200,100,"Source1_Only",0.650981996726678
200,100,"Source2_Only",0.698445171849427
200,100,"Weighted",0.81342062193126
300,100,"Target_Only",0.734364925854288
300,100,"Source1_Only",0.586234687298517
300,100,"Source2_Only",0.656673114119923
300,100,"Weighted",0.756608639587363
100,300,"Target_Only",0.727416798732171
100,300,"Source1_Only",0.656101426307448
100,300,"Source2_Only",0.713153724247227
100,300,"Weighted",0.778129952456418
200,300,"Target_Only",0.755118110236221
200,300,"Source1_Only",0.676771653543307
200,300,"Source2_Only",0.831496062992126
200,300,"Weighted",0.838582677165354
300,300,"Target_Only",0.754260671968836
300,300,"Source1_Only",0.719526050965752
300,300,"Source2_Only",0.734458691770816
300,300,"Weighted",0.781204349943191
100,500,"Target_Only",0.672106824925816
100,500,"Source1_Only",0.707715133531157
100,500,"Source2_Only",0.84272997032641
100,500,"Weighted",0.839762611275964
200,500,"Target_Only",0.761942675159236
200,500,"Source1_Only",0.676353503184713
200,500,"Source2_Only",0.734872611464968
200,500,"Weighted",0.787420382165605
300,500,"Target_Only",0.749142661179698
300,500,"Source1_Only",0.721879286694102
300,500,"Source2_Only",0.718621399176955
300,500,"Weighted",0.782064471879287
100,1000,"Target_Only",0.727554179566563
100,1000,"Source1_Only",0.623839009287926
100,1000,"Source2_Only",0.811145510835913
100,1000,"Weighted",0.795665634674923
200,1000,"Target_Only",0.665531914893617
200,1000,"Source1_Only",0.58468085106383
200,1000,"Source2_Only",0.754468085106383
200,1000,"Weighted",0.730212765957447
300,1000,"Target_Only",0.756051502145923
300,1000,"Source1_Only",0.725665236051502
300,1000,"Source2_Only",0.728583690987124
300,1000,"Weighted",0.797768240343348
100,100,"Target_Only",0.647226173541963
100,100,"Source1_Only",0.638691322901849
100,100,"Source2_Only",0.704125177809388
100,100,"Weighted",0.721194879089616
200,100,"Target_Only",0.838241758241758
200,100,"Source1_Only",0.673406593406593
200,100,"Source2_Only",0.738021978021978
200,100,"Weighted",0.836043956043956
300,100,"Target_Only",0.722979109900091
300,100,"Source1_Only",0.694096276112625
300,100,"Source2_Only",0.736784741144414
300,100,"Weighted",0.775476839237057
100,300,"Target_Only",0.546528803545052
100,300,"Source1_Only",0.590841949778434
100,300,"Source2_Only",0.744460856720827
100,300,"Weighted",0.72082717872969
200,300,"Target_Only",0.74959807073955
200,300,"Source1_Only",0.62540192926045
200,300,"Source2_Only",0.735128617363344
200,300,"Weighted",0.771704180064309
300,300,"Target_Only",0.816777041942605
300,300,"Source1_Only",0.652869757174393
300,300,"Source2_Only",0.755518763796909
300,300,"Weighted",0.813281824871229
100,500,"Target_Only",0.775747508305648
100,500,"Source1_Only",0.546511627906977
100,500,"Source2_Only",0.767441860465116
100,500,"Weighted",0.803986710963455
200,500,"Target_Only",0.767761650114591
200,500,"Source1_Only",0.671886936592819
200,500,"Source2_Only",0.78113063407181
200,500,"Weighted",0.811306340718105
300,500,"Target_Only",0.791630187357731
300,500,"Source1_Only",0.676939240063036
300,500,"Source2_Only",0.753108037121345
300,500,"Weighted",0.807214148135178
100,1000,"Target_Only",0.773214285714286
100,1000,"Source1_Only",0.671428571428571
100,1000,"Source2_Only",0.846428571428571
100,1000,"Weighted",0.816071428571429
200,1000,"Target_Only",0.764521193092622
200,1000,"Source1_Only",0.663265306122449
200,1000,"Source2_Only",0.741365777080063
200,1000,"Weighted",0.782574568288854
300,1000,"Target_Only",0.768160462594868
300,1000,"Source1_Only",0.674015178894109
300,1000,"Source2_Only",0.795717383447777
300,1000,"Weighted",0.811348030357788
100,100,"Target_Only",0.580327868852459
100,100,"Source1_Only",0.532786885245902
100,100,"Source2_Only",0.631147540983607
100,100,"Weighted",0.626229508196721
200,100,"Target_Only",0.776624375240292
200,100,"Source1_Only",0.582852748942714
200,100,"Source2_Only",0.747404844290657
200,100,"Weighted",0.818146866589773
300,100,"Target_Only",0.740330605039319
300,100,"Source1_Only",0.685443748996951
300,100,"Source2_Only",0.675974963890226
300,100,"Weighted",0.766008666345691
100,300,"Target_Only",0.757754800590842
100,300,"Source1_Only",0.719350073855244
100,300,"Source2_Only",0.709010339734121
100,300,"Weighted",0.816838995568685
200,300,"Target_Only",0.714339622641509
200,300,"Source1_Only",0.679245283018868
200,300,"Source2_Only",0.760377358490566
200,300,"Weighted",0.780377358490566
300,300,"Target_Only",0.767560454022043
300,300,"Source1_Only",0.712946208257937
300,300,"Source2_Only",0.77775949991775
300,300,"Weighted",0.811482151669683
100,500,"Target_Only",0.790163934426229
100,500,"Source1_Only",0.783606557377049
100,500,"Source2_Only",0.79672131147541
100,500,"Weighted",0.845901639344262
200,500,"Target_Only",0.740024183796856
200,500,"Source1_Only",0.673115679161628
200,500,"Source2_Only",0.738411930673116
200,500,"Weighted",0.770253929866989
300,500,"Target_Only",0.761723700887199
300,500,"Source1_Only",0.630997646206772
300,500,"Source2_Only",0.766612348361398
300,500,"Weighted",0.798660148470034
100,1000,"Target_Only",0.738552437223043
100,1000,"Source1_Only",0.601181683899557
100,1000,"Source2_Only",0.779911373707533
100,1000,"Weighted",0.810930576070901
200,1000,"Target_Only",0.719195612431444
200,1000,"Source1_Only",0.686654478976234
200,1000,"Source2_Only",0.737111517367459
200,1000,"Weighted",0.796343692870201
300,1000,"Target_Only",0.755627009646302
300,1000,"Source1_Only",0.666540571212408
300,1000,"Source2_Only",0.779269907319841
300,1000,"Weighted",0.78948363911481
100,100,"Target_Only",0.775541795665635
100,100,"Source1_Only",0.665634674922601
100,100,"Source2_Only",0.74922600619195
100,100,"Weighted",0.798761609907121
200,100,"Target_Only",0.795698924731183
200,100,"Source1_Only",0.687311827956989
200,100,"Source2_Only",0.723010752688172
200,100,"Weighted",0.803010752688172
300,100,"Target_Only",0.846456692913386
300,100,"Source1_Only",0.655939746662102
300,100,"Source2_Only",0.752482026703184
300,100,"Weighted",0.857583019513865
100,300,"Target_Only",0.686495176848875
100,300,"Source1_Only",0.660771704180064
100,300,"Source2_Only",0.770096463022508
100,300,"Weighted",0.776527331189711
200,300,"Target_Only",0.688718929254302
200,300,"Source1_Only",0.634034416826004
200,300,"Source2_Only",0.690248565965583
200,300,"Weighted",0.736137667304015
300,300,"Target_Only",0.722049689440994
300,300,"Source1_Only",0.691187888198758
300,300,"Source2_Only",0.708462732919255
300,300,"Weighted",0.768827639751553
100,500,"Target_Only",0.744186046511628
100,500,"Source1_Only",0.742732558139535
100,500,"Source2_Only",0.713662790697674
100,500,"Weighted",0.793604651162791
200,500,"Target_Only",0.668476153547887
200,500,"Source1_Only",0.666925164792555
200,500,"Source2_Only",0.690577743311361
200,500,"Weighted",0.727025979061652
300,500,"Target_Only",0.702376910016978
300,500,"Source1_Only",0.68471986417657
300,500,"Source2_Only",0.721561969439728
300,500,"Weighted",0.749575551782683
100,1000,"Target_Only",0.641319942611191
100,1000,"Source1_Only",0.757532281205165
100,1000,"Source2_Only",0.767575322812052
100,1000,"Weighted",0.776183644189383
200,1000,"Target_Only",0.813022917424518
200,1000,"Source1_Only",0.761004001455075
200,1000,"Source2_Only",0.814114223353947
200,1000,"Weighted",0.862131684248818
300,1000,"Target_Only",0.699071073666019
300,1000,"Source1_Only",0.667746813566645
300,1000,"Source2_Only",0.772089004104558
300,1000,"Weighted",0.755670771224887
100,100,"Target_Only",0.769119769119769
100,100,"Source1_Only",0.650793650793651
100,100,"Source2_Only",0.74025974025974
100,100,"Weighted",0.795093795093795
200,100,"Target_Only",0.824366385060027
200,100,"Source1_Only",0.578034682080925
200,100,"Source2_Only",0.680302356602935
200,100,"Weighted",0.792796798577145
300,100,"Target_Only",0.6981973610853
300,100,"Source1_Only",0.619773276342687
300,100,"Source2_Only",0.619959115406058
300,100,"Weighted",0.691692993867311
100,300,"Target_Only",0.712662337662338
100,300,"Source1_Only",0.569805194805195
100,300,"Source2_Only",0.670454545454545
100,300,"Weighted",0.722402597402597
200,300,"Target_Only",0.737309644670051
200,300,"Source1_Only",0.664128595600677
200,300,"Source2_Only",0.755499153976311
200,300,"Weighted",0.781725888324873
300,300,"Target_Only",0.753642605928655
300,300,"Source1_Only",0.677273488527885
300,300,"Source2_Only",0.700385195109697
300,300,"Weighted",0.789984927147881
100,500,"Target_Only",0.642611683848797
100,500,"Source1_Only",0.584192439862543
100,500,"Source2_Only",0.780068728522337
100,500,"Weighted",0.735395189003436
200,500,"Target_Only",0.650127226463104
200,500,"Source1_Only",0.675148430873622
200,500,"Source2_Only",0.791772688719254
200,500,"Weighted",0.775233248515691
300,500,"Target_Only",0.760073566293262
300,500,"Source1_Only",0.691857548904865
300,500,"Source2_Only",0.755224878782812
300,500,"Weighted",0.79334559438221
100,1000,"Target_Only",0.718381112984823
100,1000,"Source1_Only",0.559865092748735
100,1000,"Source2_Only",0.72681281618887
100,1000,"Weighted",0.750421585160202
200,1000,"Target_Only",0.690250925545043
200,1000,"Source1_Only",0.611271081859317
200,1000,"Source2_Only",0.768819415878239
200,1000,"Weighted",0.761415055532703
300,1000,"Target_Only",0.725292529252925
300,1000,"Source1_Only",0.641404140414041
300,1000,"Source2_Only",0.776057605760576
300,1000,"Weighted",0.778757875787579
100,100,"Target_Only",0.697345132743363
100,100,"Source1_Only",0.617699115044248
100,100,"Source2_Only",0.670796460176991
100,100,"Weighted",0.750442477876106
200,100,"Target_Only",0.698390482855143
200,100,"Source1_Only",0.618264520643807
200,100,"Source2_Only",0.684394681595521
200,100,"Weighted",0.750174947515745
300,100,"Target_Only",0.761527020327219
300,100,"Source1_Only",0.675095025615601
300,100,"Source2_Only",0.72583044124938
300,100,"Weighted",0.806808791935217
100,300,"Target_Only",0.673076923076923
100,300,"Source1_Only",0.642628205128205
100,300,"Source2_Only",0.730769230769231
100,300,"Weighted",0.748397435897436
200,300,"Target_Only",0.70773046713518
200,300,"Source1_Only",0.620090946672179
200,300,"Source2_Only",0.750310045473336
200,300,"Weighted",0.745762711864407
300,300,"Target_Only",0.751706484641638
300,300,"Source1_Only",0.668600682593857
300,300,"Source2_Only",0.684470989761092
300,300,"Weighted",0.774402730375427
100,500,"Target_Only",0.625850340136054
100,500,"Source1_Only",0.737414965986395
100,500,"Source2_Only",0.771428571428571
100,500,"Weighted",0.770068027210884
200,500,"Target_Only",0.737095363079615
200,500,"Source1_Only",0.696850393700787
200,500,"Source2_Only",0.749343832020997
200,500,"Weighted",0.770341207349081
300,500,"Target_Only",0.77574990964944
300,500,"Source1_Only",0.689736176364294
300,500,"Source2_Only",0.736718467654499
300,500,"Weighted",0.797253342970726
100,1000,"Target_Only",0.693972179289026
100,1000,"Source1_Only",0.724884080370943
100,1000,"Source2_Only",0.758887171561051
100,1000,"Weighted",0.761978361669243
200,1000,"Target_Only",0.773474178403756
200,1000,"Source1_Only",0.633802816901408
200,1000,"Source2_Only",0.790297339593114
200,1000,"Weighted",0.805946791862285
300,1000,"Target_Only",0.756228086362798
300,1000,"Source1_Only",0.693670418896475
300,1000,"Source2_Only",0.784093006089684
300,1000,"Weighted",0.811404318139878
100,100,"Target_Only",0.641156462585034
100,100,"Source1_Only",0.540816326530612
100,100,"Source2_Only",0.653061224489796
100,100,"Weighted",0.668367346938776
200,100,"Target_Only",0.647757761594481
200,100,"Source1_Only",0.644691452663856
200,100,"Source2_Only",0.618627826753545
200,100,"Weighted",0.691069375239555
300,100,"Target_Only",0.717065333809354
300,100,"Source1_Only",0.659228846840414
300,100,"Source2_Only",0.700464119957158
300,100,"Weighted",0.737950731881471
100,300,"Target_Only",0.54281098546042
100,300,"Source1_Only",0.739903069466882
100,300,"Source2_Only",0.705977382875606
100,300,"Weighted",0.710823909531502
200,300,"Target_Only",0.766666666666667
200,300,"Source1_Only",0.660416666666667
200,300,"Source2_Only",0.790416666666667
200,300,"Weighted",0.797083333333333
300,300,"Target_Only",0.756911665542819
300,300,"Source1_Only",0.663182737693864
300,300,"Source2_Only",0.817768037761295
300,300,"Weighted",0.831759946055293
100,500,"Target_Only",0.688816855753647
100,500,"Source1_Only",0.66612641815235
100,500,"Source2_Only",0.854132901134522
100,500,"Weighted",0.857374392220421
200,500,"Target_Only",0.720612582781457
200,500,"Source1_Only",0.722682119205298
200,500,"Source2_Only",0.760347682119205
200,500,"Weighted",0.776490066225166
300,500,"Target_Only",0.784240150093809
300,500,"Source1_Only",0.70750469043152
300,500,"Source2_Only",0.769793621013133
300,500,"Weighted",0.808255159474672
100,1000,"Target_Only",0.667578659370725
100,1000,"Source1_Only",0.699042407660739
100,1000,"Source2_Only",0.662106703146375
100,1000,"Weighted",0.73734610123119
200,1000,"Target_Only",0.755651237890204
200,1000,"Source1_Only",0.686042339433082
200,1000,"Source2_Only",0.800143523501973
200,1000,"Weighted",0.819519196268389
300,1000,"Target_Only",0.70388265746333
300,1000,"Source1_Only",0.70923209663503
300,1000,"Source2_Only",0.712855910267472
300,1000,"Weighted",0.770146678170837
100,100,"Target_Only",0.602766798418972
100,100,"Source1_Only",0.66403162055336
100,100,"Source2_Only",0.697628458498024
100,100,"Weighted",0.75098814229249
200,100,"Target_Only",0.728119935170178
200,100,"Source1_Only",0.634116693679092
200,100,"Source2_Only",0.64870340356564
200,100,"Weighted",0.73095623987034
300,100,"Target_Only",0.730701047542305
300,100,"Source1_Only",0.566639806607575
300,100,"Source2_Only",0.710072522159549
300,100,"Weighted",0.748106365834005
100,300,"Target_Only",0.750783699059561
100,300,"Source1_Only",0.778996865203762
100,300,"Source2_Only",0.766457680250784
100,300,"Weighted",0.847962382445141
200,300,"Target_Only",0.727093206951027
200,300,"Source1_Only",0.730647709320695
200,300,"Source2_Only",0.757898894154818
200,300,"Weighted",0.787914691943128
300,300,"Target_Only",0.770965337308982
300,300,"Source1_Only",0.726984718598584
300,300,"Source2_Only",0.796123742079761
300,300,"Weighted",0.823891166604547
100,500,"Target_Only",0.562962962962963
100,500,"Source1_Only",0.577777777777778
100,500,"Source2_Only",0.733333333333333
100,500,"Weighted",0.711111111111111
200,500,"Target_Only",0.76032474408754
200,500,"Source1_Only",0.69784680550653
200,500,"Source2_Only",0.792446170137663
200,500,"Weighted",0.799505824214613
300,500,"Target_Only",0.79259388038943
300,500,"Source1_Only",0.715924895688456
300,500,"Source2_Only",0.776773296244784
300,500,"Weighted",0.808936022253129
100,1000,"Target_Only",0.738362760834671
100,1000,"Source1_Only",0.66131621187801
100,1000,"Source2_Only",0.776886035313002
100,1000,"Weighted",0.791332263242376
200,1000,"Target_Only",0.757159670459004
200,1000,"Source1_Only",0.728128677912907
200,1000,"Source2_Only",0.730482542173401
200,1000,"Weighted",0.805413887799137
300,1000,"Target_Only",0.728143504005573
300,1000,"Source1_Only",0.644548937652386
300,1000,"Source2_Only",0.780215952629746
300,1000,"Weighted",0.778474399164054
100,100,"Target_Only",0.770519262981574
100,100,"Source1_Only",0.688442211055276
100,100,"Source2_Only",0.733668341708543
100,100,"Weighted",0.812395309882747
200,100,"Target_Only",0.7265625
200,100,"Source1_Only",0.655505952380952
200,100,"Source2_Only",0.712425595238095
200,100,"Weighted",0.751488095238095
300,100,"Target_Only",0.806657223796034
300,100,"Source1_Only",0.660941926345609
300,100,"Source2_Only",0.708746458923513
300,100,"Weighted",0.804709631728045
100,300,"Target_Only",0.775583482944345
100,300,"Source1_Only",0.552962298025135
100,300,"Source2_Only",0.824057450628366
100,300,"Weighted",0.784560143626571
200,300,"Target_Only",0.707934074357992
200,300,"Source1_Only",0.664239172096589
200,300,"Source2_Only",0.752012265235723
200,300,"Weighted",0.773476427750096
300,300,"Target_Only",0.770329301075269
300,300,"Source1_Only",0.632896505376344
300,300,"Source2_Only",0.783266129032258
300,300,"Weighted",0.810315860215054
100,500,"Target_Only",0.703703703703704
100,500,"Source1_Only",0.714814814814815
100,500,"Source2_Only",0.711111111111111
100,500,"Weighted",0.744444444444444
200,500,"Target_Only",0.771867612293144
200,500,"Source1_Only",0.717494089834515
200,500,"Source2_Only",0.7698975571316
200,500,"Weighted",0.795902285263987
300,500,"Target_Only",0.732598714416896
300,500,"Source1_Only",0.703581267217631
300,500,"Source2_Only",0.716804407713499
300,500,"Weighted",0.763452708907254
100,1000,"Target_Only",0.741329479768786
100,1000,"Source1_Only",0.723988439306358
100,1000,"Source2_Only",0.734104046242775
100,1000,"Weighted",0.790462427745665
200,1000,"Target_Only",0.672012218403971
200,1000,"Source1_Only",0.654448262695685
200,1000,"Source2_Only",0.657121038564338
200,1000,"Weighted",0.706758304696449
300,1000,"Target_Only",0.768862911795962
300,1000,"Source1_Only",0.653028692879915
300,1000,"Source2_Only",0.755756287637265
300,1000,"Weighted",0.798972724052426
100,100,"Target_Only",0.671408250355619
100,100,"Source1_Only",0.648648648648649
100,100,"Source2_Only",0.721194879089616
100,100,"Weighted",0.745376955903272
200,100,"Target_Only",0.684129429892142
200,100,"Source1_Only",0.526964560862866
200,100,"Source2_Only",0.673728813559322
200,100,"Weighted",0.726117103235747
300,100,"Target_Only",0.783293643524455
300,100,"Source1_Only",0.712584722476644
300,100,"Source2_Only",0.658179153691152
300,100,"Weighted",0.785858215790438
100,300,"Target_Only",0.607920792079208
100,300,"Source1_Only",0.744554455445545
100,300,"Source2_Only",0.679207920792079
100,300,"Weighted",0.704950495049505
200,300,"Target_Only",0.762148337595908
200,300,"Source1_Only",0.670929241261722
200,300,"Source2_Only",0.794970161977835
200,300,"Weighted",0.817561807331628
300,300,"Target_Only",0.746425495262705
300,300,"Source1_Only",0.586735572782084
300,300,"Source2_Only",0.749526270456503
300,300,"Weighted",0.794659776055125
100,500,"Target_Only",0.632776934749621
100,500,"Source1_Only",0.638846737481032
100,500,"Source2_Only",0.808801213960546
100,500,"Weighted",0.814871016691957
200,500,"Target_Only",0.768885564697083
200,500,"Source1_Only",0.6226626776365
200,500,"Source2_Only",0.790201944652206
200,500,"Weighted",0.806656694091249
300,500,"Target_Only",0.755487493619194
300,500,"Source1_Only",0.641483750212694
300,500,"Source2_Only",0.768759571209801
300,500,"Weighted",0.804492087799898
100,1000,"Target_Only",0.677471636952998
100,1000,"Source1_Only",0.685575364667747
100,1000,"Source2_Only",0.784440842787682
100,1000,"Weighted",0.818476499189627
200,1000,"Target_Only",0.720325203252033
200,1000,"Source1_Only",0.700813008130081
200,1000,"Source2_Only",0.749593495934959
200,1000,"Weighted",0.754878048780488
300,1000,"Target_Only",0.756492411467116
300,1000,"Source1_Only",0.698482293423272
300,1000,"Source2_Only",0.793929173693086
300,1000,"Weighted",0.807251264755481
100,100,"Target_Only",0.719864176570458
100,100,"Source1_Only",0.65704584040747
100,100,"Source2_Only",0.784380305602717
100,100,"Weighted",0.828522920203735
200,100,"Target_Only",0.7117903930131
200,100,"Source1_Only",0.573799126637555
200,100,"Source2_Only",0.71353711790393
200,100,"Weighted",0.745414847161572
300,100,"Target_Only",0.74549711815562
300,100,"Source1_Only",0.627161383285303
300,100,"Source2_Only",0.734510086455331
300,100,"Weighted",0.775936599423631
100,300,"Target_Only",0.708708708708709
100,300,"Source1_Only",0.732732732732733
100,300,"Source2_Only",0.771771771771772
100,300,"Weighted",0.77027027027027
200,300,"Target_Only",0.72154779969651
200,300,"Source1_Only",0.664264036418816
200,300,"Source2_Only",0.743171471927162
200,300,"Weighted",0.752655538694992
300,300,"Target_Only",0.748034188034188
300,300,"Source1_Only",0.664615384615385
300,300,"Source2_Only",0.744102564102564
300,300,"Weighted",0.792136752136752
100,500,"Target_Only",0.800550206327373
100,500,"Source1_Only",0.656121045392022
100,500,"Source2_Only",0.789546079779917
100,500,"Weighted",0.807427785419532
200,500,"Target_Only",0.729831144465291
200,500,"Source1_Only",0.715290806754221
200,500,"Source2_Only",0.766416510318949
200,500,"Weighted",0.796435272045028
300,500,"Target_Only",0.772300469483568
300,500,"Source1_Only",0.680583501006036
300,500,"Source2_Only",0.75083836351442
300,500,"Weighted",0.808350100603622
100,1000,"Target_Only",0.634894991922456
100,1000,"Source1_Only",0.680129240710824
100,1000,"Source2_Only",0.718901453957997
100,1000,"Weighted",0.768982229402262
200,1000,"Target_Only",0.675952478492421
200,1000,"Source1_Only",0.632527652601393
200,1000,"Source2_Only",0.764850471118394
200,1000,"Weighted",0.758705448586645
300,1000,"Target_Only",0.76388333999201
300,1000,"Source1_Only",0.60207750699161
300,1000,"Source2_Only",0.785257690771075
300,1000,"Weighted",0.82241310427487
100,100,"Target_Only",0.61525974025974
100,100,"Source1_Only",0.564935064935065
100,100,"Source2_Only",0.652597402597403
100,100,"Weighted",0.696428571428571
200,100,"Target_Only",0.69935630443014
200,100,"Source1_Only",0.670957970465733
200,100,"Source2_Only",0.680424081787202
200,100,"Weighted",0.753881105641802
300,100,"Target_Only",0.727880916541228
300,100,"Source1_Only",0.629034955678207
300,100,"Source2_Only",0.669509951496906
300,100,"Weighted",0.737748787422646
100,300,"Target_Only",0.831610044313146
100,300,"Source1_Only",0.729689807976366
100,300,"Source2_Only",0.784342688330872
100,300,"Weighted",0.841949778434269
200,300,"Target_Only",0.729420731707317
200,300,"Source1_Only",0.667682926829268
200,300,"Source2_Only",0.669969512195122
200,300,"Weighted",0.767530487804878
300,300,"Target_Only",0.759141227775914
300,300,"Source1_Only",0.659174773565917
300,300,"Source2_Only",0.736330090573633
300,300,"Weighted",0.792016101979202
100,500,"Target_Only",0.678391959798995
100,500,"Source1_Only",0.66499162479062
100,500,"Source2_Only",0.790619765494137
100,500,"Weighted",0.76214405360134
200,500,"Target_Only",0.748643761301989
200,500,"Source1_Only",0.610759493670886
200,500,"Source2_Only",0.790235081374322
200,500,"Weighted",0.783905967450271
300,500,"Target_Only",0.774834437086093
300,500,"Source1_Only",0.647932700912833
300,500,"Source2_Only",0.762126364775371
300,500,"Weighted",0.800429568641489
100,1000,"Target_Only",0.705685618729097
100,1000,"Source1_Only",0.70066889632107
100,1000,"Source2_Only",0.780936454849498
100,1000,"Weighted",0.764214046822743
200,1000,"Target_Only",0.80481513327601
200,1000,"Source1_Only",0.752364574376612
200,1000,"Source2_Only",0.782459157351677
200,1000,"Weighted",0.844797936371453
300,1000,"Target_Only",0.746981627296588
300,1000,"Source1_Only",0.69588801399825
300,1000,"Source2_Only",0.739982502187227
300,1000,"Weighted",0.796150481189851
100,100,"Target_Only",0.636498516320475
100,100,"Source1_Only",0.667655786350148
100,100,"Source2_Only",0.70326409495549
100,100,"Weighted",0.694362017804154
200,100,"Target_Only",0.775086505190311
200,100,"Source1_Only",0.659746251441753
200,100,"Source2_Only",0.710880430603614
200,100,"Weighted",0.780469050365244
300,100,"Target_Only",0.744348404255319
300,100,"Source1_Only",0.576130319148936
300,100,"Source2_Only",0.712765957446808
300,100,"Weighted",0.747672872340426
100,300,"Target_Only",0.794498381877023
100,300,"Source1_Only",0.779935275080906
100,300,"Source2_Only",0.766990291262136
100,300,"Weighted",0.855987055016181
200,300,"Target_Only",0.68903803131991
200,300,"Source1_Only",0.599925428784489
200,300,"Source2_Only",0.781133482475764
200,300,"Weighted",0.758389261744966
300,300,"Target_Only",0.757223332727603
300,300,"Source1_Only",0.662184263129202
300,300,"Source2_Only",0.766672723968744
300,300,"Weighted",0.807377793930583
100,500,"Target_Only",0.760188087774295
100,500,"Source1_Only",0.782131661442006
100,500,"Source2_Only",0.738244514106583
100,500,"Weighted",0.824451410658307
200,500,"Target_Only",0.614623000761615
200,500,"Source1_Only",0.693830921553694
200,500,"Source2_Only",0.69002284843869
200,500,"Weighted",0.726580350342727
300,500,"Target_Only",0.78860460896389
300,500,"Source1_Only",0.664126292868808
300,500,"Source2_Only",0.789693340591544
300,500,"Weighted",0.834149882054074
100,1000,"Target_Only",0.745508982035928
100,1000,"Source1_Only",0.682634730538922
100,1000,"Source2_Only",0.745508982035928
100,1000,"Weighted",0.820359281437126
200,1000,"Target_Only",0.788018433179724
200,1000,"Source1_Only",0.710515291160452
200,1000,"Source2_Only",0.716589861751152
200,1000,"Weighted",0.795978215333054
300,1000,"Target_Only",0.729897976828636
300,1000,"Source1_Only",0.666263185197994
300,1000,"Source2_Only",0.740791976482794
300,1000,"Weighted",0.770534324744942
100,100,"Target_Only",0.681744749596123
100,100,"Source1_Only",0.579967689822294
100,100,"Source2_Only",0.684975767366721
100,100,"Weighted",0.707592891760905
200,100,"Target_Only",0.705652173913043
200,100,"Source1_Only",0.733478260869565
200,100,"Source2_Only",0.663478260869565
200,100,"Weighted",0.732608695652174
300,100,"Target_Only",0.775978647686833
300,100,"Source1_Only",0.612633451957295
300,100,"Source2_Only",0.609252669039146
300,100,"Weighted",0.76779359430605
100,300,"Target_Only",0.720430107526882
100,300,"Source1_Only",0.751152073732719
100,300,"Source2_Only",0.80952380952381
100,300,"Weighted",0.840245775729647
200,300,"Target_Only",0.665531914893617
200,300,"Source1_Only",0.694468085106383
200,300,"Source2_Only",0.68936170212766
200,300,"Weighted",0.742127659574468
300,300,"Target_Only",0.77323071146987
300,300,"Source1_Only",0.684062324009762
300,300,"Source2_Only",0.725173643701896
300,300,"Weighted",0.782429134597334
100,500,"Target_Only",0.725043782837128
100,500,"Source1_Only",0.719789842381786
100,500,"Source2_Only",0.80385288966725
100,500,"Weighted",0.784588441330998
200,500,"Target_Only",0.727906976744186
200,500,"Source1_Only",0.74031007751938
200,500,"Source2_Only",0.744573643410853
200,500,"Weighted",0.773643410852713
300,500,"Target_Only",0.724283854166667
300,500,"Source1_Only",0.653645833333333
300,500,"Source2_Only",0.7646484375
300,500,"Weighted",0.788411458333333
100,1000,"Target_Only",0.704374057315234
100,1000,"Source1_Only",0.701357466063348
100,1000,"Source2_Only",0.802413273001508
100,1000,"Weighted",0.809954751131222
200,1000,"Target_Only",0.737781555461113
200,1000,"Source1_Only",0.709732256693583
200,1000,"Source2_Only",0.669783255418614
200,1000,"Weighted",0.777730556736082
300,1000,"Target_Only",0.786215363030516
300,1000,"Source1_Only",0.665731322343038
300,1000,"Source2_Only",0.799017888460189
300,1000,"Weighted",0.828656611715188
100,100,"Target_Only",0.70253164556962
100,100,"Source1_Only",0.716772151898734
100,100,"Source2_Only",0.723101265822785
100,100,"Weighted",0.789556962025316
200,100,"Target_Only",0.768838733163451
200,100,"Source1_Only",0.604659628685839
200,100,"Source2_Only",0.622861303239898
200,100,"Weighted",0.724426647251547
300,100,"Target_Only",0.770911028236548
300,100,"Source1_Only",0.709110282365477
300,100,"Source2_Only",0.724915645533653
300,100,"Weighted",0.797371692416977
100,300,"Target_Only",0.745161290322581
100,300,"Source1_Only",0.696774193548387
100,300,"Source2_Only",0.779032258064516
100,300,"Weighted",0.803225806451613
200,300,"Target_Only",0.694300518134715
200,300,"Source1_Only",0.694300518134715
200,300,"Source2_Only",0.775043177892919
200,300,"Weighted",0.792746113989637
300,300,"Target_Only",0.73392425463336
300,300,"Source1_Only",0.641418211120064
300,300,"Source2_Only",0.749395648670427
300,300,"Weighted",0.763416599516519
100,500,"Target_Only",0.78962962962963
100,500,"Source1_Only",0.751111111111111
100,500,"Source2_Only",0.798518518518519
100,500,"Weighted",0.841481481481481
200,500,"Target_Only",0.726450640542577
200,500,"Source1_Only",0.749434815373022
200,500,"Source2_Only",0.741522230595328
200,500,"Weighted",0.785229841748304
300,500,"Target_Only",0.781137098307663
300,500,"Source1_Only",0.690055143563415
300,500,"Source2_Only",0.762692527096406
300,500,"Weighted",0.81137098307663
100,1000,"Target_Only",0.688417618270799
100,1000,"Source1_Only",0.588907014681892
100,1000,"Source2_Only",0.854812398042414
100,1000,"Weighted",0.805872756933116
200,1000,"Target_Only",0.761155971100723
200,1000,"Source1_Only",0.70420739481513
200,1000,"Source2_Only",0.782830429239269
200,1000,"Weighted",0.824054398640034
300,1000,"Target_Only",0.731401457380105
300,1000,"Source1_Only",0.650567700389764
300,1000,"Source2_Only",0.750381291306558
300,1000,"Weighted",0.78817149635655
100,100,"Target_Only",0.731182795698925
100,100,"Source1_Only",0.758064516129032
100,100,"Source2_Only",0.827956989247312
100,100,"Weighted",0.824372759856631
200,100,"Target_Only",0.75769048745859
200,100,"Source1_Only",0.682442025556081
200,100,"Source2_Only",0.697113109323237
200,100,"Weighted",0.775674396592522
300,100,"Target_Only",0.760461285008237
300,100,"Source1_Only",0.544316309719934
300,100,"Source2_Only",0.74332784184514
300,100,"Weighted",0.773146622734761
100,300,"Target_Only",0.751181102362205
100,300,"Source1_Only",0.748031496062992
100,300,"Source2_Only",0.661417322834646
100,300,"Weighted",0.782677165354331
200,300,"Target_Only",0.724684831232208
200,300,"Source1_Only",0.682797885319235
200,300,"Source2_Only",0.770231801545344
200,300,"Weighted",0.803578690524604
300,300,"Target_Only",0.767222044216597
300,300,"Source1_Only",0.656199935917975
300,300,"Source2_Only",0.758731175905159
300,300,"Weighted",0.791413008651073
100,500,"Target_Only",0.666666666666667
100,500,"Source1_Only",0.652849740932642
100,500,"Source2_Only",0.621761658031088
100,500,"Weighted",0.694300518134715
200,500,"Target_Only",0.691757779646762
200,500,"Source1_Only",0.685029436501262
200,500,"Source2_Only",0.769554247266611
200,500,"Weighted",0.810765349032801
300,500,"Target_Only",0.747296437659033
300,500,"Source1_Only",0.657442748091603
300,500,"Source2_Only",0.767175572519084
300,500,"Weighted",0.795642493638677
100,1000,"Target_Only",0.759174311926605
100,1000,"Source1_Only",0.717889908256881
100,1000,"Source2_Only",0.779816513761468
100,1000,"Weighted",0.791284403669725
200,1000,"Target_Only",0.726996527777778
200,1000,"Source1_Only",0.585069444444444
200,1000,"Source2_Only",0.756076388888889
200,1000,"Weighted",0.766927083333333
300,1000,"Target_Only",0.741671319560767
300,1000,"Source1_Only",0.65605806811837
300,1000,"Source2_Only",0.773497115205658
300,1000,"Weighted",0.784664061045971
100,100,"Target_Only",0.617083946980854
100,100,"Source1_Only",0.639175257731959
100,100,"Source2_Only",0.689248895434462
100,100,"Weighted",0.711340206185567
200,100,"Target_Only",0.715738104920699
200,100,"Source1_Only",0.69215128100854
200,100,"Source2_Only",0.714924766165108
200,100,"Weighted",0.741358275721838
300,100,"Target_Only",0.809022556390977
300,100,"Source1_Only",0.605680868838764
300,100,"Source2_Only",0.754887218045113
300,100,"Weighted",0.816708437761069
100,300,"Target_Only",0.783831282952548
100,300,"Source1_Only",0.704745166959578
100,300,"Source2_Only",0.820738137082601
100,300,"Weighted",0.845342706502636
200,300,"Target_Only",0.656262667207134
200,300,"Source1_Only",0.644507498986623
200,300,"Source2_Only",0.747466558573166
200,300,"Weighted",0.719497365220916
300,300,"Target_Only",0.741392987466286
300,300,"Source1_Only",0.665714739013168
300,300,"Source2_Only",0.703950499762018
300,300,"Weighted",0.753450737743931
100,500,"Target_Only",0.618705035971223
100,500,"Source1_Only",0.611510791366906
100,500,"Source2_Only",0.665467625899281
100,500,"Weighted",0.706834532374101
200,500,"Target_Only",0.707746478873239
200,500,"Source1_Only",0.697183098591549
200,500,"Source2_Only",0.725352112676056
200,500,"Weighted",0.742566510172144
300,500,"Target_Only",0.730155979202773
300,500,"Source1_Only",0.670710571923744
300,500,"Source2_Only",0.78370883882149
300,500,"Weighted",0.796707105719237
100,1000,"Target_Only",0.780373831775701
100,1000,"Source1_Only",0.753894080996885
100,1000,"Source2_Only",0.881619937694704
100,1000,"Weighted",0.909657320872274
200,1000,"Target_Only",0.697261858850752
200,1000,"Source1_Only",0.679907443116082
200,1000,"Source2_Only",0.755109911299653
200,1000,"Weighted",0.756266872348631
300,1000,"Target_Only",0.788968824940048
300,1000,"Source1_Only",0.719904076738609
300,1000,"Source2_Only",0.774420463629097
300,1000,"Weighted",0.815027977617906
100,100,"Target_Only",0.713872832369942
100,100,"Source1_Only",0.653179190751445
100,100,"Source2_Only",0.742774566473988
100,100,"Weighted",0.754335260115607
200,100,"Target_Only",0.655270655270655
200,100,"Source1_Only",0.652421652421652
200,100,"Source2_Only",0.616198616198616
200,100,"Weighted",0.661782661782662
300,100,"Target_Only",0.739301065221454
300,100,"Source1_Only",0.613156419360867
300,100,"Source2_Only",0.720612969538404
300,100,"Weighted",0.786021304429079
100,300,"Target_Only",0.759472817133443
100,300,"Source1_Only",0.677100494233937
100,300,"Source2_Only",0.817133443163097
100,300,"Weighted",0.8500823723229
200,300,"Target_Only",0.760767423649178
200,300,"Source1_Only",0.679326546593579
200,300,"Source2_Only",0.745497259201253
200,300,"Weighted",0.806969459671104
300,300,"Target_Only",0.794229722373435
300,300,"Source1_Only",0.611685719470151
300,300,"Source2_Only",0.787515877336237
300,300,"Weighted",0.807657412447832
100,500,"Target_Only",0.766169154228856
100,500,"Source1_Only",0.575456053067993
100,500,"Source2_Only",0.82089552238806
100,500,"Weighted",0.807628524046434
200,500,"Target_Only",0.731123388581952
200,500,"Source1_Only",0.687292817679558
200,500,"Source2_Only",0.769797421731123
200,500,"Weighted",0.795211786372007
300,500,"Target_Only",0.732255667038276
300,500,"Source1_Only",0.620587142326273
300,500,"Source2_Only",0.816053511705686
300,500,"Weighted",0.814195466369379
100,1000,"Target_Only",0.584126984126984
100,1000,"Source1_Only",0.607936507936508
100,1000,"Source2_Only",0.712698412698413
100,1000,"Weighted",0.673015873015873
200,1000,"Target_Only",0.729183187946075
200,1000,"Source1_Only",0.649088025376685
200,1000,"Source2_Only",0.774385408406027
200,1000,"Weighted",0.775178429817605
300,1000,"Target_Only",0.784599006387509
300,1000,"Source1_Only",0.655784244144784
300,1000,"Source2_Only",0.785486160397445
300,1000,"Weighted",0.810503903477644
100,100,"Target_Only",0.725490196078431
100,100,"Source1_Only",0.594771241830065
100,100,"Source2_Only",0.707516339869281
100,100,"Weighted",0.718954248366013
200,100,"Target_Only",0.733881436607529
200,100,"Source1_Only",0.618347035915188
200,100,"Source2_Only",0.684119428818693
200,100,"Weighted",0.746862829943747
300,100,"Target_Only",0.722820599124874
300,100,"Source1_Only",0.610400538539212
300,100,"Source2_Only",0.716257152473915
300,100,"Weighted",0.73998653651969
100,300,"Target_Only",0.64926590538336
100,300,"Source1_Only",0.6557911908646
100,300,"Source2_Only",0.66231647634584
100,300,"Weighted",0.698205546492659
200,300,"Target_Only",0.774065934065934
200,300,"Source1_Only",0.644395604395604
200,300,"Source2_Only",0.790769230769231
200,300,"Weighted",0.821538461538462
300,300,"Target_Only",0.750300326068303
300,300,"Source1_Only",0.652994679938219
300,300,"Source2_Only",0.727475544877295
300,300,"Weighted",0.765230822035353
100,500,"Target_Only",0.689189189189189
100,500,"Source1_Only",0.721283783783784
100,500,"Source2_Only",0.704391891891892
100,500,"Weighted",0.773648648648649
200,500,"Target_Only",0.739517625231911
200,500,"Source1_Only",0.664935064935065
200,500,"Source2_Only",0.710946196660482
200,500,"Weighted",0.782189239332096
300,500,"Target_Only",0.725072936330874
300,500,"Source1_Only",0.711172129740862
300,500,"Source2_Only",0.807276471597735
300,500,"Weighted",0.82134889308392
100,1000,"Target_Only",0.581743869209809
100,1000,"Source1_Only",0.643051771117166
100,1000,"Source2_Only",0.722070844686649
100,1000,"Weighted",0.704359673024523
200,1000,"Target_Only",0.737756714060032
200,1000,"Source1_Only",0.579383886255924
200,1000,"Source2_Only",0.778041074249605
200,1000,"Weighted",0.781990521327014
300,1000,"Target_Only",0.756675062972292
300,1000,"Source1_Only",0.636943744752309
300,1000,"Source2_Only",0.765323257766583
300,1000,"Weighted",0.792107472712007
100,100,"Target_Only",0.662957074721781
100,100,"Source1_Only",0.620031796502385
100,100,"Source2_Only",0.70906200317965
100,100,"Weighted",0.72972972972973
200,100,"Target_Only",0.701813580767609
200,100,"Source1_Only",0.660480809784901
200,100,"Source2_Only",0.71530999578237
200,100,"Weighted",0.764234500210881
300,100,"Target_Only",0.792738551359241
300,100,"Source1_Only",0.674511950374019
300,100,"Source2_Only",0.704798394453567
300,100,"Weighted",0.799854041233352
100,300,"Target_Only",0.685393258426966
100,300,"Source1_Only",0.603932584269663
100,300,"Source2_Only",0.792134831460674
100,300,"Weighted",0.758426966292135
200,300,"Target_Only",0.759478672985782
200,300,"Source1_Only",0.706161137440758
200,300,"Source2_Only",0.757109004739337
200,300,"Weighted",0.789889415481833
300,300,"Target_Only",0.819118488838008
300,300,"Source1_Only",0.71589391337531
300,300,"Source2_Only",0.7679832093112
300,300,"Weighted",0.833047128410609
100,500,"Target_Only",0.609442060085837
100,500,"Source1_Only",0.536480686695279
100,500,"Source2_Only",0.798283261802575
100,500,"Weighted",0.742489270386266
200,500,"Target_Only",0.670459162941894
200,500,"Source1_Only",0.661926046322633
200,500,"Source2_Only",0.674116212921577
200,500,"Weighted",0.708248679398618
300,500,"Target_Only",0.637223411848679
300,500,"Source1_Only",0.64418272662384
300,500,"Source2_Only",0.701641684511064
300,500,"Weighted",0.699500356887937
100,1000,"Target_Only",0.74251497005988
100,1000,"Source1_Only",0.664670658682635
100,1000,"Source2_Only",0.808383233532934
100,1000,"Weighted",0.800898203592814
200,1000,"Target_Only",0.710585082626172
200,1000,"Source1_Only",0.701652523447968
200,1000,"Source2_Only",0.768200089325592
200,1000,"Weighted",0.789191603394372
300,1000,"Target_Only",0.700016215339711
300,1000,"Source1_Only",0.656883411707475
300,1000,"Source2_Only",0.737311496675855
300,1000,"Weighted",0.742986865574834
100,100,"Target_Only",0.691666666666667
100,100,"Source1_Only",0.758333333333333
100,100,"Source2_Only",0.771666666666667
100,100,"Weighted",0.805
200,100,"Target_Only",0.771976967370442
200,100,"Source1_Only",0.61957773512476
200,100,"Source2_Only",0.72552783109405
200,100,"Weighted",0.77658349328215
300,100,"Target_Only",0.755866900175131
300,100,"Source1_Only",0.694570928196147
300,100,"Source2_Only",0.709106830122592
300,100,"Weighted",0.776007005253941
100,300,"Target_Only",0.741554054054054
100,300,"Source1_Only",0.626689189189189
100,300,"Source2_Only",0.748310810810811
100,300,"Weighted",0.790540540540541
200,300,"Target_Only",0.742454728370221
200,300,"Source1_Only",0.717907444668008
200,300,"Source2_Only",0.795975855130785
200,300,"Weighted",0.832193158953722
300,300,"Target_Only",0.711219184974006
300,300,"Source1_Only",0.666610766392755
300,300,"Source2_Only",0.679691430488009
300,300,"Weighted",0.74593325507295
100,500,"Target_Only",0.651031894934334
100,500,"Source1_Only",0.658536585365854
100,500,"Source2_Only",0.75797373358349
100,500,"Weighted",0.778611632270169
200,500,"Target_Only",0.724712415708052
200,500,"Source1_Only",0.688218960729869
200,500,"Source2_Only",0.757239190797303
200,500,"Weighted",0.78579928599762
300,500,"Target_Only",0.788112272977435
300,500,"Source1_Only",0.654375343973583
300,500,"Source2_Only",0.7431663914878
300,500,"Weighted",0.799853237937993
100,1000,"Target_Only",0.696817420435511
100,1000,"Source1_Only",0.703517587939698
100,1000,"Source2_Only",0.792294807370184
100,1000,"Weighted",0.807370184254606
200,1000,"Target_Only",0.744689378757515
200,1000,"Source1_Only",0.707414829659319
200,1000,"Source2_Only",0.738276553106212
200,1000,"Weighted",0.795991983967936
300,1000,"Target_Only",0.743547726341663
300,1000,"Source1_Only",0.684965178205653
300,1000,"Source2_Only",0.77550184350676
300,1000,"Weighted",0.791478902089308
100,100,"Target_Only",0.65527950310559
100,100,"Source1_Only",0.62888198757764
100,100,"Source2_Only",0.686335403726708
100,100,"Weighted",0.692546583850932
200,100,"Target_Only",0.688511950655359
200,100,"Source1_Only",0.644564379336931
200,100,"Source2_Only",0.715111796453354
200,100,"Weighted",0.725520431765613
300,100,"Target_Only",0.767964601769912
300,100,"Source1_Only",0.634690265486726
300,100,"Source2_Only",0.693982300884956
300,100,"Weighted",0.777522123893805
100,300,"Target_Only",0.704584040747029
100,300,"Source1_Only",0.694397283531409
100,300,"Source2_Only",0.787775891341256
100,300,"Weighted",0.825127334465195
200,300,"Target_Only",0.740670938560121
200,300,"Source1_Only",0.611760271390878
200,300,"Source2_Only",0.776479457218244
200,300,"Weighted",0.776102525442895
300,300,"Target_Only",0.738420585625555
300,300,"Source1_Only",0.601242236024845
300,300,"Source2_Only",0.733096716947649
300,300,"Weighted",0.773735581188997
100,500,"Target_Only",0.666666666666667
100,500,"Source1_Only",0.636932707355243
100,500,"Source2_Only",0.708920187793427
100,500,"Weighted",0.721439749608764
200,500,"Target_Only",0.753459577567371
200,500,"Source1_Only",0.700655498907502
200,500,"Source2_Only",0.773852876911872
200,500,"Weighted",0.808812818645302
300,500,"Target_Only",0.728169266630805
300,500,"Source1_Only",0.626322395553165
300,500,"Source2_Only",0.736417428725121
300,500,"Weighted",0.759548144163529
100,1000,"Target_Only",0.71499176276771
100,1000,"Source1_Only",0.761120263591433
100,1000,"Source2_Only",0.771004942339374
100,1000,"Weighted",0.838550247116969
200,1000,"Target_Only",0.719859539602029
200,1000,"Source1_Only",0.69879047990636
200,1000,"Source2_Only",0.705813499804916
200,1000,"Weighted",0.745610612563402
300,1000,"Target_Only",0.753973402530003
300,1000,"Source1_Only",0.686993188452806
300,1000,"Source2_Only",0.783003567953292
300,1000,"Weighted",0.806357444048005
100,100,"Target_Only",0.597402597402597
100,100,"Source1_Only",0.586038961038961
100,100,"Source2_Only",0.73538961038961
100,100,"Weighted",0.694805194805195
200,100,"Target_Only",0.717497189958786
200,100,"Source1_Only",0.653053578119146
200,100,"Source2_Only",0.715998501311353
200,100,"Weighted",0.762457849381791
300,100,"Target_Only",0.775073746312684
300,100,"Source1_Only",0.625368731563422
300,100,"Source2_Only",0.593473451327434
300,100,"Weighted",0.730457227138643
100,300,"Target_Only",0.783403656821378
100,300,"Source1_Only",0.746835443037975
100,300,"Source2_Only",0.767932489451477
100,300,"Weighted",0.822784810126582
200,300,"Target_Only",0.785094066570188
200,300,"Source1_Only",0.686324167872648
200,300,"Source2_Only",0.797033285094067
200,300,"Weighted",0.82561505065123
300,300,"Target_Only",0.749150237933379
300,300,"Source1_Only",0.714309993201903
300,300,"Source2_Only",0.690176750509857
300,300,"Weighted",0.789938817131203
100,500,"Target_Only",0.687402799377916
100,500,"Source1_Only",0.608087091757387
100,500,"Source2_Only",0.692068429237947
100,500,"Weighted",0.720062208398134
200,500,"Target_Only",0.712109061748196
200,500,"Source1_Only",0.676022453889334
200,500,"Source2_Only",0.680433039294306
200,500,"Weighted",0.752205292702486
300,500,"Target_Only",0.708295184032228
300,500,"Source1_Only",0.632118659586156
300,500,"Source2_Only",0.770554843435268
300,500,"Weighted",0.766709393883904
100,1000,"Target_Only",0.678470254957507
100,1000,"Source1_Only",0.601983002832861
100,1000,"Source2_Only",0.725212464589235
100,1000,"Weighted",0.760623229461756
200,1000,"Target_Only",0.70226917057903
200,1000,"Source1_Only",0.647496087636933
200,1000,"Source2_Only",0.802425665101721
200,1000,"Weighted",0.769170579029734
300,1000,"Target_Only",0.760801935706879
300,1000,"Source1_Only",0.650362945039751
300,1000,"Source2_Only",0.79415831316972
300,1000,"Weighted",0.806602143104044
100,100,"Target_Only",0.722222222222222
100,100,"Source1_Only",0.688271604938272
100,100,"Source2_Only",0.700617283950617
100,100,"Weighted",0.783950617283951
200,100,"Target_Only",0.698479087452471
200,100,"Source1_Only",0.644866920152091
200,100,"Source2_Only",0.660836501901141
200,100,"Weighted",0.725475285171103
300,100,"Target_Only",0.746125066809193
300,100,"Source1_Only",0.525387493319081
300,100,"Source2_Only",0.733475859611616
300,100,"Weighted",0.748975592374844
100,300,"Target_Only",0.667215815485997
100,300,"Source1_Only",0.614497528830313
100,300,"Source2_Only",0.72158154859967
100,300,"Weighted",0.723228995057661
200,300,"Target_Only",0.667339523617279
200,300,"Source1_Only",0.666532095276544
200,300,"Source2_Only",0.720629794105773
200,300,"Weighted",0.750100928542592
300,300,"Target_Only",0.699368800721371
300,300,"Source1_Only",0.680793507664563
300,300,"Source2_Only",0.756717763751127
300,300,"Weighted",0.785933273219116
100,500,"Target_Only",0.680430879712747
100,500,"Source1_Only",0.725314183123878
100,500,"Source2_Only",0.755834829443447
100,500,"Weighted",0.798922800718133
200,500,"Target_Only",0.676622418879056
200,500,"Source1_Only",0.624631268436578
200,500,"Source2_Only",0.733775811209439
200,500,"Weighted",0.761061946902655
300,500,"Target_Only",0.803385646270499
300,500,"Source1_Only",0.633750661259037
300,500,"Source2_Only",0.789984129783107
300,500,"Weighted",0.822782578028566
100,1000,"Target_Only",0.776223776223776
100,1000,"Source1_Only",0.699300699300699
100,1000,"Source2_Only",0.746503496503496
100,1000,"Weighted",0.798951048951049
200,1000,"Target_Only",0.726705490848586
200,1000,"Source1_Only",0.699251247920133
200,1000,"Source2_Only",0.703826955074875
200,1000,"Weighted",0.757903494176373
300,1000,"Target_Only",0.781094527363184
300,1000,"Source1_Only",0.680796019900498
300,1000,"Source2_Only",0.755422885572139
300,1000,"Weighted",0.810149253731343
100,100,"Target_Only",0.694796061884669
100,100,"Source1_Only",0.516174402250352
100,100,"Source2_Only",0.70042194092827
100,100,"Weighted",0.717299578059072
200,100,"Target_Only",0.741101536155864
200,100,"Source1_Only",0.670288497564631
200,100,"Source2_Only",0.674035219183215
200,100,"Weighted",0.775946047208692
300,100,"Target_Only",0.747603276974028
300,100,"Source1_Only",0.572947533554122
300,100,"Source2_Only",0.690779152867352
300,100,"Weighted",0.763465225727732
100,300,"Target_Only",0.721518987341772
100,300,"Source1_Only",0.685126582278481
100,300,"Source2_Only",0.759493670886076
100,300,"Weighted",0.789556962025316
200,300,"Target_Only",0.739956803455724
200,300,"Source1_Only",0.62548596112311
200,300,"Source2_Only",0.770194384449244
200,300,"Weighted",0.791360691144708
300,300,"Target_Only",0.7696354072193
300,300,"Source1_Only",0.639579176491928
300,300,"Source2_Only",0.757663703972429
300,300,"Weighted",0.784327952113187
100,500,"Target_Only",0.618421052631579
100,500,"Source1_Only",0.628654970760234
100,500,"Source2_Only",0.774853801169591
100,500,"Weighted",0.741228070175439
200,500,"Target_Only",0.701629753447555
200,500,"Source1_Only",0.685750104471375
200,500,"Source2_Only",0.740910990388634
200,500,"Weighted",0.765566234851651
300,500,"Target_Only",0.752247099199216
300,500,"Source1_Only",0.675600588331427
300,500,"Source2_Only",0.745383232554339
300,500,"Weighted",0.775780356267364
100,1000,"Target_Only",0.667763157894737
100,1000,"Source1_Only",0.741776315789474
100,1000,"Source2_Only",0.771381578947368
100,1000,"Weighted",0.799342105263158
200,1000,"Target_Only",0.766158913132976
200,1000,"Source1_Only",0.681350349938246
200,1000,"Source2_Only",0.738163853437629
200,1000,"Weighted",0.789625360230548
300,1000,"Target_Only",0.721892426695449
300,1000,"Source1_Only",0.622234214786832
300,1000,"Source2_Only",0.726749415362475
300,1000,"Weighted",0.764166216945494
100,100,"Target_Only",0.715277777777778
100,100,"Source1_Only",0.520833333333333
100,100,"Source2_Only",0.727430555555556
100,100,"Weighted",0.791666666666667
200,100,"Target_Only",0.753068055039048
200,100,"Source1_Only",0.631089624395686
200,100,"Source2_Only",0.700260319821495
200,100,"Weighted",0.738192636667906
300,100,"Target_Only",0.784801008463893
300,100,"Source1_Only",0.705564559697461
300,100,"Source2_Only",0.712947956059788
300,100,"Weighted",0.800108049702863
100,300,"Target_Only",0.77027027027027
100,300,"Source1_Only",0.711711711711712
100,300,"Source2_Only",0.705705705705706
100,300,"Weighted",0.803303303303303
200,300,"Target_Only",0.642496392496392
200,300,"Source1_Only",0.615079365079365
200,300,"Source2_Only",0.676767676767677
200,300,"Weighted",0.690836940836941
300,300,"Target_Only",0.757020346393139
300,300,"Source1_Only",0.739868841432655
300,300,"Source2_Only",0.736673953253741
300,300,"Weighted",0.792164116361191
100,500,"Target_Only",0.764705882352941
100,500,"Source1_Only",0.723370429252782
100,500,"Source2_Only",0.693163751987281
100,500,"Weighted",0.829888712241653
200,500,"Target_Only",0.718206416698879
200,500,"Source1_Only",0.710088906068806
200,500,"Source2_Only",0.746037881716274
200,500,"Weighted",0.771163509856977
300,500,"Target_Only",0.78122878479294
300,500,"Source1_Only",0.670570264765784
300,500,"Source2_Only",0.790224032586558
300,500,"Weighted",0.824338085539715
100,1000,"Target_Only",0.667151162790698
100,1000,"Source1_Only",0.581395348837209
100,1000,"Source2_Only",0.656976744186047
100,1000,"Weighted",0.665697674418605
200,1000,"Target_Only",0.74795234549516
200,1000,"Source1_Only",0.732315711094564
200,1000,"Source2_Only",0.759865971705138
200,1000,"Weighted",0.806775874906925
300,1000,"Target_Only",0.730712166172107
300,1000,"Source1_Only",0.659310089020771
300,1000,"Source2_Only",0.778004451038576
300,1000,"Weighted",0.7861646884273
100,100,"Target_Only",0.791666666666667
100,100,"Source1_Only",0.591269841269841
100,100,"Source2_Only",0.742063492063492
100,100,"Weighted",0.886904761904762
200,100,"Target_Only",0.752684049079755
200,100,"Source1_Only",0.676763803680982
200,100,"Source2_Only",0.734279141104294
200,100,"Weighted",0.80329754601227
300,100,"Target_Only",0.781529476181785
300,100,"Source1_Only",0.563606497536047
300,100,"Source2_Only",0.747581675488228
300,100,"Weighted",0.788282533308998
100,300,"Target_Only",0.735202492211838
100,300,"Source1_Only",0.646417445482866
100,300,"Source2_Only",0.806853582554517
100,300,"Weighted",0.820872274143302
200,300,"Target_Only",0.700355309909199
200,300,"Source1_Only",0.625345440189499
200,300,"Source2_Only",0.72246348203711
200,300,"Weighted",0.762337149624951
300,300,"Target_Only",0.787937743190661
300,300,"Source1_Only",0.624690484612664
300,300,"Source2_Only",0.755394411036434
300,300,"Weighted",0.80314821365405
100,500,"Target_Only",0.803305785123967
100,500,"Source1_Only",0.661157024793388
100,500,"Source2_Only",0.877685950413223
100,500,"Weighted",0.872727272727273
200,500,"Target_Only",0.721845318860244
200,500,"Source1_Only",0.71506105834464
200,500,"Source2_Only",0.720488466757123
200,500,"Weighted",0.780189959294437
300,500,"Target_Only",0.755056179775281
300,500,"Source1_Only",0.632958801498127
300,500,"Source2_Only",0.800936329588015
300,500,"Weighted",0.797940074906367
100,1000,"Target_Only",0.711442786069652
100,1000,"Source1_Only",0.640132669983416
100,1000,"Source2_Only",0.840796019900498
100,1000,"Weighted",0.81592039800995
200,1000,"Target_Only",0.679186228482003
200,1000,"Source1_Only",0.656494522691706
200,1000,"Source2_Only",0.7660406885759
200,1000,"Weighted",0.773474178403756
300,1000,"Target_Only",0.77087316762269
300,1000,"Source1_Only",0.698852772466539
300,1000,"Source2_Only",0.762268961121734
300,1000,"Weighted",0.805449330783939
100,100,"Target_Only",0.753943217665615
100,100,"Source1_Only",0.684542586750789
100,100,"Source2_Only",0.769716088328076
100,100,"Weighted",0.801261829652997
200,100,"Target_Only",0.742354740061162
200,100,"Source1_Only",0.629969418960245
200,100,"Source2_Only",0.704128440366973
200,100,"Weighted",0.762996941896025
300,100,"Target_Only",0.704012784090909
300,100,"Source1_Only",0.625355113636364
300,100,"Source2_Only",0.689453125
300,100,"Weighted",0.729048295454545
100,300,"Target_Only",0.716393442622951
100,300,"Source1_Only",0.650819672131148
100,300,"Source2_Only",0.768852459016393
100,300,"Weighted",0.768852459016393
200,300,"Target_Only",0.708762886597938
200,300,"Source1_Only",0.630338733431517
200,300,"Source2_Only",0.756627393225331
200,300,"Weighted",0.77540500736377
300,300,"Target_Only",0.740034331489605
300,300,"Source1_Only",0.623879458325386
300,300,"Source2_Only",0.765973679191303
300,300,"Weighted",0.772649246614534
100,500,"Target_Only",0.785285285285285
100,500,"Source1_Only",0.803303303303303
100,500,"Source2_Only",0.773273273273273
100,500,"Weighted",0.866366366366366
200,500,"Target_Only",0.722452743199631
200,500,"Source1_Only",0.656062701705855
200,500,"Source2_Only",0.755186721991701
200,500,"Weighted",0.77731673582296
300,500,"Target_Only",0.763083451202263
300,500,"Source1_Only",0.705622347949081
300,500,"Source2_Only",0.763083451202263
300,500,"Weighted",0.79473125884017
100,1000,"Target_Only",0.723232323232323
100,1000,"Source1_Only",0.676767676767677
100,1000,"Source2_Only",0.806060606060606
100,1000,"Weighted",0.8
200,1000,"Target_Only",0.797488861887404
200,1000,"Source1_Only",0.734710409072499
200,1000,"Source2_Only",0.733900364520049
200,1000,"Weighted",0.831105710814095
300,1000,"Target_Only",0.746501614639397
300,1000,"Source1_Only",0.63724434876211
300,1000,"Source2_Only",0.786688195191963
300,1000,"Weighted",0.787047003946896
100,100,"Target_Only",0.683823529411765
100,100,"Source1_Only",0.674632352941176
100,100,"Source2_Only",0.643382352941176
100,100,"Weighted",0.761029411764706
200,100,"Target_Only",0.702668890742285
200,100,"Source1_Only",0.605921601334445
200,100,"Source2_Only",0.70975813177648
200,100,"Weighted",0.751042535446205
300,100,"Target_Only",0.793838438115708
300,100,"Source1_Only",0.569586243954863
300,100,"Source2_Only",0.745477341930862
300,100,"Weighted",0.802973311839513
100,300,"Target_Only",0.673701298701299
100,300,"Source1_Only",0.665584415584416
100,300,"Source2_Only",0.803571428571429
100,300,"Weighted",0.808441558441559
200,300,"Target_Only",0.707415730337079
200,300,"Source1_Only",0.626966292134831
200,300,"Source2_Only",0.722696629213483
200,300,"Weighted",0.73752808988764
300,300,"Target_Only",0.80873440285205
300,300,"Source1_Only",0.714973262032086
300,300,"Source2_Only",0.793404634581105
300,300,"Weighted",0.844741532976827
100,500,"Target_Only",0.708638360175695
100,500,"Source1_Only",0.645680819912152
100,500,"Source2_Only",0.761346998535871
100,500,"Weighted",0.767203513909224
200,500,"Target_Only",0.737184391736802
200,500,"Source1_Only",0.693573068094874
200,500,"Source2_Only",0.778500382555471
200,500,"Weighted",0.798393267023718
300,500,"Target_Only",0.781637717121588
300,500,"Source1_Only",0.677773839064162
300,500,"Source2_Only",0.753810705423609
300,500,"Weighted",0.809996455157745
100,1000,"Target_Only",0.728778467908903
100,1000,"Source1_Only",0.770186335403727
100,1000,"Source2_Only",0.778467908902692
100,1000,"Weighted",0.840579710144927
200,1000,"Target_Only",0.674751929437707
200,1000,"Source1_Only",0.658948915839765
200,1000,"Source2_Only",0.670709298052187
200,1000,"Weighted",0.706725468577729
300,1000,"Target_Only",0.743746894152725
300,1000,"Source1_Only",0.690243498426371
300,1000,"Source2_Only",0.753354315057148
300,1000,"Weighted",0.786483352658605
100,100,"Target_Only",0.739197530864198
100,100,"Source1_Only",0.658950617283951
100,100,"Source2_Only",0.719135802469136
100,100,"Weighted",0.751543209876543
200,100,"Target_Only",0.761117670208579
200,100,"Source1_Only",0.634002361275089
200,100,"Source2_Only",0.672176308539945
200,100,"Weighted",0.756395120031484
300,100,"Target_Only",0.773773416592328
300,100,"Source1_Only",0.651739518287244
300,100,"Source2_Only",0.732738626226583
300,100,"Weighted",0.786619090098127
100,300,"Target_Only",0.673323823109843
100,300,"Source1_Only",0.714693295292439
100,300,"Source2_Only",0.776034236804565
100,300,"Weighted",0.764621968616263
200,300,"Target_Only",0.693844924060751
200,300,"Source1_Only",0.591127098321343
200,300,"Source2_Only",0.719424460431655
200,300,"Weighted",0.756594724220623
300,300,"Target_Only",0.761458149000177
300,300,"Source1_Only",0.654220491948328
300,300,"Source2_Only",0.742523447177491
300,300,"Weighted",0.810122102282782
100,500,"Target_Only",0.635846372688478
100,500,"Source1_Only",0.652916073968706
100,500,"Source2_Only",0.832147937411095
100,500,"Weighted",0.773826458036984
200,500,"Target_Only",0.72839969947408
200,500,"Source1_Only",0.616829451540195
200,500,"Source2_Only",0.749436513899324
200,500,"Weighted",0.775732531930879
300,500,"Target_Only",0.785789473684211
300,500,"Source1_Only",0.711052631578947
300,500,"Source2_Only",0.783333333333333
300,500,"Weighted",0.828245614035088
100,1000,"Target_Only",0.713274336283186
100,1000,"Source1_Only",0.766371681415929
100,1000,"Source2_Only",0.748672566371681
100,1000,"Weighted",0.789380530973451
200,1000,"Target_Only",0.729060165159261
200,1000,"Source1_Only",0.703106567046795
200,1000,"Source2_Only",0.784899724734565
200,1000,"Weighted",0.802988596146284
300,1000,"Target_Only",0.789641300703989
300,1000,"Source1_Only",0.688065705665437
300,1000,"Source2_Only",0.721589004358029
300,1000,"Weighted",0.796345960442508
100,100,"Target_Only",0.739054290718039
100,100,"Source1_Only",0.649737302977233
100,100,"Source2_Only",0.768826619964974
100,100,"Weighted",0.768826619964974
200,100,"Target_Only",0.762999246420497
200,100,"Source1_Only",0.60663149962321
200,100,"Source2_Only",0.702712886209495
200,100,"Weighted",0.76224566691786
300,100,"Target_Only",0.745505323791238
300,100,"Source1_Only",0.666608483155874
300,100,"Source2_Only",0.752138244021644
300,100,"Weighted",0.778669924943271
100,300,"Target_Only",0.710843373493976
100,300,"Source1_Only",0.590361445783133
100,300,"Source2_Only",0.78657487091222
100,300,"Weighted",0.776247848537005
200,300,"Target_Only",0.721054984354046
200,300,"Source1_Only",0.7045149754135
200,300,"Source2_Only",0.739383102369245
200,300,"Weighted",0.771569065713009
300,300,"Target_Only",0.730279477426823
300,300,"Source1_Only",0.702827848519927
300,300,"Source2_Only",0.7016702497106
300,300,"Weighted",0.780386968744832
100,500,"Target_Only",0.664634146341463
100,500,"Source1_Only",0.609756097560976
100,500,"Source2_Only",0.785060975609756
100,500,"Weighted",0.728658536585366
200,500,"Target_Only",0.740022379709064
200,500,"Source1_Only",0.685192092502797
200,500,"Source2_Only",0.743379336068631
200,500,"Weighted",0.787019768743006
300,500,"Target_Only",0.781107491856678
300,500,"Source1_Only",0.681921824104235
300,500,"Source2_Only",0.755700325732899
300,500,"Weighted",0.799511400651466
100,1000,"Target_Only",0.718110236220472
100,1000,"Source1_Only",0.702362204724409
100,1000,"Source2_Only",0.78740157480315
100,1000,"Weighted",0.790551181102362
200,1000,"Target_Only",0.672999191592563
200,1000,"Source1_Only",0.662894098625707
200,1000,"Source2_Only",0.765157639450283
200,1000,"Weighted",0.790218270008084
300,1000,"Target_Only",0.766019086571234
300,1000,"Source1_Only",0.732447171097478
300,1000,"Source2_Only",0.755964553510566
300,1000,"Weighted",0.798738922972052
100,100,"Target_Only",0.663398692810457
100,100,"Source1_Only",0.669934640522876
100,100,"Source2_Only",0.753267973856209
100,100,"Weighted",0.776143790849673
200,100,"Target_Only",0.785285885645742
200,100,"Source1_Only",0.616153538584566
200,100,"Source2_Only",0.662934826069572
200,100,"Weighted",0.755297880847661
300,100,"Target_Only",0.737155495066349
300,100,"Source1_Only",0.67216740387887
300,100,"Source2_Only",0.663320857434502
300,100,"Weighted",0.756039469207213
100,300,"Target_Only",0.72520325203252
100,300,"Source1_Only",0.655284552845528
100,300,"Source2_Only",0.827642276422764
100,300,"Weighted",0.785365853658537
200,300,"Target_Only",0.723705501618123
200,300,"Source1_Only",0.674352750809061
200,300,"Source2_Only",0.705906148867314
200,300,"Weighted",0.758495145631068
300,300,"Target_Only",0.742768595041322
300,300,"Source1_Only",0.630509641873278
300,300,"Source2_Only",0.74879476584022
300,300,"Weighted",0.800275482093664
100,500,"Target_Only",0.731563421828909
100,500,"Source1_Only",0.690265486725664
100,500,"Source2_Only",0.76401179941003
100,500,"Weighted",0.800884955752212
200,500,"Target_Only",0.661526599845798
200,500,"Source1_Only",0.712798766383963
200,500,"Source2_Only",0.732459521973786
200,500,"Weighted",0.749807247494217
300,500,"Target_Only",0.722792965349121
300,500,"Source1_Only",0.680654710081839
300,500,"Source2_Only",0.687619710952464
300,500,"Weighted",0.73358871669859
100,1000,"Target_Only",0.709784411276949
100,1000,"Source1_Only",0.66832504145937
100,1000,"Source2_Only",0.733001658374793
100,1000,"Weighted",0.759535655058043
200,1000,"Target_Only",0.764447987245915
200,1000,"Source1_Only",0.69031486648067
200,1000,"Source2_Only",0.828218413710642
200,1000,"Weighted",0.833399760860901
300,1000,"Target_Only",0.801601113818308
300,1000,"Source1_Only",0.661329620605639
300,1000,"Source2_Only",0.800208840932823
300,1000,"Weighted",0.832405151409676
100,100,"Target_Only",0.706870229007634
100,100,"Source1_Only",0.572519083969466
100,100,"Source2_Only",0.63206106870229
100,100,"Weighted",0.712977099236641
200,100,"Target_Only",0.688087774294671
200,100,"Source1_Only",0.622257053291536
200,100,"Source2_Only",0.728056426332288
200,100,"Weighted",0.735109717868339
300,100,"Target_Only",0.768395431567122
300,100,"Source1_Only",0.621231979030144
300,100,"Source2_Only",0.73357049241715
300,100,"Weighted",0.776633589215503
100,300,"Target_Only",0.759842519685039
100,300,"Source1_Only",0.702755905511811
100,300,"Source2_Only",0.720472440944882
100,300,"Weighted",0.769685039370079
200,300,"Target_Only",0.827160493827161
200,300,"Source1_Only",0.679423868312757
200,300,"Source2_Only",0.772427983539095
200,300,"Weighted",0.825925925925926
300,300,"Target_Only",0.758651129943503
300,300,"Source1_Only",0.656603107344633
300,300,"Source2_Only",0.788753531073446
300,300,"Weighted",0.819032485875706
100,500,"Target_Only",0.692780337941628
100,500,"Source1_Only",0.685099846390169
100,500,"Source2_Only",0.731182795698925
100,500,"Weighted",0.763440860215054
200,500,"Target_Only",0.760405356496562
200,500,"Source1_Only",0.609120521172638
200,500,"Source2_Only",0.76366268548679
200,500,"Weighted",0.77162504524068
300,500,"Target_Only",0.820873304664241
300,500,"Source1_Only",0.688223618921601
300,500,"Source2_Only",0.798213695004962
300,500,"Weighted",0.847667879589811
100,1000,"Target_Only",0.764604810996564
100,1000,"Source1_Only",0.752577319587629
100,1000,"Source2_Only",0.766323024054983
100,1000,"Weighted",0.823024054982818
200,1000,"Target_Only",0.725197177251972
200,1000,"Source1_Only",0.662100456621005
200,1000,"Source2_Only",0.711913657119137
200,1000,"Weighted",0.738895807388958
300,1000,"Target_Only",0.813442412576195
300,1000,"Source1_Only",0.738370227783125
300,1000,"Source2_Only",0.80734680782804
300,1000,"Weighted",0.845845364132178
100,100,"Target_Only",0.757627118644068
100,100,"Source1_Only",0.705084745762712
100,100,"Source2_Only",0.789830508474576
100,100,"Weighted",0.861016949152542
200,100,"Target_Only",0.784059678052611
200,100,"Source1_Only",0.586572438162544
200,100,"Source2_Only",0.708676874754613
200,100,"Weighted",0.790734197094621
300,100,"Target_Only",0.739949109414758
300,100,"Source1_Only",0.670907548770144
300,100,"Source2_Only",0.750466497031383
300,100,"Weighted",0.786089906700594
100,300,"Target_Only",0.652713178294574
100,300,"Source1_Only",0.606201550387597
100,300,"Source2_Only",0.821705426356589
100,300,"Weighted",0.750387596899225
200,300,"Target_Only",0.673880597014925
200,300,"Source1_Only",0.664179104477612
200,300,"Source2_Only",0.700373134328358
200,300,"Weighted",0.719029850746269
300,300,"Target_Only",0.765665236051502
300,300,"Source1_Only",0.59862660944206
300,300,"Source2_Only",0.695107296137339
300,300,"Weighted",0.770300429184549
100,500,"Target_Only",0.672818791946309
100,500,"Source1_Only",0.588926174496644
100,500,"Source2_Only",0.726510067114094
100,500,"Weighted",0.726510067114094
200,500,"Target_Only",0.693573068094874
200,500,"Source1_Only",0.618209640397858
200,500,"Source2_Only",0.741009946442234
200,500,"Weighted",0.760520275439939
300,500,"Target_Only",0.735356762513312
300,500,"Source1_Only",0.701277955271566
300,500,"Source2_Only",0.696485623003195
300,500,"Weighted",0.772985445509407
100,1000,"Target_Only",0.748892171344165
100,1000,"Source1_Only",0.667651403249631
100,1000,"Source2_Only",0.766617429837518
100,1000,"Weighted",0.809453471196455
200,1000,"Target_Only",0.696038504257682
200,1000,"Source1_Only",0.613476490188819
200,1000,"Source2_Only",0.73639392817475
200,1000,"Weighted",0.726767863754165
300,1000,"Target_Only",0.723190348525469
300,1000,"Source1_Only",0.6875
300,1000,"Source2_Only",0.734249329758713
300,1000,"Weighted",0.772620643431635
100,100,"Target_Only",0.68025078369906
100,100,"Source1_Only",0.594043887147335
100,100,"Source2_Only",0.656739811912226
100,100,"Weighted",0.705329153605016
200,100,"Target_Only",0.75046347793845
200,100,"Source1_Only",0.634037819799778
200,100,"Source2_Only",0.732665925101965
200,100,"Weighted",0.776418242491657
300,100,"Target_Only",0.785342074298201
300,100,"Source1_Only",0.595898470331148
300,100,"Source2_Only",0.712052445789208
300,100,"Weighted",0.772734913430829
100,300,"Target_Only",0.742454728370221
100,300,"Source1_Only",0.686116700201207
100,300,"Source2_Only",0.76056338028169
100,300,"Weighted",0.784708249496982
200,300,"Target_Only",0.697026721866767
200,300,"Source1_Only",0.705683101242002
200,300,"Source2_Only",0.804666917576214
200,300,"Weighted",0.794505080918329
300,300,"Target_Only",0.787761561455952
300,300,"Source1_Only",0.740812379110251
300,300,"Source2_Only",0.732723755934588
300,300,"Weighted",0.807983119395112
100,500,"Target_Only",0.610354223433243
100,500,"Source1_Only",0.600817438692098
100,500,"Source2_Only",0.730245231607629
100,500,"Weighted",0.70299727520436
200,500,"Target_Only",0.759087066779375
200,500,"Source1_Only",0.720202874049028
200,500,"Source2_Only",0.797125950972105
200,500,"Weighted",0.819103972950127
300,500,"Target_Only",0.667321077993932
300,500,"Source1_Only",0.625022309477066
300,500,"Source2_Only",0.719257540603248
300,500,"Weighted",0.734606460824558
100,1000,"Target_Only",0.71513353115727
100,1000,"Source1_Only",0.683976261127596
100,1000,"Source2_Only",0.787833827893175
100,1000,"Weighted",0.789317507418398
200,1000,"Target_Only",0.660743134087238
200,1000,"Source1_Only",0.684168012924071
200,1000,"Source2_Only",0.704765751211632
200,1000,"Weighted",0.767770597738288
300,1000,"Target_Only",0.719667697063369
300,1000,"Source1_Only",0.688755795981453
300,1000,"Source2_Only",0.767387944358578
300,1000,"Weighted",0.801197836166924
100,100,"Target_Only",0.669275929549902
100,100,"Source1_Only",0.632093933463796
100,100,"Source2_Only",0.659491193737769
100,100,"Weighted",0.698630136986301
200,100,"Target_Only",0.695652173913043
200,100,"Source1_Only",0.584897025171625
200,100,"Source2_Only",0.672768878718536
200,100,"Weighted",0.747826086956522
300,100,"Target_Only",0.727939891665211
300,100,"Source1_Only",0.645640398392451
300,100,"Source2_Only",0.732657697012057
300,100,"Weighted",0.772322208631836
100,300,"Target_Only",0.663120567375887
100,300,"Source1_Only",0.544326241134752
100,300,"Source2_Only",0.76063829787234
100,300,"Weighted",0.767730496453901
200,300,"Target_Only",0.754926108374384
200,300,"Source1_Only",0.707717569786535
200,300,"Source2_Only",0.72495894909688
200,300,"Weighted",0.805008210180624
300,300,"Target_Only",0.767649536647009
300,300,"Source1_Only",0.68441449031171
300,300,"Source2_Only",0.763437236731255
300,300,"Weighted",0.80016849199663
100,500,"Target_Only",0.732189973614776
100,500,"Source1_Only",0.711081794195251
100,500,"Source2_Only",0.794195250659631
100,500,"Weighted",0.839050131926121
200,500,"Target_Only",0.763001190948789
200,500,"Source1_Only",0.635966653433902
200,500,"Source2_Only",0.73640333465661
200,500,"Weighted",0.784041286224692
300,500,"Target_Only",0.790314358538658
300,500,"Source1_Only",0.704163126593033
300,500,"Source2_Only",0.770433305012744
300,500,"Weighted",0.826508071367885
100,1000,"Target_Only",0.707664884135472
100,1000,"Source1_Only",0.639928698752228
100,1000,"Source2_Only",0.832442067736185
100,1000,"Weighted",0.82174688057041
200,1000,"Target_Only",0.657345132743363
200,1000,"Source1_Only",0.675044247787611
200,1000,"Source2_Only",0.729911504424779
200,1000,"Weighted",0.71929203539823
300,1000,"Target_Only",0.771335168616655
300,1000,"Source1_Only",0.663799036476256
300,1000,"Source2_Only",0.770302821748107
300,1000,"Weighted",0.805058499655884
100,100,"Target_Only",0.775510204081633
100,100,"Source1_Only",0.697278911564626
100,100,"Source2_Only",0.755102040816326
100,100,"Weighted",0.848639455782313
200,100,"Target_Only",0.759036144578313
200,100,"Source1_Only",0.606174698795181
200,100,"Source2_Only",0.751506024096386
200,100,"Weighted",0.780120481927711
300,100,"Target_Only",0.77885478370131
300,100,"Source1_Only",0.698797343385389
300,100,"Source2_Only",0.688745288099085
300,100,"Weighted",0.777598276790522
100,300,"Target_Only",0.607207207207207
100,300,"Source1_Only",0.524324324324324
100,300,"Source2_Only",0.735135135135135
100,300,"Weighted",0.742342342342342
200,300,"Target_Only",0.750112157918349
200,300,"Source1_Only",0.655002243158367
200,300,"Source2_Only",0.781516375056079
200,300,"Weighted",0.799461641991925
300,300,"Target_Only",0.743806009488666
300,300,"Source1_Only",0.721665788086452
300,300,"Source2_Only",0.714812862414338
300,300,"Weighted",0.780706378492356
100,500,"Target_Only",0.639664804469274
100,500,"Source1_Only",0.606145251396648
100,500,"Source2_Only",0.787709497206704
100,500,"Weighted",0.729050279329609
200,500,"Target_Only",0.74400871459695
200,500,"Source1_Only",0.635439360929557
200,500,"Source2_Only",0.755628177196805
200,500,"Weighted",0.806826434277415
300,500,"Target_Only",0.789438164332715
300,500,"Source1_Only",0.644508182891851
300,500,"Source2_Only",0.792643833305213
300,500,"Weighted",0.818626623924414
100,1000,"Target_Only",0.634020618556701
100,1000,"Source1_Only",0.585910652920962
100,1000,"Source2_Only",0.647766323024055
100,1000,"Weighted",0.678694158075601
200,1000,"Target_Only",0.709446744448626
200,1000,"Source1_Only",0.733910425291682
200,1000,"Source2_Only",0.785095972901769
200,1000,"Weighted",0.812194203989462
300,1000,"Target_Only",0.737912578055308
300,1000,"Source1_Only",0.666012488849242
300,1000,"Source2_Only",0.76128456735058
300,1000,"Weighted",0.795182872435326
100,100,"Target_Only",0.706624605678233
100,100,"Source1_Only",0.711356466876972
100,100,"Source2_Only",0.798107255520505
100,100,"Weighted",0.834384858044164
200,100,"Target_Only",0.68859461768475
200,100,"Source1_Only",0.640324647586501
200,100,"Source2_Only",0.753951302862025
200,100,"Weighted",0.736437419906023
300,100,"Target_Only",0.728073265234237
300,100,"Source1_Only",0.65005283550546
300,100,"Source2_Only",0.7180345191969
300,100,"Weighted",0.7606551602677
100,300,"Target_Only",0.688372093023256
100,300,"Source1_Only",0.53953488372093
100,300,"Source2_Only",0.789147286821705
100,300,"Weighted",0.786046511627907
200,300,"Target_Only",0.638244737780949
200,300,"Source1_Only",0.648947556189797
200,300,"Source2_Only",0.775954334641456
200,300,"Weighted",0.747056724937567
300,300,"Target_Only",0.777337297654443
300,300,"Source1_Only",0.639577139081599
300,300,"Source2_Only",0.760984473075653
300,300,"Weighted",0.783779319458209
100,500,"Target_Only",0.629194630872483
100,500,"Source1_Only",0.714765100671141
100,500,"Source2_Only",0.598993288590604
100,500,"Weighted",0.714765100671141
200,500,"Target_Only",0.69775678866588
200,500,"Source1_Only",0.624557260920897
200,500,"Source2_Only",0.786304604486423
200,500,"Weighted",0.805588351042896
300,500,"Target_Only",0.745044892427579
300,500,"Source1_Only",0.695239708622734
300,500,"Source2_Only",0.770625105878367
300,500,"Weighted",0.787396239200407
100,1000,"Target_Only",0.713747645951036
100,1000,"Source1_Only",0.717514124293785
100,1000,"Source2_Only",0.764595103578154
100,1000,"Weighted",0.785310734463277
200,1000,"Target_Only",0.65633423180593
200,1000,"Source1_Only",0.68418688230009
200,1000,"Source2_Only",0.742587601078167
200,1000,"Weighted",0.755615453728661
300,1000,"Target_Only",0.756851204708479
300,1000,"Source1_Only",0.652933603089939
300,1000,"Source2_Only",0.774691925694317
300,1000,"Weighted",0.796578995769726
100,100,"Target_Only",0.785087719298246
100,100,"Source1_Only",0.732456140350877
100,100,"Source2_Only",0.776315789473684
100,100,"Weighted",0.857456140350877
200,100,"Target_Only",0.691308243727599
200,100,"Source1_Only",0.699820788530466
200,100,"Source2_Only",0.786290322580645
200,100,"Weighted",0.797043010752688
300,100,"Target_Only",0.766447921924954
300,100,"Source1_Only",0.667171462224466
300,100,"Source2_Only",0.708059902406192
300,100,"Weighted",0.78512535756352
100,300,"Target_Only",0.674180327868853
100,300,"Source1_Only",0.649590163934426
100,300,"Source2_Only",0.762295081967213
100,300,"Weighted",0.795081967213115
200,300,"Target_Only",0.71988080034057
200,300,"Source1_Only",0.692209450830141
200,300,"Source2_Only",0.762026394210302
200,300,"Weighted",0.783312047679864
300,300,"Target_Only",0.767809010396612
300,300,"Source1_Only",0.617250673854447
300,300,"Source2_Only",0.804389680400462
300,300,"Weighted",0.816904120138621
100,500,"Target_Only",0.745901639344262
100,500,"Source1_Only",0.604918032786885
100,500,"Source2_Only",0.814754098360656
100,500,"Weighted",0.804918032786885
200,500,"Target_Only",0.763894069377098
200,500,"Source1_Only",0.682208131294293
200,500,"Source2_Only",0.832152182021634
200,500,"Weighted",0.809772472957851
300,500,"Target_Only",0.799373586218897
300,500,"Source1_Only",0.674264833826344
300,500,"Source2_Only",0.76857490864799
300,500,"Weighted",0.833304332695319
100,1000,"Target_Only",0.676625659050967
100,1000,"Source1_Only",0.667838312829526
100,1000,"Source2_Only",0.75219683655536
100,1000,"Weighted",0.759226713532513
200,1000,"Target_Only",0.713830211239538
200,1000,"Source1_Only",0.734157034675169
200,1000,"Source2_Only",0.739338381825428
200,1000,"Weighted",0.776404942208051
300,1000,"Target_Only",0.758020164986251
300,1000,"Source1_Only",0.637213565536205
300,1000,"Source2_Only",0.81044912923923
300,1000,"Weighted",0.821081576535289
100,100,"Target_Only",0.635467980295567
100,100,"Source1_Only",0.61576354679803
100,100,"Source2_Only",0.745484400656814
100,100,"Weighted",0.725779967159278
200,100,"Target_Only",0.798056155507559
200,100,"Source1_Only",0.65658747300216
200,100,"Source2_Only",0.754139668826494
200,100,"Weighted",0.819294456443485
300,100,"Target_Only",0.762050911716916
300,100,"Source1_Only",0.62845278931215
300,100,"Source2_Only",0.703376060660769
300,100,"Weighted",0.779382560028886
100,300,"Target_Only",0.636807817589577
100,300,"Source1_Only",0.679153094462541
100,300,"Source2_Only",0.693811074918567
100,300,"Weighted",0.718241042345277
200,300,"Target_Only",0.748085449415558
200,300,"Source1_Only",0.694074969770254
200,300,"Source2_Only",0.766626360338573
200,300,"Weighted",0.810157194679565
300,300,"Target_Only",0.750644440625537
300,300,"Source1_Only",0.652517614710431
300,300,"Source2_Only",0.741364495617804
300,300,"Weighted",0.76490805980409
100,500,"Target_Only",0.693262411347518
100,500,"Source1_Only",0.73936170212766
100,500,"Source2_Only",0.810283687943262
100,500,"Weighted",0.804964539007092
200,500,"Target_Only",0.745447347585115
200,500,"Source1_Only",0.707838479809976
200,500,"Source2_Only",0.750197941409343
200,500,"Weighted",0.802058590657166
300,500,"Target_Only",0.735429306857878
300,500,"Source1_Only",0.674572531715389
300,500,"Source2_Only",0.732855304283876
300,500,"Weighted",0.769075197646626
100,1000,"Target_Only",0.604878048780488
100,1000,"Source1_Only",0.549593495934959
100,1000,"Source2_Only",0.736585365853659
100,1000,"Weighted",0.695934959349593
200,1000,"Target_Only",0.727898550724638
200,1000,"Source1_Only",0.631521739130435
200,1000,"Source2_Only",0.779710144927536
200,1000,"Weighted",0.768115942028986
300,1000,"Target_Only",0.745044429254956
300,1000,"Source1_Only",0.683526999316473
300,1000,"Source2_Only",0.760423786739576
300,1000,"Weighted",0.807587149692413
100,100,"Target_Only",0.661764705882353
100,100,"Source1_Only",0.675
100,100,"Source2_Only",0.736764705882353
100,100,"Weighted",0.760294117647059
200,100,"Target_Only",0.712227414330218
200,100,"Source1_Only",0.620716510903427
200,100,"Source2_Only",0.724299065420561
200,100,"Weighted",0.769859813084112
300,100,"Target_Only",0.702154626108999
300,100,"Source1_Only",0.63154082925946
300,100,"Source2_Only",0.711388738004708
300,100,"Weighted",0.760275212746696
100,300,"Target_Only",0.676425269645609
100,300,"Source1_Only",0.691833590138675
100,300,"Source2_Only",0.574730354391371
100,300,"Weighted",0.681047765793529
200,300,"Target_Only",0.670196078431373
200,300,"Source1_Only",0.525098039215686
200,300,"Source2_Only",0.708627450980392
200,300,"Weighted",0.692156862745098
300,300,"Target_Only",0.77700161203654
300,300,"Source1_Only",0.667204012179832
300,300,"Source2_Only",0.791509940891994
300,300,"Weighted",0.810675264194877
100,500,"Target_Only",0.65166908563135
100,500,"Source1_Only",0.663280116110305
100,500,"Source2_Only",0.724238026124819
100,500,"Weighted",0.72133526850508
200,500,"Target_Only",0.720939334637965
200,500,"Source1_Only",0.705675146771037
200,500,"Source2_Only",0.771819960861057
200,500,"Weighted",0.808219178082192
300,500,"Target_Only",0.756775907883082
300,500,"Source1_Only",0.707351638618246
300,500,"Source2_Only",0.784410983170948
300,500,"Weighted",0.812400354295837
100,1000,"Target_Only",0.608156028368794
100,1000,"Source1_Only",0.613475177304964
100,1000,"Source2_Only",0.764184397163121
100,1000,"Weighted",0.714539007092199
200,1000,"Target_Only",0.76417419884963
200,1000,"Source1_Only",0.723500410846343
200,1000,"Source2_Only",0.776499589153657
200,1000,"Weighted",0.813886606409203
300,1000,"Target_Only",0.745343777197563
300,1000,"Source1_Only",0.654482158398607
300,1000,"Source2_Only",0.763794604003481
300,1000,"Weighted",0.795648389904265
100,100,"Target_Only",0.709844559585492
100,100,"Source1_Only",0.607944732297064
100,100,"Source2_Only",0.789291882556131
100,100,"Weighted",0.772020725388601
200,100,"Target_Only",0.650887573964497
200,100,"Source1_Only",0.645364891518738
200,100,"Source2_Only",0.674161735700197
200,100,"Weighted",0.720315581854043
300,100,"Target_Only",0.729889652966576
300,100,"Source1_Only",0.612346073884535
300,100,"Source2_Only",0.728130497361267
300,100,"Weighted",0.760914760914761
100,300,"Target_Only",0.647584973166369
100,300,"Source1_Only",0.602862254025045
100,300,"Source2_Only",0.70304114490161
100,300,"Weighted",0.688729874776386
200,300,"Target_Only",0.642052079284881
200,300,"Source1_Only",0.630003886513797
200,300,"Source2_Only",0.722502914885348
200,300,"Weighted",0.717450446949087
300,300,"Target_Only",0.725836431226766
300,300,"Source1_Only",0.670446096654275
300,300,"Source2_Only",0.737732342007435
300,300,"Weighted",0.772490706319703
100,500,"Target_Only",0.723154362416107
100,500,"Source1_Only",0.802013422818792
100,500,"Source2_Only",0.788590604026846
100,500,"Weighted",0.822147651006711
200,500,"Target_Only",0.669208424110385
200,500,"Source1_Only",0.614742193173566
200,500,"Source2_Only",0.706971677559913
200,500,"Weighted",0.717138707334786
300,500,"Target_Only",0.743205574912892
300,500,"Source1_Only",0.657142857142857
300,500,"Source2_Only",0.766898954703833
300,500,"Weighted",0.778222996515679
100,1000,"Target_Only",0.758064516129032
100,1000,"Source1_Only",0.748387096774194
100,1000,"Source2_Only",0.804838709677419
100,1000,"Weighted",0.809677419354839
200,1000,"Target_Only",0.704667176740627
200,1000,"Source1_Only",0.693190512624331
200,1000,"Source2_Only",0.724942616679419
200,1000,"Weighted",0.758990053557766
300,1000,"Target_Only",0.722222222222222
300,1000,"Source1_Only",0.668663761801017
300,1000,"Source2_Only",0.770334059549746
300,1000,"Weighted",0.766158315177923
100,100,"Target_Only",0.757983193277311
100,100,"Source1_Only",0.734453781512605
100,100,"Source2_Only",0.828571428571429
100,100,"Weighted",0.877310924369748
200,100,"Target_Only",0.752517985611511
200,100,"Source1_Only",0.692805755395683
200,100,"Source2_Only",0.703237410071943
200,100,"Weighted",0.781654676258993
300,100,"Target_Only",0.777777777777778
300,100,"Source1_Only",0.712380952380952
300,100,"Source2_Only",0.736507936507937
300,100,"Weighted",0.802698412698413
100,300,"Target_Only",0.606442577030812
100,300,"Source1_Only",0.619047619047619
100,300,"Source2_Only",0.725490196078431
100,300,"Weighted",0.728291316526611
200,300,"Target_Only",0.741894736842105
200,300,"Source1_Only",0.678315789473684
200,300,"Source2_Only",0.738105263157895
200,300,"Weighted",0.795368421052632
300,300,"Target_Only",0.771542360608255
300,300,"Source1_Only",0.675054308472122
300,300,"Source2_Only",0.793989862418537
300,300,"Weighted",0.796343229543809
100,500,"Target_Only",0.63458110516934
100,500,"Source1_Only",0.54367201426025
100,500,"Source2_Only",0.686274509803922
100,500,"Weighted",0.72192513368984
200,500,"Target_Only",0.744132358599461
200,500,"Source1_Only",0.691804540207772
200,500,"Source2_Only",0.761831473643709
200,500,"Weighted",0.790303963062716
300,500,"Target_Only",0.792633292633293
300,500,"Source1_Only",0.68009768009768
300,500,"Source2_Only",0.773097273097273
300,500,"Weighted",0.80952380952381
100,1000,"Target_Only",0.529320987654321
100,1000,"Source1_Only",0.695987654320988
100,1000,"Source2_Only",0.74537037037037
100,1000,"Weighted",0.714506172839506
200,1000,"Target_Only",0.681725681725682
200,1000,"Source1_Only",0.613756613756614
200,1000,"Source2_Only",0.751729751729752
200,1000,"Weighted",0.739519739519739
300,1000,"Target_Only",0.733886632526929
300,1000,"Source1_Only",0.673847783860145
300,1000,"Source2_Only",0.738654423450468
300,1000,"Weighted",0.778032844781918
100,100,"Target_Only",0.692307692307692
100,100,"Source1_Only",0.773755656108597
100,100,"Source2_Only",0.65158371040724
100,100,"Weighted",0.726998491704374
200,100,"Target_Only",0.774387796065837
200,100,"Source1_Only",0.676836611802489
200,100,"Source2_Only",0.715776796467282
200,100,"Weighted",0.782416700120434
300,100,"Target_Only",0.741352063213345
300,100,"Source1_Only",0.636347673397717
300,100,"Source2_Only",0.66865671641791
300,100,"Weighted",0.752589991220369
100,300,"Target_Only",0.668300653594771
100,300,"Source1_Only",0.691176470588235
100,300,"Source2_Only",0.771241830065359
100,300,"Weighted",0.799019607843137
200,300,"Target_Only",0.75858166729536
200,300,"Source1_Only",0.679743493021501
200,300,"Source2_Only",0.716333459072048
200,300,"Weighted",0.780460203696718
300,300,"Target_Only",0.782892476812092
300,300,"Source1_Only",0.689969082789419
300,300,"Source2_Only",0.736001374098248
300,300,"Weighted",0.802988663689454
100,500,"Target_Only",0.663157894736842
100,500,"Source1_Only",0.787368421052632
100,500,"Source2_Only",0.808421052631579
100,500,"Weighted",0.787368421052632
200,500,"Target_Only",0.754710011082379
200,500,"Source1_Only",0.668636867380864
200,500,"Source2_Only",0.764684152198005
200,500,"Weighted",0.792390099741411
300,500,"Target_Only",0.776656809879979
300,500,"Source1_Only",0.675769699078101
300,500,"Source2_Only",0.775961036702035
300,500,"Weighted",0.812489128544095
100,1000,"Target_Only",0.75
100,1000,"Source1_Only",0.75
100,1000,"Source2_Only",0.758771929824561
100,1000,"Weighted",0.823099415204678
200,1000,"Target_Only",0.705760464152507
200,1000,"Source1_Only",0.676336510567758
200,1000,"Source2_Only",0.726067136344799
200,1000,"Weighted",0.760464152507252
300,1000,"Target_Only",0.738605898123324
300,1000,"Source1_Only",0.69283799310609
300,1000,"Source2_Only",0.797970126388357
300,1000,"Weighted",0.804098046725393
100,100,"Target_Only",0.698847262247839
100,100,"Source1_Only",0.472622478386167
100,100,"Source2_Only",0.736311239193084
100,100,"Weighted",0.742074927953891
200,100,"Target_Only",0.771205357142857
200,100,"Source1_Only",0.684895833333333
200,100,"Source2_Only",0.76860119047619
200,100,"Weighted",0.797619047619048
300,100,"Target_Only",0.779730521382543
300,100,"Source1_Only",0.717242726030072
300,100,"Source2_Only",0.767623511033001
300,100,"Weighted",0.822495606326889
100,300,"Target_Only",0.659695817490494
100,300,"Source1_Only",0.667300380228137
100,300,"Source2_Only",0.73574144486692
100,300,"Weighted",0.739543726235741
200,300,"Target_Only",0.759252045188937
200,300,"Source1_Only",0.636151149201402
200,300,"Source2_Only",0.754966887417219
200,300,"Weighted",0.792754187767822
300,300,"Target_Only",0.761715933669791
300,300,"Source1_Only",0.642934390771449
300,300,"Source2_Only",0.724765681326604
300,300,"Weighted",0.773612112472963
100,500,"Target_Only",0.780089153046062
100,500,"Source1_Only",0.74591381872214
100,500,"Source2_Only",0.811292719167905
100,500,"Weighted",0.860326894502229
200,500,"Target_Only",0.778700906344411
200,500,"Source1_Only",0.714123867069486
200,500,"Source2_Only",0.862537764350453
200,500,"Weighted",0.843277945619335
300,500,"Target_Only",0.803471343337552
300,500,"Source1_Only",0.644187307900922
300,500,"Source2_Only",0.777978665702405
300,500,"Weighted",0.828240824444043
100,1000,"Target_Only",0.756435643564356
100,1000,"Source1_Only",0.693069306930693
100,1000,"Source2_Only",0.82970297029703
100,1000,"Weighted",0.805940594059406
200,1000,"Target_Only",0.761200164406083
200,1000,"Source1_Only",0.693793670365804
200,1000,"Source2_Only",0.756267981915331
200,1000,"Weighted",0.799835593916975
300,1000,"Target_Only",0.773085684247415
300,1000,"Source1_Only",0.703171543718241
300,1000,"Source2_Only",0.776414929034519
300,1000,"Weighted",0.819169441037323
100,100,"Target_Only",0.648475120385233
100,100,"Source1_Only",0.593900481540931
100,100,"Source2_Only",0.797752808988764
100,100,"Weighted",0.764044943820225
200,100,"Target_Only",0.730499219968799
200,100,"Source1_Only",0.647425897035881
200,100,"Source2_Only",0.771450858034321
200,100,"Weighted",0.797191887675507
300,100,"Target_Only",0.763029178613594
300,100,"Source1_Only",0.644796761679879
300,100,"Source2_Only",0.709225839095969
300,100,"Weighted",0.791701804688818
100,300,"Target_Only",0.611727416798732
100,300,"Source1_Only",0.503961965134707
100,300,"Source2_Only",0.676703645007924
100,300,"Weighted",0.679873217115689
200,300,"Target_Only",0.742780130920293
200,300,"Source1_Only",0.659222179437813
200,300,"Source2_Only",0.70196380438968
200,300,"Weighted",0.768964189449365
300,300,"Target_Only",0.736674488769695
300,300,"Source1_Only",0.656050955414013
300,300,"Source2_Only",0.764834059671472
300,300,"Weighted",0.781092859537379
100,500,"Target_Only",0.731054977711739
100,500,"Source1_Only",0.696879643387816
100,500,"Source2_Only",0.717682020802377
100,500,"Weighted",0.793462109955424
200,500,"Target_Only",0.738416175231676
200,500,"Source1_Only",0.635636057287279
200,500,"Source2_Only",0.800758213984836
200,500,"Weighted",0.809182813816344
300,500,"Target_Only",0.76280466266337
300,500,"Source1_Only",0.722182974214059
300,500,"Source2_Only",0.743023666548923
300,500,"Weighted",0.796185093606499
100,1000,"Target_Only",0.810810810810811
100,1000,"Source1_Only",0.761824324324324
100,1000,"Source2_Only",0.766891891891892
100,1000,"Weighted",0.824324324324324
200,1000,"Target_Only",0.706497386109037
200,1000,"Source1_Only",0.679238237490665
200,1000,"Source2_Only",0.788274831964152
200,1000,"Weighted",0.79462285287528
300,1000,"Target_Only",0.747652381765409
300,1000,"Source1_Only",0.659723407887997
300,1000,"Source2_Only",0.779579989755848
300,1000,"Weighted",0.777018951681748
100,100,"Target_Only",0.593650793650794
100,100,"Source1_Only",0.636507936507936
100,100,"Source2_Only",0.698412698412698
100,100,"Weighted",0.704761904761905
200,100,"Target_Only",0.654810932235118
200,100,"Source1_Only",0.502433545488581
200,100,"Source2_Only",0.732684387869712
200,100,"Weighted",0.692998876825159
300,100,"Target_Only",0.7466251298027
300,100,"Source1_Only",0.68380062305296
300,100,"Source2_Only",0.628071997230876
300,100,"Weighted",0.761682242990654
100,300,"Target_Only",0.766839378238342
100,300,"Source1_Only",0.737478411053541
100,300,"Source2_Only",0.692573402417962
100,300,"Weighted",0.79447322970639
200,300,"Target_Only",0.81444099378882
200,300,"Source1_Only",0.693711180124224
200,300,"Source2_Only",0.737965838509317
200,300,"Weighted",0.823757763975155
300,300,"Target_Only",0.748919906945829
300,300,"Source1_Only",0.660684612828182
300,300,"Source2_Only",0.77583914921901
300,300,"Weighted",0.791126620139581
100,500,"Target_Only",0.662828947368421
100,500,"Source1_Only",0.587171052631579
100,500,"Source2_Only",0.700657894736842
100,500,"Weighted",0.707236842105263
200,500,"Target_Only",0.693053938688397
200,500,"Source1_Only",0.630966239813737
200,500,"Source2_Only",0.701590997283663
200,500,"Weighted",0.727978269305394
300,500,"Target_Only",0.751552795031056
300,500,"Source1_Only",0.67133984028394
300,500,"Source2_Only",0.748003549245785
300,500,"Weighted",0.794143744454303
100,1000,"Target_Only",0.556270096463023
100,1000,"Source1_Only",0.643086816720257
100,1000,"Source2_Only",0.745980707395498
100,1000,"Weighted",0.688102893890675
200,1000,"Target_Only",0.664593698175788
200,1000,"Source1_Only",0.670398009950249
200,1000,"Source2_Only",0.739635157545605
200,1000,"Weighted",0.740878938640133
300,1000,"Target_Only",0.775552227630101
300,1000,"Source1_Only",0.726319730438038
300,1000,"Source2_Only",0.789217521527518
300,1000,"Weighted",0.838262822912767
100,100,"Target_Only",0.746500777604977
100,100,"Source1_Only",0.581648522550544
100,100,"Source2_Only",0.696734059097978
100,100,"Weighted",0.779160186625194
200,100,"Target_Only",0.731424148606811
200,100,"Source1_Only",0.612616099071207
200,100,"Source2_Only",0.734133126934985
200,100,"Weighted",0.772832817337461
300,100,"Target_Only",0.725397115209056
300,100,"Source1_Only",0.654555413547563
300,100,"Source2_Only",0.723388716450612
300,100,"Weighted",0.773416103706409
100,300,"Target_Only",0.722296395193591
100,300,"Source1_Only",0.578104138851802
100,300,"Source2_Only",0.777036048064085
100,300,"Weighted",0.801068090787717
200,300,"Target_Only",0.776384083044983
200,300,"Source1_Only",0.649653979238754
200,300,"Source2_Only",0.801038062283737
200,300,"Weighted",0.836505190311419
300,300,"Target_Only",0.75518227305218
300,300,"Source1_Only",0.737669764117227
300,300,"Source2_Only",0.713545389563974
300,300,"Weighted",0.78216583273767
100,500,"Target_Only",0.716363636363636
100,500,"Source1_Only",0.738181818181818
100,500,"Source2_Only",0.694545454545455
100,500,"Weighted",0.738181818181818
200,500,"Target_Only",0.77874432677761
200,500,"Source1_Only",0.646747352496218
200,500,"Source2_Only",0.803706505295008
200,500,"Weighted",0.819213313161876
300,500,"Target_Only",0.754689042448174
300,500,"Source1_Only",0.680487002303389
300,500,"Source2_Only",0.772128989799276
300,500,"Weighted",0.805199078644291
100,1000,"Target_Only",0.665109034267913
100,1000,"Source1_Only",0.752336448598131
100,1000,"Source2_Only",0.785046728971963
100,1000,"Weighted",0.783489096573209
200,1000,"Target_Only",0.738241308793456
200,1000,"Source1_Only",0.679345603271984
200,1000,"Source2_Only",0.777914110429448
200,1000,"Weighted",0.778323108384458
300,1000,"Target_Only",0.734776487152411
300,1000,"Source1_Only",0.689369940161915
300,1000,"Source2_Only",0.740760295670539
300,1000,"Weighted",0.769271383315734
100,100,"Target_Only",0.683018867924528
100,100,"Source1_Only",0.641509433962264
100,100,"Source2_Only",0.660377358490566
100,100,"Weighted",0.741509433962264
200,100,"Target_Only",0.743475018642804
200,100,"Source1_Only",0.615958240119314
200,100,"Source2_Only",0.643922445935869
200,100,"Weighted",0.741983594332588
300,100,"Target_Only",0.739175081293856
300,100,"Source1_Only",0.552969365052199
300,100,"Source2_Only",0.725654629471162
300,100,"Weighted",0.777853842204347
100,300,"Target_Only",0.715277777777778
100,300,"Source1_Only",0.622222222222222
100,300,"Source2_Only",0.744444444444444
100,300,"Weighted",0.726388888888889
200,300,"Target_Only",0.747014115092291
200,300,"Source1_Only",0.640608034744843
200,300,"Source2_Only",0.712269272529859
200,300,"Weighted",0.754976474846182
300,300,"Target_Only",0.753657109420714
300,300,"Source1_Only",0.642480983031012
300,300,"Source2_Only",0.738248488394773
300,300,"Weighted",0.783499122293739
100,500,"Target_Only",0.660482374768089
100,500,"Source1_Only",0.680890538033395
100,500,"Source2_Only",0.781076066790352
100,500,"Weighted",0.801484230055659
200,500,"Target_Only",0.643945808636749
200,500,"Source1_Only",0.64817950889077
200,500,"Source2_Only",0.698983911939035
200,500,"Weighted",0.726079593564776
300,500,"Target_Only",0.725145199863341
300,500,"Source1_Only",0.612230953194397
300,500,"Source2_Only",0.753331055688418
300,500,"Weighted",0.763751281175265
100,1000,"Target_Only",0.693525179856115
100,1000,"Source1_Only",0.667625899280575
100,1000,"Source2_Only",0.789928057553957
100,1000,"Weighted",0.831654676258993
200,1000,"Target_Only",0.755590427618674
200,1000,"Source1_Only",0.677520596312279
200,1000,"Source2_Only",0.831306394664574
200,1000,"Weighted",0.825029423303256
300,1000,"Target_Only",0.769438353853938
300,1000,"Source1_Only",0.701130038792376
300,1000,"Source2_Only",0.740091077753415
300,1000,"Weighted",0.782088041828302
100,100,"Target_Only",0.747863247863248
100,100,"Source1_Only",0.645299145299145
100,100,"Source2_Only",0.666666666666667
100,100,"Weighted",0.784188034188034
200,100,"Target_Only",0.800076306753148
200,100,"Source1_Only",0.702785196489889
200,100,"Source2_Only",0.751239984738649
200,100,"Weighted",0.831362075543686
300,100,"Target_Only",0.744579587519831
300,100,"Source1_Only",0.60250308478759
300,100,"Source2_Only",0.666137845936894
300,100,"Weighted",0.739115106645514
100,300,"Target_Only",0.729299363057325
100,300,"Source1_Only",0.700636942675159
100,300,"Source2_Only",0.745222929936306
100,300,"Weighted",0.789808917197452
200,300,"Target_Only",0.772778827977316
200,300,"Source1_Only",0.595463137996219
200,300,"Source2_Only",0.763705103969754
200,300,"Weighted",0.805671077504726
300,300,"Target_Only",0.727586206896552
300,300,"Source1_Only",0.669827586206897
300,300,"Source2_Only",0.821724137931034
300,300,"Weighted",0.824655172413793
100,500,"Target_Only",0.699836867862969
100,500,"Source1_Only",0.716150081566069
100,500,"Source2_Only",0.756933115823817
100,500,"Weighted",0.794453507340946
200,500,"Target_Only",0.766593406593407
200,500,"Source1_Only",0.68043956043956
200,500,"Source2_Only",0.763076923076923
200,500,"Weighted",0.798241758241758
300,500,"Target_Only",0.749060318596742
300,500,"Source1_Only",0.686056917844997
300,500,"Source2_Only",0.748165383926973
300,500,"Weighted",0.783425809915876
100,1000,"Target_Only",0.688330871491876
100,1000,"Source1_Only",0.587887740029542
100,1000,"Source2_Only",0.737075332348597
100,1000,"Weighted",0.737075332348597
200,1000,"Target_Only",0.721311475409836
200,1000,"Source1_Only",0.708196721311475
200,1000,"Source2_Only",0.752049180327869
200,1000,"Weighted",0.77172131147541
300,1000,"Target_Only",0.770156877052171
300,1000,"Source1_Only",0.723276176577891
300,1000,"Source2_Only",0.738234221087194
300,1000,"Weighted",0.797701568770522
100,100,"Target_Only",0.63034188034188
100,100,"Source1_Only",0.583333333333333
100,100,"Source2_Only",0.634615384615385
100,100,"Weighted",0.668803418803419
200,100,"Target_Only",0.783132530120482
200,100,"Source1_Only",0.652934317916829
200,100,"Source2_Only",0.726389428682472
200,100,"Weighted",0.775748153905946
300,100,"Target_Only",0.738498375235163
300,100,"Source1_Only",0.679322729604926
300,100,"Source2_Only",0.725500256541816
300,100,"Weighted",0.797845048742945
100,300,"Target_Only",0.645209580838323
100,300,"Source1_Only",0.661676646706587
100,300,"Source2_Only",0.788922155688623
100,300,"Weighted",0.773952095808383
200,300,"Target_Only",0.768862275449102
200,300,"Source1_Only",0.656287425149701
200,300,"Source2_Only",0.813173652694611
200,300,"Weighted",0.825548902195609
300,300,"Target_Only",0.736750043729229
300,300,"Source1_Only",0.65104075564107
300,300,"Source2_Only",0.755815987405982
300,300,"Weighted",0.765436417701592
100,500,"Target_Only",0.689210950080515
100,500,"Source1_Only",0.729468599033816
100,500,"Source2_Only",0.790660225442834
100,500,"Weighted",0.756843800322061
200,500,"Target_Only",0.806378132118451
200,500,"Source1_Only",0.669324221716021
200,500,"Source2_Only",0.733864844343204
200,500,"Weighted",0.809035687167806
300,500,"Target_Only",0.774438748453244
300,500,"Source1_Only",0.679688881032349
300,500,"Source2_Only",0.791055329680042
300,500,"Weighted",0.822167226445112
100,1000,"Target_Only",0.74392523364486
100,1000,"Source1_Only",0.605607476635514
100,1000,"Source2_Only",0.770093457943925
100,1000,"Weighted",0.835514018691589
200,1000,"Target_Only",0.729048006509357
200,1000,"Source1_Only",0.711554109031733
200,1000,"Source2_Only",0.766476810414972
200,1000,"Weighted",0.766476810414972
300,1000,"Target_Only",0.73789020452099
300,1000,"Source1_Only",0.650520272694654
300,1000,"Source2_Only",0.785073555794761
300,1000,"Weighted",0.790276282741299
100,100,"Target_Only",0.653846153846154
100,100,"Source1_Only",0.638461538461538
100,100,"Source2_Only",0.794230769230769
100,100,"Weighted",0.769230769230769
200,100,"Target_Only",0.713440405748098
200,100,"Source1_Only",0.638207945900254
200,100,"Source2_Only",0.754437869822485
200,100,"Weighted",0.794590025359256
300,100,"Target_Only",0.743162901307967
300,100,"Source1_Only",0.505520638695431
300,100,"Source2_Only",0.765924919313742
300,100,"Weighted",0.768982503821981
100,300,"Target_Only",0.717171717171717
100,300,"Source1_Only",0.698653198653199
100,300,"Source2_Only",0.705387205387205
100,300,"Weighted",0.769360269360269
200,300,"Target_Only",0.782768476929359
200,300,"Source1_Only",0.756635361371989
200,300,"Source2_Only",0.724377296855859
200,300,"Weighted",0.815434871376072
300,300,"Target_Only",0.713635597505478
300,300,"Source1_Only",0.635597505477836
300,300,"Source2_Only",0.77734704196865
300,300,"Weighted",0.780886566661048
100,500,"Target_Only",0.660522273425499
100,500,"Source1_Only",0.608294930875576
100,500,"Source2_Only",0.749615975422427
100,500,"Weighted",0.745007680491552
200,500,"Target_Only",0.75863309352518
200,500,"Source1_Only",0.643884892086331
200,500,"Source2_Only",0.714388489208633
200,500,"Weighted",0.774460431654676
300,500,"Target_Only",0.73652124214136
300,500,"Source1_Only",0.703943608306344
300,500,"Source2_Only",0.702991045913507
300,500,"Weighted",0.77386168794056
100,1000,"Target_Only",0.686335403726708
100,1000,"Source1_Only",0.708074534161491
100,1000,"Source2_Only",0.686335403726708
100,1000,"Weighted",0.736024844720497
200,1000,"Target_Only",0.672767857142857
200,1000,"Source1_Only",0.66875
200,1000,"Source2_Only",0.741964285714286
200,1000,"Weighted",0.741964285714286
300,1000,"Target_Only",0.699315429173249
300,1000,"Source1_Only",0.683166578901176
300,1000,"Source2_Only",0.772511848341232
300,1000,"Weighted",0.76110233456205
100,100,"Target_Only",0.748792270531401
100,100,"Source1_Only",0.739130434782609
100,100,"Source2_Only",0.7085346215781
100,100,"Weighted",0.782608695652174
200,100,"Target_Only",0.704677232315423
200,100,"Source1_Only",0.686509470429068
200,100,"Source2_Only",0.733281793583301
200,100,"Weighted",0.759180517974488
300,100,"Target_Only",0.780247813411079
300,100,"Source1_Only",0.657252186588921
300,100,"Source2_Only",0.706814868804665
300,100,"Weighted",0.793367346938776
100,300,"Target_Only",0.642253521126761
100,300,"Source1_Only",0.704225352112676
100,300,"Source2_Only",0.677464788732394
100,300,"Weighted",0.73943661971831
200,300,"Target_Only",0.717023675310034
200,300,"Source1_Only",0.644870349492672
200,300,"Source2_Only",0.707252912438933
200,300,"Weighted",0.764750093949643
300,300,"Target_Only",0.773392310309629
300,300,"Source1_Only",0.65583531813542
300,300,"Source2_Only",0.698707043211977
300,300,"Weighted",0.76998979244641
100,500,"Target_Only",0.678383128295255
100,500,"Source1_Only",0.727592267135325
100,500,"Source2_Only",0.810193321616872
100,500,"Weighted",0.824253075571177
200,500,"Target_Only",0.779745860608394
200,500,"Source1_Only",0.707354639969195
200,500,"Source2_Only",0.813246053138236
200,500,"Weighted",0.82903350019253
300,500,"Target_Only",0.759471969826847
300,500,"Source1_Only",0.654037373564204
300,500,"Source2_Only",0.750728613063604
300,500,"Weighted",0.770958340476599
100,1000,"Target_Only",0.646766169154229
100,1000,"Source1_Only",0.754560530679934
100,1000,"Source2_Only",0.82089552238806
100,1000,"Weighted",0.837479270315091
200,1000,"Target_Only",0.750440917107584
200,1000,"Source1_Only",0.709435626102293
200,1000,"Source2_Only",0.749118165784832
200,1000,"Weighted",0.846119929453263
300,1000,"Target_Only",0.738071404738071
300,1000,"Source1_Only",0.689356022689356
300,1000,"Source2_Only",0.781948615281949
300,1000,"Weighted",0.796796796796797
100,100,"Target_Only",0.680532445923461
100,100,"Source1_Only",0.600665557404326
100,100,"Source2_Only",0.663893510815308
100,100,"Weighted",0.695507487520799
200,100,"Target_Only",0.685473684210526
200,100,"Source1_Only",0.693894736842105
200,100,"Source2_Only",0.694315789473684
200,100,"Weighted",0.746105263157895
300,100,"Target_Only",0.749059645351961
300,100,"Source1_Only",0.621350528389755
300,100,"Source2_Only",0.703922622246104
300,100,"Weighted",0.758552749417876
100,300,"Target_Only",0.732773109243698
100,300,"Source1_Only",0.734453781512605
100,300,"Source2_Only",0.759663865546218
100,300,"Weighted",0.823529411764706
200,300,"Target_Only",0.767450682852807
200,300,"Source1_Only",0.679438543247344
200,300,"Source2_Only",0.803490136570561
200,300,"Weighted",0.802731411229135
300,300,"Target_Only",0.71583122971511
300,300,"Source1_Only",0.622069960331771
300,300,"Source2_Only",0.796069239091237
300,300,"Weighted",0.772448611611973
100,500,"Target_Only",0.61965811965812
100,500,"Source1_Only",0.690883190883191
100,500,"Source2_Only",0.756410256410256
100,500,"Weighted",0.735042735042735
200,500,"Target_Only",0.703262955854127
200,500,"Source1_Only",0.704414587332054
200,500,"Source2_Only",0.738195777351248
200,500,"Weighted",0.794625719769674
300,500,"Target_Only",0.775771136327313
300,500,"Source1_Only",0.661019657983059
300,500,"Source2_Only",0.79750679239252
300,500,"Weighted",0.824996004474988
100,1000,"Target_Only",0.794797687861272
100,1000,"Source1_Only",0.71242774566474
100,1000,"Source2_Only",0.770231213872832
100,1000,"Weighted",0.813583815028902
200,1000,"Target_Only",0.770893970893971
200,1000,"Source1_Only",0.657796257796258
200,1000,"Source2_Only",0.760914760914761
200,1000,"Weighted",0.79043659043659
300,1000,"Target_Only",0.752497416465725
300,1000,"Source1_Only",0.688598002066827
300,1000,"Source2_Only",0.760248019290389
300,1000,"Weighted",0.815363417154668
100,100,"Target_Only",0.721666666666667
100,100,"Source1_Only",0.68
100,100,"Source2_Only",0.776666666666667
100,100,"Weighted",0.746666666666667
200,100,"Target_Only",0.749176125961186
200,100,"Source1_Only",0.700842182350787
200,100,"Source2_Only",0.672647381911388
200,100,"Weighted",0.748443793482241
300,100,"Target_Only",0.791563684297248
300,100,"Source1_Only",0.64491679024551
300,100,"Source2_Only",0.749052562201351
300,100,"Weighted",0.799143186686439
100,300,"Target_Only",0.70298769771529
100,300,"Source1_Only",0.718804920913884
100,300,"Source2_Only",0.78207381370826
100,300,"Weighted",0.75219683655536
200,300,"Target_Only",0.814623655913979
200,300,"Source1_Only",0.723440860215054
200,300,"Source2_Only",0.73247311827957
200,300,"Weighted",0.836129032258065
300,300,"Target_Only",0.719736842105263
300,300,"Source1_Only",0.617293233082707
300,300,"Source2_Only",0.787593984962406
300,300,"Weighted",0.773872180451128
100,500,"Target_Only",0.650134048257373
100,500,"Source1_Only",0.617962466487936
100,500,"Source2_Only",0.683646112600536
100,500,"Weighted",0.715817694369973
200,500,"Target_Only",0.718825422365245
200,500,"Source1_Only",0.652855993563958
200,500,"Source2_Only",0.734111021721641
200,500,"Weighted",0.783990345937249
300,500,"Target_Only",0.789307592351958
300,500,"Source1_Only",0.671616855392612
300,500,"Source2_Only",0.764061629849638
300,500,"Weighted",0.827919064414331
100,1000,"Target_Only",0.668439716312057
100,1000,"Source1_Only",0.684397163120567
100,1000,"Source2_Only",0.835106382978723
100,1000,"Weighted",0.796099290780142
200,1000,"Target_Only",0.743770764119601
200,1000,"Source1_Only",0.759966777408638
200,1000,"Source2_Only",0.794019933554817
200,1000,"Weighted",0.823920265780731
300,1000,"Target_Only",0.76987907658483
300,1000,"Source1_Only",0.687248076218395
300,1000,"Source2_Only",0.77262733602052
300,1000,"Weighted",0.809637229754489
100,100,"Target_Only",0.510840108401084
100,100,"Source1_Only",0.632791327913279
100,100,"Source2_Only",0.704607046070461
100,100,"Weighted",0.665311653116531
200,100,"Target_Only",0.722175732217573
200,100,"Source1_Only",0.671966527196653
200,100,"Source2_Only",0.686610878661088
200,100,"Weighted",0.747698744769874
300,100,"Target_Only",0.780885013982563
300,100,"Source1_Only",0.588419147886165
300,100,"Source2_Only",0.708504688271097
300,100,"Weighted",0.78269452212535
100,300,"Target_Only",0.717948717948718
100,300,"Source1_Only",0.65224358974359
100,300,"Source2_Only",0.817307692307692
100,300,"Weighted",0.810897435897436
200,300,"Target_Only",0.751018744906276
200,300,"Source1_Only",0.687856560717196
200,300,"Source2_Only",0.785656071719641
200,300,"Weighted",0.794621026894865
300,300,"Target_Only",0.78009828009828
300,300,"Source1_Only",0.643559143559144
300,300,"Source2_Only",0.753246753246753
300,300,"Weighted",0.805370305370305
100,500,"Target_Only",0.680311890838207
100,500,"Source1_Only",0.662768031189084
100,500,"Source2_Only",0.729044834307992
100,500,"Weighted",0.762183235867446
200,500,"Target_Only",0.77999218444705
200,500,"Source1_Only",0.730363423212192
200,500,"Source2_Only",0.742868307932786
200,500,"Weighted",0.814380617428683
300,500,"Target_Only",0.6918418240114
300,500,"Source1_Only",0.593694335589597
300,500,"Source2_Only",0.762736017100107
300,500,"Weighted",0.728001425008906
100,1000,"Target_Only",0.822866344605475
100,1000,"Source1_Only",0.710144927536232
100,1000,"Source2_Only",0.811594202898551
100,1000,"Weighted",0.859903381642512
200,1000,"Target_Only",0.786938775510204
200,1000,"Source1_Only",0.683673469387755
200,1000,"Source2_Only",0.815510204081633
200,1000,"Weighted",0.815102040816327
300,1000,"Target_Only",0.702198185624564
300,1000,"Source1_Only",0.651081646894627
300,1000,"Source2_Only",0.750174459176553
300,1000,"Weighted",0.763956734124215
100,100,"Target_Only",0.667768595041322
100,100,"Source1_Only",0.651239669421488
100,100,"Source2_Only",0.654545454545455
100,100,"Weighted",0.715702479338843
200,100,"Target_Only",0.754451038575668
200,100,"Source1_Only",0.629451038575668
200,100,"Source2_Only",0.747774480712166
200,100,"Weighted",0.763724035608309
300,100,"Target_Only",0.766706141092878
300,100,"Source1_Only",0.610725765521908
300,100,"Source2_Only",0.726780578582304
300,100,"Weighted",0.785992217898833
100,300,"Target_Only",0.702830188679245
100,300,"Source1_Only",0.658805031446541
100,300,"Source2_Only",0.767295597484277
100,300,"Weighted",0.787735849056604
200,300,"Target_Only",0.715137956748695
200,300,"Source1_Only",0.569351230425056
200,300,"Source2_Only",0.771439224459359
200,300,"Weighted",0.782252050708427
300,300,"Target_Only",0.791934332619557
300,300,"Source1_Only",0.729122055674518
300,300,"Source2_Only",0.75231977159172
300,300,"Weighted",0.823162027123483
100,500,"Target_Only",0.790849673202614
100,500,"Source1_Only",0.735294117647059
100,500,"Source2_Only",0.803921568627451
100,500,"Weighted",0.856209150326797
200,500,"Target_Only",0.715945089757128
200,500,"Source1_Only",0.595564941921858
200,500,"Source2_Only",0.795142555438226
200,500,"Weighted",0.778951073565646
300,500,"Target_Only",0.734430461439174
300,500,"Source1_Only",0.714101323007422
300,500,"Source2_Only",0.749596644078735
300,500,"Weighted",0.80703452726686
100,1000,"Target_Only",0.688372093023256
100,1000,"Source1_Only",0.649612403100775
100,1000,"Source2_Only",0.781395348837209
100,1000,"Weighted",0.823255813953488
200,1000,"Target_Only",0.734935163996949
200,1000,"Source1_Only",0.675057208237986
200,1000,"Source2_Only",0.774599542334096
200,1000,"Weighted",0.79023646071701
300,1000,"Target_Only",0.733812949640288
300,1000,"Source1_Only",0.681947465283587
300,1000,"Source2_Only",0.74987451898946
300,1000,"Weighted",0.791868830516982
100,100,"Target_Only",0.620253164556962
100,100,"Source1_Only",0.555379746835443
100,100,"Source2_Only",0.661392405063291
100,100,"Weighted",0.688291139240506
200,100,"Target_Only",0.768149882903981
200,100,"Source1_Only",0.655737704918033
200,100,"Source2_Only",0.604605776736924
200,100,"Weighted",0.754098360655738
300,100,"Target_Only",0.733561643835617
300,100,"Source1_Only",0.6125
300,100,"Source2_Only",0.673630136986301
300,100,"Weighted",0.735102739726027
100,300,"Target_Only",0.793046357615894
100,300,"Source1_Only",0.634105960264901
100,300,"Source2_Only",0.786423841059603
100,300,"Weighted",0.822847682119205
200,300,"Target_Only",0.671781437125748
200,300,"Source1_Only",0.633233532934132
200,300,"Source2_Only",0.734281437125748
200,300,"Weighted",0.73502994011976
300,300,"Target_Only",0.766580534022395
300,300,"Source1_Only",0.679414298018949
300,300,"Source2_Only",0.742807924203273
300,300,"Weighted",0.811369509043928
100,500,"Target_Only",0.660237388724036
100,500,"Source1_Only",0.64540059347181
100,500,"Source2_Only",0.646884272997033
100,500,"Weighted",0.700296735905044
200,500,"Target_Only",0.73053152039555
200,500,"Source1_Only",0.662958384837248
200,500,"Source2_Only",0.747012772970746
200,500,"Weighted",0.788215904408735
300,500,"Target_Only",0.767775831873905
300,500,"Source1_Only",0.713660245183888
300,500,"Source2_Only",0.761821366024518
300,500,"Weighted",0.80385288966725
100,1000,"Target_Only",0.67398119122257
100,1000,"Source1_Only",0.749216300940439
100,1000,"Source2_Only",0.789968652037618
100,1000,"Weighted",0.766457680250784
200,1000,"Target_Only",0.709723717258701
200,1000,"Source1_Only",0.642985288841048
200,1000,"Source2_Only",0.743092931467528
200,1000,"Weighted",0.770721205597417
300,1000,"Target_Only",0.806807894260366
300,1000,"Source1_Only",0.703240992214376
300,1000,"Source2_Only",0.777113887380047
300,1000,"Weighted",0.814955640050697
100,100,"Target_Only",0.792880258899676
100,100,"Source1_Only",0.660194174757282
100,100,"Source2_Only",0.686084142394822
100,100,"Weighted",0.800970873786408
200,100,"Target_Only",0.745679012345679
200,100,"Source1_Only",0.561728395061728
200,100,"Source2_Only",0.730864197530864
200,100,"Weighted",0.793004115226337
300,100,"Target_Only",0.738500851788756
300,100,"Source1_Only",0.619591141396934
300,100,"Source2_Only",0.723850085178876
300,100,"Weighted",0.786882453151618
100,300,"Target_Only",0.747252747252747
100,300,"Source1_Only",0.65018315018315
100,300,"Source2_Only",0.703296703296703
100,300,"Weighted",0.73992673992674
200,300,"Target_Only",0.781317262160999
200,300,"Source1_Only",0.643133878605252
200,300,"Source2_Only",0.758501937150237
200,300,"Weighted",0.819629789065863
300,300,"Target_Only",0.758883688680881
300,300,"Source1_Only",0.630265210608424
300,300,"Source2_Only",0.746056508927024
300,300,"Weighted",0.793378401802739
100,500,"Target_Only",0.564814814814815
100,500,"Source1_Only",0.594135802469136
100,500,"Source2_Only",0.751543209876543
100,500,"Weighted",0.719135802469136
200,500,"Target_Only",0.772308923569428
200,500,"Source1_Only",0.71468587434974
200,500,"Source2_Only",0.816326530612245
200,500,"Weighted",0.844737895158063
300,500,"Target_Only",0.765052706807218
300,500,"Source1_Only",0.671967125245667
300,500,"Source2_Only",0.765052706807218
300,500,"Weighted",0.804359478291942
100,1000,"Target_Only",0.698501872659176
100,1000,"Source1_Only",0.692883895131086
100,1000,"Source2_Only",0.807116104868914
100,1000,"Weighted",0.773408239700375
200,1000,"Target_Only",0.794795539033457
200,1000,"Source1_Only",0.715613382899628
200,1000,"Source2_Only",0.692936802973978
200,1000,"Weighted",0.806691449814126
300,1000,"Target_Only",0.716227843744622
300,1000,"Source1_Only",0.663397005678885
300,1000,"Source2_Only",0.7571846498021
300,1000,"Weighted",0.774049217002237
100,100,"Target_Only",0.726050420168067
100,100,"Source1_Only",0.633613445378151
100,100,"Source2_Only",0.747899159663866
100,100,"Weighted",0.768067226890756
200,100,"Target_Only",0.760677183532128
200,100,"Source1_Only",0.736821854559446
200,100,"Source2_Only",0.777991535205848
200,100,"Weighted",0.820700269334359
300,100,"Target_Only",0.76911871813547
300,100,"Source1_Only",0.673343044428259
300,100,"Source2_Only",0.755098324836125
300,100,"Weighted",0.79734158776402
100,300,"Target_Only",0.731958762886598
100,300,"Source1_Only",0.661266568483063
100,300,"Source2_Only",0.743740795287187
100,300,"Weighted",0.802650957290133
200,300,"Target_Only",0.681022880215343
200,300,"Source1_Only",0.628532974427995
200,300,"Source2_Only",0.692238672050247
200,300,"Weighted",0.723642889187977
300,300,"Target_Only",0.710997442455243
300,300,"Source1_Only",0.681329923273657
300,300,"Source2_Only",0.747655583972719
300,300,"Weighted",0.750213128729753
100,500,"Target_Only",0.785971223021583
100,500,"Source1_Only",0.685251798561151
100,500,"Source2_Only",0.794964028776978
100,500,"Weighted",0.83273381294964
200,500,"Target_Only",0.814044213263979
200,500,"Source1_Only",0.795405288253143
200,500,"Source2_Only",0.815778066753359
200,500,"Weighted",0.851755526657997
300,500,"Target_Only",0.742819412347309
300,500,"Source1_Only",0.683724001320568
300,500,"Source2_Only",0.686200066028392
300,500,"Weighted",0.759821723341037
100,1000,"Target_Only",0.689034369885434
100,1000,"Source1_Only",0.631751227495908
100,1000,"Source2_Only",0.687397708674304
100,1000,"Weighted",0.770867430441899
200,1000,"Target_Only",0.70714865962632
200,1000,"Source1_Only",0.701462225832656
200,1000,"Source2_Only",0.774573517465475
200,1000,"Weighted",0.764419171405361
300,1000,"Target_Only",0.782285817786633
300,1000,"Source1_Only",0.667632675239993
300,1000,"Source2_Only",0.771237094729216
300,1000,"Weighted",0.820503531968846
100,100,"Target_Only",0.48533724340176
100,100,"Source1_Only",0.56158357771261
100,100,"Source2_Only",0.740469208211144
100,100,"Weighted",0.662756598240469
200,100,"Target_Only",0.80173775671406
200,100,"Source1_Only",0.650473933649289
200,100,"Source2_Only",0.709715639810427
200,100,"Weighted",0.813981042654028
300,100,"Target_Only",0.703810208483106
300,100,"Source1_Only",0.587886412652768
300,100,"Source2_Only",0.686376707404745
300,100,"Weighted",0.709381739755572
100,300,"Target_Only",0.778162911611785
100,300,"Source1_Only",0.707105719237435
100,300,"Source2_Only",0.726169844020797
100,300,"Weighted",0.830155979202773
200,300,"Target_Only",0.723741577487119
200,300,"Source1_Only",0.713040031708284
200,300,"Source2_Only",0.791121680539041
200,300,"Weighted",0.782005548949663
300,300,"Target_Only",0.730496453900709
300,300,"Source1_Only",0.666336796965199
300,300,"Source2_Only",0.720930232558139
300,300,"Weighted",0.761009401286492
100,500,"Target_Only",0.65
100,500,"Source1_Only",0.546428571428571
100,500,"Source2_Only",0.739285714285714
100,500,"Weighted",0.776785714285714
200,500,"Target_Only",0.795154185022027
200,500,"Source1_Only",0.701908957415565
200,500,"Source2_Only",0.743392070484582
200,500,"Weighted",0.81791483113069
300,500,"Target_Only",0.790287840219307
300,500,"Source1_Only",0.737419228509888
300,500,"Source2_Only",0.815938907382025
300,500,"Weighted",0.853534364597611
100,1000,"Target_Only",0.83128295254833
100,1000,"Source1_Only",0.780316344463972
100,1000,"Source2_Only",0.790861159929701
100,1000,"Weighted",0.852372583479789
200,1000,"Target_Only",0.718544328300426
200,1000,"Source1_Only",0.662408052651955
200,1000,"Source2_Only",0.643825009678668
200,1000,"Weighted",0.740224545102594
300,1000,"Target_Only",0.803085126642544
300,1000,"Source1_Only",0.710531327366216
300,1000,"Source2_Only",0.795086650161874
300,1000,"Weighted",0.830508474576271
100,100,"Target_Only",0.704654895666132
100,100,"Source1_Only",0.670947030497592
100,100,"Source2_Only",0.759229534510433
100,100,"Weighted",0.789727126805779
200,100,"Target_Only",0.792741935483871
200,100,"Source1_Only",0.71491935483871
200,100,"Source2_Only",0.666532258064516
200,100,"Weighted",0.796370967741935
300,100,"Target_Only",0.700226441386518
300,100,"Source1_Only",0.618881727921965
300,100,"Source2_Only",0.728444521860303
300,100,"Weighted",0.748824246646926
100,300,"Target_Only",0.655948553054662
100,300,"Source1_Only",0.630225080385852
100,300,"Source2_Only",0.70096463022508
100,300,"Weighted",0.712218649517685
200,300,"Target_Only",0.740372133275638
200,300,"Source1_Only",0.74643011683254
200,300,"Source2_Only",0.762873215058416
200,300,"Weighted",0.816962353959325
300,300,"Target_Only",0.754182540997184
300,300,"Source1_Only",0.714262050687428
300,300,"Source2_Only",0.765280768593672
300,300,"Weighted",0.817293357627961
100,500,"Target_Only",0.72680412371134
100,500,"Source1_Only",0.74914089347079
100,500,"Source2_Only",0.721649484536082
100,500,"Weighted",0.793814432989691
200,500,"Target_Only",0.714986787466969
200,500,"Source1_Only",0.656096640241601
200,500,"Source2_Only",0.755379388448471
200,500,"Weighted",0.797659494148735
300,500,"Target_Only",0.752706359945873
300,500,"Source1_Only",0.673545331529093
300,500,"Source2_Only",0.738159675236806
300,500,"Weighted",0.795162381596752
100,1000,"Target_Only",0.712011577424023
100,1000,"Source1_Only",0.720694645441389
100,1000,"Source2_Only",0.816208393632417
100,1000,"Weighted",0.819102749638206
200,1000,"Target_Only",0.734488315874295
200,1000,"Source1_Only",0.707493956486704
200,1000,"Source2_Only",0.823529411764706
200,1000,"Weighted",0.818694601128122
300,1000,"Target_Only",0.811327192084613
300,1000,"Source1_Only",0.687819856704197
300,1000,"Source2_Only",0.80058000682361
300,1000,"Weighted",0.835209825997953
100,100,"Target_Only",0.681944444444444
100,100,"Source1_Only",0.619444444444444
100,100,"Source2_Only",0.775
100,100,"Weighted",0.754166666666667
200,100,"Target_Only",0.730578512396694
200,100,"Source1_Only",0.637603305785124
200,100,"Source2_Only",0.646280991735537
200,100,"Weighted",0.72396694214876
300,100,"Target_Only",0.769427402862986
300,100,"Source1_Only",0.592535787321063
300,100,"Source2_Only",0.689672801635992
300,100,"Weighted",0.779822767552829
100,300,"Target_Only",0.690828402366864
100,300,"Source1_Only",0.597633136094674
100,300,"Source2_Only",0.788461538461538
100,300,"Weighted",0.770710059171598
200,300,"Target_Only",0.726658720699245
200,300,"Source1_Only",0.730234406038935
200,300,"Source2_Only",0.759237187127533
200,300,"Weighted",0.809296781883194
300,300,"Target_Only",0.734697508896797
300,300,"Source1_Only",0.675978647686833
300,300,"Source2_Only",0.727046263345196
300,300,"Weighted",0.766548042704626
100,500,"Target_Only",0.684385382059801
100,500,"Source1_Only",0.724252491694352
100,500,"Source2_Only",0.772425249169435
100,500,"Weighted",0.762458471760797
200,500,"Target_Only",0.745098039215686
200,500,"Source1_Only",0.707883153261305
200,500,"Source2_Only",0.755102040816326
200,500,"Weighted",0.798719487795118
300,500,"Target_Only",0.75337897138845
300,500,"Source1_Only",0.68667719852554
300,500,"Source2_Only",0.734597156398104
300,500,"Weighted",0.763384237317887
100,1000,"Target_Only",0.68299711815562
100,1000,"Source1_Only",0.619596541786744
100,1000,"Source2_Only",0.809798270893372
100,1000,"Weighted",0.776657060518732
200,1000,"Target_Only",0.752230332522303
200,1000,"Source1_Only",0.767234387672344
200,1000,"Source2_Only",0.760340632603406
200,1000,"Weighted",0.842254663422547
300,1000,"Target_Only",0.757992498660475
300,1000,"Source1_Only",0.656545811752099
300,1000,"Source2_Only",0.768708697981783
300,1000,"Weighted",0.798892659403465
100,100,"Target_Only",0.661590524534687
100,100,"Source1_Only",0.585448392554992
100,100,"Source2_Only",0.714043993231811
100,100,"Weighted",0.727580372250423
200,100,"Target_Only",0.752843062926459
200,100,"Source1_Only",0.626990144048522
200,100,"Source2_Only",0.692191053828658
200,100,"Weighted",0.781652767247915
300,100,"Target_Only",0.743521000893655
300,100,"Source1_Only",0.673815907059875
300,100,"Source2_Only",0.70420017873101
300,100,"Weighted",0.768543342269884
100,300,"Target_Only",0.696397941680961
100,300,"Source1_Only",0.543739279588336
100,300,"Source2_Only",0.854202401372213
100,300,"Weighted",0.804459691252144
200,300,"Target_Only",0.744106300900129
200,300,"Source1_Only",0.648092584654951
200,300,"Source2_Only",0.804114873553365
200,300,"Weighted",0.8058294042006
300,300,"Target_Only",0.750477845351868
300,300,"Source1_Only",0.664291920069505
300,300,"Source2_Only",0.721980886185925
300,300,"Weighted",0.760903562119896
100,500,"Target_Only",0.753968253968254
100,500,"Source1_Only",0.674603174603175
100,500,"Source2_Only",0.773015873015873
100,500,"Weighted",0.785714285714286
200,500,"Target_Only",0.690162664601084
200,500,"Source1_Only",0.671959721146398
200,500,"Source2_Only",0.781951975213013
200,500,"Weighted",0.779628195197521
300,500,"Target_Only",0.800218539428155
300,500,"Source1_Only",0.692041522491349
300,500,"Source2_Only",0.80932434893462
300,500,"Weighted",0.829903478419231
100,1000,"Target_Only",0.746006389776358
100,1000,"Source1_Only",0.73482428115016
100,1000,"Source2_Only",0.704472843450479
100,1000,"Weighted",0.801916932907348
200,1000,"Target_Only",0.73140655105973
200,1000,"Source1_Only",0.693256262042389
200,1000,"Source2_Only",0.823506743737958
200,1000,"Weighted",0.801926782273603
300,1000,"Target_Only",0.780278302697131
300,1000,"Source1_Only",0.702800206150146
300,1000,"Source2_Only",0.804672736643189
300,1000,"Weighted",0.841436179350627
100,100,"Target_Only",0.786833855799373
100,100,"Source1_Only",0.56269592476489
100,100,"Source2_Only",0.761755485893417
100,100,"Weighted",0.780564263322884
200,100,"Target_Only",0.733115468409586
200,100,"Source1_Only",0.63362381989833
200,100,"Source2_Only",0.684458968772694
200,100,"Weighted",0.734931009440813
300,100,"Target_Only",0.790845070422535
300,100,"Source1_Only",0.683802816901408
300,100,"Source2_Only",0.705105633802817
300,100,"Weighted",0.790845070422535
100,300,"Target_Only",0.71045197740113
100,300,"Source1_Only",0.679378531073446
100,300,"Source2_Only",0.738700564971751
100,300,"Weighted",0.781073446327684
200,300,"Target_Only",0.767667844522968
200,300,"Source1_Only",0.667844522968198
200,300,"Source2_Only",0.745583038869258
200,300,"Weighted",0.779151943462898
300,300,"Target_Only",0.759052685773125
300,300,"Source1_Only",0.632915737085979
300,300,"Source2_Only",0.766088896516218
300,300,"Weighted",0.784966535095246
100,500,"Target_Only",0.619210977701544
100,500,"Source1_Only",0.734133790737564
100,500,"Source2_Only",0.727272727272727
100,500,"Weighted",0.706689536878216
200,500,"Target_Only",0.746368276403612
200,500,"Source1_Only",0.733804475853946
200,500,"Source2_Only",0.711032587357676
200,500,"Weighted",0.808009422850412
300,500,"Target_Only",0.76324197074155
300,500,"Source1_Only",0.662687069110476
300,500,"Source2_Only",0.737346561291407
300,500,"Weighted",0.798553892719018
100,1000,"Target_Only",0.666666666666667
100,1000,"Source1_Only",0.653645833333333
100,1000,"Source2_Only",0.690104166666667
100,1000,"Weighted",0.704427083333333
200,1000,"Target_Only",0.797033898305085
200,1000,"Source1_Only",0.64364406779661
200,1000,"Source2_Only",0.772457627118644
200,1000,"Weighted",0.832203389830508
300,1000,"Target_Only",0.76049766718507
300,1000,"Source1_Only",0.699844479004666
300,1000,"Source2_Only",0.786936236391913
300,1000,"Weighted",0.820286849835839
100,100,"Target_Only",0.625990491283677
100,100,"Source1_Only",0.641838351822504
100,100,"Source2_Only",0.702060221870048
100,100,"Weighted",0.706814580031696
200,100,"Target_Only",0.676651620845302
200,100,"Source1_Only",0.600328272466147
200,100,"Source2_Only",0.616331555190808
200,100,"Weighted",0.673368896183833
300,100,"Target_Only",0.753412025082995
300,100,"Source1_Only",0.562523054223534
300,100,"Source2_Only",0.66986351899668
300,100,"Weighted",0.752858723718185
100,300,"Target_Only",0.690846286701209
100,300,"Source1_Only",0.708117443868739
100,300,"Source2_Only",0.625215889464594
100,300,"Weighted",0.766839378238342
200,300,"Target_Only",0.683780630105018
200,300,"Source1_Only",0.678724231816414
200,300,"Source2_Only",0.667833527810191
200,300,"Weighted",0.740567872423182
300,300,"Target_Only",0.759846125664041
300,300,"Source1_Only",0.642058985162118
300,300,"Source2_Only",0.746107345667705
300,300,"Weighted",0.780912254991757
100,500,"Target_Only",0.627147766323024
100,500,"Source1_Only",0.661512027491409
100,500,"Source2_Only",0.816151202749141
100,500,"Weighted",0.774914089347079
200,500,"Target_Only",0.747458952306489
200,500,"Source1_Only",0.662236121970289
200,500,"Source2_Only",0.790461297888976
200,500,"Weighted",0.795543393275997
300,500,"Target_Only",0.768200549450549
300,500,"Source1_Only",0.633585164835165
300,500,"Source2_Only",0.763392857142857
300,500,"Weighted",0.798248626373626
100,1000,"Target_Only",0.684444444444444
100,1000,"Source1_Only",0.731851851851852
100,1000,"Source2_Only",0.863703703703704
100,1000,"Weighted",0.847407407407407
200,1000,"Target_Only",0.74370709382151
200,1000,"Source1_Only",0.649122807017544
200,1000,"Source2_Only",0.786422578184592
200,1000,"Weighted",0.802440884820748
300,1000,"Target_Only",0.774097664543524
300,1000,"Source1_Only",0.726539278131635
300,1000,"Source2_Only",0.731316348195329
300,1000,"Weighted",0.805307855626327
100,100,"Target_Only",0.640601503759399
100,100,"Source1_Only",0.613533834586466
100,100,"Source2_Only",0.726315789473684
100,100,"Weighted",0.745864661654135
200,100,"Target_Only",0.679569034317638
200,100,"Source1_Only",0.608938547486033
200,100,"Source2_Only",0.709896249002394
200,100,"Weighted",0.751795690343176
300,100,"Target_Only",0.74182843869255
300,100,"Source1_Only",0.66766218682595
300,100,"Source2_Only",0.702837232453957
300,100,"Weighted",0.773851003816161
100,300,"Target_Only",0.736577181208054
100,300,"Source1_Only",0.644295302013423
100,300,"Source2_Only",0.669463087248322
100,300,"Weighted",0.76510067114094
200,300,"Target_Only",0.640300486080424
200,300,"Source1_Only",0.691117984975696
200,300,"Source2_Only",0.75430844012373
200,300,"Weighted",0.761378700839593
300,300,"Target_Only",0.752284088950181
300,300,"Source1_Only",0.719358731253232
300,300,"Source2_Only",0.766936735045682
300,300,"Weighted",0.805378383037407
100,500,"Target_Only",0.656451612903226
100,500,"Source1_Only",0.653225806451613
100,500,"Source2_Only",0.762903225806452
100,500,"Weighted",0.785483870967742
200,500,"Target_Only",0.707353490108249
200,500,"Source1_Only",0.689809630459127
200,500,"Source2_Only",0.757745427398283
200,500,"Weighted",0.77939529675252
300,500,"Target_Only",0.783494293239684
300,500,"Source1_Only",0.686391571553995
300,500,"Source2_Only",0.798595258999122
300,500,"Weighted",0.815978928884987
100,1000,"Target_Only",0.644404332129964
100,1000,"Source1_Only",0.65884476534296
100,1000,"Source2_Only",0.740072202166065
100,1000,"Weighted",0.732851985559567
200,1000,"Target_Only",0.7067028283611
200,1000,"Source1_Only",0.648585819449826
200,1000,"Source2_Only",0.826811313444401
200,1000,"Weighted",0.797365362262689
300,1000,"Target_Only",0.732553823311062
300,1000,"Source1_Only",0.669636228656273
300,1000,"Source2_Only",0.765961395694135
300,1000,"Weighted",0.77746844840386
100,100,"Target_Only",0.662460567823344
100,100,"Source1_Only",0.616719242902208
100,100,"Source2_Only",0.70820189274448
100,100,"Weighted",0.698738170347003
200,100,"Target_Only",0.73041825095057
200,100,"Source1_Only",0.632319391634981
200,100,"Source2_Only",0.68745247148289
200,100,"Weighted",0.742965779467681
300,100,"Target_Only",0.762587349937287
300,100,"Source1_Only",0.7512990503494
300,100,"Source2_Only",0.737860598459057
300,100,"Weighted",0.797348145493639
100,300,"Target_Only",0.629824561403509
100,300,"Source1_Only",0.678947368421053
100,300,"Source2_Only",0.650877192982456
100,300,"Weighted",0.731578947368421
200,300,"Target_Only",0.705155517682147
200,300,"Source1_Only",0.671495526203664
200,300,"Source2_Only",0.770771197273115
200,300,"Weighted",0.77929271410311
300,300,"Target_Only",0.71474795640327
300,300,"Source1_Only",0.623978201634877
300,300,"Source2_Only",0.742847411444142
300,300,"Weighted",0.767200272479564
100,500,"Target_Only",0.556122448979592
100,500,"Source1_Only",0.649659863945578
100,500,"Source2_Only",0.683673469387755
100,500,"Weighted",0.736394557823129
200,500,"Target_Only",0.741244334569427
200,500,"Source1_Only",0.739596209311908
200,500,"Source2_Only",0.772146683147919
200,500,"Weighted",0.818706221672847
300,500,"Target_Only",0.763748500942265
300,500,"Source1_Only",0.722117526126435
300,500,"Source2_Only",0.779852664039747
300,500,"Weighted",0.813602878190852
100,1000,"Target_Only",0.572078907435508
100,1000,"Source1_Only",0.708649468892261
100,1000,"Source2_Only",0.761760242792109
100,1000,"Weighted",0.745068285280728
200,1000,"Target_Only",0.75488389237007
200,1000,"Source1_Only",0.690379653520088
200,1000,"Source2_Only",0.730556579432363
200,1000,"Weighted",0.789163287873203
300,1000,"Target_Only",0.721853176630898
300,1000,"Source1_Only",0.645375574859479
300,1000,"Source2_Only",0.717083972066088
300,1000,"Weighted",0.764435360245273
100,100,"Target_Only",0.778966131907308
100,100,"Source1_Only",0.695187165775401
100,100,"Source2_Only",0.766488413547237
100,100,"Weighted",0.82174688057041
200,100,"Target_Only",0.675213675213675
200,100,"Source1_Only",0.554001554001554
200,100,"Source2_Only",0.66977466977467
200,100,"Weighted",0.698912198912199
300,100,"Target_Only",0.757338195077484
300,100,"Source1_Only",0.642479489516864
300,100,"Source2_Only",0.700091157702826
300,100,"Weighted",0.775022789425706
100,300,"Target_Only",0.717607973421927
100,300,"Source1_Only",0.647840531561462
100,300,"Source2_Only",0.725913621262459
100,300,"Weighted",0.777408637873754
200,300,"Target_Only",0.756070227867015
200,300,"Source1_Only",0.660440791931266
200,300,"Source2_Only",0.775868509525588
200,300,"Weighted",0.816212177810982
300,300,"Target_Only",0.750220186718337
300,300,"Source1_Only",0.637308437555047
300,300,"Source2_Only",0.738065879866126
300,300,"Weighted",0.770477364805355
100,500,"Target_Only",0.60546282245827
100,500,"Source1_Only",0.667678300455235
100,500,"Source2_Only",0.714719271623672
100,500,"Weighted",0.701062215477997
200,500,"Target_Only",0.724869843812575
200,500,"Source1_Only",0.687224669603524
200,500,"Source2_Only",0.781738085702843
200,500,"Weighted",0.79295154185022
300,500,"Target_Only",0.710466988727858
300,500,"Source1_Only",0.722222222222222
300,500,"Source2_Only",0.712882447665056
300,500,"Weighted",0.757165861513688
100,1000,"Target_Only",0.542452830188679
100,1000,"Source1_Only",0.536163522012579
100,1000,"Source2_Only",0.625786163522013
100,1000,"Weighted",0.569182389937107
200,1000,"Target_Only",0.687619047619048
200,1000,"Source1_Only",0.722285714285714
200,1000,"Source2_Only",0.693714285714286
200,1000,"Weighted",0.759238095238095
300,1000,"Target_Only",0.731939486656468
300,1000,"Source1_Only",0.631310555838858
300,1000,"Source2_Only",0.737378888322284
300,1000,"Weighted",0.768995410504844
100,100,"Target_Only",0.634472511144131
100,100,"Source1_Only",0.583952451708767
100,100,"Source2_Only",0.713224368499257
100,100,"Weighted",0.687964338781575
200,100,"Target_Only",0.718421052631579
200,100,"Source1_Only",0.640601503759399
200,100,"Source2_Only",0.645488721804511
200,100,"Weighted",0.73609022556391
300,100,"Target_Only",0.739309634209171
300,100,"Source1_Only",0.636613429503692
300,100,"Source2_Only",0.746007212776919
300,100,"Weighted",0.795294521724197
100,300,"Target_Only",0.647151898734177
100,300,"Source1_Only",0.712025316455696
100,300,"Source2_Only",0.735759493670886
100,300,"Weighted",0.786392405063291
200,300,"Target_Only",0.713957055214724
200,300,"Source1_Only",0.611963190184049
200,300,"Source2_Only",0.730444785276074
200,300,"Weighted",0.764570552147239
300,300,"Target_Only",0.726742190181943
300,300,"Source1_Only",0.682457947133539
300,300,"Source2_Only",0.709406110538963
300,300,"Weighted",0.769309989701339
100,500,"Target_Only",0.663076923076923
100,500,"Source1_Only",0.649230769230769
100,500,"Source2_Only",0.756923076923077
100,500,"Weighted",0.746153846153846
200,500,"Target_Only",0.745279526101444
200,500,"Source1_Only",0.621621621621622
200,500,"Source2_Only",0.732691595705294
200,500,"Weighted",0.793780081451314
300,500,"Target_Only",0.775813295615276
300,500,"Source1_Only",0.674681753889675
300,500,"Source2_Only",0.792963224893918
300,500,"Weighted",0.833097595473833
100,1000,"Target_Only",0.629310344827586
100,1000,"Source1_Only",0.646551724137931
100,1000,"Source2_Only",0.756896551724138
100,1000,"Weighted",0.743103448275862
200,1000,"Target_Only",0.727380482022916
200,1000,"Source1_Only",0.596997234294745
200,1000,"Source2_Only",0.77834847886211
200,1000,"Weighted",0.746345318056104
300,1000,"Target_Only",0.757149861088413
300,1000,"Source1_Only",0.666775616930871
300,1000,"Source2_Only",0.751103121425069
300,1000,"Weighted",0.798496486353979
100,100,"Target_Only",0.758620689655172
100,100,"Source1_Only",0.449775112443778
100,100,"Source2_Only",0.631184407796102
100,100,"Weighted",0.775112443778111
200,100,"Target_Only",0.718232044198895
200,100,"Source1_Only",0.625046040515654
200,100,"Source2_Only",0.74475138121547
200,100,"Weighted",0.756169429097606
300,100,"Target_Only",0.733803601262298
300,100,"Source1_Only",0.695934657508818
300,100,"Source2_Only",0.772229441247448
300,100,"Weighted",0.811954705773158
100,300,"Target_Only",0.696319018404908
100,300,"Source1_Only",0.639570552147239
100,300,"Source2_Only",0.677914110429448
100,300,"Weighted",0.75
200,300,"Target_Only",0.748179379072442
200,300,"Source1_Only",0.666155615178229
200,300,"Source2_Only",0.756228440015332
200,300,"Weighted",0.80682253737064
300,300,"Target_Only",0.780875781948168
300,300,"Source1_Only",0.682931188561215
300,300,"Source2_Only",0.673637176050045
300,300,"Weighted",0.770866845397676
100,500,"Target_Only",0.665584415584416
100,500,"Source1_Only",0.657467532467533
100,500,"Source2_Only",0.743506493506493
100,500,"Weighted",0.74025974025974
200,500,"Target_Only",0.731488406881077
200,500,"Source1_Only",0.641361256544503
200,500,"Source2_Only",0.792071802543007
200,500,"Weighted",0.799925205684368
300,500,"Target_Only",0.733801851217004
300,500,"Source1_Only",0.652896811792938
300,500,"Source2_Only",0.772197463147069
300,500,"Weighted",0.791395269112101
100,1000,"Target_Only",0.729166666666667
100,1000,"Source1_Only",0.572916666666667
100,1000,"Source2_Only",0.811011904761905
100,1000,"Weighted",0.772321428571429
200,1000,"Target_Only",0.771142284569138
200,1000,"Source1_Only",0.727454909819639
200,1000,"Source2_Only",0.772344689378758
200,1000,"Weighted",0.812825651302605
300,1000,"Target_Only",0.692416582406471
300,1000,"Source1_Only",0.620626895854398
300,1000,"Source2_Only",0.784833164812942
300,1000,"Weighted",0.781395348837209
100,100,"Target_Only",0.681388012618297
100,100,"Source1_Only",0.585173501577287
100,100,"Source2_Only",0.782334384858044
100,100,"Weighted",0.78391167192429
200,100,"Target_Only",0.723356851095433
200,100,"Source1_Only",0.682138878574081
200,100,"Source2_Only",0.703304864463424
200,100,"Weighted",0.751578165614556
300,100,"Target_Only",0.728628897083473
300,100,"Source1_Only",0.55330204492122
300,100,"Source2_Only",0.648843446195106
300,100,"Weighted",0.731645993965806
100,300,"Target_Only",0.64461247637051
100,300,"Source1_Only",0.689981096408318
100,300,"Source2_Only",0.706994328922495
100,300,"Weighted",0.741020793950851
200,300,"Target_Only",0.725531914893617
200,300,"Source1_Only",0.667659574468085
200,300,"Source2_Only",0.763829787234042
200,300,"Weighted",0.801276595744681
300,300,"Target_Only",0.734529295589203
300,300,"Source1_Only",0.65882159315339
300,300,"Source2_Only",0.715437788018433
300,300,"Weighted",0.771231073074391
100,500,"Target_Only",0.730061349693252
100,500,"Source1_Only",0.746932515337423
100,500,"Source2_Only",0.811349693251534
100,500,"Weighted",0.837423312883436
200,500,"Target_Only",0.668141592920354
200,500,"Source1_Only",0.610217216411907
200,500,"Source2_Only",0.696701528559936
200,500,"Weighted",0.732904263877715
300,500,"Target_Only",0.772956961143056
300,500,"Source1_Only",0.661962014288204
300,500,"Source2_Only",0.778010106290294
300,500,"Weighted",0.811116919323924
100,1000,"Target_Only",0.680577849117175
100,1000,"Source1_Only",0.646869983948636
100,1000,"Source2_Only",0.857142857142857
100,1000,"Weighted",0.788121990369181
200,1000,"Target_Only",0.743968871595331
200,1000,"Source1_Only",0.647470817120623
200,1000,"Source2_Only",0.805836575875486
200,1000,"Weighted",0.804669260700389
300,1000,"Target_Only",0.733345501003833
300,1000,"Source1_Only",0.636247490417959
300,1000,"Source2_Only",0.737543347326154
300,1000,"Weighted",0.765103121007483
100,100,"Target_Only",0.657509157509158
100,100,"Source1_Only",0.534798534798535
100,100,"Source2_Only",0.765567765567766
100,100,"Weighted",0.785714285714286
200,100,"Target_Only",0.787636669470143
200,100,"Source1_Only",0.68376787216148
200,100,"Source2_Only",0.742220353238015
200,100,"Weighted",0.796047098402018
300,100,"Target_Only",0.753328894806924
300,100,"Source1_Only",0.625832223701731
300,100,"Source2_Only",0.65396138482024
300,100,"Weighted",0.729360852197071
100,300,"Target_Only",0.723521320495186
100,300,"Source1_Only",0.617606602475928
100,300,"Source2_Only",0.69050894085282
100,300,"Weighted",0.760660247592847
200,300,"Target_Only",0.750279537830786
200,300,"Source1_Only",0.669399925456578
200,300,"Source2_Only",0.749534103615356
200,300,"Weighted",0.776369735370854
300,300,"Target_Only",0.738426304596761
300,300,"Source1_Only",0.61050220840831
300,300,"Source2_Only",0.723703582529037
300,300,"Weighted",0.760346801897595
100,500,"Target_Only",0.690163934426229
100,500,"Source1_Only",0.621311475409836
100,500,"Source2_Only",0.731147540983607
100,500,"Weighted",0.739344262295082
200,500,"Target_Only",0.771712158808933
200,500,"Source1_Only",0.650537634408602
200,500,"Source2_Only",0.742762613730356
200,500,"Weighted",0.794458229942101
300,500,"Target_Only",0.812051894844657
300,500,"Source1_Only",0.707408671901673
300,500,"Source2_Only",0.756742915670877
300,500,"Weighted",0.832878115397747
100,1000,"Target_Only",0.621951219512195
100,1000,"Source1_Only",0.667682926829268
100,1000,"Source2_Only",0.774390243902439
100,1000,"Weighted",0.742378048780488
200,1000,"Target_Only",0.661656763369451
200,1000,"Source1_Only",0.615169521146452
200,1000,"Source2_Only",0.765466620062915
200,1000,"Weighted",0.747291156938134
300,1000,"Target_Only",0.736130374479889
300,1000,"Source1_Only",0.622572815533981
300,1000,"Source2_Only",0.788834951456311
300,1000,"Weighted",0.783113730929265
100,100,"Target_Only",0.640350877192982
100,100,"Source1_Only",0.592105263157895
100,100,"Source2_Only",0.722222222222222
100,100,"Weighted",0.70906432748538
200,100,"Target_Only",0.750661125802796
200,100,"Source1_Only",0.689837551945599
200,100,"Source2_Only",0.722704948998867
200,100,"Weighted",0.777861730260673
300,100,"Target_Only",0.698452680820439
300,100,"Source1_Only",0.66084922634041
300,100,"Source2_Only",0.679920834832674
300,100,"Weighted",0.742893127024109
100,300,"Target_Only",0.66893039049236
100,300,"Source1_Only",0.704584040747029
100,300,"Source2_Only",0.716468590831918
100,300,"Weighted",0.786078098471986
200,300,"Target_Only",0.707992202729045
200,300,"Source1_Only",0.593372319688109
200,300,"Source2_Only",0.730604288499025
200,300,"Weighted",0.745808966861598
300,300,"Target_Only",0.788854003139717
300,300,"Source1_Only",0.70392464678179
300,300,"Source2_Only",0.759340659340659
300,300,"Weighted",0.809105180533752
100,500,"Target_Only",0.609160305343512
100,500,"Source1_Only",0.633587786259542
100,500,"Source2_Only",0.825954198473282
100,500,"Weighted",0.819847328244275
200,500,"Target_Only",0.708939708939709
200,500,"Source1_Only",0.721829521829522
200,500,"Source2_Only",0.782536382536382
200,500,"Weighted",0.805405405405405
300,500,"Target_Only",0.77459390399708
300,500,"Source1_Only",0.697390034677861
300,500,"Source2_Only",0.763643000547545
300,500,"Weighted",0.8047088884833
100,1000,"Target_Only",0.768292682926829
100,1000,"Source1_Only",0.609756097560976
100,1000,"Source2_Only",0.733449477351916
100,1000,"Weighted",0.78397212543554
200,1000,"Target_Only",0.772576636288318
200,1000,"Source1_Only",0.65907207953604
200,1000,"Source2_Only",0.825600662800331
200,1000,"Weighted",0.810273405136703
300,1000,"Target_Only",0.753647777400747
300,1000,"Source1_Only",0.650152697658636
300,1000,"Source2_Only",0.751951136749237
300,1000,"Weighted",0.779776043434001
100,100,"Target_Only",0.733570159857904
100,100,"Source1_Only",0.653641207815275
100,100,"Source2_Only",0.746003552397869
100,100,"Weighted",0.760213143872114
200,100,"Target_Only",0.728654970760234
200,100,"Source1_Only",0.704093567251462
200,100,"Source2_Only",0.742690058479532
200,100,"Weighted",0.787914230019493
300,100,"Target_Only",0.736056135300468
300,100,"Source1_Only",0.628103634400864
300,100,"Source2_Only",0.635480388629003
300,100,"Weighted",0.711227060093559
100,300,"Target_Only",0.659842519685039
100,300,"Source1_Only",0.615748031496063
100,300,"Source2_Only",0.636220472440945
100,300,"Weighted",0.664566929133858
200,300,"Target_Only",0.725118483412322
200,300,"Source1_Only",0.68978888410168
200,300,"Source2_Only",0.79319258940112
200,300,"Weighted",0.806979750107712
300,300,"Target_Only",0.765748852732582
300,300,"Source1_Only",0.693366708385482
300,300,"Source2_Only",0.710054234459741
300,300,"Weighted",0.784730913642053
100,500,"Target_Only",0.683890577507599
100,500,"Source1_Only",0.738601823708207
100,500,"Source2_Only",0.723404255319149
100,500,"Weighted",0.762917933130699
200,500,"Target_Only",0.757862826828344
200,500,"Source1_Only",0.69571807502842
200,500,"Source2_Only",0.733990147783251
200,500,"Weighted",0.796892762410004
300,500,"Target_Only",0.77162504524068
300,500,"Source1_Only",0.705030763662685
300,500,"Source2_Only",0.765834238146942
300,500,"Weighted",0.805465074194716
100,1000,"Target_Only",0.582848837209302
100,1000,"Source1_Only",0.63953488372093
100,1000,"Source2_Only",0.627906976744186
100,1000,"Weighted",0.649709302325581
200,1000,"Target_Only",0.734046769718589
200,1000,"Source1_Only",0.715021799445105
200,1000,"Source2_Only",0.78636543797067
200,1000,"Weighted",0.816091954022989
300,1000,"Target_Only",0.726425052779733
300,1000,"Source1_Only",0.643560872624912
300,1000,"Source2_Only",0.801724137931034
300,1000,"Weighted",0.796622097114708
100,100,"Target_Only",0.559941520467836
100,100,"Source1_Only",0.530701754385965
100,100,"Source2_Only",0.630116959064328
100,100,"Weighted",0.624269005847953
200,100,"Target_Only",0.741758241758242
200,100,"Source1_Only",0.6361852433281
200,100,"Source2_Only",0.702904238618524
200,100,"Weighted",0.749215070643642
300,100,"Target_Only",0.713358253000197
300,100,"Source1_Only",0.593743852055873
300,100,"Source2_Only",0.66279756049577
300,100,"Weighted",0.705685618729097
100,300,"Target_Only",0.755522827687776
100,300,"Source1_Only",0.674521354933726
100,300,"Source2_Only",0.731958762886598
100,300,"Weighted",0.810014727540501
200,300,"Target_Only",0.744213886671987
200,300,"Source1_Only",0.662410215482841
200,300,"Source2_Only",0.757382282521947
200,300,"Weighted",0.783320031923384
300,300,"Target_Only",0.769460086121232
300,300,"Source1_Only",0.674064259688639
300,300,"Source2_Only",0.755382577012256
300,300,"Weighted",0.802749254720106
100,500,"Target_Only",0.647646219686163
100,500,"Source1_Only",0.684736091298145
100,500,"Source2_Only",0.825962910128388
100,500,"Weighted",0.784593437945792
200,500,"Target_Only",0.750758725341426
200,500,"Source1_Only",0.737860394537178
200,500,"Source2_Only",0.717754172989378
200,500,"Weighted",0.800075872534143
300,500,"Target_Only",0.796055012667391
300,500,"Source1_Only",0.679153094462541
300,500,"Source2_Only",0.803836409699602
300,500,"Weighted",0.839124140427072
100,1000,"Target_Only",0.62095531587057
100,1000,"Source1_Only",0.736517719568567
100,1000,"Source2_Only",0.696456086286595
100,1000,"Weighted",0.707241910631741
200,1000,"Target_Only",0.684294871794872
200,1000,"Source1_Only",0.719551282051282
200,1000,"Source2_Only",0.802884615384615
200,1000,"Weighted",0.790064102564103
300,1000,"Target_Only",0.809450337512054
300,1000,"Source1_Only",0.747155255544841
300,1000,"Source2_Only",0.832786885245902
300,1000,"Weighted",0.848601735776278
100,100,"Target_Only",0.770408163265306
100,100,"Source1_Only",0.57312925170068
100,100,"Source2_Only",0.76530612244898
100,100,"Weighted",0.799319727891156
200,100,"Target_Only",0.722975929978118
200,100,"Source1_Only",0.615754923413567
200,100,"Source2_Only",0.610940919037199
200,100,"Weighted",0.715536105032823
300,100,"Target_Only",0.771328056288478
300,100,"Source1_Only",0.636235708003518
300,100,"Source2_Only",0.701846965699208
300,100,"Weighted",0.772559366754617
100,300,"Target_Only",0.680960548885077
100,300,"Source1_Only",0.725557461406518
100,300,"Source2_Only",0.706689536878216
100,300,"Weighted",0.74442538593482
200,300,"Target_Only",0.831241886629165
200,300,"Source1_Only",0.743401125054089
200,300,"Source2_Only",0.8035482475119
200,300,"Weighted",0.868022501081783
300,300,"Target_Only",0.724114207086343
300,300,"Source1_Only",0.65015479876161
300,300,"Source2_Only",0.769005847953216
300,300,"Weighted",0.797557619539044
100,500,"Target_Only",0.714052287581699
100,500,"Source1_Only",0.65359477124183
100,500,"Source2_Only",0.774509803921569
100,500,"Weighted",0.769607843137255
200,500,"Target_Only",0.743399033097806
200,500,"Source1_Only",0.664559315730755
200,500,"Source2_Only",0.707326143547787
200,500,"Weighted",0.748233544068427
300,500,"Target_Only",0.775225455164199
300,500,"Source1_Only",0.692700357325166
300,500,"Source2_Only",0.754636719414667
300,500,"Weighted",0.796835119959163
100,1000,"Target_Only",0.695447409733124
100,1000,"Source1_Only",0.640502354788069
100,1000,"Source2_Only",0.770800627943485
100,1000,"Weighted",0.816326530612245
200,1000,"Target_Only",0.785089387599848
200,1000,"Source1_Only",0.660707493343477
200,1000,"Source2_Only",0.790794979079498
200,1000,"Weighted",0.829593001141118
300,1000,"Target_Only",0.756141294602833
300,1000,"Source1_Only",0.67419759727452
300,1000,"Source2_Only",0.791106329567868
300,1000,"Weighted",0.797740720817644
100,100,"Target_Only",0.644412191582003
100,100,"Source1_Only",0.624092888243832
100,100,"Source2_Only",0.689404934687954
100,100,"Weighted",0.763425253991292
200,100,"Target_Only",0.786954680220246
200,100,"Source1_Only",0.596357475645913
200,100,"Source2_Only",0.727234222786955
200,100,"Weighted",0.783142736128759
300,100,"Target_Only",0.778927401276082
300,100,"Source1_Only",0.616658044490429
300,100,"Source2_Only",0.75961372650457
300,100,"Weighted",0.782721158820486
100,300,"Target_Only",0.66140350877193
100,300,"Source1_Only",0.629824561403509
100,300,"Source2_Only",0.692982456140351
100,300,"Weighted",0.708771929824561
200,300,"Target_Only",0.697492163009404
200,300,"Source1_Only",0.643025078369906
200,300,"Source2_Only",0.760579937304075
200,300,"Weighted",0.780172413793103
300,300,"Target_Only",0.797606476592749
300,300,"Source1_Only",0.664026751143963
300,300,"Source2_Only",0.813973952833509
300,300,"Weighted",0.835973248856037
100,500,"Target_Only",0.752525252525253
100,500,"Source1_Only",0.727272727272727
100,500,"Source2_Only",0.782828282828283
100,500,"Weighted",0.828282828282828
200,500,"Target_Only",0.71948608137045
200,500,"Source1_Only",0.698501070663812
200,500,"Source2_Only",0.785010706638116
200,500,"Weighted",0.788436830835118
300,500,"Target_Only",0.761356045424182
300,500,"Source1_Only",0.701736806947228
300,500,"Source2_Only",0.756179024716099
300,500,"Weighted",0.81062124248497
100,1000,"Target_Only",0.727714748784441
100,1000,"Source1_Only",0.794165316045381
100,1000,"Source2_Only",0.794165316045381
100,1000,"Weighted",0.779578606158833
200,1000,"Target_Only",0.664346481051817
200,1000,"Source1_Only",0.678267594740913
200,1000,"Source2_Only",0.784222737819026
200,1000,"Weighted",0.764501160092807
300,1000,"Target_Only",0.75328167009331
300,1000,"Source1_Only",0.700933101375929
300,1000,"Source2_Only",0.765775739364226
300,1000,"Weighted",0.803099794401392
100,100,"Target_Only",0.64656381486676
100,100,"Source1_Only",0.666199158485274
100,100,"Source2_Only",0.774193548387097
100,100,"Weighted",0.737727910238429
200,100,"Target_Only",0.753351206434316
200,100,"Source1_Only",0.695135963232478
200,100,"Source2_Only",0.67177326694753
200,100,"Weighted",0.74798927613941
300,100,"Target_Only",0.714847239592639
300,100,"Source1_Only",0.563516169376452
300,100,"Source2_Only",0.68340182240486
300,100,"Weighted",0.721279256744685
100,300,"Target_Only",0.667655786350148
100,300,"Source1_Only",0.663204747774481
100,300,"Source2_Only",0.728486646884273
100,300,"Weighted",0.688427299703264
200,300,"Target_Only",0.680587780355762
200,300,"Source1_Only",0.604795050270688
200,300,"Source2_Only",0.711523588553751
200,300,"Weighted",0.738592420726991
300,300,"Target_Only",0.736728240971876
300,300,"Source1_Only",0.650690630720586
300,300,"Source2_Only",0.784157097686803
300,300,"Weighted",0.787651855550008
100,500,"Target_Only",0.606896551724138
100,500,"Source1_Only",0.732758620689655
100,500,"Source2_Only",0.751724137931034
100,500,"Weighted",0.768965517241379
200,500,"Target_Only",0.703273932863655
200,500,"Source1_Only",0.684210526315789
200,500,"Source2_Only",0.789888106092002
200,500,"Weighted",0.761292996270203
300,500,"Target_Only",0.717439671401677
300,500,"Source1_Only",0.650008557247989
300,500,"Source2_Only",0.704603799418107
300,500,"Weighted",0.742769125449256
100,1000,"Target_Only",0.696709585121602
100,1000,"Source1_Only",0.628040057224607
100,1000,"Source2_Only",0.602288984263233
100,1000,"Weighted",0.67238912732475
200,1000,"Target_Only",0.842084168336673
200,1000,"Source1_Only",0.748697394789579
200,1000,"Source2_Only",0.788376753507014
200,1000,"Weighted",0.874949899799599
300,1000,"Target_Only",0.752986761381983
300,1000,"Source1_Only",0.729577010009687
300,1000,"Source2_Only",0.761866322247336
300,1000,"Weighted",0.794155634484985
100,100,"Target_Only",0.730109204368175
100,100,"Source1_Only",0.611544461778471
100,100,"Source2_Only",0.641185647425897
100,100,"Weighted",0.733229329173167
200,100,"Target_Only",0.76629766297663
200,100,"Source1_Only",0.77039770397704
200,100,"Source2_Only",0.69249692496925
200,100,"Weighted",0.793357933579336
300,100,"Target_Only",0.779358820504029
300,100,"Source1_Only",0.669123949939997
300,100,"Source2_Only",0.713526487227842
300,100,"Weighted",0.79770272587005
100,300,"Target_Only",0.611271676300578
100,300,"Source1_Only",0.696531791907514
100,300,"Source2_Only",0.690751445086705
100,300,"Weighted",0.718208092485549
200,300,"Target_Only",0.707686335403727
200,300,"Source1_Only",0.650621118012422
200,300,"Source2_Only",0.709627329192547
200,300,"Weighted",0.763586956521739
300,300,"Target_Only",0.741549953314659
300,300,"Source1_Only",0.682913165266106
300,300,"Source2_Only",0.76844070961718
300,300,"Weighted",0.800373482726424
100,500,"Target_Only",0.697879858657244
100,500,"Source1_Only",0.671378091872792
100,500,"Source2_Only",0.726148409893993
100,500,"Weighted",0.765017667844523
200,500,"Target_Only",0.768027470431133
200,500,"Source1_Only",0.657001144601297
200,500,"Source2_Only",0.724532621136971
200,500,"Weighted",0.782907287294926
300,500,"Target_Only",0.693666157242316
300,500,"Source1_Only",0.63270504330107
300,500,"Source2_Only",0.742401086771948
300,500,"Weighted",0.78434369162846
100,1000,"Target_Only",0.690163934426229
100,1000,"Source1_Only",0.832786885245902
100,1000,"Source2_Only",0.863934426229508
100,1000,"Weighted",0.895081967213115
200,1000,"Target_Only",0.809621710526316
200,1000,"Source1_Only",0.747121710526316
200,1000,"Source2_Only",0.805509868421053
200,1000,"Weighted",0.854851973684211
300,1000,"Target_Only",0.742094052105522
300,1000,"Source1_Only",0.674258561363264
300,1000,"Source2_Only",0.731607406193675
300,1000,"Weighted",0.764214320825823
100,100,"Target_Only",0.529239766081871
100,100,"Source1_Only",0.587719298245614
100,100,"Source2_Only",0.673976608187135
100,100,"Weighted",0.701754385964912
200,100,"Target_Only",0.68021567814185
200,100,"Source1_Only",0.673994193280796
200,100,"Source2_Only",0.661136457901286
200,100,"Weighted",0.70468685192866
300,100,"Target_Only",0.803661404098085
300,100,"Source1_Only",0.66845817937521
300,100,"Source2_Only",0.73244877393349
300,100,"Weighted",0.812395028552234
100,300,"Target_Only",0.568493150684932
100,300,"Source1_Only",0.508561643835616
100,300,"Source2_Only",0.643835616438356
100,300,"Weighted",0.621575342465753
200,300,"Target_Only",0.763608679101637
200,300,"Source1_Only",0.628854206318995
200,300,"Source2_Only",0.764370003806623
200,300,"Weighted",0.779596497906357
300,300,"Target_Only",0.743379148508213
300,300,"Source1_Only",0.694267515923567
300,300,"Source2_Only",0.716728126047603
300,300,"Weighted",0.785953737847804
100,500,"Target_Only",0.68503937007874
100,500,"Source1_Only",0.694488188976378
100,500,"Source2_Only",0.696062992125984
100,500,"Weighted",0.774803149606299
200,500,"Target_Only",0.713166728832525
200,500,"Source1_Only",0.610966057441253
200,500,"Source2_Only",0.782916822081313
200,500,"Weighted",0.79970160387915
300,500,"Target_Only",0.788097233864208
300,500,"Source1_Only",0.725565800502934
300,500,"Source2_Only",0.781559094719195
300,500,"Weighted",0.830678960603521
100,1000,"Target_Only",0.71078431372549
100,1000,"Source1_Only",0.67156862745098
100,1000,"Source2_Only",0.712418300653595
100,1000,"Weighted",0.800653594771242
200,1000,"Target_Only",0.74411886091622
200,1000,"Source1_Only",0.702022286421791
200,1000,"Source2_Only",0.731324803962031
200,1000,"Weighted",0.780850185720182
300,1000,"Target_Only",0.712681100439525
300,1000,"Source1_Only",0.658961419501872
300,1000,"Source2_Only",0.682891095555917
300,1000,"Weighted",0.753377828422595
100,100,"Target_Only",0.659259259259259
100,100,"Source1_Only",0.564814814814815
100,100,"Source2_Only",0.67962962962963
100,100,"Weighted",0.724074074074074
200,100,"Target_Only",0.693980582524272
200,100,"Source1_Only",0.563883495145631
200,100,"Source2_Only",0.693592233009709
200,100,"Weighted",0.721941747572816
300,100,"Target_Only",0.707692307692308
300,100,"Source1_Only",0.620565149136578
300,100,"Source2_Only",0.653532182103611
300,100,"Weighted",0.71883830455259
100,300,"Target_Only",0.730964467005076
100,300,"Source1_Only",0.671742808798646
100,300,"Source2_Only",0.71912013536379
100,300,"Weighted",0.807106598984772
200,300,"Target_Only",0.78160469667319
200,300,"Source1_Only",0.707240704500979
200,300,"Source2_Only",0.742074363992172
200,300,"Weighted",0.811350293542074
300,300,"Target_Only",0.722689075630252
300,300,"Source1_Only",0.64877769289534
300,300,"Source2_Only",0.685446906035141
300,300,"Weighted",0.74083269671505
100,500,"Target_Only",0.608414239482201
100,500,"Source1_Only",0.614886731391586
100,500,"Source2_Only",0.723300970873786
100,500,"Weighted",0.737864077669903
200,500,"Target_Only",0.662369057211926
200,500,"Source1_Only",0.687348912167607
200,500,"Source2_Only",0.730862207896857
200,500,"Weighted",0.733279613215149
300,500,"Target_Only",0.812437711779948
300,500,"Source1_Only",0.699023320709587
300,500,"Source2_Only",0.779549531592585
300,500,"Weighted",0.839545545146502
100,1000,"Target_Only",0.668168168168168
100,1000,"Source1_Only",0.6996996996997
100,1000,"Source2_Only",0.776276276276276
100,1000,"Weighted",0.78978978978979
200,1000,"Target_Only",0.743362831858407
200,1000,"Source1_Only",0.692035398230089
200,1000,"Source2_Only",0.740176991150442
200,1000,"Weighted",0.787610619469027
300,1000,"Target_Only",0.821415200299513
300,1000,"Source1_Only",0.672407338075627
300,1000,"Source2_Only",0.771059528266567
300,1000,"Weighted",0.840509172594534
100,100,"Target_Only",0.690225563909774
100,100,"Source1_Only",0.669172932330827
100,100,"Source2_Only",0.754887218045113
100,100,"Weighted",0.772932330827068
200,100,"Target_Only",0.766177054386661
200,100,"Source1_Only",0.710202461294164
200,100,"Source2_Only",0.735609368797142
200,100,"Weighted",0.807066296149266
300,100,"Target_Only",0.783625730994152
300,100,"Source1_Only",0.580734243014945
300,100,"Source2_Only",0.733593242365172
300,100,"Weighted",0.796296296296296
100,300,"Target_Only",0.580101180438449
100,300,"Source1_Only",0.585160202360877
100,300,"Source2_Only",0.747048903878583
100,300,"Weighted",0.69814502529511
200,300,"Target_Only",0.808624229979466
200,300,"Source1_Only",0.680082135523614
200,300,"Source2_Only",0.728131416837782
200,300,"Weighted",0.811088295687885
300,300,"Target_Only",0.778023191606847
300,300,"Source1_Only",0.666114485551261
300,300,"Source2_Only",0.768452052273146
300,300,"Weighted",0.805080066261734
100,500,"Target_Only",0.687402799377916
100,500,"Source1_Only",0.744945567651633
100,500,"Source2_Only",0.758942457231726
100,500,"Weighted",0.777604976671851
200,500,"Target_Only",0.704283054003724
200,500,"Source1_Only",0.700558659217877
200,500,"Source2_Only",0.629422718808194
200,500,"Weighted",0.736685288640596
300,500,"Target_Only",0.754053121766126
300,500,"Source1_Only",0.657123145912384
300,500,"Source2_Only",0.737668161434978
300,500,"Weighted",0.786995515695067
100,1000,"Target_Only",0.661927330173776
100,1000,"Source1_Only",0.785150078988942
100,1000,"Source2_Only",0.781990521327014
100,1000,"Weighted",0.816745655608215
200,1000,"Target_Only",0.709982014388489
200,1000,"Source1_Only",0.700539568345324
200,1000,"Source2_Only",0.787769784172662
200,1000,"Weighted",0.776528776978417
300,1000,"Target_Only",0.781430023720773
300,1000,"Source1_Only",0.697729583192138
300,1000,"Source2_Only",0.772619451033548
300,1000,"Weighted",0.811928159945781
100,100,"Target_Only",0.641651031894934
100,100,"Source1_Only",0.617260787992495
100,100,"Source2_Only",0.720450281425891
100,100,"Weighted",0.692307692307692
200,100,"Target_Only",0.759311314125088
200,100,"Source1_Only",0.671468728039353
200,100,"Source2_Only",0.76071679550246
200,100,"Weighted",0.802178496134926
300,100,"Target_Only",0.786759581881533
300,100,"Source1_Only",0.70609756097561
300,100,"Source2_Only",0.738501742160279
300,100,"Weighted",0.797386759581882
100,300,"Target_Only",0.75
100,300,"Source1_Only",0.675
100,300,"Source2_Only",0.731666666666667
100,300,"Weighted",0.791666666666667
200,300,"Target_Only",0.70246679316888
200,300,"Source1_Only",0.662998102466793
200,300,"Source2_Only",0.693738140417457
200,300,"Weighted",0.735863377609108
300,300,"Target_Only",0.768096514745308
300,300,"Source1_Only",0.692526809651475
300,300,"Source2_Only",0.743800268096515
300,300,"Weighted",0.790549597855228
100,500,"Target_Only",0.754518072289157
100,500,"Source1_Only",0.614457831325301
100,500,"Source2_Only",0.832831325301205
100,500,"Weighted",0.852409638554217
200,500,"Target_Only",0.70182394924663
200,500,"Source1_Only",0.695479777954005
200,500,"Source2_Only",0.757731958762887
200,500,"Weighted",0.763679619349722
300,500,"Target_Only",0.741199024050192
300,500,"Source1_Only",0.720982920878355
300,500,"Source2_Only",0.7654234925061
300,500,"Weighted",0.809864064133845
100,1000,"Target_Only",0.63312693498452
100,1000,"Source1_Only",0.640866873065015
100,1000,"Source2_Only",0.74922600619195
100,1000,"Weighted",0.752321981424149
200,1000,"Target_Only",0.743408107044471
200,1000,"Source1_Only",0.683589138134593
200,1000,"Source2_Only",0.783156237701692
200,1000,"Weighted",0.799685163321527
300,1000,"Target_Only",0.736997417926964
300,1000,"Source1_Only",0.622648469199557
300,1000,"Source2_Only",0.754703061600885
300,1000,"Weighted",0.777941718922907
100,100,"Target_Only",0.716417910447761
100,100,"Source1_Only",0.559701492537313
100,100,"Source2_Only",0.636194029850746
100,100,"Weighted",0.738805970149254
200,100,"Target_Only",0.815831344470963
200,100,"Source1_Only",0.584327764518695
200,100,"Source2_Only",0.708830548926014
200,100,"Weighted",0.785600636435959
300,100,"Target_Only",0.762349559906592
300,100,"Source1_Only",0.634093766840309
300,100,"Source2_Only",0.771510687982756
300,100,"Weighted",0.809771869947907
100,300,"Target_Only",0.67948717948718
100,300,"Source1_Only",0.631410256410256
100,300,"Source2_Only",0.693910256410256
100,300,"Weighted",0.767628205128205
200,300,"Target_Only",0.725130890052356
200,300,"Source1_Only",0.719147344801795
200,300,"Source2_Only",0.763649962602842
200,300,"Weighted",0.808152580403889
300,300,"Target_Only",0.755856027423348
300,300,"Source1_Only",0.639687678537421
300,300,"Source2_Only",0.77071034088745
300,300,"Weighted",0.800799847648067
100,500,"Target_Only",0.747107438016529
100,500,"Source1_Only",0.725619834710744
100,500,"Source2_Only",0.651239669421488
100,500,"Weighted",0.75702479338843
200,500,"Target_Only",0.771236665349664
200,500,"Source1_Only",0.694587119715527
200,500,"Source2_Only",0.77834847886211
200,500,"Weighted",0.81153694192019
300,500,"Target_Only",0.739161462979483
300,500,"Source1_Only",0.716413916146298
300,500,"Source2_Only",0.761462979482605
300,500,"Weighted",0.773951828724353
100,1000,"Target_Only",0.704809286898839
100,1000,"Source1_Only",0.704809286898839
100,1000,"Source2_Only",0.827529021558872
100,1000,"Weighted",0.800995024875622
200,1000,"Target_Only",0.797200151343171
200,1000,"Source1_Only",0.720393492243663
200,1000,"Source2_Only",0.794173287930382
200,1000,"Weighted",0.855088914112751
300,1000,"Target_Only",0.76419136022849
300,1000,"Source1_Only",0.710460549803642
300,1000,"Source2_Only",0.808818279186005
300,1000,"Weighted",0.826490539093181
100,100,"Target_Only",0.69701726844584
100,100,"Source1_Only",0.67032967032967
100,100,"Source2_Only",0.756671899529042
100,100,"Weighted",0.764521193092622
200,100,"Target_Only",0.707166392092257
200,100,"Source1_Only",0.572487644151565
200,100,"Source2_Only",0.713756177924217
200,100,"Weighted",0.718698517298188
300,100,"Target_Only",0.742108283910465
300,100,"Source1_Only",0.68107901281806
300,100,"Source2_Only",0.653529749378228
300,100,"Weighted",0.767170461067534
100,300,"Target_Only",0.698653198653199
100,300,"Source1_Only",0.621212121212121
100,300,"Source2_Only",0.663299663299663
100,300,"Weighted",0.693602693602694
200,300,"Target_Only",0.75725900116144
200,300,"Source1_Only",0.627177700348432
200,300,"Source2_Only",0.752226093689508
200,300,"Weighted",0.814169570267131
300,300,"Target_Only",0.767540620384047
300,300,"Source1_Only",0.689623338257016
300,300,"Source2_Only",0.771418020679468
300,300,"Weighted",0.805945347119645
100,500,"Target_Only",0.778461538461539
100,500,"Source1_Only",0.66
100,500,"Source2_Only",0.776923076923077
100,500,"Weighted",0.843076923076923
200,500,"Target_Only",0.687847498014297
200,500,"Source1_Only",0.657267672756156
200,500,"Source2_Only",0.768069896743447
200,500,"Weighted",0.752184273232724
300,500,"Target_Only",0.768738385298369
300,500,"Source1_Only",0.651662192855668
300,500,"Source2_Only",0.794755316952302
300,500,"Weighted",0.807557299194714
100,1000,"Target_Only",0.819012797074954
100,1000,"Source1_Only",0.736745886654479
100,1000,"Source2_Only",0.811700182815356
100,1000,"Weighted",0.873857404021938
200,1000,"Target_Only",0.723260437375746
200,1000,"Source1_Only",0.707753479125248
200,1000,"Source2_Only",0.750695825049702
200,1000,"Weighted",0.781312127236581
300,1000,"Target_Only",0.767878477555897
300,1000,"Source1_Only",0.702338282983444
300,1000,"Source2_Only",0.721112817887011
300,1000,"Weighted",0.79126130739034
100,100,"Target_Only",0.787979966611018
100,100,"Source1_Only",0.736227045075125
100,100,"Source2_Only",0.787979966611018
100,100,"Weighted",0.826377295492488
200,100,"Target_Only",0.70634328358209
200,100,"Source1_Only",0.555223880597015
200,100,"Source2_Only",0.622388059701493
200,100,"Weighted",0.691044776119403
300,100,"Target_Only",0.700393391030685
300,100,"Source1_Only",0.653186467348544
300,100,"Source2_Only",0.689693154996066
300,100,"Weighted",0.723524783634933
100,300,"Target_Only",0.606209150326797
100,300,"Source1_Only",0.684640522875817
100,300,"Source2_Only",0.753267973856209
100,300,"Weighted",0.746732026143791
200,300,"Target_Only",0.650700073691968
200,300,"Source1_Only",0.598747236551216
200,300,"Source2_Only",0.712232866617539
200,300,"Weighted",0.712232866617539
300,300,"Target_Only",0.75557917109458
300,300,"Source1_Only",0.710308182784272
300,300,"Source2_Only",0.786184909670563
300,300,"Weighted",0.820403825717322
100,500,"Target_Only",0.672881355932203
100,500,"Source1_Only",0.691525423728814
100,500,"Source2_Only",0.798305084745763
100,500,"Weighted",0.810169491525424
200,500,"Target_Only",0.708801861186506
200,500,"Source1_Only",0.693291973633191
200,500,"Source2_Only",0.747188832880962
200,500,"Weighted",0.769678169833269
300,500,"Target_Only",0.784768781158673
300,500,"Source1_Only",0.728210417741104
300,500,"Source2_Only",0.798865394533265
300,500,"Weighted",0.827574351040055
100,1000,"Target_Only",0.587057010785824
100,1000,"Source1_Only",0.548536209553159
100,1000,"Source2_Only",0.73959938366718
100,1000,"Weighted",0.674884437596302
200,1000,"Target_Only",0.730051607780865
200,1000,"Source1_Only",0.664946407304486
200,1000,"Source2_Only",0.755458515283843
200,1000,"Weighted",0.788805081381501
300,1000,"Target_Only",0.813199864268748
300,1000,"Source1_Only",0.733288089582626
300,1000,"Source2_Only",0.827451645741432
300,1000,"Weighted",0.858330505598914
100,100,"Target_Only",0.592417061611374
100,100,"Source1_Only",0.693522906793049
100,100,"Source2_Only",0.737756714060032
100,100,"Weighted",0.758293838862559
200,100,"Target_Only",0.780406654343808
200,100,"Source1_Only",0.682439926062847
200,100,"Source2_Only",0.739001848428835
200,100,"Weighted",0.805175600739372
300,100,"Target_Only",0.766725978647687
300,100,"Source1_Only",0.5855871886121
300,100,"Source2_Only",0.756583629893238
300,100,"Weighted",0.796263345195729
100,300,"Target_Only",0.513669064748201
100,300,"Source1_Only",0.673381294964029
100,300,"Source2_Only",0.730935251798561
100,300,"Weighted",0.686330935251799
200,300,"Target_Only",0.749463135289907
200,300,"Source1_Only",0.671438797423049
200,300,"Source2_Only",0.690765926986399
200,300,"Weighted",0.788833214030064
300,300,"Target_Only",0.772053231939164
300,300,"Source1_Only",0.656083650190114
300,300,"Source2_Only",0.765589353612167
300,300,"Weighted",0.806463878326996
100,500,"Target_Only",0.627677100494234
100,500,"Source1_Only",0.645799011532125
100,500,"Source2_Only",0.787479406919275
100,500,"Weighted",0.790774299835255
200,500,"Target_Only",0.688634569850039
200,500,"Source1_Only",0.682715074980268
200,500,"Source2_Only",0.767955801104972
200,500,"Weighted",0.76835043409629
300,500,"Target_Only",0.783132530120482
300,500,"Source1_Only",0.684620836286322
300,500,"Source2_Only",0.779588944011339
300,500,"Weighted",0.826187101346563
100,1000,"Target_Only",0.704028021015762
100,1000,"Source1_Only",0.709281961471103
100,1000,"Source2_Only",0.807355516637478
100,1000,"Weighted",0.779334500875657
200,1000,"Target_Only",0.818135245901639
200,1000,"Source1_Only",0.743852459016393
200,1000,"Source2_Only",0.741290983606557
200,1000,"Weighted",0.813524590163934
300,1000,"Target_Only",0.729016364596164
300,1000,"Source1_Only",0.656871370754883
300,1000,"Source2_Only",0.74221361956713
300,1000,"Weighted",0.758578215731128
100,100,"Target_Only",0.626923076923077
100,100,"Source1_Only",0.665384615384615
100,100,"Source2_Only",0.680769230769231
100,100,"Weighted",0.709615384615385
200,100,"Target_Only",0.69551282051282
200,100,"Source1_Only",0.566907051282051
200,100,"Source2_Only",0.719551282051282
200,100,"Weighted",0.750400641025641
300,100,"Target_Only",0.749444918872758
300,100,"Source1_Only",0.686421861656704
300,100,"Source2_Only",0.717847993168232
300,100,"Weighted",0.780700256191289
100,300,"Target_Only",0.646381578947368
100,300,"Source1_Only",0.674342105263158
100,300,"Source2_Only",0.629934210526316
100,300,"Weighted",0.707236842105263
200,300,"Target_Only",0.707953603976802
200,300,"Source1_Only",0.673570836785418
200,300,"Source2_Only",0.656172328086164
200,300,"Weighted",0.773405136702568
300,300,"Target_Only",0.813992537313433
300,300,"Source1_Only",0.722201492537313
300,300,"Source2_Only",0.72089552238806
300,300,"Weighted",0.824253731343284
100,500,"Target_Only",0.701168614357262
100,500,"Source1_Only",0.662771285475793
100,500,"Source2_Only",0.636060100166945
100,500,"Weighted",0.724540901502504
200,500,"Target_Only",0.740048740861089
200,500,"Source1_Only",0.715678310316816
200,500,"Source2_Only",0.754670999187652
200,500,"Weighted",0.79731925264013
300,500,"Target_Only",0.7681762970675
300,500,"Source1_Only",0.65139684192261
300,500,"Source2_Only",0.720284574006594
300,500,"Weighted",0.777719937532535
100,1000,"Target_Only",0.718649517684887
100,1000,"Source1_Only",0.689710610932476
100,1000,"Source2_Only",0.839228295819936
100,1000,"Weighted",0.82475884244373
200,1000,"Target_Only",0.72822445561139
200,1000,"Source1_Only",0.631490787269682
200,1000,"Source2_Only",0.791457286432161
200,1000,"Weighted",0.798157453936348
300,1000,"Target_Only",0.777581783194355
300,1000,"Source1_Only",0.687459910198845
300,1000,"Source2_Only",0.786882617062219
300,1000,"Weighted",0.825368826170622
100,100,"Target_Only",0.693086003372681
100,100,"Source1_Only",0.689713322091062
100,100,"Source2_Only",0.60539629005059
100,100,"Weighted",0.720067453625632
200,100,"Target_Only",0.722819593787336
200,100,"Source1_Only",0.637594583831143
200,100,"Source2_Only",0.721226602947033
200,100,"Weighted",0.784149741138988
300,100,"Target_Only",0.764817367332874
300,100,"Source1_Only",0.647484493452791
300,100,"Source2_Only",0.80065472088215
300,100,"Weighted",0.816505858028945
100,300,"Target_Only",0.651612903225806
100,300,"Source1_Only",0.612903225806452
100,300,"Source2_Only",0.798387096774194
100,300,"Weighted",0.766129032258065
200,300,"Target_Only",0.706172839506173
200,300,"Source1_Only",0.65679012345679
200,300,"Source2_Only",0.705349794238683
200,300,"Weighted",0.762962962962963
300,300,"Target_Only",0.789386705839148
300,300,"Source1_Only",0.698861549761293
300,300,"Source2_Only",0.766250459052516
300,300,"Weighted",0.810319500550863
100,500,"Target_Only",0.620355411954766
100,500,"Source1_Only",0.602584814216478
100,500,"Source2_Only",0.649434571890145
100,500,"Weighted",0.646203554119548
200,500,"Target_Only",0.677814029363785
200,500,"Source1_Only",0.633360522022838
200,500,"Source2_Only",0.702283849918434
200,500,"Weighted",0.74184339314845
300,500,"Target_Only",0.768206039076377
300,500,"Source1_Only",0.728774422735346
300,500,"Source2_Only",0.732682060390764
300,500,"Weighted",0.805328596802842
100,1000,"Target_Only",0.757668711656442
100,1000,"Source1_Only",0.601226993865031
100,1000,"Source2_Only",0.791411042944785
100,1000,"Weighted",0.780674846625767
200,1000,"Target_Only",0.723741007194245
200,1000,"Source1_Only",0.643525179856115
200,1000,"Source2_Only",0.688129496402878
200,1000,"Weighted",0.731654676258993
300,1000,"Target_Only",0.751384083044983
300,1000,"Source1_Only",0.641176470588235
300,1000,"Source2_Only",0.780103806228374
300,1000,"Weighted",0.8
100,100,"Target_Only",0.750528541226216
100,100,"Source1_Only",0.767441860465116
100,100,"Source2_Only",0.670190274841438
100,100,"Weighted",0.79492600422833
200,100,"Target_Only",0.771595900439239
200,100,"Source1_Only",0.687042459736457
200,100,"Source2_Only",0.731332357247438
200,100,"Weighted",0.779282576866764
300,100,"Target_Only",0.743676522978269
300,100,"Source1_Only",0.678838617741361
300,100,"Source2_Only",0.683826148913431
300,100,"Weighted",0.775026718916993
100,300,"Target_Only",0.739823008849558
100,300,"Source1_Only",0.610619469026549
100,300,"Source2_Only",0.808849557522124
100,300,"Weighted",0.831858407079646
200,300,"Target_Only",0.771979124849458
200,300,"Source1_Only",0.696105981533521
200,300,"Source2_Only",0.769169008430349
200,300,"Weighted",0.802488960256925
300,300,"Target_Only",0.740870786516854
300,300,"Source1_Only",0.647120786516854
300,300,"Source2_Only",0.774227528089888
300,300,"Weighted",0.796348314606742
100,500,"Target_Only",0.658163265306122
100,500,"Source1_Only",0.557823129251701
100,500,"Source2_Only",0.780612244897959
100,500,"Weighted",0.73469387755102
200,500,"Target_Only",0.716863033873343
200,500,"Source1_Only",0.596465390279823
200,500,"Source2_Only",0.766568483063328
200,500,"Weighted",0.794918998527246
300,500,"Target_Only",0.751201098146877
300,500,"Source1_Only",0.660947151681537
300,500,"Source2_Only",0.743136582017845
300,500,"Weighted",0.782772820864791
100,1000,"Target_Only",0.648387096774194
100,1000,"Source1_Only",0.616129032258064
100,1000,"Source2_Only",0.796774193548387
100,1000,"Weighted",0.748387096774194
200,1000,"Target_Only",0.712273641851107
200,1000,"Source1_Only",0.658350100603622
200,1000,"Source2_Only",0.691348088531187
200,1000,"Weighted",0.748893360160966
300,1000,"Target_Only",0.758178985632681
300,1000,"Source1_Only",0.632681322485719
300,1000,"Source2_Only",0.767439847671802
300,1000,"Weighted",0.795914834689285
100,100,"Target_Only",0.696048632218845
100,100,"Source1_Only",0.770516717325228
100,100,"Source2_Only",0.782674772036474
100,100,"Weighted",0.805471124620061
200,100,"Target_Only",0.698488120950324
200,100,"Source1_Only",0.634125269978402
200,100,"Source2_Only",0.659179265658747
200,100,"Weighted",0.726997840172786
300,100,"Target_Only",0.757302264522481
300,100,"Source1_Only",0.641450607154578
300,100,"Source2_Only",0.721365277321956
300,100,"Weighted",0.767968493600263
100,300,"Target_Only",0.667741935483871
100,300,"Source1_Only",0.706451612903226
100,300,"Source2_Only",0.748387096774194
100,300,"Weighted",0.741935483870968
200,300,"Target_Only",0.735617039964866
200,300,"Source1_Only",0.675889328063241
200,300,"Source2_Only",0.744400527009223
200,300,"Weighted",0.78129117259552
300,300,"Target_Only",0.684210526315789
300,300,"Source1_Only",0.580639702149264
300,300,"Source2_Only",0.744288373667287
300,300,"Weighted",0.757319343374513
100,500,"Target_Only",0.710755813953488
100,500,"Source1_Only",0.6875
100,500,"Source2_Only",0.792151162790698
100,500,"Weighted",0.781976744186047
200,500,"Target_Only",0.779863481228669
200,500,"Source1_Only",0.733788395904437
200,500,"Source2_Only",0.847696245733788
200,500,"Weighted",0.847696245733788
300,500,"Target_Only",0.778396242824839
300,500,"Source1_Only",0.649504261610715
300,500,"Source2_Only",0.775961036702035
300,500,"Weighted",0.810749695599235
100,1000,"Target_Only",0.716292134831461
100,1000,"Source1_Only",0.719101123595506
100,1000,"Source2_Only",0.75
100,1000,"Weighted",0.77247191011236
200,1000,"Target_Only",0.740724762726488
200,1000,"Source1_Only",0.740724762726488
200,1000,"Source2_Only",0.726272648835203
200,1000,"Weighted",0.800690250215703
300,1000,"Target_Only",0.689336978810663
300,1000,"Source1_Only",0.656869446343131
300,1000,"Source2_Only",0.723855092276145
300,1000,"Weighted",0.744702665755297
100,100,"Target_Only",0.736170212765958
100,100,"Source1_Only",0.682269503546099
100,100,"Source2_Only",0.678014184397163
100,100,"Weighted",0.714893617021277
200,100,"Target_Only",0.706806282722513
200,100,"Source1_Only",0.528795811518325
200,100,"Source2_Only",0.75018698578908
200,100,"Weighted",0.740837696335079
300,100,"Target_Only",0.770752521334368
300,100,"Source1_Only",0.577967416602017
300,100,"Source2_Only",0.697245927075252
300,100,"Weighted",0.764352211016292
100,300,"Target_Only",0.664864864864865
100,300,"Source1_Only",0.65045045045045
100,300,"Source2_Only",0.661261261261261
100,300,"Weighted",0.718918918918919
200,300,"Target_Only",0.729662077596996
200,300,"Source1_Only",0.721318314559867
200,300,"Source2_Only",0.758030871923237
200,300,"Weighted",0.787234042553192
300,300,"Target_Only",0.736376021798365
300,300,"Source1_Only",0.628065395095368
300,300,"Source2_Only",0.763283378746594
300,300,"Weighted",0.793256130790191
100,500,"Target_Only",0.647959183673469
100,500,"Source1_Only",0.630952380952381
100,500,"Source2_Only",0.73469387755102
100,500,"Weighted",0.731292517006803
200,500,"Target_Only",0.662299239222316
200,500,"Source1_Only",0.63905325443787
200,500,"Source2_Only",0.667371090448013
200,500,"Weighted",0.703296703296703
300,500,"Target_Only",0.755621925509487
300,500,"Source1_Only",0.674455375966268
300,500,"Source2_Only",0.777933942375264
300,500,"Weighted",0.800070274068869
100,1000,"Target_Only",0.643578643578644
100,1000,"Source1_Only",0.617604617604618
100,1000,"Source2_Only",0.790764790764791
100,1000,"Weighted",0.770562770562771
200,1000,"Target_Only",0.747720364741641
200,1000,"Source1_Only",0.737462006079027
200,1000,"Source2_Only",0.701747720364742
200,1000,"Weighted",0.77887537993921
300,1000,"Target_Only",0.761644318983768
300,1000,"Source1_Only",0.688602681721948
300,1000,"Source2_Only",0.781933662667608
300,1000,"Weighted",0.806986591390261
100,100,"Target_Only",0.756286266924565
100,100,"Source1_Only",0.709864603481625
100,100,"Source2_Only",0.820116054158607
100,100,"Weighted",0.816247582205029
200,100,"Target_Only",0.706170821413976
200,100,"Source1_Only",0.612586841029832
200,100,"Source2_Only",0.730690641601962
200,100,"Weighted",0.743767879035554
300,100,"Target_Only",0.74262691377921
300,100,"Source1_Only",0.68928283642224
300,100,"Source2_Only",0.763094278807413
300,100,"Weighted",0.772441579371475
100,300,"Target_Only",0.606635071090047
100,300,"Source1_Only",0.638230647709321
100,300,"Source2_Only",0.709320695102686
100,300,"Weighted",0.701421800947867
200,300,"Target_Only",0.714339908952959
200,300,"Source1_Only",0.669954476479514
200,300,"Source2_Only",0.800075872534143
200,300,"Weighted",0.805386949924128
300,300,"Target_Only",0.740331491712707
300,300,"Source1_Only",0.658494475138122
300,300,"Source2_Only",0.77710635359116
300,300,"Weighted",0.797306629834254
100,500,"Target_Only",0.722857142857143
100,500,"Source1_Only",0.67
100,500,"Source2_Only",0.747142857142857
100,500,"Weighted",0.767142857142857
200,500,"Target_Only",0.796911558259242
200,500,"Source1_Only",0.72812353766963
200,500,"Source2_Only",0.788488535329902
200,500,"Weighted",0.832475432849789
300,500,"Target_Only",0.721025458429767
300,500,"Source1_Only",0.672244970624889
300,500,"Source2_Only",0.789033291792772
300,500,"Weighted",0.786362827131921
100,1000,"Target_Only",0.650159744408946
100,1000,"Source1_Only",0.70926517571885
100,1000,"Source2_Only",0.768370607028754
100,1000,"Weighted",0.766773162939297
200,1000,"Target_Only",0.766079475624744
200,1000,"Source1_Only",0.705858254813601
200,1000,"Source2_Only",0.789020893076608
200,1000,"Weighted",0.843916427693568
300,1000,"Target_Only",0.733096686950642
300,1000,"Source1_Only",0.676301555104801
300,1000,"Source2_Only",0.712305611899932
300,1000,"Weighted",0.770622041920216
100,100,"Target_Only",0.73370319001387
100,100,"Source1_Only",0.693481276005548
100,100,"Source2_Only",0.732316227461859
100,100,"Weighted",0.790568654646325
200,100,"Target_Only",0.837826086956522
200,100,"Source1_Only",0.702608695652174
200,100,"Source2_Only",0.623913043478261
200,100,"Weighted",0.802173913043478
300,100,"Target_Only",0.753048190439326
300,100,"Source1_Only",0.669634217147281
300,100,"Source2_Only",0.658215598993613
300,100,"Weighted",0.782852719179408
100,300,"Target_Only",0.772727272727273
100,300,"Source1_Only",0.622589531680441
100,300,"Source2_Only",0.789256198347107
100,300,"Weighted",0.818181818181818
200,300,"Target_Only",0.753681885125184
200,300,"Source1_Only",0.705817378497791
200,300,"Source2_Only",0.702503681885125
200,300,"Weighted",0.775773195876289
300,300,"Target_Only",0.795489757273197
300,300,"Source1_Only",0.660354622138062
300,300,"Source2_Only",0.791186090549148
300,300,"Weighted",0.832673437768979
100,500,"Target_Only",0.658156028368794
100,500,"Source1_Only",0.624113475177305
100,500,"Source2_Only",0.740425531914894
100,500,"Weighted",0.720567375886525
200,500,"Target_Only",0.742846094354215
200,500,"Source1_Only",0.652358855375097
200,500,"Source2_Only",0.77184841453983
200,500,"Weighted",0.773395204949729
300,500,"Target_Only",0.742696425331156
300,500,"Source1_Only",0.609871166757394
300,500,"Source2_Only",0.783523861368173
300,500,"Weighted",0.783705316639448
100,1000,"Target_Only",0.597875569044006
100,1000,"Source1_Only",0.591805766312595
100,1000,"Source2_Only",0.831562974203338
100,1000,"Weighted",0.748103186646434
200,1000,"Target_Only",0.744648318042813
200,1000,"Source1_Only",0.706804281345566
200,1000,"Source2_Only",0.745412844036697
200,1000,"Weighted",0.805045871559633
300,1000,"Target_Only",0.763000993706525
300,1000,"Source1_Only",0.671911228883736
300,1000,"Source2_Only",0.735342828751242
300,1000,"Weighted",0.784365684001325
100,100,"Target_Only",0.724025974025974
100,100,"Source1_Only",0.662337662337662
100,100,"Source2_Only",0.681818181818182
100,100,"Weighted",0.756493506493507
200,100,"Target_Only",0.735282947208507
200,100,"Source1_Only",0.672236992024307
200,100,"Source2_Only",0.697303456133688
200,100,"Weighted",0.752753513102924
300,100,"Target_Only",0.715217391304348
300,100,"Source1_Only",0.554150197628459
300,100,"Source2_Only",0.716798418972332
300,100,"Weighted",0.731620553359684
100,300,"Target_Only",0.699335548172757
100,300,"Source1_Only",0.759136212624585
100,300,"Source2_Only",0.784053156146179
100,300,"Weighted",0.805647840531561
200,300,"Target_Only",0.7736298649722
200,300,"Source1_Only",0.674741858617951
200,300,"Source2_Only",0.824066719618745
200,300,"Weighted",0.81890389197776
300,300,"Target_Only",0.75326420890937
300,300,"Source1_Only",0.707373271889401
300,300,"Source2_Only",0.725038402457757
300,300,"Weighted",0.806067588325653
100,500,"Target_Only",0.717728055077453
100,500,"Source1_Only",0.721170395869191
100,500,"Source2_Only",0.693631669535284
100,500,"Weighted",0.764199655765921
200,500,"Target_Only",0.780515117581187
200,500,"Source1_Only",0.699888017917133
200,500,"Source2_Only",0.836879432624113
200,500,"Weighted",0.851810377006346
300,500,"Target_Only",0.770574464253557
300,500,"Source1_Only",0.661984512875923
300,500,"Source2_Only",0.771294795605979
300,500,"Weighted",0.810913019989195
100,1000,"Target_Only",0.755067567567568
100,1000,"Source1_Only",0.739864864864865
100,1000,"Source2_Only",0.777027027027027
100,1000,"Weighted",0.829391891891892
200,1000,"Target_Only",0.722377343438373
200,1000,"Source1_Only",0.654567211806941
200,1000,"Source2_Only",0.700438771439968
200,1000,"Weighted",0.754686876745114
300,1000,"Target_Only",0.816749129558365
300,1000,"Source1_Only",0.727322704782848
300,1000,"Source2_Only",0.844969763606377
300,1000,"Weighted",0.861095840205241
100,100,"Target_Only",0.585483870967742
100,100,"Source1_Only",0.543548387096774
100,100,"Source2_Only",0.638709677419355
100,100,"Weighted",0.637096774193548
200,100,"Target_Only",0.716193656093489
200,100,"Source1_Only",0.689482470784641
200,100,"Source2_Only",0.682804674457429
200,100,"Weighted",0.734974958263773
300,100,"Target_Only",0.742037159920372
300,100,"Source1_Only",0.655275381552754
300,100,"Source2_Only",0.689946914399469
300,100,"Weighted",0.747843397478434
100,300,"Target_Only",0.633613445378151
100,300,"Source1_Only",0.712605042016807
100,300,"Source2_Only",0.831932773109244
100,300,"Weighted",0.820168067226891
200,300,"Target_Only",0.722265625
200,300,"Source1_Only",0.637890625
200,300,"Source2_Only",0.78359375
200,300,"Weighted",0.80234375
300,300,"Target_Only",0.736063503517951
300,300,"Source1_Only",0.653256359372181
300,300,"Source2_Only",0.734079018581995
300,300,"Weighted",0.75843406097781
100,500,"Target_Only",0.748427672955975
100,500,"Source1_Only",0.674528301886792
100,500,"Source2_Only",0.820754716981132
100,500,"Weighted",0.852201257861635
200,500,"Target_Only",0.685762426284751
200,500,"Source1_Only",0.608677337826453
200,500,"Source2_Only",0.765796124684077
200,500,"Weighted",0.765374894692502
300,500,"Target_Only",0.788002221810776
300,500,"Source1_Only",0.70264765784114
300,500,"Source2_Only",0.765228661359008
300,500,"Weighted",0.827254212182929
100,1000,"Target_Only",0.653333333333333
100,1000,"Source1_Only",0.784761904761905
100,1000,"Source2_Only",0.784761904761905
100,1000,"Weighted",0.771428571428571
200,1000,"Target_Only",0.730999146029035
200,1000,"Source1_Only",0.650725875320239
200,1000,"Source2_Only",0.760461144321093
200,1000,"Weighted",0.778821520068318
300,1000,"Target_Only",0.777015163607342
300,1000,"Source1_Only",0.715562649640862
300,1000,"Source2_Only",0.738068635275339
300,1000,"Weighted",0.802394253790902
100,100,"Target_Only",0.646766169154229
100,100,"Source1_Only",0.585406301824212
100,100,"Source2_Only",0.651741293532338
100,100,"Weighted",0.701492537313433
200,100,"Target_Only",0.7911227154047
200,100,"Source1_Only",0.659268929503916
200,100,"Source2_Only",0.744125326370757
200,100,"Weighted",0.824630113141863
300,100,"Target_Only",0.767500906782735
300,100,"Source1_Only",0.71019223793979
300,100,"Source2_Only",0.779289082335872
300,100,"Weighted",0.813202756619514
100,300,"Target_Only",0.753768844221105
100,300,"Source1_Only",0.638190954773869
100,300,"Source2_Only",0.69179229480737
100,300,"Weighted",0.723618090452261
200,300,"Target_Only",0.77999218444705
200,300,"Source1_Only",0.653380226651036
200,300,"Source2_Only",0.780382962094568
200,300,"Weighted",0.80148495506057
300,300,"Target_Only",0.741993200930399
300,300,"Source1_Only",0.629450706745393
300,300,"Source2_Only",0.764000715691537
300,300,"Weighted",0.786366076221149
100,500,"Target_Only",0.588803088803089
100,500,"Source1_Only",0.573359073359073
100,500,"Source2_Only",0.760617760617761
100,500,"Weighted",0.725868725868726
200,500,"Target_Only",0.732365981459089
200,500,"Source1_Only",0.67956469165659
200,500,"Source2_Only",0.69850866586054
200,500,"Weighted",0.758162031438936
300,500,"Target_Only",0.760432505490792
300,500,"Source1_Only",0.620544010812637
300,500,"Source2_Only",0.725798276735935
300,500,"Weighted",0.776820408852847
100,1000,"Target_Only",0.615853658536585
100,1000,"Source1_Only",0.684451219512195
100,1000,"Source2_Only",0.722560975609756
100,1000,"Weighted",0.739329268292683
200,1000,"Target_Only",0.710298000754432
200,1000,"Source1_Only",0.639004149377593
200,1000,"Source2_Only",0.766503206337231
200,1000,"Weighted",0.766503206337231
300,1000,"Target_Only",0.763249047454105
300,1000,"Source1_Only",0.621579494284725
300,1000,"Source2_Only",0.767405611361275
300,1000,"Weighted",0.79303775545549
100,100,"Target_Only",0.708527131782946
100,100,"Source1_Only",0.598449612403101
100,100,"Source2_Only",0.755038759689922
100,100,"Weighted",0.787596899224806
200,100,"Target_Only",0.764137931034483
200,100,"Source1_Only",0.618390804597701
200,100,"Source2_Only",0.760919540229885
200,100,"Weighted",0.806896551724138
300,100,"Target_Only",0.778336626549308
300,100,"Source1_Only",0.644871564576971
300,100,"Source2_Only",0.738458774923657
300,100,"Weighted",0.787677384587749
100,300,"Target_Only",0.798230088495575
100,300,"Source1_Only",0.711504424778761
100,300,"Source2_Only",0.826548672566372
100,300,"Weighted",0.814159292035398
200,300,"Target_Only",0.72976501305483
200,300,"Source1_Only",0.6940818102698
200,300,"Source2_Only",0.772845953002611
200,300,"Weighted",0.803307223672759
300,300,"Target_Only",0.742976255211166
300,300,"Source1_Only",0.707449700924415
300,300,"Source2_Only",0.751857893782853
300,300,"Weighted",0.780677904658329
100,500,"Target_Only",0.634551495016611
100,500,"Source1_Only",0.579734219269103
100,500,"Source2_Only",0.686046511627907
100,500,"Weighted",0.760797342192691
200,500,"Target_Only",0.755514018691589
200,500,"Source1_Only",0.674018691588785
200,500,"Source2_Only",0.723364485981308
200,500,"Weighted",0.802616822429907
300,500,"Target_Only",0.748685199098422
300,500,"Source1_Only",0.648760330578512
300,500,"Source2_Only",0.72389181066867
300,500,"Weighted",0.791134485349361
100,1000,"Target_Only",0.701587301587302
100,1000,"Source1_Only",0.66031746031746
100,1000,"Source2_Only",0.741269841269841
100,1000,"Weighted",0.784126984126984
200,1000,"Target_Only",0.741959064327485
200,1000,"Source1_Only",0.698464912280702
200,1000,"Source2_Only",0.766812865497076
200,1000,"Weighted",0.779605263157895
300,1000,"Target_Only",0.800110844263809
300,1000,"Source1_Only",0.697764640679845
300,1000,"Source2_Only",0.769074450397192
300,1000,"Weighted",0.84297062627009
100,100,"Target_Only",0.76537216828479
100,100,"Source1_Only",0.70873786407767
100,100,"Source2_Only",0.773462783171521
100,100,"Weighted",0.818770226537217
200,100,"Target_Only",0.752773375594295
200,100,"Source1_Only",0.660063391442155
200,100,"Source2_Only",0.693740095087163
200,100,"Weighted",0.756735340729002
300,100,"Target_Only",0.744790739091719
300,100,"Source1_Only",0.633303650934996
300,100,"Source2_Only",0.674443455031167
300,100,"Weighted",0.760641139804096
100,300,"Target_Only",0.67205169628433
100,300,"Source1_Only",0.675282714054927
100,300,"Source2_Only",0.78513731825525
100,300,"Weighted",0.831987075928918
200,300,"Target_Only",0.744444444444444
200,300,"Source1_Only",0.631481481481482
200,300,"Source2_Only",0.73037037037037
200,300,"Weighted",0.781111111111111
300,300,"Target_Only",0.805158591843848
300,300,"Source1_Only",0.703032415475776
300,300,"Source2_Only",0.7345765074939
300,300,"Weighted",0.799058905542001
100,500,"Target_Only",0.778301886792453
100,500,"Source1_Only",0.715408805031447
100,500,"Source2_Only",0.732704402515723
100,500,"Weighted",0.794025157232704
200,500,"Target_Only",0.743781094527363
200,500,"Source1_Only",0.66334991708126
200,500,"Source2_Only",0.824626865671642
200,500,"Weighted",0.83665008291874
300,500,"Target_Only",0.750412012451932
300,500,"Source1_Only",0.677531587621315
300,500,"Source2_Only",0.760666544588903
300,500,"Weighted",0.797289873649515
100,1000,"Target_Only",0.78391959798995
100,1000,"Source1_Only",0.728643216080402
100,1000,"Source2_Only",0.790619765494137
100,1000,"Weighted",0.842546063651591
200,1000,"Target_Only",0.808899483512118
200,1000,"Source1_Only",0.714342471195868
200,1000,"Source2_Only",0.802145411203814
200,1000,"Weighted",0.835518474374255
300,1000,"Target_Only",0.7302815741808
300,1000,"Source1_Only",0.630001646632636
300,1000,"Source2_Only",0.734892145562325
300,1000,"Weighted",0.771447390087272
100,100,"Target_Only",0.633928571428571
100,100,"Source1_Only",0.660714285714286
100,100,"Source2_Only",0.657738095238095
100,100,"Weighted",0.730654761904762
200,100,"Target_Only",0.788284518828452
200,100,"Source1_Only",0.631380753138075
200,100,"Source2_Only",0.715899581589958
200,100,"Weighted",0.789539748953975
300,100,"Target_Only",0.733185662505034
300,100,"Source1_Only",0.628272251308901
300,100,"Source2_Only",0.756544502617801
300,100,"Weighted",0.780306081353202
100,300,"Target_Only",0.657643312101911
100,300,"Source1_Only",0.64968152866242
100,300,"Source2_Only",0.64171974522293
100,300,"Weighted",0.714968152866242
200,300,"Target_Only",0.753600622810432
200,300,"Source1_Only",0.640716231996886
200,300,"Source2_Only",0.813156870377579
200,300,"Weighted",0.815103152977812
300,300,"Target_Only",0.774814314652262
300,300,"Source1_Only",0.704591492234976
300,300,"Source2_Only",0.788487508440243
300,300,"Weighted",0.834740040513167
100,500,"Target_Only",0.6677471636953
100,500,"Source1_Only",0.748784440842788
100,500,"Source2_Only",0.774716369529984
100,500,"Weighted",0.779578606158833
200,500,"Target_Only",0.776250880902044
200,500,"Source1_Only",0.58985200845666
200,500,"Source2_Only",0.79245947850599
200,500,"Weighted",0.809020436927414
300,500,"Target_Only",0.801392451447417
300,500,"Source1_Only",0.67478930010993
300,500,"Source2_Only",0.760168559912056
300,500,"Weighted",0.816599486991572
100,1000,"Target_Only",0.650695517774343
100,1000,"Source1_Only",0.658423493044822
100,1000,"Source2_Only",0.791344667697063
100,1000,"Weighted",0.873261205564142
200,1000,"Target_Only",0.766207455429498
200,1000,"Source1_Only",0.658022690437601
200,1000,"Source2_Only",0.779983792544571
200,1000,"Weighted",0.820907617504052
300,1000,"Target_Only",0.784282419726805
300,1000,"Source1_Only",0.697179350718467
300,1000,"Source2_Only",0.757317722192656
300,1000,"Weighted",0.807876530069186
100,100,"Target_Only",0.702276707530648
100,100,"Source1_Only",0.644483362521891
100,100,"Source2_Only",0.768826619964974
100,100,"Weighted",0.774080560420315
200,100,"Target_Only",0.672487388436166
200,100,"Source1_Only",0.683740783857198
200,100,"Source2_Only",0.691501746216531
200,100,"Weighted",0.73069460613116
300,100,"Target_Only",0.770698576972833
300,100,"Source1_Only",0.651034928848642
300,100,"Source2_Only",0.798835705045278
300,100,"Weighted",0.826164294954722
100,300,"Target_Only",0.72005772005772
100,300,"Source1_Only",0.772005772005772
100,300,"Source2_Only",0.793650793650794
100,300,"Weighted",0.836940836940837
200,300,"Target_Only",0.753267326732673
200,300,"Source1_Only",0.653861386138614
200,300,"Source2_Only",0.738217821782178
200,300,"Weighted",0.773069306930693
300,300,"Target_Only",0.7580204778157
300,300,"Source1_Only",0.685665529010239
300,300,"Source2_Only",0.75938566552901
300,300,"Weighted",0.8
100,500,"Target_Only",0.770343580470163
100,500,"Source1_Only",0.707052441229656
100,500,"Source2_Only",0.810126582278481
100,500,"Weighted",0.811934900542495
200,500,"Target_Only",0.722751322751323
200,500,"Source1_Only",0.694179894179894
200,500,"Source2_Only",0.791887125220459
200,500,"Weighted",0.788007054673721
300,500,"Target_Only",0.780412183111435
300,500,"Source1_Only",0.64672624475652
300,500,"Source2_Only",0.785154112712019
300,500,"Weighted",0.815247127484954
100,1000,"Target_Only",0.619651347068146
100,1000,"Source1_Only",0.776545166402536
100,1000,"Source2_Only",0.768621236133122
100,1000,"Weighted",0.809825673534073
200,1000,"Target_Only",0.66626213592233
200,1000,"Source1_Only",0.677993527508091
200,1000,"Source2_Only",0.772653721682848
200,1000,"Weighted",0.781553398058252
300,1000,"Target_Only",0.772170965919789
300,1000,"Source1_Only",0.737337601205046
300,1000,"Source2_Only",0.802297119186594
300,1000,"Weighted",0.832423272453399
100,100,"Target_Only",0.739967897271268
100,100,"Source1_Only",0.611556982343499
100,100,"Source2_Only",0.683788121990369
100,100,"Weighted",0.768860353130016
200,100,"Target_Only",0.778908794788274
200,100,"Source1_Only",0.712133550488599
200,100,"Source2_Only",0.756921824104235
200,100,"Weighted",0.810260586319218
300,100,"Target_Only",0.759605026929982
300,100,"Source1_Only",0.664991023339318
300,100,"Source2_Only",0.699461400359066
300,100,"Weighted",0.772710951526032
100,300,"Target_Only",0.781362007168459
100,300,"Source1_Only",0.741935483870968
100,300,"Source2_Only",0.813620071684588
100,300,"Weighted",0.870967741935484
200,300,"Target_Only",0.787741203178207
200,300,"Source1_Only",0.620506999621642
200,300,"Source2_Only",0.774498675747257
200,300,"Weighted",0.813847900113507
300,300,"Target_Only",0.718560741004631
300,300,"Source1_Only",0.591022443890274
300,300,"Source2_Only",0.765586034912718
300,300,"Weighted",0.789454934093338
100,500,"Target_Only",0.746031746031746
100,500,"Source1_Only",0.686868686868687
100,500,"Source2_Only",0.722943722943723
100,500,"Weighted",0.776334776334776
200,500,"Target_Only",0.755126658624849
200,500,"Source1_Only",0.665460394049055
200,500,"Source2_Only",0.721351025331725
200,500,"Weighted",0.757137112987535
300,500,"Target_Only",0.753118503118503
300,500,"Source1_Only",0.630977130977131
300,500,"Source2_Only",0.75970200970201
300,500,"Weighted",0.775121275121275
100,1000,"Target_Only",0.706153846153846
100,1000,"Source1_Only",0.635384615384615
100,1000,"Source2_Only",0.775384615384615
100,1000,"Weighted",0.769230769230769
200,1000,"Target_Only",0.726782752902156
200,1000,"Source1_Only",0.696102819237148
200,1000,"Source2_Only",0.799336650082919
200,1000,"Weighted",0.803482587064677
300,1000,"Target_Only",0.749074074074074
300,1000,"Source1_Only",0.661481481481481
300,1000,"Source2_Only",0.737222222222222
300,1000,"Weighted",0.788518518518519
100,100,"Target_Only",0.684418145956607
100,100,"Source1_Only",0.694280078895464
100,100,"Source2_Only",0.83629191321499
100,100,"Weighted",0.788954635108481
200,100,"Target_Only",0.614303431169905
200,100,"Source1_Only",0.687474162877222
200,100,"Source2_Only",0.717238528317487
200,100,"Weighted",0.704423315419595
300,100,"Target_Only",0.742519019442096
300,100,"Source1_Only",0.636517328825021
300,100,"Source2_Only",0.67658495350803
300,100,"Weighted",0.740828402366864
100,300,"Target_Only",0.662751677852349
100,300,"Source1_Only",0.664429530201342
100,300,"Source2_Only",0.682885906040268
100,300,"Weighted",0.743288590604027
200,300,"Target_Only",0.798543689320388
200,300,"Source1_Only",0.686893203883495
200,300,"Source2_Only",0.733009708737864
200,300,"Weighted",0.834142394822006
300,300,"Target_Only",0.707066869300912
300,300,"Source1_Only",0.688449848024316
300,300,"Source2_Only",0.719984802431611
300,300,"Weighted",0.790843465045593
100,500,"Target_Only",0.741258741258741
100,500,"Source1_Only",0.659090909090909
100,500,"Source2_Only",0.802447552447553
100,500,"Weighted",0.835664335664336
200,500,"Target_Only",0.710011082379017
200,500,"Source1_Only",0.69634281492427
200,500,"Source2_Only",0.715921684521611
200,500,"Weighted",0.76025120059106
300,500,"Target_Only",0.74316082941279
300,500,"Source1_Only",0.680954870186444
300,500,"Source2_Only",0.794563512807109
300,500,"Weighted",0.805366788639136
100,1000,"Target_Only",0.725
100,1000,"Source1_Only",0.705882352941176
100,1000,"Source2_Only",0.745588235294118
100,1000,"Weighted",0.797058823529412
200,1000,"Target_Only",0.764588329336531
200,1000,"Source1_Only",0.723820943245404
200,1000,"Source2_Only",0.789768185451639
200,1000,"Weighted",0.809752198241407
300,1000,"Target_Only",0.679030481087036
300,1000,"Source1_Only",0.649283878075652
300,1000,"Source2_Only",0.729159015791407
300,1000,"Weighted",0.744766801322071
100,100,"Target_Only",0.675392670157068
100,100,"Source1_Only",0.649214659685864
100,100,"Source2_Only",0.746945898778359
100,100,"Weighted",0.764397905759162
200,100,"Target_Only",0.750214592274678
200,100,"Source1_Only",0.628326180257511
200,100,"Source2_Only",0.710300429184549
200,100,"Weighted",0.755793991416309
300,100,"Target_Only",0.776205450733753
300,100,"Source1_Only",0.649196366177498
300,100,"Source2_Only",0.738819007686932
300,100,"Weighted",0.782320055904962
100,300,"Target_Only",0.723372781065089
100,300,"Source1_Only",0.670118343195266
100,300,"Source2_Only",0.742603550295858
100,300,"Weighted",0.751479289940828
200,300,"Target_Only",0.747822794396062
200,300,"Source1_Only",0.677016281711473
200,300,"Source2_Only",0.702006815600151
200,300,"Weighted",0.772056039379023
300,300,"Target_Only",0.743611584327087
300,300,"Source1_Only",0.740034071550256
300,300,"Source2_Only",0.777512776831346
300,300,"Weighted",0.815672913117547
100,500,"Target_Only",0.703759398496241
100,500,"Source1_Only",0.637593984962406
100,500,"Source2_Only",0.733834586466165
100,500,"Weighted",0.759398496240602
200,500,"Target_Only",0.788149350649351
200,500,"Source1_Only",0.695211038961039
200,500,"Source2_Only",0.762987012987013
200,500,"Weighted",0.803571428571429
300,500,"Target_Only",0.764841805901173
300,500,"Source1_Only",0.650551013153217
300,500,"Source2_Only",0.760220405261287
300,500,"Weighted",0.809633842872378
100,1000,"Target_Only",0.664015904572565
100,1000,"Source1_Only",0.608349900596421
100,1000,"Source2_Only",0.727634194831014
100,1000,"Weighted",0.713717693836978
200,1000,"Target_Only",0.775049504950495
200,1000,"Source1_Only",0.680792079207921
200,1000,"Source2_Only",0.784554455445545
200,1000,"Weighted",0.809108910891089
300,1000,"Target_Only",0.767109957833279
300,1000,"Source1_Only",0.670613039247486
300,1000,"Source2_Only",0.78803113850146
300,1000,"Weighted",0.798734998378203
100,100,"Target_Only",0.771558245083207
100,100,"Source1_Only",0.718608169440242
100,100,"Source2_Only",0.777609682299546
100,100,"Weighted",0.792738275340393
200,100,"Target_Only",0.67953821656051
200,100,"Source1_Only",0.667993630573248
200,100,"Source2_Only",0.702627388535032
200,100,"Weighted",0.753582802547771
300,100,"Target_Only",0.763205529043936
300,100,"Source1_Only",0.665295376007899
300,100,"Source2_Only",0.740990620371894
300,100,"Weighted",0.770610498601284
100,300,"Target_Only",0.731666666666667
100,300,"Source1_Only",0.561666666666667
100,300,"Source2_Only",0.76
100,300,"Weighted",0.793333333333333
200,300,"Target_Only",0.710586443259711
200,300,"Source1_Only",0.667936024371668
200,300,"Source2_Only",0.715917745620716
200,300,"Weighted",0.757044935262757
300,300,"Target_Only",0.752778842468379
300,300,"Source1_Only",0.662706017631276
300,300,"Source2_Only",0.74243004982752
300,300,"Weighted",0.802223073974703
100,500,"Target_Only",0.727692307692308
100,500,"Source1_Only",0.695384615384615
100,500,"Source2_Only",0.818461538461538
100,500,"Weighted",0.838461538461538
200,500,"Target_Only",0.781613809714974
200,500,"Source1_Only",0.7213970293055
200,500,"Source2_Only",0.712565234845444
200,500,"Weighted",0.806503412284223
300,500,"Target_Only",0.72520966946226
300,500,"Source1_Only",0.627857260319026
300,500,"Source2_Only",0.713205064956422
300,500,"Weighted",0.740503206709423
100,1000,"Target_Only",0.640599001663893
100,1000,"Source1_Only",0.680532445923461
100,1000,"Source2_Only",0.628951747088186
100,1000,"Weighted",0.707154742096506
200,1000,"Target_Only",0.726793676530199
200,1000,"Source1_Only",0.777867855695176
200,1000,"Source2_Only",0.709971625456019
200,1000,"Weighted",0.806647750304013
300,1000,"Target_Only",0.738809899947341
300,1000,"Source1_Only",0.651571002281903
300,1000,"Source2_Only",0.761628927505705
300,1000,"Weighted",0.777953308758996
100,100,"Target_Only",0.673192771084337
100,100,"Source1_Only",0.646084337349398
100,100,"Source2_Only",0.737951807228916
100,100,"Weighted",0.772590361445783
200,100,"Target_Only",0.769108910891089
200,100,"Source1_Only",0.746138613861386
200,100,"Source2_Only",0.714455445544554
200,100,"Weighted",0.795247524752475
300,100,"Target_Only",0.687611249555002
300,100,"Source1_Only",0.591135635457458
300,100,"Source2_Only",0.646137415450338
300,100,"Weighted",0.701673193307227
100,300,"Target_Only",0.707241910631741
100,300,"Source1_Only",0.668721109399075
100,300,"Source2_Only",0.674884437596302
100,300,"Weighted",0.768875192604006
200,300,"Target_Only",0.721906923950057
200,300,"Source1_Only",0.651532349602724
200,300,"Source2_Only",0.779417328793038
200,300,"Weighted",0.795686719636776
300,300,"Target_Only",0.711045192811028
300,300,"Source1_Only",0.628162624323853
300,300,"Source2_Only",0.764787995114291
300,300,"Weighted",0.772291048682603
100,500,"Target_Only",0.736156351791531
100,500,"Source1_Only",0.701954397394137
100,500,"Source2_Only",0.809446254071661
100,500,"Weighted",0.791530944625407
200,500,"Target_Only",0.735294117647059
200,500,"Source1_Only",0.741978609625668
200,500,"Source2_Only",0.683600713012478
200,500,"Weighted",0.784313725490196
300,500,"Target_Only",0.721982386461751
300,500,"Source1_Only",0.654291141426351
300,500,"Source2_Only",0.68848212743913
300,500,"Weighted",0.755655327231912
100,1000,"Target_Only",0.723809523809524
100,1000,"Source1_Only",0.792063492063492
100,1000,"Source2_Only",0.741269841269841
100,1000,"Weighted",0.796825396825397
200,1000,"Target_Only",0.737480438184664
200,1000,"Source1_Only",0.719483568075117
200,1000,"Source2_Only",0.772691705790297
200,1000,"Weighted",0.805164319248826
300,1000,"Target_Only",0.764765611778643
300,1000,"Source1_Only",0.680995092232188
300,1000,"Source2_Only",0.779319681841259
300,1000,"Weighted",0.807581655102386
100,100,"Target_Only",0.785928143712575
100,100,"Source1_Only",0.525449101796407
100,100,"Source2_Only",0.654191616766467
100,100,"Weighted",0.778443113772455
200,100,"Target_Only",0.789995866060356
200,100,"Source1_Only",0.726333195535345
200,100,"Source2_Only",0.720132286068623
200,100,"Weighted",0.802397684993799
300,100,"Target_Only",0.790413533834586
300,100,"Source1_Only",0.619924812030075
300,100,"Source2_Only",0.709962406015038
300,100,"Weighted",0.802631578947368
100,300,"Target_Only",0.551724137931034
100,300,"Source1_Only",0.704980842911877
100,300,"Source2_Only",0.689655172413793
100,300,"Weighted",0.737547892720307
200,300,"Target_Only",0.772166998011928
200,300,"Source1_Only",0.699005964214712
200,300,"Source2_Only",0.726043737574553
200,300,"Weighted",0.791650099403579
300,300,"Target_Only",0.785825142265908
300,300,"Source1_Only",0.63407484048974
300,300,"Source2_Only",0.769615450939817
300,300,"Weighted",0.802552164166236
100,500,"Target_Only",0.637546468401487
100,500,"Source1_Only",0.680297397769517
100,500,"Source2_Only",0.737918215613383
100,500,"Weighted",0.721189591078067
200,500,"Target_Only",0.73604826546003
200,500,"Source1_Only",0.660633484162896
200,500,"Source2_Only",0.711538461538462
200,500,"Weighted",0.750377073906486
300,500,"Target_Only",0.725647899910634
300,500,"Source1_Only",0.692582663092046
300,500,"Source2_Only",0.712421805183199
300,500,"Weighted",0.768007149240393
100,1000,"Target_Only",0.678807947019868
100,1000,"Source1_Only",0.640728476821192
100,1000,"Source2_Only",0.718543046357616
100,1000,"Weighted",0.730132450331126
200,1000,"Target_Only",0.67394578313253
200,1000,"Source1_Only",0.69164156626506
200,1000,"Source2_Only",0.770331325301205
200,1000,"Weighted",0.805722891566265
300,1000,"Target_Only",0.72806869843408
300,1000,"Source1_Only",0.669978110793063
300,1000,"Source2_Only",0.746421956558343
300,1000,"Weighted",0.774877925576696
100,100,"Target_Only",0.8
100,100,"Source1_Only",0.707575757575758
100,100,"Source2_Only",0.743939393939394
100,100,"Weighted",0.816666666666667
200,100,"Target_Only",0.731668648434403
200,100,"Source1_Only",0.713436385255648
200,100,"Source2_Only",0.692826000792707
200,100,"Weighted",0.758620689655172
300,100,"Target_Only",0.749229374433364
300,100,"Source1_Only",0.619401631912965
300,100,"Source2_Only",0.739981867633726
300,100,"Weighted",0.793834995466908
100,300,"Target_Only",0.729430379746835
100,300,"Source1_Only",0.522151898734177
100,300,"Source2_Only",0.686708860759494
100,300,"Weighted",0.71993670886076
200,300,"Target_Only",0.765015015015015
200,300,"Source1_Only",0.684309309309309
200,300,"Source2_Only",0.728603603603604
200,300,"Weighted",0.776651651651652
300,300,"Target_Only",0.809702767338572
300,300,"Source1_Only",0.702767338571917
300,300,"Source2_Only",0.757772463272976
300,300,"Weighted",0.820635462931329
100,500,"Target_Only",0.688524590163934
100,500,"Source1_Only",0.688524590163934
100,500,"Source2_Only",0.760655737704918
100,500,"Weighted",0.80327868852459
200,500,"Target_Only",0.780988274706868
200,500,"Source1_Only",0.595477386934673
200,500,"Source2_Only",0.800251256281407
200,500,"Weighted",0.793551088777219
300,500,"Target_Only",0.757787325456498
300,500,"Source1_Only",0.63515932688865
300,500,"Source2_Only",0.728428213390619
300,500,"Weighted",0.77515216612961
100,1000,"Target_Only",0.728228228228228
100,1000,"Source1_Only",0.63963963963964
100,1000,"Source2_Only",0.75975975975976
100,1000,"Weighted",0.794294294294294
200,1000,"Target_Only",0.716375457131248
200,1000,"Source1_Only",0.709874034945144
200,1000,"Source2_Only",0.815522145469321
200,1000,"Weighted",0.775294595692808
300,1000,"Target_Only",0.702344019303688
300,1000,"Source1_Only",0.716477076870045
300,1000,"Source2_Only",0.709755256807997
300,1000,"Weighted",0.764046880386074
100,100,"Target_Only",0.745166959578207
100,100,"Source1_Only",0.525483304042179
100,100,"Source2_Only",0.738137082601054
100,100,"Weighted",0.768014059753954
200,100,"Target_Only",0.728601997146933
200,100,"Source1_Only",0.629457917261056
200,100,"Source2_Only",0.720399429386591
200,100,"Weighted",0.775320970042796
300,100,"Target_Only",0.750415973377704
300,100,"Source1_Only",0.585524126455907
300,100,"Source2_Only",0.697337770382696
300,100,"Weighted",0.766056572379368
100,300,"Target_Only",0.730769230769231
100,300,"Source1_Only",0.667692307692308
100,300,"Source2_Only",0.726153846153846
100,300,"Weighted",0.778461538461539
200,300,"Target_Only",0.717693836978131
200,300,"Source1_Only",0.622664015904573
200,300,"Source2_Only",0.788071570576541
200,300,"Weighted",0.781709741550696
300,300,"Target_Only",0.690463692038495
300,300,"Source1_Only",0.608398950131234
300,300,"Source2_Only",0.729658792650919
300,300,"Weighted",0.733333333333333
100,500,"Target_Only",0.692982456140351
100,500,"Source1_Only",0.62719298245614
100,500,"Source2_Only",0.747076023391813
100,500,"Weighted",0.735380116959064
200,500,"Target_Only",0.75162074554295
200,500,"Source1_Only",0.6677471636953
200,500,"Source2_Only",0.715964343598055
200,500,"Weighted",0.778768233387358
300,500,"Target_Only",0.768048359240069
300,500,"Source1_Only",0.736096718480138
300,500,"Source2_Only",0.803281519861831
300,500,"Weighted",0.81727115716753
100,1000,"Target_Only",0.75177304964539
100,1000,"Source1_Only",0.641843971631206
100,1000,"Source2_Only",0.654255319148936
100,1000,"Weighted",0.75886524822695
200,1000,"Target_Only",0.683631921824104
200,1000,"Source1_Only",0.68485342019544
200,1000,"Source2_Only",0.72557003257329
200,1000,"Weighted",0.746335504885993
300,1000,"Target_Only",0.728040201005025
300,1000,"Source1_Only",0.646834170854271
300,1000,"Source2_Only",0.756180904522613
300,1000,"Weighted",0.781507537688442
100,100,"Target_Only",0.709323583180987
100,100,"Source1_Only",0.544789762340037
100,100,"Source2_Only",0.561243144424132
100,100,"Weighted",0.658135283363803
200,100,"Target_Only",0.753418980522172
200,100,"Source1_Only",0.689183588893494
200,100,"Source2_Only",0.721922917530046
200,100,"Weighted",0.774140074595939
300,100,"Target_Only",0.765564692062427
300,100,"Source1_Only",0.655311293841249
300,100,"Source2_Only",0.734519214633328
300,100,"Weighted",0.783185098170834
100,300,"Target_Only",0.639175257731959
100,300,"Source1_Only",0.544918998527246
100,300,"Source2_Only",0.764359351988218
100,300,"Weighted",0.721649484536082
200,300,"Target_Only",0.677001569858713
200,300,"Source1_Only",0.687990580847724
200,300,"Source2_Only",0.710361067503925
200,300,"Weighted",0.753139717425432
300,300,"Target_Only",0.765616362631288
300,300,"Source1_Only",0.640501197715128
300,300,"Source2_Only",0.778699097107057
300,300,"Weighted",0.79657269209508
100,500,"Target_Only",0.731147540983607
100,500,"Source1_Only",0.639344262295082
100,500,"Source2_Only",0.783606557377049
100,500,"Weighted",0.79344262295082
200,500,"Target_Only",0.764218009478673
200,500,"Source1_Only",0.696287519747235
200,500,"Source2_Only",0.765007898894155
200,500,"Weighted",0.794628751974723
300,500,"Target_Only",0.784963768115942
300,500,"Source1_Only",0.677717391304348
300,500,"Source2_Only",0.778442028985507
300,500,"Weighted",0.834963768115942
100,1000,"Target_Only",0.671009771986971
100,1000,"Source1_Only",0.54885993485342
100,1000,"Source2_Only",0.788273615635179
100,1000,"Weighted",0.734527687296417
200,1000,"Target_Only",0.728617106314948
200,1000,"Source1_Only",0.690247801758593
200,1000,"Source2_Only",0.764588329336531
200,1000,"Weighted",0.815347721822542
300,1000,"Target_Only",0.76108702900967
300,1000,"Source1_Only",0.64704901633878
300,1000,"Source2_Only",0.791097032344115
300,1000,"Weighted",0.802267422474158
100,100,"Target_Only",0.63768115942029
100,100,"Source1_Only",0.774557165861514
100,100,"Source2_Only",0.721417069243156
100,100,"Weighted",0.790660225442834
200,100,"Target_Only",0.752843062926459
200,100,"Source1_Only",0.661865049279757
200,100,"Source2_Only",0.73502653525398
200,100,"Weighted",0.766489764973465
300,100,"Target_Only",0.783309455587393
300,100,"Source1_Only",0.606196275071633
300,100,"Source2_Only",0.700393982808023
300,100,"Weighted",0.784383954154728
100,300,"Target_Only",0.721212121212121
100,300,"Source1_Only",0.731818181818182
100,300,"Source2_Only",0.804545454545455
100,300,"Weighted",0.801515151515152
200,300,"Target_Only",0.781753834054267
200,300,"Source1_Only",0.696028313016123
200,300,"Source2_Only",0.839166338969721
200,300,"Weighted",0.841918993314982
300,300,"Target_Only",0.76348255199154
300,300,"Source1_Only",0.666725414169898
300,300,"Source2_Only",0.770179767359887
300,300,"Weighted",0.808248149453648
100,500,"Target_Only",0.732522796352584
100,500,"Source1_Only",0.665653495440729
100,500,"Source2_Only",0.752279635258359
100,500,"Weighted",0.759878419452888
200,500,"Target_Only",0.762809917355372
200,500,"Source1_Only",0.756198347107438
200,500,"Source2_Only",0.741735537190083
200,500,"Weighted",0.804545454545455
300,500,"Target_Only",0.76105886450714
300,500,"Source1_Only",0.693138279345176
300,500,"Source2_Only",0.788923719958203
300,500,"Weighted",0.83611981887844
100,1000,"Target_Only",0.696869851729819
100,1000,"Source1_Only",0.635914332784185
100,1000,"Source2_Only",0.782537067545305
100,1000,"Weighted",0.741350906095552
200,1000,"Target_Only",0.739715494040754
200,1000,"Source1_Only",0.690503652441369
200,1000,"Source2_Only",0.713187235678585
200,1000,"Weighted",0.765859284890427
300,1000,"Target_Only",0.781568765388674
300,1000,"Source1_Only",0.674111853675695
300,1000,"Source2_Only",0.740415054519873
300,1000,"Weighted",0.813049595497714
100,100,"Target_Only",0.613356766256591
100,100,"Source1_Only",0.662565905096661
100,100,"Source2_Only",0.701230228471002
100,100,"Weighted",0.727592267135325
200,100,"Target_Only",0.767272727272727
200,100,"Source1_Only",0.684363636363636
200,100,"Source2_Only",0.726545454545455
200,100,"Weighted",0.783636363636364
300,100,"Target_Only",0.759833242704368
300,100,"Source1_Only",0.619358346927678
300,100,"Source2_Only",0.671016856987493
300,100,"Weighted",0.769439912996194
100,300,"Target_Only",0.714529914529915
100,300,"Source1_Only",0.721367521367521
100,300,"Source2_Only",0.694017094017094
100,300,"Weighted",0.736752136752137
200,300,"Target_Only",0.717741935483871
200,300,"Source1_Only",0.69047619047619
200,300,"Source2_Only",0.777265745007681
200,300,"Weighted",0.801459293394777
300,300,"Target_Only",0.811375613301835
300,300,"Source1_Only",0.734145011811739
300,300,"Source2_Only",0.779211339269489
300,300,"Weighted",0.844993639832818
100,500,"Target_Only",0.685314685314685
100,500,"Source1_Only",0.618881118881119
100,500,"Source2_Only",0.748251748251748
100,500,"Weighted",0.722027972027972
200,500,"Target_Only",0.657872340425532
200,500,"Source1_Only",0.597446808510638
200,500,"Source2_Only",0.702553191489362
200,500,"Weighted",0.72
300,500,"Target_Only",0.735393448159406
300,500,"Source1_Only",0.623438027693347
300,500,"Source2_Only",0.749746707193516
300,500,"Weighted",0.767646065518406
100,1000,"Target_Only",0.642405063291139
100,1000,"Source1_Only",0.708860759493671
100,1000,"Source2_Only",0.718354430379747
100,1000,"Weighted",0.77373417721519
200,1000,"Target_Only",0.748217636022514
200,1000,"Source1_Only",0.691932457786116
200,1000,"Source2_Only",0.777485928705441
200,1000,"Weighted",0.798499061913696
300,1000,"Target_Only",0.774647887323944
300,1000,"Source1_Only",0.695293713500515
300,1000,"Source2_Only",0.798007557540364
300,1000,"Weighted",0.812092064582618
100,100,"Target_Only",0.68251273344652
100,100,"Source1_Only",0.692699490662139
100,100,"Source2_Only",0.66044142614601
100,100,"Weighted",0.777589134125637
200,100,"Target_Only",0.745588235294118
200,100,"Source1_Only",0.689705882352941
200,100,"Source2_Only",0.693014705882353
200,100,"Weighted",0.754411764705882
300,100,"Target_Only",0.764404383174267
300,100,"Source1_Only",0.604984093319194
300,100,"Source2_Only",0.784729586426299
300,100,"Weighted",0.790031813361612
100,300,"Target_Only",0.713859910581222
100,300,"Source1_Only",0.652757078986587
100,300,"Source2_Only",0.734724292101341
100,300,"Weighted",0.76602086438152
200,300,"Target_Only",0.790992566681242
200,300,"Source1_Only",0.731526016615654
200,300,"Source2_Only",0.783996501967643
200,300,"Weighted",0.825972890249235
300,300,"Target_Only",0.769682510552395
300,300,"Source1_Only",0.672783997063681
300,300,"Source2_Only",0.753349238392366
300,300,"Weighted",0.796476417691319
100,500,"Target_Only",0.693478260869565
100,500,"Source1_Only",0.623913043478261
100,500,"Source2_Only",0.884782608695652
100,500,"Weighted",0.823913043478261
200,500,"Target_Only",0.763786365610074
200,500,"Source1_Only",0.643074250976987
200,500,"Source2_Only",0.726877985236648
200,500,"Weighted",0.816760746851932
300,500,"Target_Only",0.703589347742185
300,500,"Source1_Only",0.664222307989193
300,500,"Source2_Only",0.771709764569664
300,500,"Weighted",0.768622153608645
100,1000,"Target_Only",0.625207296849088
100,1000,"Source1_Only",0.708126036484245
100,1000,"Source2_Only",0.766169154228856
100,1000,"Weighted",0.742951907131012
200,1000,"Target_Only",0.71401728673431
200,1000,"Source1_Only",0.656144306651635
200,1000,"Source2_Only",0.717775272453965
200,1000,"Weighted",0.760616309658023
300,1000,"Target_Only",0.810917180013689
300,1000,"Source1_Only",0.715434633812457
300,1000,"Source2_Only",0.819301848049281
300,1000,"Weighted",0.844626967830253
100,100,"Target_Only",0.666666666666667
100,100,"Source1_Only",0.690721649484536
100,100,"Source2_Only",0.616838487972509
100,100,"Weighted",0.707903780068729
200,100,"Target_Only",0.710978342046303
200,100,"Source1_Only",0.533980582524272
200,100,"Source2_Only",0.693427931292009
200,100,"Weighted",0.731516056758775
300,100,"Target_Only",0.738110236220472
300,100,"Source1_Only",0.645354330708661
300,100,"Source2_Only",0.687716535433071
300,100,"Weighted",0.736062992125984
100,300,"Target_Only",0.71551724137931
100,300,"Source1_Only",0.59051724137931
100,300,"Source2_Only",0.760775862068966
100,300,"Weighted",0.743534482758621
200,300,"Target_Only",0.760697305863708
200,300,"Source1_Only",0.66838351822504
200,300,"Source2_Only",0.700871632329636
200,300,"Weighted",0.775356576862124
300,300,"Target_Only",0.734008019858698
300,300,"Source1_Only",0.639870154668703
300,300,"Source2_Only",0.755585258735918
300,300,"Weighted",0.773343517280886
100,500,"Target_Only",0.780898876404494
100,500,"Source1_Only",0.705056179775281
100,500,"Source2_Only",0.838483146067416
100,500,"Weighted",0.834269662921348
200,500,"Target_Only",0.793103448275862
200,500,"Source1_Only",0.729686880697582
200,500,"Source2_Only",0.782798256044392
200,500,"Weighted",0.837891399128022
300,500,"Target_Only",0.739860851858137
300,500,"Source1_Only",0.615815374172747
300,500,"Source2_Only",0.74732733751909
300,500,"Weighted",0.786865772950959
100,1000,"Target_Only",0.675078864353312
100,1000,"Source1_Only",0.651419558359621
100,1000,"Source2_Only",0.67192429022082
100,1000,"Weighted",0.738170347003155
200,1000,"Target_Only",0.706396503774334
200,1000,"Source1_Only",0.636869288835916
200,1000,"Source2_Only",0.77274533174414
200,1000,"Weighted",0.787842669845054
300,1000,"Target_Only",0.715998629667694
300,1000,"Source1_Only",0.696128811236725
300,1000,"Source2_Only",0.761904761904762
300,1000,"Weighted",0.787255909558068
100,100,"Target_Only",0.630323679727428
100,100,"Source1_Only",0.633730834752981
100,100,"Source2_Only",0.676320272572402
100,100,"Weighted",0.713798977853492
200,100,"Target_Only",0.757300710339384
200,100,"Source1_Only",0.581689029202841
200,100,"Source2_Only",0.760852407261247
200,100,"Weighted",0.785319652722968
300,100,"Target_Only",0.761541193181818
300,100,"Source1_Only",0.659268465909091
300,100,"Source2_Only",0.788529829545455
300,100,"Weighted",0.818892045454545
100,300,"Target_Only",0.635607321131448
100,300,"Source1_Only",0.717138103161398
100,300,"Source2_Only",0.695507487520799
100,300,"Weighted",0.723793677204659
200,300,"Target_Only",0.724586288416076
200,300,"Source1_Only",0.617809298660362
200,300,"Source2_Only",0.697005516154452
200,300,"Weighted",0.756895193065406
300,300,"Target_Only",0.764606836167705
300,300,"Source1_Only",0.629567267216703
300,300,"Source2_Only",0.758040074086547
300,300,"Weighted",0.799629567267217
100,500,"Target_Only",0.761627906976744
100,500,"Source1_Only",0.656976744186047
100,500,"Source2_Only",0.720930232558139
100,500,"Weighted",0.809593023255814
200,500,"Target_Only",0.767540152155537
200,500,"Source1_Only",0.675401521555368
200,500,"Source2_Only",0.809805579036348
200,500,"Weighted",0.817413355874894
300,500,"Target_Only",0.782001414427157
300,500,"Source1_Only",0.689002828854314
300,500,"Source2_Only",0.768387553041018
300,500,"Weighted",0.818953323903819
100,1000,"Target_Only",0.669902912621359
100,1000,"Source1_Only",0.633009708737864
100,1000,"Source2_Only",0.790291262135922
100,1000,"Weighted",0.741747572815534
200,1000,"Target_Only",0.683908045977011
200,1000,"Source1_Only",0.669129720853859
200,1000,"Source2_Only",0.785714285714286
200,1000,"Weighted",0.745484400656814
300,1000,"Target_Only",0.760598953635216
300,1000,"Source1_Only",0.66786938480967
300,1000,"Source2_Only",0.767634854771784
300,1000,"Weighted",0.807865776655241
100,100,"Target_Only",0.64349376114082
100,100,"Source1_Only",0.704099821746881
100,100,"Source2_Only",0.659536541889483
100,100,"Weighted",0.709447415329768
200,100,"Target_Only",0.791239147592739
200,100,"Source1_Only",0.696921862667719
200,100,"Source2_Only",0.791633780584057
200,100,"Weighted",0.820047355958958
300,100,"Target_Only",0.765741244783161
300,100,"Source1_Only",0.683723462166576
300,100,"Source2_Only",0.685175104336781
300,100,"Weighted",0.779350390128833
100,300,"Target_Only",0.5625
100,300,"Source1_Only",0.5328125
100,300,"Source2_Only",0.675
100,300,"Weighted",0.6484375
200,300,"Target_Only",0.682475884244373
200,300,"Source1_Only",0.602491961414791
200,300,"Source2_Only",0.771704180064309
200,300,"Weighted",0.763665594855305
300,300,"Target_Only",0.787478785593061
300,300,"Source1_Only",0.67791815953234
300,300,"Source2_Only",0.72939845370545
300,300,"Weighted",0.815764661512351
100,500,"Target_Only",0.816363636363636
100,500,"Source1_Only",0.605454545454545
100,500,"Source2_Only",0.769090909090909
100,500,"Weighted",0.867272727272727
200,500,"Target_Only",0.7539975399754
200,500,"Source1_Only",0.672406724067241
200,500,"Source2_Only",0.815908159081591
200,500,"Weighted",0.809348093480935
300,500,"Target_Only",0.754536290322581
300,500,"Source1_Only",0.666162634408602
300,500,"Source2_Only",0.694052419354839
300,500,"Weighted",0.776881720430108
100,1000,"Target_Only",0.725321888412017
100,1000,"Source1_Only",0.733905579399142
100,1000,"Source2_Only",0.802575107296137
100,1000,"Weighted",0.832618025751073
200,1000,"Target_Only",0.671027318199307
200,1000,"Source1_Only",0.61716044632551
200,1000,"Source2_Only",0.757983839938438
200,1000,"Weighted",0.74836475567526
300,1000,"Target_Only",0.757447528774543
300,1000,"Source1_Only",0.612897765741368
300,1000,"Source2_Only",0.795870006770481
300,1000,"Weighted",0.814827352742045
100,100,"Target_Only",0.794908062234795
100,100,"Source1_Only",0.639321074964639
100,100,"Source2_Only",0.691654879773692
100,100,"Weighted",0.779349363507779
200,100,"Target_Only",0.665920954511559
200,100,"Source1_Only",0.657345264727815
200,100,"Source2_Only",0.667412378821775
200,100,"Weighted",0.729306487695749
300,100,"Target_Only",0.741659070191431
300,100,"Source1_Only",0.704466727438469
300,100,"Source2_Only",0.712670920692799
300,100,"Weighted",0.782680036463081
100,300,"Target_Only",0.700525394045534
100,300,"Source1_Only",0.674255691768827
100,300,"Source2_Only",0.760070052539405
100,300,"Weighted",0.802101576182137
200,300,"Target_Only",0.782178217821782
200,300,"Source1_Only",0.663366336633663
200,300,"Source2_Only",0.777227722772277
200,300,"Weighted",0.822194719471947
300,300,"Target_Only",0.735481647423746
300,300,"Source1_Only",0.628468033775633
300,300,"Source2_Only",0.753403412028261
300,300,"Weighted",0.773220747889023
100,500,"Target_Only",0.776685393258427
100,500,"Source1_Only",0.675561797752809
100,500,"Source2_Only",0.726123595505618
100,500,"Weighted",0.783707865168539
200,500,"Target_Only",0.700516351118761
200,500,"Source1_Only",0.683304647160069
200,500,"Source2_Only",0.746557659208262
200,500,"Weighted",0.76118760757315
300,500,"Target_Only",0.760213756248923
300,500,"Source1_Only",0.617652128943286
300,500,"Source2_Only",0.787278055507671
300,500,"Weighted",0.798310636097225
100,1000,"Target_Only",0.594155844155844
100,1000,"Source1_Only",0.63961038961039
100,1000,"Source2_Only",0.767857142857143
100,1000,"Weighted",0.74512987012987
200,1000,"Target_Only",0.711275848614904
200,1000,"Source1_Only",0.681623097932111
200,1000,"Source2_Only",0.774873195474054
200,1000,"Weighted",0.77019118220835
300,1000,"Target_Only",0.771017916912778
300,1000,"Source1_Only",0.704863162039772
300,1000,"Source2_Only",0.805670407560543
300,1000,"Weighted",0.817286867493601
100,100,"Target_Only",0.663323782234957
100,100,"Source1_Only",0.578796561604584
100,100,"Source2_Only",0.769340974212034
100,100,"Weighted",0.746418338108882
200,100,"Target_Only",0.776483846731781
200,100,"Source1_Only",0.611194590533434
200,100,"Source2_Only",0.661157024793388
200,100,"Weighted",0.744177310293013
300,100,"Target_Only",0.769945909398242
300,100,"Source1_Only",0.69895199459094
300,100,"Source2_Only",0.657876943881001
300,100,"Weighted",0.755409060175794
100,300,"Target_Only",0.609880749574106
100,300,"Source1_Only",0.642248722316865
100,300,"Source2_Only",0.701873935264055
100,300,"Weighted",0.717206132879046
200,300,"Target_Only",0.733424782807499
200,300,"Source1_Only",0.713305898491084
200,300,"Source2_Only",0.763145861911294
200,300,"Weighted",0.792866941015089
300,300,"Target_Only",0.708393632416787
300,300,"Source1_Only",0.615050651230101
300,300,"Source2_Only",0.702062228654124
300,300,"Weighted",0.732814761215629
100,500,"Target_Only",0.741347905282332
100,500,"Source1_Only",0.588342440801457
100,500,"Source2_Only",0.728597449908925
100,500,"Weighted",0.785063752276867
200,500,"Target_Only",0.756706408345753
200,500,"Source1_Only",0.71833084947839
200,500,"Source2_Only",0.76602086438152
200,500,"Weighted",0.801788375558867
300,500,"Target_Only",0.740241796200345
300,500,"Source1_Only",0.637823834196891
300,500,"Source2_Only",0.70293609671848
300,500,"Weighted",0.751813471502591
100,1000,"Target_Only",0.69980879541109
100,1000,"Source1_Only",0.724665391969407
100,1000,"Source2_Only",0.848948374760994
100,1000,"Weighted",0.866156787762906
200,1000,"Target_Only",0.751715785224061
200,1000,"Source1_Only",0.664513524424707
200,1000,"Source2_Only",0.818732337505046
200,1000,"Weighted",0.814695195801373
300,1000,"Target_Only",0.736012207527976
300,1000,"Source1_Only",0.651576805696846
300,1000,"Source2_Only",0.804001356391997
300,1000,"Weighted",0.796202102407596
100,100,"Target_Only",0.724852071005917
100,100,"Source1_Only",0.671597633136095
100,100,"Source2_Only",0.710059171597633
100,100,"Weighted",0.760355029585799
200,100,"Target_Only",0.709995886466475
200,100,"Source1_Only",0.658165364047717
200,100,"Source2_Only",0.684491978609626
200,100,"Weighted",0.733443027560675
300,100,"Target_Only",0.729297820823245
300,100,"Source1_Only",0.633252623083132
300,100,"Source2_Only",0.679257465698144
300,100,"Weighted",0.7409200968523
100,300,"Target_Only",0.733142037302726
100,300,"Source1_Only",0.657101865136298
100,300,"Source2_Only",0.720229555236729
100,300,"Weighted",0.757532281205165
200,300,"Target_Only",0.696493349455865
200,300,"Source1_Only",0.628375654977832
200,300,"Source2_Only",0.767029423619508
200,300,"Weighted",0.798871422813382
300,300,"Target_Only",0.742087542087542
300,300,"Source1_Only",0.623569023569024
300,300,"Source2_Only",0.735353535353535
300,300,"Weighted",0.755387205387205
100,500,"Target_Only",0.760736196319018
100,500,"Source1_Only",0.608895705521472
100,500,"Source2_Only",0.776073619631902
100,500,"Weighted",0.802147239263804
200,500,"Target_Only",0.721272365805169
200,500,"Source1_Only",0.641749502982107
200,500,"Source2_Only",0.75506958250497
200,500,"Weighted",0.773359840954274
300,500,"Target_Only",0.779274100837576
300,500,"Source1_Only",0.684677286910823
300,500,"Source2_Only",0.87140745606832
300,500,"Weighted",0.846937099687962
100,1000,"Target_Only",0.690140845070423
100,1000,"Source1_Only",0.60093896713615
100,1000,"Source2_Only",0.704225352112676
100,1000,"Weighted",0.729264475743349
200,1000,"Target_Only",0.720948616600791
200,1000,"Source1_Only",0.679841897233202
200,1000,"Source2_Only",0.762055335968379
200,1000,"Weighted",0.790513833992095
300,1000,"Target_Only",0.783396946564886
300,1000,"Source1_Only",0.741984732824427
300,1000,"Source2_Only",0.774045801526718
300,1000,"Weighted",0.825763358778626
100,100,"Target_Only",0.741017964071856
100,100,"Source1_Only",0.643712574850299
100,100,"Source2_Only",0.721556886227545
100,100,"Weighted",0.760479041916168
200,100,"Target_Only",0.751018895887366
200,100,"Source1_Only",0.730640978140052
200,100,"Source2_Only",0.735457576880326
200,100,"Weighted",0.815857725083364
300,100,"Target_Only",0.735414080510729
300,100,"Source1_Only",0.619436070225217
300,100,"Source2_Only",0.672814328781699
300,100,"Weighted",0.756694449370456
100,300,"Target_Only",0.740549828178694
100,300,"Source1_Only",0.757731958762887
100,300,"Source2_Only",0.721649484536082
100,300,"Weighted",0.809278350515464
200,300,"Target_Only",0.754283631060882
200,300,"Source1_Only",0.634706525701786
200,300,"Source2_Only",0.712723295661684
200,300,"Weighted",0.76667881881152
300,300,"Target_Only",0.795425048669695
300,300,"Source1_Only",0.629299156391953
300,300,"Source2_Only",0.780986372485399
300,300,"Weighted",0.810350421804023
100,500,"Target_Only",0.623376623376623
100,500,"Source1_Only",0.48538961038961
100,500,"Source2_Only",0.727272727272727
100,500,"Weighted",0.722402597402597
200,500,"Target_Only",0.688076923076923
200,500,"Source1_Only",0.599615384615385
200,500,"Source2_Only",0.746923076923077
200,500,"Weighted",0.759230769230769
300,500,"Target_Only",0.704690214244354
300,500,"Source1_Only",0.678826481374252
300,500,"Source2_Only",0.77533294730747
300,500,"Weighted",0.792704111175449
100,1000,"Target_Only",0.679873217115689
100,1000,"Source1_Only",0.711568938193344
100,1000,"Source2_Only",0.757527733755943
100,1000,"Weighted",0.776545166402536
200,1000,"Target_Only",0.752974773917182
200,1000,"Source1_Only",0.722513089005236
200,1000,"Source2_Only",0.773441218467396
200,1000,"Weighted",0.816277962874822
300,1000,"Target_Only",0.726437165775401
300,1000,"Source1_Only",0.74331550802139
300,1000,"Source2_Only",0.694852941176471
300,1000,"Weighted",0.766544117647059
100,100,"Target_Only",0.703875968992248
100,100,"Source1_Only",0.603100775193798
100,100,"Source2_Only",0.683720930232558
100,100,"Weighted",0.717829457364341
200,100,"Target_Only",0.759066277615673
200,100,"Source1_Only",0.59191329720717
200,100,"Source2_Only",0.710712796998749
200,100,"Weighted",0.771154647769904
300,100,"Target_Only",0.780260380014075
300,100,"Source1_Only",0.702322308233638
300,100,"Source2_Only",0.737156931738213
300,100,"Weighted",0.790992258972555
100,300,"Target_Only",0.687296416938111
100,300,"Source1_Only",0.610749185667752
100,300,"Source2_Only",0.812703583061889
100,300,"Weighted",0.776872964169381
200,300,"Target_Only",0.725989807918463
200,300,"Source1_Only",0.64484515876127
200,300,"Source2_Only",0.703645629165033
200,300,"Weighted",0.750294002352019
300,300,"Target_Only",0.769462581617278
300,300,"Source1_Only",0.65260338188515
300,300,"Source2_Only",0.781684245772644
300,300,"Weighted",0.803951113343379
100,500,"Target_Only",0.675548589341693
100,500,"Source1_Only",0.589341692789969
100,500,"Source2_Only",0.80564263322884
100,500,"Weighted",0.782131661442006
200,500,"Target_Only",0.79916142557652
200,500,"Source1_Only",0.678406708595388
200,500,"Source2_Only",0.779035639412998
200,500,"Weighted",0.826834381551363
300,500,"Target_Only",0.777374909354605
300,500,"Source1_Only",0.661348803480783
300,500,"Source2_Only",0.737128353879623
300,500,"Weighted",0.814902102973169
100,1000,"Target_Only",0.651632970451011
100,1000,"Source1_Only",0.637636080870918
100,1000,"Source2_Only",0.643856920684292
100,1000,"Weighted",0.696734059097978
200,1000,"Target_Only",0.74280303030303
200,1000,"Source1_Only",0.667045454545454
200,1000,"Source2_Only",0.8
200,1000,"Weighted",0.809090909090909
300,1000,"Target_Only",0.758807144027527
300,1000,"Source1_Only",0.643126331312469
300,1000,"Source2_Only",0.739144682942815
300,1000,"Weighted",0.798787481566443
100,100,"Target_Only",0.584642233856894
100,100,"Source1_Only",0.616055846422339
100,100,"Source2_Only",0.62478184991274
100,100,"Weighted",0.616055846422339
200,100,"Target_Only",0.729331823329558
200,100,"Source1_Only",0.618724046810117
200,100,"Source2_Only",0.674594186485466
200,100,"Weighted",0.759154397885995
300,100,"Target_Only",0.783603096410978
300,100,"Source1_Only",0.638458831808586
300,100,"Source2_Only",0.705313159746657
300,100,"Weighted",0.762315270935961
100,300,"Target_Only",0.762135922330097
100,300,"Source1_Only",0.653721682847896
100,300,"Source2_Only",0.757281553398058
100,300,"Weighted",0.784789644012945
200,300,"Target_Only",0.737218045112782
200,300,"Source1_Only",0.647744360902256
200,300,"Source2_Only",0.725563909774436
200,300,"Weighted",0.763533834586466
300,300,"Target_Only",0.741833333333333
300,300,"Source1_Only",0.684666666666667
300,300,"Source2_Only",0.7355
300,300,"Weighted",0.793166666666667
100,500,"Target_Only",0.674718196457327
100,500,"Source1_Only",0.644122383252818
100,500,"Source2_Only",0.735909822866345
100,500,"Weighted",0.739130434782609
200,500,"Target_Only",0.737928348909657
200,500,"Source1_Only",0.628504672897196
200,500,"Source2_Only",0.795560747663551
200,500,"Weighted",0.791277258566978
300,500,"Target_Only",0.740765842087428
300,500,"Source1_Only",0.653676719756015
300,500,"Source2_Only",0.748559810233819
300,500,"Weighted",0.785327007793968
100,1000,"Target_Only",0.705128205128205
100,1000,"Source1_Only",0.663461538461538
100,1000,"Source2_Only",0.727564102564103
100,1000,"Weighted",0.774038461538462
200,1000,"Target_Only",0.753694581280788
200,1000,"Source1_Only",0.720853858784893
200,1000,"Source2_Only",0.717159277504105
200,1000,"Weighted",0.80008210180624
300,1000,"Target_Only",0.77668433005299
300,1000,"Source1_Only",0.704390613171839
300,1000,"Source2_Only",0.727289931869796
300,1000,"Weighted",0.781794095382286
100,100,"Target_Only",0.697142857142857
100,100,"Source1_Only",0.73
100,100,"Source2_Only",0.645714285714286
100,100,"Weighted",0.734285714285714
200,100,"Target_Only",0.693073248407643
200,100,"Source1_Only",0.505573248407643
200,100,"Source2_Only",0.724522292993631
200,100,"Weighted",0.713773885350318
300,100,"Target_Only",0.73078231292517
300,100,"Source1_Only",0.660544217687075
300,100,"Source2_Only",0.721258503401361
300,100,"Weighted",0.764285714285714
100,300,"Target_Only",0.575539568345324
100,300,"Source1_Only",0.490647482014389
100,300,"Source2_Only",0.746762589928058
100,300,"Weighted",0.637410071942446
200,300,"Target_Only",0.719656722517368
200,300,"Source1_Only",0.655905190028606
200,300,"Source2_Only",0.738863914997957
200,300,"Weighted",0.771148344912137
300,300,"Target_Only",0.740284197911317
300,300,"Source1_Only",0.6743708269132
300,300,"Source2_Only",0.718712549221024
300,300,"Weighted",0.771614449580551
100,500,"Target_Only",0.72821270310192
100,500,"Source1_Only",0.655834564254062
100,500,"Source2_Only",0.735598227474151
100,500,"Weighted",0.803545051698671
200,500,"Target_Only",0.696934865900383
200,500,"Source1_Only",0.554022988505747
200,500,"Source2_Only",0.711111111111111
200,500,"Weighted",0.708812260536398
300,500,"Target_Only",0.750083864475008
300,500,"Source1_Only",0.683830929218383
300,500,"Source2_Only",0.738846024823885
300,500,"Weighted",0.778094599127809
100,1000,"Target_Only",0.655864197530864
100,1000,"Source1_Only",0.702160493827161
100,1000,"Source2_Only",0.810185185185185
100,1000,"Weighted",0.790123456790123
200,1000,"Target_Only",0.73086876155268
200,1000,"Source1_Only",0.637707948243993
200,1000,"Source2_Only",0.726062846580407
200,1000,"Weighted",0.764510166358595
300,1000,"Target_Only",0.744385230300723
300,1000,"Source1_Only",0.667301103920822
300,1000,"Source2_Only",0.721355157974876
300,1000,"Weighted",0.76798629615531
100,100,"Target_Only",0.8125
100,100,"Source1_Only",0.579941860465116
100,100,"Source2_Only",0.771802325581395
100,100,"Weighted",0.822674418604651
200,100,"Target_Only",0.728357060407849
200,100,"Source1_Only",0.633705271258176
200,100,"Source2_Only",0.712581762216237
200,100,"Weighted",0.762216237014236
300,100,"Target_Only",0.755820249052518
300,100,"Source1_Only",0.650604584010106
300,100,"Source2_Only",0.724598447933586
300,100,"Weighted",0.781988810683992
100,300,"Target_Only",0.60536398467433
100,300,"Source1_Only",0.578544061302682
100,300,"Source2_Only",0.57088122605364
100,300,"Weighted",0.620689655172414
200,300,"Target_Only",0.7428
200,300,"Source1_Only",0.68
200,300,"Source2_Only",0.7588
200,300,"Weighted",0.8024
300,300,"Target_Only",0.789208777934367
300,300,"Source1_Only",0.709079927521643
300,300,"Source2_Only",0.799275216428428
300,300,"Weighted",0.82283068250453
100,500,"Target_Only",0.541390728476821
100,500,"Source1_Only",0.663907284768212
100,500,"Source2_Only",0.733443708609272
100,500,"Weighted",0.730132450331126
200,500,"Target_Only",0.704329896907216
200,500,"Source1_Only",0.664329896907216
200,500,"Source2_Only",0.701855670103093
200,500,"Weighted",0.74639175257732
300,500,"Target_Only",0.764813460131675
300,500,"Source1_Only",0.625091441111924
300,500,"Source2_Only",0.736649597659108
300,500,"Weighted",0.790782735918069
100,1000,"Target_Only",0.733870967741935
100,1000,"Source1_Only",0.77258064516129
100,1000,"Source2_Only",0.853225806451613
100,1000,"Weighted",0.838709677419355
200,1000,"Target_Only",0.770549279314375
200,1000,"Source1_Only",0.735878457343202
200,1000,"Source2_Only",0.742890533696922
200,1000,"Weighted",0.818075574600701
300,1000,"Target_Only",0.809184350132626
300,1000,"Source1_Only",0.667771883289125
300,1000,"Source2_Only",0.761770557029178
300,1000,"Weighted",0.824933687002652
100,100,"Target_Only",0.822784810126582
100,100,"Source1_Only",0.653481012658228
100,100,"Source2_Only",0.789556962025316
100,100,"Weighted",0.882911392405063
200,100,"Target_Only",0.756510954940058
200,100,"Source1_Only",0.696155436130632
200,100,"Source2_Only",0.718892104175279
200,100,"Weighted",0.785448532451426
300,100,"Target_Only",0.778540462427746
300,100,"Source1_Only",0.610368497109827
300,100,"Source2_Only",0.751445086705202
300,100,"Weighted",0.778721098265896
100,300,"Target_Only",0.62202380952381
100,300,"Source1_Only",0.625
100,300,"Source2_Only",0.697916666666667
100,300,"Weighted",0.697916666666667
200,300,"Target_Only",0.683354728284125
200,300,"Source1_Only",0.650406504065041
200,300,"Source2_Only",0.772357723577236
200,300,"Weighted",0.767222935387249
300,300,"Target_Only",0.720314368699812
300,300,"Source1_Only",0.568768153083889
300,300,"Source2_Only",0.749530155475824
300,300,"Weighted",0.767982231334359
100,500,"Target_Only",0.612850082372323
100,500,"Source1_Only",0.581548599670511
100,500,"Source2_Only",0.688632619439868
100,500,"Weighted",0.683690280065898
200,500,"Target_Only",0.676417479234381
200,500,"Source1_Only",0.608884073672806
200,500,"Source2_Only",0.751534850126399
200,500,"Weighted",0.754062838569881
300,500,"Target_Only",0.732997042963994
300,500,"Source1_Only",0.600974082449122
300,500,"Source2_Only",0.768829361628109
300,500,"Weighted",0.773699773873717
100,1000,"Target_Only",0.724292101341282
100,1000,"Source1_Only",0.640834575260805
100,1000,"Source2_Only",0.752608047690015
100,1000,"Weighted",0.77645305514158
200,1000,"Target_Only",0.700195694716243
200,1000,"Source1_Only",0.69041095890411
200,1000,"Source2_Only",0.732289628180039
200,1000,"Weighted",0.740900195694716
300,1000,"Target_Only",0.761261261261261
300,1000,"Source1_Only",0.654192654192654
300,1000,"Source2_Only",0.815315315315315
300,1000,"Weighted",0.808731808731809
100,100,"Target_Only",0.657032755298651
100,100,"Source1_Only",0.63776493256262
100,100,"Source2_Only",0.845857418111753
100,100,"Weighted",0.824662813102119
200,100,"Target_Only",0.714993804213135
200,100,"Source1_Only",0.601404378356051
200,100,"Source2_Only",0.742668318876497
200,100,"Weighted",0.788104089219331
300,100,"Target_Only",0.756667279749862
300,100,"Source1_Only",0.720250137943719
300,100,"Source2_Only",0.719330513150635
300,100,"Weighted",0.784072098583778
100,300,"Target_Only",0.730508474576271
100,300,"Source1_Only",0.65593220338983
100,300,"Source2_Only",0.84406779661017
100,300,"Weighted",0.847457627118644
200,300,"Target_Only",0.722520107238606
200,300,"Source1_Only",0.688114387846291
200,300,"Source2_Only",0.684539767649687
200,300,"Weighted",0.754691689008043
300,300,"Target_Only",0.763904840032814
300,300,"Source1_Only",0.675635767022149
300,300,"Source2_Only",0.721575061525841
300,300,"Weighted",0.80278917145201
100,500,"Target_Only",0.760714285714286
100,500,"Source1_Only",0.708928571428571
100,500,"Source2_Only",0.825
100,500,"Weighted",0.817857142857143
200,500,"Target_Only",0.731124161073825
200,500,"Source1_Only",0.613255033557047
200,500,"Source2_Only",0.76510067114094
200,500,"Weighted",0.769714765100671
300,500,"Target_Only",0.721355567509414
300,500,"Source1_Only",0.632060247444863
300,500,"Source2_Only",0.76474807244038
300,500,"Weighted",0.779272010041241
100,1000,"Target_Only",0.682310469314079
100,1000,"Source1_Only",0.73826714801444
100,1000,"Source2_Only",0.759927797833935
100,1000,"Weighted",0.779783393501805
200,1000,"Target_Only",0.756979944946913
200,1000,"Source1_Only",0.768777034998034
200,1000,"Source2_Only",0.754620526936689
200,1000,"Weighted",0.808493904836807
300,1000,"Target_Only",0.720976384203215
300,1000,"Source1_Only",0.626314744989085
300,1000,"Source2_Only",0.749950386981544
300,1000,"Weighted",0.75213335979361
100,100,"Target_Only",0.674491392801252
100,100,"Source1_Only",0.539906103286385
100,100,"Source2_Only",0.674491392801252
100,100,"Weighted",0.719874804381847
200,100,"Target_Only",0.707914825231016
200,100,"Source1_Only",0.58537565287264
200,100,"Source2_Only",0.678987545198875
200,100,"Weighted",0.72840498192045
300,100,"Target_Only",0.747531494722506
300,100,"Source1_Only",0.625978890023834
300,100,"Source2_Only",0.630745658835546
300,100,"Weighted",0.742424242424242
100,300,"Target_Only",0.734306569343066
100,300,"Source1_Only",0.672992700729927
100,300,"Source2_Only",0.743065693430657
100,300,"Weighted",0.775182481751825
200,300,"Target_Only",0.737965676015069
200,300,"Source1_Only",0.672247802427794
200,300,"Source2_Only",0.725826705734617
200,300,"Weighted",0.776475512766848
300,300,"Target_Only",0.725544417559627
300,300,"Source1_Only",0.715347390252333
300,300,"Source2_Only",0.744210162461113
300,300,"Weighted",0.783615623919806
100,500,"Target_Only",0.734870317002882
100,500,"Source1_Only",0.707492795389049
100,500,"Source2_Only",0.757925072046109
100,500,"Weighted",0.782420749279539
200,500,"Target_Only",0.659461509290861
200,500,"Source1_Only",0.648843382631779
200,500,"Source2_Only",0.782328403488813
200,500,"Weighted",0.74326886613576
300,500,"Target_Only",0.749386676731459
300,500,"Source1_Only",0.622947725986035
300,500,"Source2_Only",0.774108322324967
300,500,"Weighted",0.787129647103227
100,1000,"Target_Only",0.66394779771615
100,1000,"Source1_Only",0.65415986949429
100,1000,"Source2_Only",0.809135399673736
100,1000,"Weighted",0.758564437194127
200,1000,"Target_Only",0.797910807553234
200,1000,"Source1_Only",0.680192848533548
200,1000,"Source2_Only",0.756126958617919
200,1000,"Weighted",0.820409803133789
300,1000,"Target_Only",0.748405996898156
300,1000,"Source1_Only",0.659831121833534
300,1000,"Source2_Only",0.748233672238497
300,1000,"Weighted",0.778218163019128
100,100,"Target_Only",0.680491551459293
100,100,"Source1_Only",0.554531490015361
100,100,"Source2_Only",0.803379416282642
100,100,"Weighted",0.774193548387097
200,100,"Target_Only",0.69304347826087
200,100,"Source1_Only",0.575652173913043
200,100,"Source2_Only",0.687391304347826
200,100,"Weighted",0.741739130434783
300,100,"Target_Only",0.733501622791201
300,100,"Source1_Only",0.697078975838442
300,100,"Source2_Only",0.661557879552831
300,100,"Weighted",0.759646592138478
100,300,"Target_Only",0.675824175824176
100,300,"Source1_Only",0.597527472527473
100,300,"Source2_Only",0.730769230769231
100,300,"Weighted",0.754120879120879
200,300,"Target_Only",0.736137667304015
200,300,"Source1_Only",0.62868068833652
200,300,"Source2_Only",0.759082217973231
200,300,"Weighted",0.768642447418738
300,300,"Target_Only",0.792486294743631
300,300,"Source1_Only",0.698161883263463
300,300,"Source2_Only",0.737020316027088
300,300,"Weighted",0.82650757820058
100,500,"Target_Only",0.745007680491552
100,500,"Source1_Only",0.658986175115207
100,500,"Source2_Only",0.758832565284178
100,500,"Weighted",0.80184331797235
200,500,"Target_Only",0.769669792091317
200,500,"Source1_Only",0.663677130044843
200,500,"Source2_Only",0.777415409702405
200,500,"Weighted",0.790868324500612
300,500,"Target_Only",0.795390946502058
300,500,"Source1_Only",0.687572016460905
300,500,"Source2_Only",0.776625514403292
300,500,"Weighted",0.814320987654321
100,1000,"Target_Only",0.658671586715867
100,1000,"Source1_Only",0.750922509225092
100,1000,"Source2_Only",0.885608856088561
100,1000,"Weighted",0.867158671586716
200,1000,"Target_Only",0.78270428728472
200,1000,"Source1_Only",0.688164162696959
200,1000,"Source2_Only",0.700622938805423
200,1000,"Weighted",0.793330890436057
300,1000,"Target_Only",0.740104084529254
300,1000,"Source1_Only",0.697208642170005
300,1000,"Source2_Only",0.754770540924145
300,1000,"Weighted",0.773537296956316
100,100,"Target_Only",0.675324675324675
100,100,"Source1_Only",0.691558441558442
100,100,"Source2_Only",0.636363636363636
100,100,"Weighted",0.722402597402597
200,100,"Target_Only",0.695904013239553
200,100,"Source1_Only",0.551923872569301
200,100,"Source2_Only",0.721969383533306
200,100,"Weighted",0.743483657426562
300,100,"Target_Only",0.734828496042216
300,100,"Source1_Only",0.592348284960422
300,100,"Source2_Only",0.732025065963061
300,100,"Weighted",0.7686345646438
100,300,"Target_Only",0.711370262390671
100,300,"Source1_Only",0.642857142857143
100,300,"Source2_Only",0.788629737609329
100,300,"Weighted",0.816326530612245
200,300,"Target_Only",0.782932891466446
200,300,"Source1_Only",0.651201325600663
200,300,"Source2_Only",0.799917149958575
200,300,"Weighted",0.835542667771334
300,300,"Target_Only",0.847525473071325
300,300,"Source1_Only",0.6632096069869
300,300,"Source2_Only",0.744723435225619
300,300,"Weighted",0.832241630276565
100,500,"Target_Only",0.665680473372781
100,500,"Source1_Only",0.729289940828402
100,500,"Source2_Only",0.730769230769231
100,500,"Weighted",0.767751479289941
200,500,"Target_Only",0.670959700872455
200,500,"Source1_Only",0.684254258412962
200,500,"Source2_Only",0.774823431657665
200,500,"Weighted",0.787702534275031
300,500,"Target_Only",0.765823952758812
300,500,"Source1_Only",0.656578704558037
300,500,"Source2_Only",0.762502306698653
300,500,"Weighted",0.830965122716368
100,1000,"Target_Only",0.72478386167147
100,1000,"Source1_Only",0.612391930835735
100,1000,"Source2_Only",0.72478386167147
100,1000,"Weighted",0.737752161383285
200,1000,"Target_Only",0.797330097087379
200,1000,"Source1_Only",0.74878640776699
200,1000,"Source2_Only",0.829288025889968
200,1000,"Weighted",0.857200647249191
300,1000,"Target_Only",0.725456424388564
300,1000,"Source1_Only",0.70392697209783
300,1000,"Source2_Only",0.705132621426111
300,1000,"Weighted",0.756975542542198
100,100,"Target_Only",0.735
100,100,"Source1_Only",0.648333333333333
100,100,"Source2_Only",0.75
100,100,"Weighted",0.753333333333333
200,100,"Target_Only",0.712734082397004
200,100,"Source1_Only",0.576029962546816
200,100,"Source2_Only",0.759550561797753
200,100,"Weighted",0.777153558052434
300,100,"Target_Only",0.719121353979114
300,100,"Source1_Only",0.660424918977314
300,100,"Source2_Only",0.819589485055816
300,100,"Weighted",0.790961469211379
100,300,"Target_Only",0.644859813084112
100,300,"Source1_Only",0.730529595015576
100,300,"Source2_Only",0.799065420560748
100,300,"Weighted",0.803738317757009
200,300,"Target_Only",0.73185060847671
200,300,"Source1_Only",0.638690725975661
200,300,"Source2_Only",0.690725975660932
200,300,"Weighted",0.755350398657155
300,300,"Target_Only",0.762729658792651
300,300,"Source1_Only",0.679790026246719
300,300,"Source2_Only",0.729483814523185
300,300,"Weighted",0.777602799650044
100,500,"Target_Only",0.657894736842105
100,500,"Source1_Only",0.712074303405573
100,500,"Source2_Only",0.696594427244582
100,500,"Weighted",0.775541795665635
200,500,"Target_Only",0.696298984034833
200,500,"Source1_Only",0.708272859216255
200,500,"Source2_Only",0.697750362844702
200,500,"Weighted",0.750725689404935
300,500,"Target_Only",0.749101365923796
300,500,"Source1_Only",0.702731847591661
300,500,"Source2_Only",0.750179726815241
300,500,"Weighted",0.790258806613947
100,1000,"Target_Only",0.72
100,1000,"Source1_Only",0.78
100,1000,"Source2_Only",0.749230769230769
100,1000,"Weighted",0.796923076923077
200,1000,"Target_Only",0.608182533438238
200,1000,"Source1_Only",0.545239968528718
200,1000,"Source2_Only",0.664044059795437
200,1000,"Weighted",0.664830841856806
300,1000,"Target_Only",0.74189364461738
300,1000,"Source1_Only",0.705021308134149
300,1000,"Source2_Only",0.794330183435242
300,1000,"Weighted",0.828608486196035
100,100,"Target_Only",0.706845238095238
100,100,"Source1_Only",0.677083333333333
100,100,"Source2_Only",0.693452380952381
100,100,"Weighted",0.766369047619048
200,100,"Target_Only",0.735869966752863
200,100,"Source1_Only",0.717768747691171
200,100,"Source2_Only",0.697081640192095
200,100,"Weighted",0.756557074251939
300,100,"Target_Only",0.828756340738149
300,100,"Source1_Only",0.584572328144132
300,100,"Source2_Only",0.726779779604688
300,100,"Weighted",0.822809165646318
100,300,"Target_Only",0.757668711656442
100,300,"Source1_Only",0.69478527607362
100,300,"Source2_Only",0.834355828220859
100,300,"Weighted",0.869631901840491
200,300,"Target_Only",0.750593824228029
200,300,"Source1_Only",0.698733174980206
200,300,"Source2_Only",0.767220902612827
200,300,"Weighted",0.813935075217736
300,300,"Target_Only",0.749215207534008
300,300,"Source1_Only",0.648238576909662
300,300,"Source2_Only",0.742762469480293
300,300,"Weighted",0.782525287757238
100,500,"Target_Only",0.609177215189873
100,500,"Source1_Only",0.710443037974684
100,500,"Source2_Only",0.626582278481013
100,500,"Weighted",0.707278481012658
200,500,"Target_Only",0.75619666802113
200,500,"Source1_Only",0.599756196668021
200,500,"Source2_Only",0.785453067858594
200,500,"Weighted",0.804144656643641
300,500,"Target_Only",0.774261234481553
300,500,"Source1_Only",0.724602203182375
300,500,"Source2_Only",0.753977968176255
300,500,"Weighted",0.80328728798741
100,1000,"Target_Only",0.673789173789174
100,1000,"Source1_Only",0.58974358974359
100,1000,"Source2_Only",0.746438746438746
100,1000,"Weighted",0.757834757834758
200,1000,"Target_Only",0.753071739992073
200,1000,"Source1_Only",0.719778042013476
200,1000,"Source2_Only",0.716210860087198
200,1000,"Weighted",0.785969084423306
300,1000,"Target_Only",0.796827113755183
300,1000,"Source1_Only",0.691004146385434
300,1000,"Source2_Only",0.780782404903551
300,1000,"Weighted",0.825851811790157
100,100,"Target_Only",0.542897327707454
100,100,"Source1_Only",0.538677918424754
100,100,"Source2_Only",0.717299578059072
100,100,"Weighted",0.661040787623066
200,100,"Target_Only",0.683589560243118
200,100,"Source1_Only",0.641759027529496
200,100,"Source2_Only",0.717196996782267
200,100,"Weighted",0.756167322130854
300,100,"Target_Only",0.780247751569659
300,100,"Source1_Only",0.61191243848634
300,100,"Source2_Only",0.732903444764975
300,100,"Weighted",0.780756830137451
100,300,"Target_Only",0.626453488372093
100,300,"Source1_Only",0.616279069767442
100,300,"Source2_Only",0.677325581395349
100,300,"Weighted",0.709302325581395
200,300,"Target_Only",0.747763101832126
200,300,"Source1_Only",0.638261610566681
200,300,"Source2_Only",0.729867916489135
200,300,"Weighted",0.770345121431615
300,300,"Target_Only",0.764274322169059
300,300,"Source1_Only",0.60414673046252
300,300,"Source2_Only",0.731897926634769
300,300,"Weighted",0.787719298245614
100,500,"Target_Only",0.596685082872928
100,500,"Source1_Only",0.633517495395948
100,500,"Source2_Only",0.720073664825046
100,500,"Weighted",0.705340699815838
200,500,"Target_Only",0.757262996941896
200,500,"Source1_Only",0.730886850152905
200,500,"Source2_Only",0.769495412844037
200,500,"Weighted",0.821483180428135
300,500,"Target_Only",0.744575211474807
300,500,"Source1_Only",0.633504965060684
300,500,"Source2_Only",0.730967267377712
300,500,"Weighted",0.779698418536227
100,1000,"Target_Only",0.763605442176871
100,1000,"Source1_Only",0.693877551020408
100,1000,"Source2_Only",0.780612244897959
100,1000,"Weighted",0.818027210884354
200,1000,"Target_Only",0.738695652173913
200,1000,"Source1_Only",0.644347826086957
200,1000,"Source2_Only",0.736086956521739
200,1000,"Weighted",0.760869565217391
300,1000,"Target_Only",0.773320125474657
300,1000,"Source1_Only",0.672940399537725
300,1000,"Source2_Only",0.797094271091299
300,1000,"Weighted",0.82862803368004
100,100,"Target_Only",0.69983416252073
100,100,"Source1_Only",0.618573797678275
100,100,"Source2_Only",0.733001658374793
100,100,"Weighted",0.752902155887231
200,100,"Target_Only",0.716926869350863
200,100,"Source1_Only",0.632703368940016
200,100,"Source2_Only",0.665160230073952
200,100,"Weighted",0.732128184059162
300,100,"Target_Only",0.734086754196443
300,100,"Source1_Only",0.646667774638524
300,100,"Source2_Only",0.704503905600798
300,100,"Weighted",0.776466677746385
100,300,"Target_Only",0.738161559888579
100,300,"Source1_Only",0.647632311977716
100,300,"Source2_Only",0.739554317548746
100,300,"Weighted",0.785515320334262
200,300,"Target_Only",0.661098901098901
200,300,"Source1_Only",0.591648351648352
200,300,"Source2_Only",0.767912087912088
200,300,"Weighted",0.745494505494505
300,300,"Target_Only",0.814874264312467
300,300,"Source1_Only",0.657035848047084
300,300,"Source2_Only",0.764044943820225
300,300,"Weighted",0.822186552523631
100,500,"Target_Only",0.639751552795031
100,500,"Source1_Only",0.767080745341615
100,500,"Source2_Only",0.81832298136646
100,500,"Weighted",0.829192546583851
200,500,"Target_Only",0.708013640238704
200,500,"Source1_Only",0.634697357203751
200,500,"Source2_Only",0.742966751918159
200,500,"Weighted",0.777493606138107
300,500,"Target_Only",0.748581255374033
300,500,"Source1_Only",0.680137575236457
300,500,"Source2_Only",0.755803955288048
300,500,"Weighted",0.787962166809974
100,1000,"Target_Only",0.744274809160305
100,1000,"Source1_Only",0.681297709923664
100,1000,"Source2_Only",0.75763358778626
100,1000,"Weighted",0.780534351145038
200,1000,"Target_Only",0.722427224272243
200,1000,"Source1_Only",0.734317343173432
200,1000,"Source2_Only",0.808118081180812
200,1000,"Weighted",0.817548175481755
300,1000,"Target_Only",0.776293540750761
300,1000,"Source1_Only",0.712377409536693
300,1000,"Source2_Only",0.731991883665878
300,1000,"Weighted",0.806898884004058
100,100,"Target_Only",0.612600536193029
100,100,"Source1_Only",0.687667560321716
100,100,"Source2_Only",0.694369973190349
100,100,"Weighted",0.71313672922252
200,100,"Target_Only",0.754552352048558
200,100,"Source1_Only",0.641122913505311
200,100,"Source2_Only",0.639605462822458
200,100,"Weighted",0.745827010622155
300,100,"Target_Only",0.784384694932782
300,100,"Source1_Only",0.704584625991038
300,100,"Source2_Only",0.739917269906929
300,100,"Weighted",0.836091003102378
100,300,"Target_Only",0.627019089574156
100,300,"Source1_Only",0.722466960352423
100,300,"Source2_Only",0.79295154185022
100,300,"Weighted",0.797356828193833
200,300,"Target_Only",0.652310101801096
200,300,"Source1_Only",0.62646828504307
200,300,"Source2_Only",0.760375880971026
200,300,"Weighted",0.740407204385278
300,300,"Target_Only",0.768095987411487
300,300,"Source1_Only",0.695712037765539
300,300,"Source2_Only",0.742722265932337
300,300,"Weighted",0.802714398111723
100,500,"Target_Only",0.663763066202091
100,500,"Source1_Only",0.733449477351916
100,500,"Source2_Only",0.649825783972125
100,500,"Weighted",0.790940766550523
200,500,"Target_Only",0.775808936825886
200,500,"Source1_Only",0.672958397534669
200,500,"Source2_Only",0.700308166409861
200,500,"Weighted",0.790832049306626
300,500,"Target_Only",0.794990564419283
300,500,"Source1_Only",0.741293532338309
300,500,"Source2_Only",0.712986790186996
300,500,"Weighted",0.815405729970835
100,1000,"Target_Only",0.750847457627119
100,1000,"Source1_Only",0.532203389830509
100,1000,"Source2_Only",0.76271186440678
100,1000,"Weighted",0.767796610169492
200,1000,"Target_Only",0.774609375
200,1000,"Source1_Only",0.725390625
200,1000,"Source2_Only",0.726953125
200,1000,"Weighted",0.801953125
300,1000,"Target_Only",0.792528937215012
300,1000,"Source1_Only",0.703963521571378
300,1000,"Source2_Only",0.78779375657664
300,1000,"Weighted",0.832514907050158
100,100,"Target_Only",0.658181818181818
100,100,"Source1_Only",0.552727272727273
100,100,"Source2_Only",0.765454545454545
100,100,"Weighted",0.763636363636364
200,100,"Target_Only",0.694270582571016
200,100,"Source1_Only",0.535387578237843
200,100,"Source2_Only",0.761675493500241
200,100,"Weighted",0.741935483870968
300,100,"Target_Only",0.76798800799467
300,100,"Source1_Only",0.645403064623584
300,100,"Source2_Only",0.766322451698867
300,100,"Weighted",0.789473684210526
100,300,"Target_Only",0.745098039215686
100,300,"Source1_Only",0.633986928104575
100,300,"Source2_Only",0.772875816993464
100,300,"Weighted",0.784313725490196
200,300,"Target_Only",0.73224043715847
200,300,"Source1_Only",0.681378730559058
200,300,"Source2_Only",0.760403530895334
200,300,"Weighted",0.8213535098781
300,300,"Target_Only",0.770390219393736
300,300,"Source1_Only",0.678445821470441
300,300,"Source2_Only",0.77106012393234
300,300,"Weighted",0.802880589515994
100,500,"Target_Only",0.70265780730897
100,500,"Source1_Only",0.646179401993356
100,500,"Source2_Only",0.709302325581395
100,500,"Weighted",0.744186046511628
200,500,"Target_Only",0.716763005780347
200,500,"Source1_Only",0.685332369942196
200,500,"Source2_Only",0.77492774566474
200,500,"Weighted",0.801661849710983
300,500,"Target_Only",0.698110079575597
300,500,"Source1_Only",0.597977453580902
300,500,"Source2_Only",0.767241379310345
300,500,"Weighted",0.780172413793103
100,1000,"Target_Only",0.64983164983165
100,1000,"Source1_Only",0.599326599326599
100,1000,"Source2_Only",0.767676767676768
100,1000,"Weighted",0.713804713804714
200,1000,"Target_Only",0.693317422434368
200,1000,"Source1_Only",0.691328560063644
200,1000,"Source2_Only",0.761336515513126
200,1000,"Weighted",0.758154335719968
300,1000,"Target_Only",0.765717175122198
300,1000,"Source1_Only",0.725096915557054
300,1000,"Source2_Only",0.769425248609472
300,1000,"Weighted",0.8038092027642
100,100,"Target_Only",0.718909710391823
100,100,"Source1_Only",0.715502555366269
100,100,"Source2_Only",0.706984667802385
100,100,"Weighted",0.785349233390119
200,100,"Target_Only",0.837792642140468
200,100,"Source1_Only",0.648411371237458
200,100,"Source2_Only",0.747073578595318
200,100,"Weighted",0.850334448160535
300,100,"Target_Only",0.749093684411372
300,100,"Source1_Only",0.585766075176493
300,100,"Source2_Only",0.674298797939325
300,100,"Weighted",0.770845258538447
100,300,"Target_Only",0.71405750798722
100,300,"Source1_Only",0.730031948881789
100,300,"Source2_Only",0.830670926517572
100,300,"Weighted",0.851437699680511
200,300,"Target_Only",0.754091110128262
200,300,"Source1_Only",0.627598407784166
200,300,"Source2_Only",0.739495798319328
200,300,"Weighted",0.789031402034498
300,300,"Target_Only",0.776426882809861
300,300,"Source1_Only",0.697230665315772
300,300,"Source2_Only",0.755150287065181
300,300,"Weighted",0.818980074299223
100,500,"Target_Only",0.605301914580265
100,500,"Source1_Only",0.670103092783505
100,500,"Source2_Only",0.784977908689249
100,500,"Weighted",0.751104565537555
200,500,"Target_Only",0.732798165137615
200,500,"Source1_Only",0.625764525993884
200,500,"Source2_Only",0.806957186544343
200,500,"Weighted",0.801223241590214
300,500,"Target_Only",0.748008152677413
300,500,"Source1_Only",0.622753381508245
300,500,"Source2_Only",0.765054659996294
300,500,"Weighted",0.803409301463776
100,1000,"Target_Only",0.686915887850467
100,1000,"Source1_Only",0.680685358255452
100,1000,"Source2_Only",0.685358255451713
100,1000,"Weighted",0.742990654205608
200,1000,"Target_Only",0.778000802890406
200,1000,"Source1_Only",0.72019269369731
200,1000,"Source2_Only",0.737856282617423
200,1000,"Weighted",0.828181453231634
300,1000,"Target_Only",0.741648106904232
300,1000,"Source1_Only",0.723353483932549
300,1000,"Source2_Only",0.738784600699968
300,1000,"Weighted",0.790804963410754
100,100,"Target_Only",0.808849557522124
100,100,"Source1_Only",0.743362831858407
100,100,"Source2_Only",0.741592920353982
100,100,"Weighted",0.812389380530973
200,100,"Target_Only",0.680555555555556
200,100,"Source1_Only",0.615615615615616
200,100,"Source2_Only",0.605105105105105
200,100,"Weighted",0.662912912912913
300,100,"Target_Only",0.743585267935067
300,100,"Source1_Only",0.582998778146273
300,100,"Source2_Only",0.732937685459941
300,100,"Weighted",0.760167568511084
100,300,"Target_Only",0.71107544141252
100,300,"Source1_Only",0.634028892455859
100,300,"Source2_Only",0.784911717495987
100,300,"Weighted",0.768860353130016
200,300,"Target_Only",0.787890938251804
200,300,"Source1_Only",0.746992782678428
200,300,"Source2_Only",0.791098636728148
200,300,"Weighted",0.831996792301524
300,300,"Target_Only",0.759652851576337
300,300,"Source1_Only",0.686326602904711
300,300,"Source2_Only",0.762663832801984
300,300,"Weighted",0.808359900814736
100,500,"Target_Only",0.707717569786535
100,500,"Source1_Only",0.653530377668309
100,500,"Source2_Only",0.74384236453202
100,500,"Weighted",0.770114942528736
200,500,"Target_Only",0.733412793007549
200,500,"Source1_Only",0.622963845848232
200,500,"Source2_Only",0.754469606674613
200,500,"Weighted",0.77751291219706
300,500,"Target_Only",0.816896301667875
300,500,"Source1_Only",0.732414793328499
300,500,"Source2_Only",0.797498187092096
300,500,"Weighted",0.849709934735315
100,1000,"Target_Only",0.658536585365854
100,1000,"Source1_Only",0.737127371273713
100,1000,"Source2_Only",0.727642276422764
100,1000,"Weighted",0.775067750677507
200,1000,"Target_Only",0.685223367697595
200,1000,"Source1_Only",0.649828178694158
200,1000,"Source2_Only",0.74914089347079
200,1000,"Weighted",0.745704467353952
300,1000,"Target_Only",0.733414169409319
300,1000,"Source1_Only",0.684219643166465
300,1000,"Source2_Only",0.710895548241815
300,1000,"Weighted",0.754200588948554
100,100,"Target_Only",0.638888888888889
100,100,"Source1_Only",0.724074074074074
100,100,"Source2_Only",0.675925925925926
100,100,"Weighted",0.731481481481482
200,100,"Target_Only",0.781803542673108
200,100,"Source1_Only",0.682367149758454
200,100,"Source2_Only",0.736312399355878
200,100,"Weighted",0.788647342995169
300,100,"Target_Only",0.736814064997336
300,100,"Source1_Only",0.675190907476469
300,100,"Source2_Only",0.712484461019357
300,100,"Weighted",0.791511276860238
100,300,"Target_Only",0.749576988155668
100,300,"Source1_Only",0.825719120135364
100,300,"Source2_Only",0.752961082910321
100,300,"Weighted",0.820642978003384
200,300,"Target_Only",0.726049735018345
200,300,"Source1_Only",0.631064003261313
200,300,"Source2_Only",0.715858132898492
200,300,"Weighted",0.755809213208316
300,300,"Target_Only",0.751557756830165
300,300,"Source1_Only",0.637801565745327
300,300,"Source2_Only",0.7462853490973
300,300,"Weighted",0.80747723278479
100,500,"Target_Only",0.840245775729647
100,500,"Source1_Only",0.740399385560676
100,500,"Source2_Only",0.755760368663595
100,500,"Weighted",0.823348694316436
200,500,"Target_Only",0.74239934264585
200,500,"Source1_Only",0.658997534921939
200,500,"Source2_Only",0.761709120788825
200,500,"Weighted",0.792111750205423
300,500,"Target_Only",0.787098024021697
300,500,"Source1_Only",0.686168151879117
300,500,"Source2_Only",0.775280898876405
300,500,"Weighted",0.812669507942658
100,1000,"Target_Only",0.669449081803005
100,1000,"Source1_Only",0.684474123539232
100,1000,"Source2_Only",0.687813021702838
100,1000,"Weighted",0.712854757929883
200,1000,"Target_Only",0.705988455988456
200,1000,"Source1_Only",0.706349206349206
200,1000,"Source2_Only",0.71031746031746
200,1000,"Weighted",0.737734487734488
300,1000,"Target_Only",0.768706351845693
300,1000,"Source1_Only",0.61107416029265
300,1000,"Source2_Only",0.797140006651147
300,1000,"Weighted",0.810276022613901
100,100,"Target_Only",0.715808170515098
100,100,"Source1_Only",0.644760213143872
100,100,"Source2_Only",0.701598579040853
100,100,"Weighted",0.785079928952043
200,100,"Target_Only",0.738834538494258
200,100,"Source1_Only",0.663122075712463
200,100,"Source2_Only",0.676733304976606
200,100,"Weighted",0.772437260740111
300,100,"Target_Only",0.789490808524484
300,100,"Source1_Only",0.639010899625834
300,100,"Source2_Only",0.731251016756141
300,100,"Weighted",0.810639336261591
100,300,"Target_Only",0.736607142857143
100,300,"Source1_Only",0.645833333333333
100,300,"Source2_Only",0.727678571428571
100,300,"Weighted",0.796130952380952
200,300,"Target_Only",0.738949124270225
200,300,"Source1_Only",0.683903252710592
200,300,"Source2_Only",0.703085904920767
200,300,"Weighted",0.769808173477898
300,300,"Target_Only",0.823720259552992
300,300,"Source1_Only",0.69844989185292
300,300,"Source2_Only",0.81308579668349
300,300,"Weighted",0.847152126892574
100,500,"Target_Only",0.74055829228243
100,500,"Source1_Only",0.719211822660099
100,500,"Source2_Only",0.753694581280788
100,500,"Weighted",0.824302134646962
200,500,"Target_Only",0.824494467760397
200,500,"Source1_Only",0.676077832888211
200,500,"Source2_Only",0.758107592521938
200,500,"Weighted",0.82373140022892
300,500,"Target_Only",0.694508894044857
300,500,"Source1_Only",0.640371229698376
300,500,"Source2_Only",0.72737819025522
300,500,"Weighted",0.744392884764114
100,1000,"Target_Only",0.665
100,1000,"Source1_Only",0.665
100,1000,"Source2_Only",0.82
100,1000,"Weighted",0.783333333333333
200,1000,"Target_Only",0.742331288343558
200,1000,"Source1_Only",0.657975460122699
200,1000,"Source2_Only",0.787960122699386
200,1000,"Weighted",0.789493865030675
300,1000,"Target_Only",0.758241758241758
300,1000,"Source1_Only",0.675213675213675
300,1000,"Source2_Only",0.718995290423862
300,1000,"Weighted",0.77045177045177
100,100,"Target_Only",0.666666666666667
100,100,"Source1_Only",0.542016806722689
100,100,"Source2_Only",0.684873949579832
100,100,"Weighted",0.708683473389356
200,100,"Target_Only",0.718936267767079
200,100,"Source1_Only",0.598807886290692
200,100,"Source2_Only",0.772122879413113
200,100,"Weighted",0.767996331957818
300,100,"Target_Only",0.768216770413768
300,100,"Source1_Only",0.668253387037715
300,100,"Source2_Only",0.677407543024533
300,100,"Weighted",0.775906261442695
100,300,"Target_Only",0.645214521452145
100,300,"Source1_Only",0.64026402640264
100,300,"Source2_Only",0.755775577557756
100,300,"Weighted",0.768976897689769
200,300,"Target_Only",0.650576368876081
200,300,"Source1_Only",0.555115273775216
200,300,"Source2_Only",0.709293948126801
200,300,"Weighted",0.713616714697406
300,300,"Target_Only",0.688598613126915
300,300,"Source1_Only",0.686018384131592
300,300,"Source2_Only",0.71778745363651
300,300,"Weighted",0.746976294146105
100,500,"Target_Only",0.595988538681948
100,500,"Source1_Only",0.659025787965616
100,500,"Source2_Only",0.775071633237822
100,500,"Weighted",0.763610315186246
200,500,"Target_Only",0.742101105845182
200,500,"Source1_Only",0.697867298578199
200,500,"Source2_Only",0.755134281200632
200,500,"Weighted",0.795418641390205
300,500,"Target_Only",0.777376219732562
300,500,"Source1_Only",0.645102999638598
300,500,"Source2_Only",0.753342970726419
300,500,"Weighted",0.801409468738706
100,1000,"Target_Only",0.683690280065898
100,1000,"Source1_Only",0.706754530477759
100,1000,"Source2_Only",0.784184514003295
100,1000,"Weighted",0.782537067545305
200,1000,"Target_Only",0.794659300184162
200,1000,"Source1_Only",0.804327808471455
200,1000,"Source2_Only",0.68646408839779
200,1000,"Weighted",0.812615101289135
300,1000,"Target_Only",0.728928102121269
300,1000,"Source1_Only",0.714285714285714
300,1000,"Source2_Only",0.753613666228647
300,1000,"Weighted",0.782616857518303
100,100,"Target_Only",0.68685376661743
100,100,"Source1_Only",0.688330871491876
100,100,"Source2_Only",0.707533234859675
100,100,"Weighted",0.772525849335303
200,100,"Target_Only",0.726027397260274
200,100,"Source1_Only",0.669092465753425
200,100,"Source2_Only",0.654109589041096
200,100,"Weighted",0.747859589041096
300,100,"Target_Only",0.76481267535897
300,100,"Source1_Only",0.665786433404852
300,100,"Source2_Only",0.664301039775541
300,100,"Weighted",0.75623040105628
100,300,"Target_Only",0.643776824034335
100,300,"Source1_Only",0.547925608011445
100,300,"Source2_Only",0.738197424892704
100,300,"Weighted",0.7310443490701
200,300,"Target_Only",0.739344262295082
200,300,"Source1_Only",0.647950819672131
200,300,"Source2_Only",0.697540983606557
200,300,"Weighted",0.784426229508197
300,300,"Target_Only",0.721258503401361
300,300,"Source1_Only",0.646258503401361
300,300,"Source2_Only",0.732482993197279
300,300,"Weighted",0.756632653061225
100,500,"Target_Only",0.721167883211679
100,500,"Source1_Only",0.716788321167883
100,500,"Source2_Only",0.727007299270073
100,500,"Weighted",0.762043795620438
200,500,"Target_Only",0.744656917885264
200,500,"Source1_Only",0.695538057742782
200,500,"Source2_Only",0.785901762279715
200,500,"Weighted",0.821522309711286
300,500,"Target_Only",0.776119402985075
300,500,"Source1_Only",0.692333785617368
300,500,"Source2_Only",0.8030868385346
300,500,"Weighted",0.813093622795115
100,1000,"Target_Only",0.751145038167939
100,1000,"Source1_Only",0.700763358778626
100,1000,"Source2_Only",0.758778625954198
100,1000,"Weighted",0.813740458015267
200,1000,"Target_Only",0.750240153698367
200,1000,"Source1_Only",0.692122958693564
200,1000,"Source2_Only",0.751681075888569
200,1000,"Weighted",0.796349663784822
300,1000,"Target_Only",0.769673704414587
300,1000,"Source1_Only",0.727796196126331
300,1000,"Source2_Only",0.793578782062467
300,1000,"Weighted",0.808410399581225
100,100,"Target_Only",0.713298791018998
100,100,"Source1_Only",0.690846286701209
100,100,"Source2_Only",0.682210708117444
100,100,"Weighted",0.75993091537133
200,100,"Target_Only",0.739627434377646
200,100,"Source1_Only",0.639288738357324
200,100,"Source2_Only",0.721422523285351
200,100,"Weighted",0.767569856054191
300,100,"Target_Only",0.759398496240602
300,100,"Source1_Only",0.569423558897243
300,100,"Source2_Only",0.741687552213868
300,100,"Weighted",0.780284043441938
100,300,"Target_Only",0.597063621533442
100,300,"Source1_Only",0.636215334420881
100,300,"Source2_Only",0.734094616639478
100,300,"Weighted",0.745513866231648
200,300,"Target_Only",0.756873527101335
200,300,"Source1_Only",0.638648860958366
200,300,"Source2_Only",0.755302435192459
200,300,"Weighted",0.776119402985075
300,300,"Target_Only",0.821351156069364
300,300,"Source1_Only",0.638005780346821
300,300,"Source2_Only",0.805093930635838
300,300,"Weighted",0.842304913294798
100,500,"Target_Only",0.757188498402556
100,500,"Source1_Only",0.688498402555911
100,500,"Source2_Only",0.814696485623003
100,500,"Weighted",0.87220447284345
200,500,"Target_Only",0.695049504950495
200,500,"Source1_Only",0.613861386138614
200,500,"Source2_Only",0.757227722772277
200,500,"Weighted",0.770693069306931
300,500,"Target_Only",0.709895833333333
300,500,"Source1_Only",0.697048611111111
300,500,"Source2_Only",0.756076388888889
300,500,"Weighted",0.776041666666667
100,1000,"Target_Only",0.647746243739566
100,1000,"Source1_Only",0.616026711185309
100,1000,"Source2_Only",0.696160267111853
100,1000,"Weighted",0.69449081803005
200,1000,"Target_Only",0.763591433278418
200,1000,"Source1_Only",0.64662273476112
200,1000,"Source2_Only",0.71169686985173
200,1000,"Weighted",0.794892915980231
300,1000,"Target_Only",0.747426340078097
300,1000,"Source1_Only",0.661341853035144
300,1000,"Source2_Only",0.761270855520057
300,1000,"Weighted",0.770500532481363
100,100,"Target_Only",0.790082644628099
100,100,"Source1_Only",0.695867768595041
100,100,"Source2_Only",0.770247933884298
100,100,"Weighted",0.826446280991736
200,100,"Target_Only",0.727201870615744
200,100,"Source1_Only",0.637568199532346
200,100,"Source2_Only",0.69680436477007
200,100,"Weighted",0.728371005455963
300,100,"Target_Only",0.767123287671233
300,100,"Source1_Only",0.718154621319477
300,100,"Source2_Only",0.698630136986301
300,100,"Weighted",0.77924736262006
100,300,"Target_Only",0.711507293354943
100,300,"Source1_Only",0.726094003241491
100,300,"Source2_Only",0.810372771474879
100,300,"Weighted",0.803889789303079
200,300,"Target_Only",0.837920489296636
200,300,"Source1_Only",0.764525993883792
200,300,"Source2_Only",0.770205329838357
200,300,"Weighted",0.853211009174312
300,300,"Target_Only",0.753140806004242
300,300,"Source1_Only",0.656550823951705
300,300,"Source2_Only",0.75950399738946
300,300,"Weighted",0.782346222874857
100,500,"Target_Only",0.700296735905044
100,500,"Source1_Only",0.623145400593472
100,500,"Source2_Only",0.755192878338279
100,500,"Weighted",0.728486646884273
200,500,"Target_Only",0.756480754124116
200,500,"Source1_Only",0.724273369992145
200,500,"Source2_Only",0.763550667714061
200,500,"Weighted",0.804006284367635
300,500,"Target_Only",0.707430856381206
300,500,"Source1_Only",0.66811062979007
300,500,"Source2_Only",0.699933355548151
300,500,"Weighted",0.759913362212596
100,1000,"Target_Only",0.678311499272198
100,1000,"Source1_Only",0.673944687045124
100,1000,"Source2_Only",0.726346433770015
100,1000,"Weighted",0.777292576419214
200,1000,"Target_Only",0.777359909740504
200,1000,"Source1_Only",0.671305001880406
200,1000,"Source2_Only",0.709665287702144
200,1000,"Weighted",0.790522752914629
300,1000,"Target_Only",0.724963450292398
300,1000,"Source1_Only",0.651681286549708
300,1000,"Source2_Only",0.787097953216374
300,1000,"Weighted",0.796052631578947
100,100,"Target_Only",0.598705501618123
100,100,"Source1_Only",0.718446601941748
100,100,"Source2_Only",0.76537216828479
100,100,"Weighted",0.741100323624595
200,100,"Target_Only",0.729448089540718
200,100,"Source1_Only",0.698957931300656
200,100,"Source2_Only",0.696642223079892
200,100,"Weighted",0.777692010806638
300,100,"Target_Only",0.784361005856011
300,100,"Source1_Only",0.637271787805718
300,100,"Source2_Only",0.702893558387875
300,100,"Weighted",0.776265931794695
100,300,"Target_Only",0.705298013245033
100,300,"Source1_Only",0.713576158940397
100,300,"Source2_Only",0.748344370860927
100,300,"Weighted",0.781456953642384
200,300,"Target_Only",0.779018747506981
200,300,"Source1_Only",0.696449940167531
200,300,"Source2_Only",0.749900279218189
200,300,"Weighted",0.829676904666933
300,300,"Target_Only",0.747733333333333
300,300,"Source1_Only",0.667555555555556
300,300,"Source2_Only",0.6928
300,300,"Weighted",0.7696
100,500,"Target_Only",0.609422492401216
100,500,"Source1_Only",0.651975683890577
100,500,"Source2_Only",0.765957446808511
100,500,"Weighted",0.756838905775076
200,500,"Target_Only",0.679795194958645
200,500,"Source1_Only",0.647105159511619
200,500,"Source2_Only",0.788499409216227
200,500,"Weighted",0.771169751870815
300,500,"Target_Only",0.780478955007257
300,500,"Source1_Only",0.700834542815675
300,500,"Source2_Only",0.777394775036284
300,500,"Weighted",0.80732946298984
100,1000,"Target_Only",0.725888324873097
100,1000,"Source1_Only",0.676818950930626
100,1000,"Source2_Only",0.791878172588832
100,1000,"Weighted",0.776649746192893
200,1000,"Target_Only",0.681034482758621
200,1000,"Source1_Only",0.653448275862069
200,1000,"Source2_Only",0.808189655172414
200,1000,"Weighted",0.773275862068965
300,1000,"Target_Only",0.762038598463556
300,1000,"Source1_Only",0.662357129473487
300,1000,"Source2_Only",0.743114109050028
300,1000,"Weighted",0.807382424583099
100,100,"Target_Only",0.720198675496689
100,100,"Source1_Only",0.662251655629139
100,100,"Source2_Only",0.748344370860927
100,100,"Weighted",0.758278145695364
200,100,"Target_Only",0.734029227557411
200,100,"Source1_Only",0.660960334029228
200,100,"Source2_Only",0.684759916492693
200,100,"Weighted",0.763256784968685
300,100,"Target_Only",0.76882569773565
300,100,"Source1_Only",0.661049675267685
300,100,"Source2_Only",0.690187818149903
300,100,"Weighted",0.784096893101632
100,300,"Target_Only",0.715142428785607
100,300,"Source1_Only",0.787106446776612
100,300,"Source2_Only",0.761619190404798
100,300,"Weighted",0.823088455772114
200,300,"Target_Only",0.728736581337737
200,300,"Source1_Only",0.638728323699422
200,300,"Source2_Only",0.782824112303881
200,300,"Weighted",0.814616019818332
300,300,"Target_Only",0.782668977469671
300,300,"Source1_Only",0.65840554592721
300,300,"Source2_Only",0.788561525129983
300,300,"Weighted",0.808318890814558
100,500,"Target_Only",0.717628705148206
100,500,"Source1_Only",0.78783151326053
100,500,"Source2_Only",0.71606864274571
100,500,"Weighted",0.770670826833073
200,500,"Target_Only",0.715055833654216
200,500,"Source1_Only",0.656526761648055
200,500,"Source2_Only",0.685791297651136
200,500,"Weighted",0.757797458606084
300,500,"Target_Only",0.769678785739499
300,500,"Source1_Only",0.639781150723615
300,500,"Source2_Only",0.76032474408754
300,500,"Weighted",0.799505824214613
100,1000,"Target_Only",0.667808219178082
100,1000,"Source1_Only",0.582191780821918
100,1000,"Source2_Only",0.75513698630137
100,1000,"Weighted",0.732876712328767
200,1000,"Target_Only",0.769016328156113
200,1000,"Source1_Only",0.682198327359618
200,1000,"Source2_Only",0.759458383114297
200,1000,"Weighted",0.800079649542015
300,1000,"Target_Only",0.738945125199787
300,1000,"Source1_Only",0.71639140472385
300,1000,"Source2_Only",0.798082045817794
300,1000,"Weighted",0.804297638074942
100,100,"Target_Only",0.770723104056437
100,100,"Source1_Only",0.654320987654321
100,100,"Source2_Only",0.64021164021164
100,100,"Weighted",0.781305114638448
200,100,"Target_Only",0.706761006289308
200,100,"Source1_Only",0.593553459119497
200,100,"Source2_Only",0.720125786163522
200,100,"Weighted",0.724449685534591
300,100,"Target_Only",0.720278404815651
300,100,"Source1_Only",0.663844996237773
300,100,"Source2_Only",0.67456734386757
300,100,"Weighted",0.716704288939052
100,300,"Target_Only",0.641818181818182
100,300,"Source1_Only",0.670909090909091
100,300,"Source2_Only",0.687272727272727
100,300,"Weighted",0.756363636363636
200,300,"Target_Only",0.774036662925552
200,300,"Source1_Only",0.710811821922933
200,300,"Source2_Only",0.754582865693977
200,300,"Weighted",0.812944257388702
300,300,"Target_Only",0.775513728198929
300,300,"Source1_Only",0.670177862199965
300,300,"Source2_Only",0.749784147815576
300,300,"Weighted",0.804696943533069
100,500,"Target_Only",0.757142857142857
100,500,"Source1_Only",0.725
100,500,"Source2_Only",0.855357142857143
100,500,"Weighted",0.857142857142857
200,500,"Target_Only",0.762574595055413
200,500,"Source1_Only",0.741687979539642
200,500,"Source2_Only",0.725063938618926
200,500,"Weighted",0.805200341005968
300,500,"Target_Only",0.717081545064378
300,500,"Source1_Only",0.629871244635193
300,500,"Source2_Only",0.727038626609442
300,500,"Weighted",0.753476394849785
100,1000,"Target_Only",0.682316118935837
100,1000,"Source1_Only",0.539906103286385
100,1000,"Source2_Only",0.762128325508607
100,1000,"Weighted",0.751173708920188
200,1000,"Target_Only",0.684369114877589
200,1000,"Source1_Only",0.646327683615819
200,1000,"Source2_Only",0.751789077212806
200,1000,"Weighted",0.753295668549906
300,1000,"Target_Only",0.717502897830767
300,1000,"Source1_Only",0.62361318099023
300,1000,"Source2_Only",0.720483523762212
300,1000,"Weighted",0.740685543964232
100,100,"Target_Only",0.699275362318841
100,100,"Source1_Only",0.610507246376812
100,100,"Source2_Only",0.605072463768116
100,100,"Weighted",0.666666666666667
200,100,"Target_Only",0.744894026974952
200,100,"Source1_Only",0.654335260115607
200,100,"Source2_Only",0.68747591522158
200,100,"Weighted",0.761849710982659
300,100,"Target_Only",0.747511786275537
300,100,"Source1_Only",0.698795180722892
300,100,"Source2_Only",0.708748035620744
300,100,"Weighted",0.775973459053606
100,300,"Target_Only",0.653641207815275
100,300,"Source1_Only",0.671403197158082
100,300,"Source2_Only",0.724689165186501
100,300,"Weighted",0.74955595026643
200,300,"Target_Only",0.7586887835703
200,300,"Source1_Only",0.713270142180095
200,300,"Source2_Only",0.77132701421801
200,300,"Weighted",0.798578199052133
300,300,"Target_Only",0.761580143331585
300,300,"Source1_Only",0.585212375458836
300,300,"Source2_Only",0.762104527180563
300,300,"Weighted",0.786925362698829
100,500,"Target_Only",0.572932330827068
100,500,"Source1_Only",0.688721804511278
100,500,"Source2_Only",0.699248120300752
100,500,"Weighted",0.670676691729323
200,500,"Target_Only",0.725954198473282
200,500,"Source1_Only",0.650381679389313
200,500,"Source2_Only",0.774045801526718
200,500,"Weighted",0.791984732824427
300,500,"Target_Only",0.777300253955851
300,500,"Source1_Only",0.742137136159406
300,500,"Source2_Only",0.756788435241258
300,500,"Weighted",0.8093377612815
100,1000,"Target_Only",0.649175412293853
100,1000,"Source1_Only",0.614692653673163
100,1000,"Source2_Only",0.679160419790105
100,1000,"Weighted",0.734632683658171
200,1000,"Target_Only",0.686218211648893
200,1000,"Source1_Only",0.719442165709598
200,1000,"Source2_Only",0.684167350287121
200,1000,"Weighted",0.718211648892535
300,1000,"Target_Only",0.780829493087558
300,1000,"Source1_Only",0.736036866359447
300,1000,"Source2_Only",0.764055299539171
300,1000,"Weighted",0.796497695852534
100,100,"Target_Only",0.755988023952096
100,100,"Source1_Only",0.62874251497006
100,100,"Source2_Only",0.770958083832335
100,100,"Weighted",0.812874251497006
200,100,"Target_Only",0.78416149068323
200,100,"Source1_Only",0.739518633540373
200,100,"Source2_Only",0.75
200,100,"Weighted",0.798136645962733
300,100,"Target_Only",0.770642201834862
300,100,"Source1_Only",0.661079745942131
300,100,"Source2_Only",0.726534932956951
300,100,"Weighted",0.804340155257586
100,300,"Target_Only",0.678624813153961
100,300,"Source1_Only",0.729446935724963
100,300,"Source2_Only",0.748878923766816
100,300,"Weighted",0.774289985052317
200,300,"Target_Only",0.778982485404504
200,300,"Source1_Only",0.718515429524604
200,300,"Source2_Only",0.79024186822352
200,300,"Weighted",0.84278565471226
300,300,"Target_Only",0.792545710267229
300,300,"Source1_Only",0.658052039381153
300,300,"Source2_Only",0.768811533052039
300,300,"Weighted",0.830872011251758
100,500,"Target_Only",0.665562913907285
100,500,"Source1_Only",0.652317880794702
100,500,"Source2_Only",0.725165562913907
100,500,"Weighted",0.725165562913907
200,500,"Target_Only",0.723285486443381
200,500,"Source1_Only",0.657496012759171
200,500,"Source2_Only",0.74481658692185
200,500,"Weighted",0.783492822966507
300,500,"Target_Only",0.752055545404714
300,500,"Source1_Only",0.684085510688836
300,500,"Source2_Only",0.729033436871917
300,500,"Weighted",0.786954138498081
100,1000,"Target_Only",0.753581661891118
100,1000,"Source1_Only",0.660458452722063
100,1000,"Source2_Only",0.782234957020057
100,1000,"Weighted",0.799426934097421
200,1000,"Target_Only",0.79933110367893
200,1000,"Source1_Only",0.662207357859532
200,1000,"Source2_Only",0.792224080267559
200,1000,"Weighted",0.829849498327759
300,1000,"Target_Only",0.744731475186948
300,1000,"Source1_Only",0.691196464989803
300,1000,"Source2_Only",0.683208701563562
300,1000,"Weighted",0.761216859279402
100,100,"Target_Only",0.739344262295082
100,100,"Source1_Only",0.565573770491803
100,100,"Source2_Only",0.745901639344262
100,100,"Weighted",0.781967213114754
200,100,"Target_Only",0.799765807962529
200,100,"Source1_Only",0.668618266978923
200,100,"Source2_Only",0.703747072599532
200,100,"Weighted",0.800936768149883
300,100,"Target_Only",0.754603682946357
300,100,"Source1_Only",0.690952762209768
300,100,"Source2_Only",0.707966373098479
300,100,"Weighted",0.780824659727782
100,300,"Target_Only",0.628865979381443
100,300,"Source1_Only",0.640893470790378
100,300,"Source2_Only",0.816151202749141
100,300,"Weighted",0.761168384879725
200,300,"Target_Only",0.679966044142615
200,300,"Source1_Only",0.649830220713073
200,300,"Source2_Only",0.75339558573854
200,300,"Weighted",0.769524617996604
300,300,"Target_Only",0.738810093939952
300,300,"Source1_Only",0.582980291029656
300,300,"Source2_Only",0.742862405599558
300,300,"Weighted",0.76367655185117
100,500,"Target_Only",0.593220338983051
100,500,"Source1_Only",0.727272727272727
100,500,"Source2_Only",0.808936825885978
100,500,"Weighted",0.795069337442219
200,500,"Target_Only",0.809767441860465
200,500,"Source1_Only",0.712558139534884
200,500,"Source2_Only",0.757209302325581
200,500,"Weighted",0.854418604651163
300,500,"Target_Only",0.734181397654056
300,500,"Source1_Only",0.66628118288452
300,500,"Source2_Only",0.71716504212787
300,500,"Weighted",0.769700974723278
100,1000,"Target_Only",0.603833865814696
100,1000,"Source1_Only",0.599041533546326
100,1000,"Source2_Only",0.757188498402556
100,1000,"Weighted",0.781150159744409
200,1000,"Target_Only",0.67425431711146
200,1000,"Source1_Only",0.645211930926217
200,1000,"Source2_Only",0.779827315541601
200,1000,"Weighted",0.731946624803768
300,1000,"Target_Only",0.774275646045419
300,1000,"Source1_Only",0.742169146436962
300,1000,"Source2_Only",0.741581832419734
300,1000,"Weighted",0.812059514487079
100,100,"Target_Only",0.685667752442997
100,100,"Source1_Only",0.662866449511401
100,100,"Source2_Only",0.633550488599349
100,100,"Weighted",0.741042345276873
200,100,"Target_Only",0.761904761904762
200,100,"Source1_Only",0.584971603320227
200,100,"Source2_Only",0.716906946264744
200,100,"Weighted",0.760157273918742
300,100,"Target_Only",0.80255911888565
300,100,"Source1_Only",0.66051182377713
300,100,"Source2_Only",0.733074182053774
300,100,"Weighted",0.815354713313897
100,300,"Target_Only",0.759229534510433
100,300,"Source1_Only",0.674157303370786
100,300,"Source2_Only",0.784911717495987
100,300,"Weighted",0.818619582664527
200,300,"Target_Only",0.670797191243288
200,300,"Source1_Only",0.671623296158612
200,300,"Source2_Only",0.752581577860388
200,300,"Weighted",0.760429574555969
300,300,"Target_Only",0.765469962114379
300,300,"Source1_Only",0.659209814180047
300,300,"Source2_Only",0.736604726682302
300,300,"Weighted",0.78116543388057
100,500,"Target_Only",0.716417910447761
100,500,"Source1_Only",0.655223880597015
100,500,"Source2_Only",0.722388059701493
100,500,"Weighted",0.758208955223881
200,500,"Target_Only",0.808605341246291
200,500,"Source1_Only",0.680637982195846
200,500,"Source2_Only",0.756305637982196
200,500,"Weighted",0.806750741839763
300,500,"Target_Only",0.790500736377025
300,500,"Source1_Only",0.700294550810015
300,500,"Source2_Only",0.794734904270987
300,500,"Weighted",0.832658321060383
100,1000,"Target_Only",0.710084033613445
100,1000,"Source1_Only",0.638655462184874
100,1000,"Source2_Only",0.830532212885154
100,1000,"Weighted",0.857142857142857
200,1000,"Target_Only",0.699326851159312
200,1000,"Source1_Only",0.702692595362752
200,1000,"Source2_Only",0.7490650710546
200,1000,"Weighted",0.773747195213164
300,1000,"Target_Only",0.778834919045234
300,1000,"Source1_Only",0.666499749624437
300,1000,"Source2_Only",0.774828910031714
300,1000,"Weighted",0.821231847771657
100,100,"Target_Only",0.723300970873786
100,100,"Source1_Only",0.640776699029126
100,100,"Source2_Only",0.794498381877023
100,100,"Weighted",0.781553398058252
200,100,"Target_Only",0.713511560693642
200,100,"Source1_Only",0.672326589595376
200,100,"Source2_Only",0.713150289017341
200,100,"Weighted",0.763005780346821
300,100,"Target_Only",0.758609160815781
300,100,"Source1_Only",0.629889669007021
300,100,"Source2_Only",0.756435974590438
300,100,"Weighted",0.794550317619525
100,300,"Target_Only",0.781109445277361
100,300,"Source1_Only",0.689655172413793
100,300,"Source2_Only",0.745127436281859
100,300,"Weighted",0.818590704647676
200,300,"Target_Only",0.775110782865583
200,300,"Source1_Only",0.64807976366322
200,300,"Source2_Only",0.798744460856721
200,300,"Weighted",0.824593796159527
300,300,"Target_Only",0.768025606469003
300,300,"Source1_Only",0.675370619946092
300,300,"Source2_Only",0.755727762803235
300,300,"Weighted",0.797506738544474
100,500,"Target_Only",0.706395348837209
100,500,"Source1_Only",0.664244186046512
100,500,"Source2_Only",0.67296511627907
100,500,"Weighted",0.774709302325581
200,500,"Target_Only",0.732290308561495
200,500,"Source1_Only",0.728813559322034
200,500,"Source2_Only",0.76445023902651
200,500,"Weighted",0.791829639287266
300,500,"Target_Only",0.758363696588274
300,500,"Source1_Only",0.705531632991057
300,500,"Source2_Only",0.759026167605167
300,500,"Weighted",0.808877111626366
100,1000,"Target_Only",0.656742556917688
100,1000,"Source1_Only",0.732049036777583
100,1000,"Source2_Only",0.660245183887916
100,1000,"Weighted",0.726795096322242
200,1000,"Target_Only",0.69195751138088
200,1000,"Source1_Only",0.624051593323217
200,1000,"Source2_Only",0.705235204855842
200,1000,"Weighted",0.75113808801214
300,1000,"Target_Only",0.764637585005805
300,1000,"Source1_Only",0.684027201857688
300,1000,"Source2_Only",0.829822524465085
300,1000,"Weighted",0.830485984408691
100,100,"Target_Only",0.676638176638177
100,100,"Source1_Only",0.685185185185185
100,100,"Source2_Only",0.670940170940171
100,100,"Weighted",0.736467236467236
200,100,"Target_Only",0.650199203187251
200,100,"Source1_Only",0.631075697211155
200,100,"Source2_Only",0.636254980079681
200,100,"Weighted",0.699601593625498
300,100,"Target_Only",0.785528821187468
300,100,"Source1_Only",0.705037216548381
300,100,"Source2_Only",0.685996191795049
300,100,"Weighted",0.789510126363164
100,300,"Target_Only",0.725705329153605
100,300,"Source1_Only",0.761755485893417
100,300,"Source2_Only",0.714733542319749
100,300,"Weighted",0.793103448275862
200,300,"Target_Only",0.748648648648649
200,300,"Source1_Only",0.668918918918919
200,300,"Source2_Only",0.765315315315315
200,300,"Weighted",0.801801801801802
300,300,"Target_Only",0.789669861554846
300,300,"Source1_Only",0.617145899893504
300,300,"Source2_Only",0.727724529641463
300,300,"Weighted",0.796059637912673
100,500,"Target_Only",0.782534246575342
100,500,"Source1_Only",0.768835616438356
100,500,"Source2_Only",0.794520547945206
100,500,"Weighted",0.832191780821918
200,500,"Target_Only",0.72233564720294
200,500,"Source1_Only",0.645161290322581
200,500,"Source2_Only",0.68681094324214
200,500,"Weighted",0.752143732135566
300,500,"Target_Only",0.749831422791639
300,500,"Source1_Only",0.642784895482131
300,500,"Source2_Only",0.744942683749157
300,500,"Weighted",0.781018206338503
100,1000,"Target_Only",0.679245283018868
100,1000,"Source1_Only",0.680696661828737
100,1000,"Source2_Only",0.753265602322206
100,1000,"Weighted",0.76632801161103
200,1000,"Target_Only",0.762002462043496
200,1000,"Source1_Only",0.68896183832581
200,1000,"Source2_Only",0.77267131719327
200,1000,"Weighted",0.82355354944604
300,1000,"Target_Only",0.766054243219598
300,1000,"Source1_Only",0.685739282589676
300,1000,"Source2_Only",0.732283464566929
300,1000,"Weighted",0.775678040244969
100,100,"Target_Only",0.702189781021898
100,100,"Source1_Only",0.728467153284672
100,100,"Source2_Only",0.716788321167883
100,100,"Weighted",0.781021897810219
200,100,"Target_Only",0.777530589543938
200,100,"Source1_Only",0.64145346681498
200,100,"Source2_Only",0.683722654801631
200,100,"Weighted",0.802002224694105
300,100,"Target_Only",0.761234071093226
300,100,"Source1_Only",0.655767940979209
300,100,"Source2_Only",0.713950368879946
300,100,"Weighted",0.779342723004695
100,300,"Target_Only",0.8
100,300,"Source1_Only",0.780392156862745
100,300,"Source2_Only",0.719607843137255
100,300,"Weighted",0.862745098039216
200,300,"Target_Only",0.717791411042945
200,300,"Source1_Only",0.682869277961302
200,300,"Source2_Only",0.736668239735724
200,300,"Weighted",0.759792354884379
300,300,"Target_Only",0.772783798187955
300,300,"Source1_Only",0.639367560845621
300,300,"Source2_Only",0.767454254752176
300,300,"Weighted",0.807958784864097
100,500,"Target_Only",0.753303964757709
100,500,"Source1_Only",0.693098384728341
100,500,"Source2_Only",0.722466960352423
100,500,"Weighted",0.797356828193833
200,500,"Target_Only",0.780781877968579
200,500,"Source1_Only",0.692363902082572
200,500,"Source2_Only",0.781877968578736
200,500,"Weighted",0.818414322250639
300,500,"Target_Only",0.703147100424328
300,500,"Source1_Only",0.630304101838755
300,500,"Source2_Only",0.74045261669024
300,500,"Weighted",0.749292786421499
100,1000,"Target_Only",0.718349928876245
100,1000,"Source1_Only",0.71977240398293
100,1000,"Source2_Only",0.792318634423898
100,1000,"Weighted",0.786628733997155
200,1000,"Target_Only",0.752725856697819
200,1000,"Source1_Only",0.687305295950156
200,1000,"Source2_Only",0.757009345794392
200,1000,"Weighted",0.783878504672897
300,1000,"Target_Only",0.792786544130397
300,1000,"Source1_Only",0.667591468701231
300,1000,"Source2_Only",0.692907924397434
300,1000,"Weighted",0.799028957863707
100,100,"Target_Only",0.698347107438017
100,100,"Source1_Only",0.650826446280992
100,100,"Source2_Only",0.588842975206612
100,100,"Weighted",0.663223140495868
200,100,"Target_Only",0.70989010989011
200,100,"Source1_Only",0.641758241758242
200,100,"Source2_Only",0.771062271062271
200,100,"Weighted",0.776190476190476
300,100,"Target_Only",0.736756756756757
300,100,"Source1_Only",0.665405405405405
300,100,"Source2_Only",0.736036036036036
300,100,"Weighted",0.78036036036036
100,300,"Target_Only",0.664440734557596
100,300,"Source1_Only",0.66110183639399
100,300,"Source2_Only",0.81636060100167
100,300,"Weighted",0.781302170283806
200,300,"Target_Only",0.764866979655712
200,300,"Source1_Only",0.689358372456964
200,300,"Source2_Only",0.752738654147105
200,300,"Weighted",0.791862284820031
300,300,"Target_Only",0.820868624977473
300,300,"Source1_Only",0.667687871688593
300,300,"Source2_Only",0.787889709857632
300,300,"Weighted",0.844656694899982
100,500,"Target_Only",0.819548872180451
100,500,"Source1_Only",0.73984962406015
100,500,"Source2_Only",0.738345864661654
100,500,"Weighted",0.809022556390977
200,500,"Target_Only",0.711462450592885
200,500,"Source1_Only",0.610671936758893
200,500,"Source2_Only",0.771541501976285
200,500,"Weighted",0.7699604743083
300,500,"Target_Only",0.711646136618141
300,500,"Source1_Only",0.633631952220978
300,500,"Source2_Only",0.761664800298619
300,500,"Weighted",0.769130272489735
100,1000,"Target_Only",0.619883040935672
100,1000,"Source1_Only",0.671052631578947
100,1000,"Source2_Only",0.706140350877193
100,1000,"Weighted",0.741228070175439
200,1000,"Target_Only",0.797072784810127
200,1000,"Source1_Only",0.715585443037975
200,1000,"Source2_Only",0.745253164556962
200,1000,"Weighted",0.826740506329114
300,1000,"Target_Only",0.754232757084299
300,1000,"Source1_Only",0.722687577971841
300,1000,"Source2_Only",0.736232400641597
300,1000,"Weighted",0.796827659953662
100,100,"Target_Only",0.707280832095097
100,100,"Source1_Only",0.668647845468054
100,100,"Source2_Only",0.75334323922734
100,100,"Weighted",0.791976225854383
200,100,"Target_Only",0.717793728749528
200,100,"Source1_Only",0.585190782017378
200,100,"Source2_Only",0.666792595391009
200,100,"Weighted",0.727993955421232
300,100,"Target_Only",0.741015310233683
300,100,"Source1_Only",0.67074939564867
300,100,"Source2_Only",0.670104754230459
300,100,"Weighted",0.762127316680097
100,300,"Target_Only",0.640449438202247
100,300,"Source1_Only",0.636704119850187
100,300,"Source2_Only",0.782771535580524
100,300,"Weighted",0.758426966292135
200,300,"Target_Only",0.692408951294427
200,300,"Source1_Only",0.682755594559017
200,300,"Source2_Only",0.696358051777095
200,300,"Weighted",0.747257569109258
300,300,"Target_Only",0.763270689086713
300,300,"Source1_Only",0.657599736234751
300,300,"Source2_Only",0.80250576986482
300,300,"Weighted",0.815529179030663
100,500,"Target_Only",0.759649122807017
100,500,"Source1_Only",0.754385964912281
100,500,"Source2_Only",0.72280701754386
100,500,"Weighted",0.810526315789474
200,500,"Target_Only",0.714542836573074
200,500,"Source1_Only",0.697984161267099
200,500,"Source2_Only",0.729661627069834
200,500,"Weighted",0.765298776097912
300,500,"Target_Only",0.73945696129405
300,500,"Source1_Only",0.64471403812825
300,500,"Source2_Only",0.780088580781822
300,500,"Weighted",0.77103793568265
100,1000,"Target_Only",0.646464646464646
100,1000,"Source1_Only",0.67003367003367
100,1000,"Source2_Only",0.782828282828283
100,1000,"Weighted",0.752525252525253
200,1000,"Target_Only",0.678470824949698
200,1000,"Source1_Only",0.694164989939638
200,1000,"Source2_Only",0.72112676056338
200,1000,"Weighted",0.781891348088531
300,1000,"Target_Only",0.778175313059034
300,1000,"Source1_Only",0.64595869247032
300,1000,"Source2_Only",0.790860302488209
300,1000,"Weighted",0.810375670840787
100,100,"Target_Only",0.6751269035533
100,100,"Source1_Only",0.60575296108291
100,100,"Source2_Only",0.747884940778342
100,100,"Weighted",0.774957698815567
200,100,"Target_Only",0.781175536139794
200,100,"Source1_Only",0.712867355043685
200,100,"Source2_Only",0.719618745035743
200,100,"Weighted",0.80857823669579
300,100,"Target_Only",0.788448155880306
300,100,"Source1_Only",0.693806541405706
300,100,"Source2_Only",0.71972860125261
300,100,"Weighted",0.792623521224774
100,300,"Target_Only",0.768388106416275
100,300,"Source1_Only",0.687010954616588
100,300,"Source2_Only",0.791862284820031
100,300,"Weighted",0.801251956181534
200,300,"Target_Only",0.774051896207585
200,300,"Source1_Only",0.598003992015968
200,300,"Source2_Only",0.789221556886228
200,300,"Weighted",0.799201596806387
300,300,"Target_Only",0.75288722826087
300,300,"Source1_Only",0.672214673913043
300,300,"Source2_Only",0.797044836956522
300,300,"Weighted",0.80366847826087
100,500,"Target_Only",0.759312320916905
100,500,"Source1_Only",0.600286532951289
100,500,"Source2_Only",0.742120343839542
100,500,"Weighted",0.789398280802292
200,500,"Target_Only",0.649055148476668
200,500,"Source1_Only",0.655996914770536
200,500,"Source2_Only",0.736598534516005
200,500,"Weighted",0.741226378711917
300,500,"Target_Only",0.722793719545208
300,500,"Source1_Only",0.638512903807977
300,500,"Source2_Only",0.722432773867533
300,500,"Weighted",0.75563977621368
100,1000,"Target_Only",0.704579025110783
100,1000,"Source1_Only",0.580502215657312
100,1000,"Source2_Only",0.697193500738552
100,1000,"Weighted",0.738552437223043
200,1000,"Target_Only",0.72543469470279
200,1000,"Source1_Only",0.649009300444804
200,1000,"Source2_Only",0.716740800646988
200,1000,"Weighted",0.752122927618277
300,1000,"Target_Only",0.782907488986784
300,1000,"Source1_Only",0.716651982378855
300,1000,"Source2_Only",0.773392070484581
300,1000,"Weighted",0.830132158590308
100,100,"Target_Only",0.652027027027027
100,100,"Source1_Only",0.618243243243243
100,100,"Source2_Only",0.655405405405405
100,100,"Weighted",0.677364864864865
200,100,"Target_Only",0.723673792557403
200,100,"Source1_Only",0.6215360253365
200,100,"Source2_Only",0.730007917656374
200,100,"Weighted",0.76049089469517
300,100,"Target_Only",0.759
300,100,"Source1_Only",0.6354
300,100,"Source2_Only",0.6722
300,100,"Weighted",0.7624
100,300,"Target_Only",0.681281618887015
100,300,"Source1_Only",0.661045531197302
100,300,"Source2_Only",0.72681281618887
100,300,"Weighted",0.747048903878583
200,300,"Target_Only",0.756053811659193
200,300,"Source1_Only",0.705381165919283
200,300,"Source2_Only",0.769058295964126
200,300,"Weighted",0.807174887892377
300,300,"Target_Only",0.752048823016565
300,300,"Source1_Only",0.661900610287707
300,300,"Source2_Only",0.719093286835222
300,300,"Weighted",0.797035745422842
100,500,"Target_Only",0.718796992481203
100,500,"Source1_Only",0.721804511278195
100,500,"Source2_Only",0.759398496240602
100,500,"Weighted",0.803007518796993
200,500,"Target_Only",0.733498349834984
200,500,"Source1_Only",0.726072607260726
200,500,"Source2_Only",0.826320132013201
200,500,"Weighted",0.831683168316832
300,500,"Target_Only",0.717207966983671
300,500,"Source1_Only",0.618697290507806
300,500,"Source2_Only",0.717387403552844
300,500,"Weighted",0.733716131347569
100,1000,"Target_Only",0.638036809815951
100,1000,"Source1_Only",0.693251533742331
100,1000,"Source2_Only",0.808282208588957
100,1000,"Weighted",0.789877300613497
200,1000,"Target_Only",0.69354222392052
200,1000,"Source1_Only",0.604126862820023
200,1000,"Source2_Only",0.799006495987772
200,1000,"Weighted",0.76958349254872
300,1000,"Target_Only",0.778289221327196
300,1000,"Source1_Only",0.66494054468738
300,1000,"Source2_Only",0.742616033755274
300,1000,"Weighted",0.794591484464902
100,100,"Target_Only",0.721417069243156
100,100,"Source1_Only",0.660225442834139
100,100,"Source2_Only",0.801932367149758
100,100,"Weighted",0.800322061191626
200,100,"Target_Only",0.770833333333333
200,100,"Source1_Only",0.656462585034014
200,100,"Source2_Only",0.76530612244898
200,100,"Weighted",0.805697278911565
300,100,"Target_Only",0.754596759512106
300,100,"Source1_Only",0.679046058620062
300,100,"Source2_Only",0.69943564536683
300,100,"Weighted",0.768250500637175
100,300,"Target_Only",0.70098730606488
100,300,"Source1_Only",0.716502115655853
100,300,"Source2_Only",0.83638928067701
100,300,"Weighted",0.820874471086037
200,300,"Target_Only",0.803356282271945
200,300,"Source1_Only",0.632530120481928
200,300,"Source2_Only",0.725043029259897
200,300,"Weighted",0.796471600688468
300,300,"Target_Only",0.783079526226734
300,300,"Source1_Only",0.623519458544839
300,300,"Source2_Only",0.735702199661591
300,300,"Weighted",0.801861252115059
100,500,"Target_Only",0.749190938511327
100,500,"Source1_Only",0.700647249190939
100,500,"Source2_Only",0.800970873786408
100,500,"Weighted",0.828478964401294
200,500,"Target_Only",0.766039051603905
200,500,"Source1_Only",0.720362622036262
200,500,"Source2_Only",0.785216178521618
200,500,"Weighted",0.825662482566248
300,500,"Target_Only",0.743689680772086
300,500,"Source1_Only",0.663325909428359
300,500,"Source2_Only",0.776540460282108
300,500,"Weighted",0.791945063103192
100,1000,"Target_Only",0.73374613003096
100,1000,"Source1_Only",0.726006191950464
100,1000,"Source2_Only",0.761609907120743
100,1000,"Weighted",0.794117647058824
200,1000,"Target_Only",0.734134434847916
200,1000,"Source1_Only",0.603079233946677
200,1000,"Source2_Only",0.798535486293654
200,1000,"Weighted",0.782576042057829
300,1000,"Target_Only",0.769107714184145
300,1000,"Source1_Only",0.678457163170992
300,1000,"Source2_Only",0.773107003199431
300,1000,"Weighted",0.807856381087807
100,100,"Target_Only",0.727707006369427
100,100,"Source1_Only",0.699044585987261
100,100,"Source2_Only",0.745222929936306
100,100,"Weighted",0.773885350318471
200,100,"Target_Only",0.766961651917404
200,100,"Source1_Only",0.654867256637168
200,100,"Source2_Only",0.784239359460598
200,100,"Weighted",0.806573957016435
300,100,"Target_Only",0.731579895514322
300,100,"Source1_Only",0.633759682940011
300,100,"Source2_Only",0.680598090434156
300,100,"Weighted",0.746532156368222
100,300,"Target_Only",0.628070175438596
100,300,"Source1_Only",0.568421052631579
100,300,"Source2_Only",0.696491228070175
100,300,"Weighted",0.710526315789474
200,300,"Target_Only",0.700420328620558
200,300,"Source1_Only",0.659151700420329
200,300,"Source2_Only",0.753152464654184
200,300,"Weighted",0.789835689721055
300,300,"Target_Only",0.754279959718026
300,300,"Source1_Only",0.665491775763679
300,300,"Source2_Only",0.721215172876804
300,300,"Weighted",0.778616985565626
100,500,"Target_Only",0.49632892804699
100,500,"Source1_Only",0.582966226138032
100,500,"Source2_Only",0.718061674008811
100,500,"Weighted",0.656387665198238
200,500,"Target_Only",0.767827529021559
200,500,"Source1_Only",0.677860696517413
200,500,"Source2_Only",0.713930348258706
200,500,"Weighted",0.7893864013267
300,500,"Target_Only",0.727859332150347
300,500,"Source1_Only",0.655428294886272
300,500,"Source2_Only",0.743668333602194
300,500,"Weighted",0.766091305049202
100,1000,"Target_Only",0.711864406779661
100,1000,"Source1_Only",0.764406779661017
100,1000,"Source2_Only",0.754237288135593
100,1000,"Weighted",0.779661016949152
200,1000,"Target_Only",0.794152508889767
200,1000,"Source1_Only",0.636902410114579
200,1000,"Source2_Only",0.75069142631371
200,1000,"Weighted",0.813512445673647
300,1000,"Target_Only",0.765198787662685
300,1000,"Source1_Only",0.701194508825102
300,1000,"Source2_Only",0.800320912818684
300,1000,"Weighted",0.831164200392227
100,100,"Target_Only",0.655834564254062
100,100,"Source1_Only",0.589364844903988
100,100,"Source2_Only",0.688330871491876
100,100,"Weighted",0.701624815361891
200,100,"Target_Only",0.707101727447217
200,100,"Source1_Only",0.636084452975048
200,100,"Source2_Only",0.742802303262956
200,100,"Weighted",0.750479846449136
300,100,"Target_Only",0.755324183625177
300,100,"Source1_Only",0.594100015775359
300,100,"Source2_Only",0.686385865278435
300,100,"Weighted",0.764473891781038
100,300,"Target_Only",0.697262479871176
100,300,"Source1_Only",0.655394524959742
100,300,"Source2_Only",0.789049919484702
100,300,"Weighted",0.816425120772947
200,300,"Target_Only",0.735993208828523
200,300,"Source1_Only",0.606536502546689
200,300,"Source2_Only",0.728353140916808
200,300,"Weighted",0.787775891341256
300,300,"Target_Only",0.749462365591398
300,300,"Source1_Only",0.703225806451613
300,300,"Source2_Only",0.781541218637993
300,300,"Weighted",0.797670250896057
100,500,"Target_Only",0.703937007874016
100,500,"Source1_Only",0.713385826771654
100,500,"Source2_Only",0.740157480314961
100,500,"Weighted",0.798425196850394
200,500,"Target_Only",0.65043695380774
200,500,"Source1_Only",0.535580524344569
200,500,"Source2_Only",0.698293799417395
200,500,"Weighted",0.669579692051602
300,500,"Target_Only",0.6966940703166
300,500,"Source1_Only",0.616057372747945
300,500,"Source2_Only",0.729928284065069
300,500,"Weighted",0.754241735175792
100,1000,"Target_Only",0.598145285935085
100,1000,"Source1_Only",0.718701700154559
100,1000,"Source2_Only",0.639876352395672
100,1000,"Weighted",0.667697063369397
200,1000,"Target_Only",0.738863914997957
200,1000,"Source1_Only",0.672251736820597
200,1000,"Source2_Only",0.829587249693502
200,1000,"Weighted",0.819370657948508
300,1000,"Target_Only",0.691380569758948
300,1000,"Source1_Only",0.647735573411249
300,1000,"Source2_Only",0.787253469685902
300,1000,"Weighted",0.784696859021183
100,100,"Target_Only",0.464516129032258
100,100,"Source1_Only",0.664516129032258
100,100,"Source2_Only",0.680645161290323
100,100,"Weighted",0.680645161290323
200,100,"Target_Only",0.751507840772014
200,100,"Source1_Only",0.678729392842782
200,100,"Source2_Only",0.694008845999196
200,100,"Weighted",0.771612384398874
300,100,"Target_Only",0.741974877878576
300,100,"Source1_Only",0.626657362177251
300,100,"Source2_Only",0.711270062805304
300,100,"Weighted",0.760816468946267
100,300,"Target_Only",0.695384615384615
100,300,"Source1_Only",0.730769230769231
100,300,"Source2_Only",0.807692307692308
100,300,"Weighted",0.813846153846154
200,300,"Target_Only",0.716256524981357
200,300,"Source1_Only",0.655853840417599
200,300,"Source2_Only",0.796420581655481
200,300,"Weighted",0.812080536912752
300,300,"Target_Only",0.790012138026704
300,300,"Source1_Only",0.71076816368996
300,300,"Source2_Only",0.761747875845327
300,300,"Weighted",0.821050806311774
100,500,"Target_Only",0.697324414715719
100,500,"Source1_Only",0.693979933110368
100,500,"Source2_Only",0.769230769230769
100,500,"Weighted",0.764214046822743
200,500,"Target_Only",0.77992125984252
200,500,"Source1_Only",0.690944881889764
200,500,"Source2_Only",0.77755905511811
200,500,"Weighted",0.831889763779528
300,500,"Target_Only",0.77989417989418
300,500,"Source1_Only",0.644797178130512
300,500,"Source2_Only",0.752557319223986
300,500,"Weighted",0.813756613756614
100,1000,"Target_Only",0.727126805778491
100,1000,"Source1_Only",0.662921348314607
100,1000,"Source2_Only",0.725521669341894
100,1000,"Weighted",0.781701444622793
200,1000,"Target_Only",0.717424826522745
200,1000,"Source1_Only",0.714726291441789
200,1000,"Source2_Only",0.793754818812645
200,1000,"Weighted",0.802621434078643
300,1000,"Target_Only",0.791501620453727
300,1000,"Source1_Only",0.761073100468131
300,1000,"Source2_Only",0.760803024846957
300,1000,"Weighted",0.820849837954627
100,100,"Target_Only",0.795302013422819
100,100,"Source1_Only",0.478187919463087
100,100,"Source2_Only",0.73993288590604
100,100,"Weighted",0.758389261744966
200,100,"Target_Only",0.8123973727422
200,100,"Source1_Only",0.730706075533662
200,100,"Source2_Only",0.766830870279146
200,100,"Weighted",0.848932676518883
300,100,"Target_Only",0.790408832154563
300,100,"Source1_Only",0.608245644298775
300,100,"Source2_Only",0.725892703122305
300,100,"Weighted",0.787648783853717
100,300,"Target_Only",0.720064724919094
100,300,"Source1_Only",0.572815533980582
100,300,"Source2_Only",0.737864077669903
100,300,"Weighted",0.754045307443366
200,300,"Target_Only",0.760677183532128
200,300,"Source1_Only",0.669488264717199
200,300,"Source2_Only",0.752597152751058
200,300,"Weighted",0.797999230473259
300,300,"Target_Only",0.7686230248307
300,300,"Source1_Only",0.709179834462002
300,300,"Source2_Only",0.749623777276147
300,300,"Weighted",0.81038374717833
100,500,"Target_Only",0.662379421221865
100,500,"Source1_Only",0.585209003215434
100,500,"Source2_Only",0.845659163987138
100,500,"Weighted",0.829581993569132
200,500,"Target_Only",0.748046875
200,500,"Source1_Only",0.6796875
200,500,"Source2_Only",0.746484375
200,500,"Weighted",0.783984375
300,500,"Target_Only",0.81278801843318
300,500,"Source1_Only",0.731758832565284
300,500,"Source2_Only",0.818164362519201
300,500,"Weighted",0.850806451612903
100,1000,"Target_Only",0.786350148367952
100,1000,"Source1_Only",0.695845697329377
100,1000,"Source2_Only",0.777448071216617
100,1000,"Weighted",0.856083086053413
200,1000,"Target_Only",0.741935483870968
200,1000,"Source1_Only",0.722245496439045
200,1000,"Source2_Only",0.75366568914956
200,1000,"Weighted",0.802262253875157
300,1000,"Target_Only",0.804017555705604
300,1000,"Source1_Only",0.636563133018231
300,1000,"Source2_Only",0.784604996623903
300,1000,"Weighted",0.823092505064146
100,100,"Target_Only",0.674965421853389
100,100,"Source1_Only",0.508990318118949
100,100,"Source2_Only",0.674965421853389
100,100,"Weighted",0.702627939142462
200,100,"Target_Only",0.768752590136759
200,100,"Source1_Only",0.665561541649399
200,100,"Source2_Only",0.808122668876917
200,100,"Weighted",0.824285122254455
300,100,"Target_Only",0.780938308090137
300,100,"Source1_Only",0.644994458810491
300,100,"Source2_Only",0.741965275212412
300,100,"Weighted",0.787957148134466
100,300,"Target_Only",0.669128508124077
100,300,"Source1_Only",0.62629246676514
100,300,"Source2_Only",0.759231905465288
100,300,"Weighted",0.734121122599705
200,300,"Target_Only",0.719947735191638
200,300,"Source1_Only",0.647648083623693
200,300,"Source2_Only",0.731271777003484
200,300,"Weighted",0.756968641114983
300,300,"Target_Only",0.767476948868399
300,300,"Source1_Only",0.671248952221291
300,300,"Source2_Only",0.71617770326907
300,300,"Weighted",0.778206202849958
100,500,"Target_Only",0.718703976435935
100,500,"Source1_Only",0.705449189985272
100,500,"Source2_Only",0.720176730486009
100,500,"Weighted",0.790868924889544
200,500,"Target_Only",0.79110936270653
200,500,"Source1_Only",0.654602675059009
200,500,"Source2_Only",0.761998426435877
200,500,"Weighted",0.815892997639654
300,500,"Target_Only",0.767604371976348
300,500,"Source1_Only",0.675685361046407
300,500,"Source2_Only",0.758287045332378
300,500,"Weighted",0.798781580361942
100,1000,"Target_Only",0.7508038585209
100,1000,"Source1_Only",0.665594855305466
100,1000,"Source2_Only",0.757234726688103
100,1000,"Weighted",0.77491961414791
200,1000,"Target_Only",0.682775712515489
200,1000,"Source1_Only",0.698058653448988
200,1000,"Source2_Only",0.75092936802974
200,1000,"Weighted",0.784386617100372
300,1000,"Target_Only",0.742093784078517
300,1000,"Source1_Only",0.678298800436205
300,1000,"Source2_Only",0.724645583424209
300,1000,"Weighted",0.778444202108324
100,100,"Target_Only",0.756352765321375
100,100,"Source1_Only",0.608370702541106
100,100,"Source2_Only",0.732436472346786
100,100,"Weighted",0.775784753363229
200,100,"Target_Only",0.72010662604722
200,100,"Source1_Only",0.604722010662605
200,100,"Source2_Only",0.701827875095202
200,100,"Weighted",0.750952018278751
300,100,"Target_Only",0.725317875841436
300,100,"Source1_Only",0.646035901271503
300,100,"Source2_Only",0.703253552729993
300,100,"Weighted",0.746821241585639
100,300,"Target_Only",0.724683544303797
100,300,"Source1_Only",0.71993670886076
100,300,"Source2_Only",0.835443037974684
100,300,"Weighted",0.808544303797468
200,300,"Target_Only",0.802930967990744
200,300,"Source1_Only",0.686463555726957
200,300,"Source2_Only",0.774392595449287
200,300,"Weighted",0.84265329733899
300,300,"Target_Only",0.762748704230062
300,300,"Source1_Only",0.692860725631165
300,300,"Source2_Only",0.735662932619963
300,300,"Weighted",0.774786824945661
100,500,"Target_Only",0.664874551971326
100,500,"Source1_Only",0.691756272401434
100,500,"Source2_Only",0.775985663082437
100,500,"Weighted",0.772401433691756
200,500,"Target_Only",0.737060041407868
200,500,"Source1_Only",0.627329192546584
200,500,"Source2_Only",0.747412008281574
200,500,"Weighted",0.782194616977226
300,500,"Target_Only",0.741510115606936
300,500,"Source1_Only",0.682984104046243
300,500,"Source2_Only",0.741148843930636
300,500,"Weighted",0.803829479768786
100,1000,"Target_Only",0.729776247848537
100,1000,"Source1_Only",0.566265060240964
100,1000,"Source2_Only",0.777969018932874
100,1000,"Weighted",0.769363166953528
200,1000,"Target_Only",0.684385382059801
200,1000,"Source1_Only",0.660299003322259
200,1000,"Source2_Only",0.790282392026578
200,1000,"Weighted",0.786129568106312
300,1000,"Target_Only",0.770234526538529
300,1000,"Source1_Only",0.72650326221125
300,1000,"Source2_Only",0.781343678363604
300,1000,"Weighted",0.822077235055546
100,100,"Target_Only",0.668674698795181
100,100,"Source1_Only",0.680722891566265
100,100,"Source2_Only",0.783132530120482
100,100,"Weighted",0.771084337349398
200,100,"Target_Only",0.680337756332931
200,100,"Source1_Only",0.63610776035384
200,100,"Source2_Only",0.649376759147567
200,100,"Weighted",0.716123843988741
300,100,"Target_Only",0.717004189944134
300,100,"Source1_Only",0.624825418994413
300,100,"Source2_Only",0.658170391061452
300,100,"Weighted",0.734287709497207
100,300,"Target_Only",0.672155688622754
100,300,"Source1_Only",0.672155688622754
100,300,"Source2_Only",0.714071856287425
100,300,"Weighted",0.755988023952096
200,300,"Target_Only",0.792497069167644
200,300,"Source1_Only",0.619773348964439
200,300,"Source2_Only",0.735052754982415
200,300,"Weighted",0.782336850332161
300,300,"Target_Only",0.756093253267397
300,300,"Source1_Only",0.653302719886966
300,300,"Source2_Only",0.725185446838573
300,300,"Weighted",0.775697633345108
100,500,"Target_Only",0.77984496124031
100,500,"Source1_Only",0.713178294573643
100,500,"Source2_Only",0.793798449612403
100,500,"Weighted",0.837209302325581
200,500,"Target_Only",0.765559373806797
200,500,"Source1_Only",0.654448262695685
200,500,"Source2_Only",0.78885070637648
200,500,"Weighted",0.791905307369225
300,500,"Target_Only",0.750797649034425
300,500,"Source1_Only",0.683459277917716
300,500,"Source2_Only",0.770445004198153
300,500,"Weighted",0.823509655751469
100,1000,"Target_Only",0.787313432835821
100,1000,"Source1_Only",0.712686567164179
100,1000,"Source2_Only",0.805970149253731
100,1000,"Weighted",0.837686567164179
200,1000,"Target_Only",0.736088379705401
200,1000,"Source1_Only",0.556873977086743
200,1000,"Source2_Only",0.784369885433715
200,1000,"Weighted",0.790916530278232
300,1000,"Target_Only",0.765297278557809
300,1000,"Source1_Only",0.600104004160166
300,1000,"Source2_Only",0.717628705148206
300,1000,"Weighted",0.763390535621425
100,100,"Target_Only",0.725490196078431
100,100,"Source1_Only",0.666666666666667
100,100,"Source2_Only",0.718360071301248
100,100,"Weighted",0.750445632798574
200,100,"Target_Only",0.720363636363636
200,100,"Source1_Only",0.642181818181818
200,100,"Source2_Only",0.665454545454546
200,100,"Weighted",0.746545454545455
300,100,"Target_Only",0.756079854809437
300,100,"Source1_Only",0.679854809437387
300,100,"Source2_Only",0.666606170598911
300,100,"Weighted",0.781306715063521
100,300,"Target_Only",0.68
100,300,"Source1_Only",0.754074074074074
100,300,"Source2_Only",0.780740740740741
100,300,"Weighted",0.82962962962963
200,300,"Target_Only",0.745516652433817
200,300,"Source1_Only",0.64730999146029
200,300,"Source2_Only",0.710076857386849
200,300,"Weighted",0.759180187873612
300,300,"Target_Only",0.772102853117295
300,300,"Source1_Only",0.637724550898204
300,300,"Source2_Only",0.729482212046495
300,300,"Weighted",0.810672772102853
100,500,"Target_Only",0.726591760299625
100,500,"Source1_Only",0.730337078651685
100,500,"Source2_Only",0.735955056179775
100,500,"Weighted",0.771535580524345
200,500,"Target_Only",0.760015261350629
200,500,"Source1_Only",0.724914154902709
200,500,"Source2_Only",0.707745135444487
200,500,"Weighted",0.785578023655094
300,500,"Target_Only",0.810432074737252
300,500,"Source1_Only",0.688010899182561
300,500,"Source2_Only",0.768976255352277
300,500,"Weighted",0.836706889840405
100,1000,"Target_Only",0.645348837209302
100,1000,"Source1_Only",0.707848837209302
100,1000,"Source2_Only",0.768895348837209
100,1000,"Weighted",0.757267441860465
200,1000,"Target_Only",0.704740574841359
200,1000,"Source1_Only",0.647256438969765
200,1000,"Source2_Only",0.766703994027622
200,1000,"Weighted",0.790220231429638
300,1000,"Target_Only",0.721405521692363
300,1000,"Source1_Only",0.70150591609896
300,1000,"Source2_Only",0.752240946575834
300,1000,"Weighted",0.781821441376838
100,100,"Target_Only",0.669172932330827
100,100,"Source1_Only",0.494736842105263
100,100,"Source2_Only",0.780451127819549
100,100,"Weighted",0.720300751879699
200,100,"Target_Only",0.718134298351427
200,100,"Source1_Only",0.682348210695617
200,100,"Source2_Only",0.653799758745476
200,100,"Weighted",0.749899477281866
300,100,"Target_Only",0.698122780314561
300,100,"Source1_Only",0.666666666666667
300,100,"Source2_Only",0.628276678504989
300,100,"Weighted",0.71740233384069
100,300,"Target_Only",0.611864406779661
100,300,"Source1_Only",0.752542372881356
100,300,"Source2_Only",0.674576271186441
100,300,"Weighted",0.727118644067797
200,300,"Target_Only",0.720970537261698
200,300,"Source1_Only",0.699740034662045
200,300,"Source2_Only",0.780762564991335
200,300,"Weighted",0.797660311958406
300,300,"Target_Only",0.705531167690957
300,300,"Source1_Only",0.658647936786655
300,300,"Source2_Only",0.687971905179982
300,300,"Weighted",0.762247585601405
100,500,"Target_Only",0.723467862481315
100,500,"Source1_Only",0.762331838565022
100,500,"Source2_Only",0.698056801195815
100,500,"Weighted",0.766816143497758
200,500,"Target_Only",0.735966735966736
200,500,"Source1_Only",0.713929313929314
200,500,"Source2_Only",0.777962577962578
200,500,"Weighted",0.785862785862786
300,500,"Target_Only",0.743560482556244
300,500,"Source1_Only",0.666123247473101
300,500,"Source2_Only",0.739973915878709
300,500,"Weighted",0.772579067492664
100,1000,"Target_Only",0.645801526717557
100,1000,"Source1_Only",0.76793893129771
100,1000,"Source2_Only",0.827480916030534
100,1000,"Weighted",0.821374045801527
200,1000,"Target_Only",0.724716553287982
200,1000,"Source1_Only",0.709297052154195
200,1000,"Source2_Only",0.728798185941043
200,1000,"Weighted",0.784126984126984
300,1000,"Target_Only",0.774193548387097
300,1000,"Source1_Only",0.718175511619841
300,1000,"Source2_Only",0.800728407908429
300,1000,"Weighted",0.822060353798127
100,100,"Target_Only",0.733887733887734
100,100,"Source1_Only",0.573804573804574
100,100,"Source2_Only",0.715176715176715
100,100,"Weighted",0.808731808731809
200,100,"Target_Only",0.754783484390735
200,100,"Source1_Only",0.638469284994965
200,100,"Source2_Only",0.727593152064451
200,100,"Weighted",0.758811681772407
300,100,"Target_Only",0.75076660988075
300,100,"Source1_Only",0.593185689948893
300,100,"Source2_Only",0.705281090289608
300,100,"Weighted",0.783986371379898
100,300,"Target_Only",0.608011444921316
100,300,"Source1_Only",0.646638054363376
100,300,"Source2_Only",0.715307582260372
100,300,"Weighted",0.735336194563662
200,300,"Target_Only",0.783730158730159
200,300,"Source1_Only",0.708333333333333
200,300,"Source2_Only",0.707539682539683
200,300,"Weighted",0.813888888888889
300,300,"Target_Only",0.784306569343066
300,300,"Source1_Only",0.67992700729927
300,300,"Source2_Only",0.78521897810219
300,300,"Weighted",0.838321167883212
100,500,"Target_Only",0.7421875
100,500,"Source1_Only",0.65234375
100,500,"Source2_Only",0.693359375
100,500,"Weighted",0.7578125
200,500,"Target_Only",0.627729257641921
200,500,"Source1_Only",0.606986899563319
200,500,"Source2_Only",0.747816593886463
200,500,"Weighted",0.728529839883552
300,500,"Target_Only",0.717980513728964
300,500,"Source1_Only",0.63436669619132
300,500,"Source2_Only",0.774313551815766
300,500,"Weighted",0.762798937112489
100,1000,"Target_Only",0.691756272401434
100,1000,"Source1_Only",0.657706093189964
100,1000,"Source2_Only",0.765232974910394
100,1000,"Weighted",0.770609318996416
200,1000,"Target_Only",0.759713315729913
200,1000,"Source1_Only",0.722746133534515
200,1000,"Source2_Only",0.773293096944549
200,1000,"Weighted",0.823840060354583
300,1000,"Target_Only",0.796028880866426
300,1000,"Source1_Only",0.690974729241877
300,1000,"Source2_Only",0.795487364620939
300,1000,"Weighted",0.826895306859206
100,100,"Target_Only",0.591289782244556
100,100,"Source1_Only",0.613065326633166
100,100,"Source2_Only",0.673366834170854
100,100,"Weighted",0.685092127303183
200,100,"Target_Only",0.729158807996982
200,100,"Source1_Only",0.570350811014711
200,100,"Source2_Only",0.734439834024896
200,100,"Weighted",0.768766503206337
300,100,"Target_Only",0.737133370226895
300,100,"Source1_Only",0.615384615384615
300,100,"Source2_Only",0.738055709278731
300,100,"Weighted",0.769230769230769
100,300,"Target_Only",0.625920471281296
100,300,"Source1_Only",0.673048600883652
100,300,"Source2_Only",0.686303387334315
100,300,"Weighted",0.703976435935199
200,300,"Target_Only",0.696244325216674
200,300,"Source1_Only",0.637226578621544
200,300,"Source2_Only",0.765579859678085
200,300,"Weighted",0.771770532397854
300,300,"Target_Only",0.716669723088208
300,300,"Source1_Only",0.658169814780855
300,300,"Source2_Only",0.706033376123235
300,300,"Weighted",0.770034843205575
100,500,"Target_Only",0.710843373493976
100,500,"Source1_Only",0.661144578313253
100,500,"Source2_Only",0.701807228915663
100,500,"Weighted",0.727409638554217
200,500,"Target_Only",0.765890248716936
200,500,"Source1_Only",0.670351362021319
200,500,"Source2_Only",0.73746545598105
200,500,"Weighted",0.786419265692854
300,500,"Target_Only",0.76886062897405
300,500,"Source1_Only",0.722632754768861
300,500,"Source2_Only",0.791888640659907
300,500,"Weighted",0.827289912356075
100,1000,"Target_Only",0.736401673640167
100,1000,"Source1_Only",0.642956764295676
100,1000,"Source2_Only",0.845188284518828
100,1000,"Weighted",0.864714086471409
200,1000,"Target_Only",0.726285300506879
200,1000,"Source1_Only",0.726285300506879
200,1000,"Source2_Only",0.746198406951484
200,1000,"Weighted",0.787472845763939
300,1000,"Target_Only",0.716681859617138
300,1000,"Source1_Only",0.684229717411121
300,1000,"Source2_Only",0.761713764813127
300,1000,"Weighted",0.795624430264357
100,100,"Target_Only",0.722983257229833
100,100,"Source1_Only",0.657534246575342
100,100,"Source2_Only",0.663622526636225
100,100,"Weighted",0.747336377473364
200,100,"Target_Only",0.770029057700291
200,100,"Source1_Only",0.737650477376505
200,100,"Source2_Only",0.669572436695724
200,100,"Weighted",0.785803237858032
300,100,"Target_Only",0.736936220941784
300,100,"Source1_Only",0.613550566262666
300,100,"Source2_Only",0.694218160143056
300,100,"Weighted",0.762765746075899
100,300,"Target_Only",0.736328125
100,300,"Source1_Only",0.5546875
100,300,"Source2_Only",0.794921875
100,300,"Weighted",0.787109375
200,300,"Target_Only",0.777376654632972
200,300,"Source1_Only",0.689129562775772
200,300,"Source2_Only",0.725631768953069
200,300,"Weighted",0.791817087845969
300,300,"Target_Only",0.735201401050788
300,300,"Source1_Only",0.606129597197898
300,300,"Source2_Only",0.709632224168126
300,300,"Weighted",0.757968476357268
100,500,"Target_Only",0.705555555555555
100,500,"Source1_Only",0.581481481481481
100,500,"Source2_Only",0.781481481481481
100,500,"Weighted",0.766666666666667
200,500,"Target_Only",0.753403345001945
200,500,"Source1_Only",0.67950213924543
200,500,"Source2_Only",0.784130688448075
200,500,"Weighted",0.82147024504084
300,500,"Target_Only",0.748938338712417
300,500,"Source1_Only",0.684559198233396
300,500,"Source2_Only",0.773399014778325
300,500,"Weighted",0.798539154068286
100,1000,"Target_Only",0.625183016105417
100,1000,"Source1_Only",0.642752562225476
100,1000,"Source2_Only",0.72913616398243
100,1000,"Weighted",0.695461200585652
200,1000,"Target_Only",0.755296152183312
200,1000,"Source1_Only",0.69303934284479
200,1000,"Source2_Only",0.797233030696066
200,1000,"Weighted",0.814094249891915
300,1000,"Target_Only",0.837443744374437
300,1000,"Source1_Only",0.621422142214221
300,1000,"Source2_Only",0.801440144014401
300,1000,"Weighted",0.842484248424842
100,100,"Target_Only",0.605937921727395
100,100,"Source1_Only",0.61808367071525
100,100,"Source2_Only",0.759784075573549
100,100,"Weighted",0.770580296896086
200,100,"Target_Only",0.69940119760479
200,100,"Source1_Only",0.681836327345309
200,100,"Source2_Only",0.69940119760479
200,100,"Weighted",0.754091816367265
300,100,"Target_Only",0.692832764505119
300,100,"Source1_Only",0.619283276450512
300,100,"Source2_Only",0.697610921501706
300,100,"Weighted",0.742832764505119
100,300,"Target_Only",0.691244239631336
100,300,"Source1_Only",0.571428571428571
100,300,"Source2_Only",0.751152073732719
100,300,"Weighted",0.737327188940092
200,300,"Target_Only",0.755392912172573
200,300,"Source1_Only",0.581278890600925
200,300,"Source2_Only",0.805469953775038
200,300,"Weighted",0.795839753466872
300,300,"Target_Only",0.780315100017702
300,300,"Source1_Only",0.679766330323951
300,300,"Source2_Only",0.723313860860329
300,300,"Weighted",0.790759426447159
100,500,"Target_Only",0.745639534883721
100,500,"Source1_Only",0.688953488372093
100,500,"Source2_Only",0.816860465116279
100,500,"Weighted",0.837209302325581
200,500,"Target_Only",0.786435203875656
200,500,"Source1_Only",0.66410981025434
200,500,"Source2_Only",0.750908356883327
200,500,"Weighted",0.823980621719822
300,500,"Target_Only",0.759628154050465
300,500,"Source1_Only",0.693891102257636
300,500,"Source2_Only",0.758964143426295
300,500,"Weighted",0.804282868525896
100,1000,"Target_Only",0.672985781990521
100,1000,"Source1_Only",0.661927330173776
100,1000,"Source2_Only",0.740916271721959
100,1000,"Weighted",0.751974723538705
200,1000,"Target_Only",0.823402417962003
200,1000,"Source1_Only",0.702072538860104
200,1000,"Source2_Only",0.769430051813472
200,1000,"Weighted",0.83160621761658
300,1000,"Target_Only",0.751446070091868
300,1000,"Source1_Only",0.672847907451514
300,1000,"Source2_Only",0.78070772371555
300,1000,"Weighted",0.792106158557332
100,100,"Target_Only",0.733990147783251
100,100,"Source1_Only",0.67487684729064
100,100,"Source2_Only",0.722495894909688
100,100,"Weighted",0.781609195402299
200,100,"Target_Only",0.742382271468144
200,100,"Source1_Only",0.629204590423427
200,100,"Source2_Only",0.73605065294816
200,100,"Weighted",0.779580530273051
300,100,"Target_Only",0.703121970137677
300,100,"Source1_Only",0.643979057591623
300,100,"Source2_Only",0.671708357572232
300,100,"Weighted",0.736086872212527
100,300,"Target_Only",0.731587561374795
100,300,"Source1_Only",0.654664484451718
100,300,"Source2_Only",0.782324058919804
100,300,"Weighted",0.780687397708674
200,300,"Target_Only",0.752983725135624
200,300,"Source1_Only",0.695840867992767
200,300,"Source2_Only",0.788426763110307
200,300,"Weighted",0.806148282097649
300,300,"Target_Only",0.818455870038519
300,300,"Source1_Only",0.699212862167141
300,300,"Source2_Only",0.753642605928655
300,300,"Weighted",0.823815106347346
100,500,"Target_Only",0.696646341463415
100,500,"Source1_Only",0.655487804878049
100,500,"Source2_Only",0.801829268292683
100,500,"Weighted",0.814024390243902
200,500,"Target_Only",0.715647339158062
200,500,"Source1_Only",0.6604447974583
200,500,"Source2_Only",0.716838760921366
200,500,"Weighted",0.774424146147736
300,500,"Target_Only",0.801950879637694
300,500,"Source1_Only",0.660686291586832
300,500,"Source2_Only",0.779655112349765
300,500,"Weighted",0.827207803518551
100,1000,"Target_Only",0.731958762886598
100,1000,"Source1_Only",0.707903780068729
100,1000,"Source2_Only",0.831615120274914
100,1000,"Weighted",0.805841924398625
200,1000,"Target_Only",0.67504118616145
200,1000,"Source1_Only",0.687397034596376
200,1000,"Source2_Only",0.705107084019769
200,1000,"Weighted",0.71828665568369
300,1000,"Target_Only",0.712775488263752
300,1000,"Source1_Only",0.644328973302276
300,1000,"Source2_Only",0.779788568356925
300,1000,"Weighted",0.787851639491131
100,100,"Target_Only",0.730654761904762
100,100,"Source1_Only",0.645833333333333
100,100,"Source2_Only",0.583333333333333
100,100,"Weighted",0.723214285714286
200,100,"Target_Only",0.669120495931809
200,100,"Source1_Only",0.639674544750097
200,100,"Source2_Only",0.669120495931809
200,100,"Weighted",0.742347927160016
300,100,"Target_Only",0.771512866743157
300,100,"Source1_Only",0.602196361252254
300,100,"Source2_Only",0.717259465661367
300,100,"Weighted",0.777577446320275
100,300,"Target_Only",0.60778859527121
100,300,"Source1_Only",0.707927677329624
100,300,"Source2_Only",0.748261474269819
100,300,"Weighted",0.769123783031989
200,300,"Target_Only",0.700609537468627
200,300,"Source1_Only",0.64682681964862
200,300,"Source2_Only",0.721405521692363
200,300,"Weighted",0.739691645751165
300,300,"Target_Only",0.744571523288579
300,300,"Source1_Only",0.636499254102437
300,300,"Source2_Only",0.727996021879662
300,300,"Weighted",0.757168904359357
100,500,"Target_Only",0.5667215815486
100,500,"Source1_Only",0.662273476112026
100,500,"Source2_Only",0.606260296540362
100,500,"Weighted",0.616144975288303
200,500,"Target_Only",0.759734513274336
200,500,"Source1_Only",0.695575221238938
200,500,"Source2_Only",0.778761061946903
200,500,"Weighted",0.793362831858407
300,500,"Target_Only",0.781624957147754
300,500,"Source1_Only",0.681350702776826
300,500,"Source2_Only",0.776139869729174
300,500,"Weighted",0.817106616386699
100,1000,"Target_Only",0.706306306306306
100,1000,"Source1_Only",0.825225225225225
100,1000,"Source2_Only",0.875675675675676
100,1000,"Weighted",0.859459459459459
200,1000,"Target_Only",0.73168880455408
200,1000,"Source1_Only",0.757874762808349
200,1000,"Source2_Only",0.764326375711575
200,1000,"Weighted",0.781404174573055
300,1000,"Target_Only",0.738899082568807
300,1000,"Source1_Only",0.677064220183486
300,1000,"Source2_Only",0.733394495412844
300,1000,"Weighted",0.78605504587156
100,100,"Target_Only",0.682563338301043
100,100,"Source1_Only",0.554396423248882
100,100,"Source2_Only",0.737704918032787
100,100,"Weighted",0.725782414307004
200,100,"Target_Only",0.766363636363636
200,100,"Source1_Only",0.713181818181818
200,100,"Source2_Only",0.637272727272727
200,100,"Weighted",0.790454545454546
300,100,"Target_Only",0.786512667660209
300,100,"Source1_Only",0.616058122205663
300,100,"Source2_Only",0.698584202682563
300,100,"Weighted",0.793964232488823
100,300,"Target_Only",0.588333333333333
100,300,"Source1_Only",0.645
100,300,"Source2_Only",0.665
100,300,"Weighted",0.695
200,300,"Target_Only",0.667294649585531
200,300,"Source1_Only",0.685757347400151
200,300,"Source2_Only",0.711755840241145
200,300,"Weighted",0.73775433308214
300,300,"Target_Only",0.776167200404517
300,300,"Source1_Only",0.692735546940839
300,300,"Source2_Only",0.760155064891286
300,300,"Weighted",0.812405191302882
100,500,"Target_Only",0.569060773480663
100,500,"Source1_Only",0.532228360957643
100,500,"Source2_Only",0.723756906077348
100,500,"Weighted",0.661141804788214
200,500,"Target_Only",0.751888217522659
200,500,"Source1_Only",0.628776435045317
200,500,"Source2_Only",0.776812688821752
200,500,"Weighted",0.813444108761329
300,500,"Target_Only",0.76972540841154
300,500,"Source1_Only",0.618873826903024
300,500,"Source2_Only",0.759297879735836
300,500,"Weighted",0.785540493569691
100,1000,"Target_Only",0.600961538461538
100,1000,"Source1_Only",0.639423076923077
100,1000,"Source2_Only",0.801282051282051
100,1000,"Weighted",0.738782051282051
200,1000,"Target_Only",0.774621212121212
200,1000,"Source1_Only",0.704166666666667
200,1000,"Source2_Only",0.688257575757576
200,1000,"Weighted",0.788257575757576
300,1000,"Target_Only",0.760786455488804
300,1000,"Source1_Only",0.645548880393228
300,1000,"Source2_Only",0.801747678864009
300,1000,"Weighted",0.832332058984162
100,100,"Target_Only",0.748019017432647
100,100,"Source1_Only",0.690966719492868
100,100,"Source2_Only",0.746434231378764
100,100,"Weighted",0.827258320126783
200,100,"Target_Only",0.717633499807914
200,100,"Source1_Only",0.53860929696504
200,100,"Source2_Only",0.723011909335382
200,100,"Weighted",0.739531310026892
300,100,"Target_Only",0.766583004661169
300,100,"Source1_Only",0.70043026174256
300,100,"Source2_Only",0.738795267120832
300,100,"Weighted",0.817676586590176
100,300,"Target_Only",0.623608017817372
100,300,"Source1_Only",0.630289532293987
100,300,"Source2_Only",0.641425389755011
100,300,"Weighted",0.66369710467706
200,300,"Target_Only",0.778277153558052
200,300,"Source1_Only",0.670037453183521
200,300,"Source2_Only",0.77565543071161
200,300,"Weighted",0.814606741573034
300,300,"Target_Only",0.780919992840523
300,300,"Source1_Only",0.65759799534634
300,300,"Source2_Only",0.701270807231072
300,300,"Weighted",0.795059960622875
100,500,"Target_Only",0.739191073919107
100,500,"Source1_Only",0.630404463040446
100,500,"Source2_Only",0.853556485355649
100,500,"Weighted",0.841004184100418
200,500,"Target_Only",0.700900163666121
200,500,"Source1_Only",0.72176759410802
200,500,"Source2_Only",0.703355155482815
200,500,"Weighted",0.745090016366612
300,500,"Target_Only",0.755131436802305
300,500,"Source1_Only",0.711379186172128
300,500,"Source2_Only",0.772416276557436
300,500,"Weighted",0.806085703997119
100,1000,"Target_Only",0.71101573676681
100,1000,"Source1_Only",0.709585121602289
100,1000,"Source2_Only",0.766809728183119
100,1000,"Weighted",0.772532188841202
200,1000,"Target_Only",0.70609756097561
200,1000,"Source1_Only",0.710569105691057
200,1000,"Source2_Only",0.729268292682927
200,1000,"Weighted",0.771951219512195
300,1000,"Target_Only",0.766073630438612
300,1000,"Source1_Only",0.733838294874053
300,1000,"Source2_Only",0.781222476660208
300,1000,"Weighted",0.832129645939757
100,100,"Target_Only",0.646280991735537
100,100,"Source1_Only",0.672727272727273
100,100,"Source2_Only",0.692561983471074
100,100,"Weighted",0.72396694214876
200,100,"Target_Only",0.770528683914511
200,100,"Source1_Only",0.599175103112111
200,100,"Source2_Only",0.641919760029996
200,100,"Weighted",0.732283464566929
300,100,"Target_Only",0.724650991917708
300,100,"Source1_Only",0.617376928728876
300,100,"Source2_Only",0.663850110213079
300,100,"Weighted",0.733835415135929
100,300,"Target_Only",0.740853658536585
100,300,"Source1_Only",0.641768292682927
100,300,"Source2_Only",0.704268292682927
100,300,"Weighted",0.76219512195122
200,300,"Target_Only",0.732452518579686
200,300,"Source1_Only",0.69364161849711
200,300,"Source2_Only",0.732452518579686
200,300,"Weighted",0.803468208092486
300,300,"Target_Only",0.776451727823299
300,300,"Source1_Only",0.685251157819736
300,300,"Source2_Only",0.755789098681867
300,300,"Weighted",0.799608122550766
100,500,"Target_Only",0.726978998384491
100,500,"Source1_Only",0.689822294022617
100,500,"Source2_Only",0.726978998384491
100,500,"Weighted",0.775444264943457
200,500,"Target_Only",0.70546218487395
200,500,"Source1_Only",0.645798319327731
200,500,"Source2_Only",0.726470588235294
200,500,"Weighted",0.767226890756302
300,500,"Target_Only",0.785119378123265
300,500,"Source1_Only",0.62576346474181
300,500,"Source2_Only",0.780677401443642
300,500,"Weighted",0.804738108458264
100,1000,"Target_Only",0.734959349593496
100,1000,"Source1_Only",0.679674796747967
100,1000,"Source2_Only",0.778861788617886
100,1000,"Weighted",0.822764227642276
200,1000,"Target_Only",0.748473282442748
200,1000,"Source1_Only",0.720610687022901
200,1000,"Source2_Only",0.753053435114504
200,1000,"Weighted",0.803053435114504
300,1000,"Target_Only",0.747606614447346
300,1000,"Source1_Only",0.742732811140122
300,1000,"Source2_Only",0.766927763272411
300,1000,"Weighted",0.816013925152306
100,100,"Target_Only",0.711666666666667
100,100,"Source1_Only",0.58
100,100,"Source2_Only",0.676666666666667
100,100,"Weighted",0.71
200,100,"Target_Only",0.746174970576697
200,100,"Source1_Only",0.576696743821106
200,100,"Source2_Only",0.7171439780306
200,100,"Weighted",0.762259709690075
300,100,"Target_Only",0.732511716715848
300,100,"Source1_Only",0.646415552855407
300,100,"Source2_Only",0.646068390904357
300,100,"Weighted",0.752994271827808
100,300,"Target_Only",0.647819063004847
100,300,"Source1_Only",0.697899838449112
100,300,"Source2_Only",0.717285945072698
100,300,"Weighted",0.72859450726979
200,300,"Target_Only",0.734718826405868
200,300,"Source1_Only",0.624694376528117
200,300,"Source2_Only",0.776283618581907
200,300,"Weighted",0.801140994295028
300,300,"Target_Only",0.765060240963855
300,300,"Source1_Only",0.664776754075124
300,300,"Source2_Only",0.76417434443657
300,300,"Weighted",0.807406094968108
100,500,"Target_Only",0.665204678362573
100,500,"Source1_Only",0.66812865497076
100,500,"Source2_Only",0.755847953216374
100,500,"Weighted",0.739766081871345
200,500,"Target_Only",0.753430353430353
200,500,"Source1_Only",0.610810810810811
200,500,"Source2_Only",0.801247401247401
200,500,"Weighted",0.792515592515592
300,500,"Target_Only",0.76938845234028
300,500,"Source1_Only",0.682951827810044
300,500,"Source2_Only",0.770242569183464
300,500,"Weighted",0.808507003758114
100,1000,"Target_Only",0.642617449664429
100,1000,"Source1_Only",0.687919463087248
100,1000,"Source2_Only",0.785234899328859
100,1000,"Weighted",0.773489932885906
200,1000,"Target_Only",0.739636363636364
200,1000,"Source1_Only",0.730181818181818
200,1000,"Source2_Only",0.708
200,1000,"Weighted",0.792727272727273
300,1000,"Target_Only",0.763692202695786
300,1000,"Source1_Only",0.742706022862993
300,1000,"Source2_Only",0.767445828356936
300,1000,"Weighted",0.804299607575499
100,100,"Target_Only",0.715179968701095
100,100,"Source1_Only",0.633802816901408
100,100,"Source2_Only",0.632237871674491
100,100,"Weighted",0.713615023474178
200,100,"Target_Only",0.659817351598174
200,100,"Source1_Only",0.708904109589041
200,100,"Source2_Only",0.649162861491629
200,100,"Weighted",0.71689497716895
300,100,"Target_Only",0.769443484272382
300,100,"Source1_Only",0.657794676806084
300,100,"Source2_Only",0.754752851711027
300,100,"Weighted",0.805910819218804
100,300,"Target_Only",0.669394435351882
100,300,"Source1_Only",0.667757774140753
100,300,"Source2_Only",0.726677577741408
100,300,"Weighted",0.754500818330606
200,300,"Target_Only",0.696705793260129
200,300,"Source1_Only",0.695191215448694
200,300,"Source2_Only",0.67474441499432
200,300,"Weighted",0.751230594471791
300,300,"Target_Only",0.757792445911258
300,300,"Source1_Only",0.670883755042171
300,300,"Source2_Only",0.788045471213788
300,300,"Weighted",0.811331133113311
100,500,"Target_Only",0.710755813953488
100,500,"Source1_Only",0.725290697674419
100,500,"Source2_Only",0.716569767441861
100,500,"Weighted",0.780523255813953
200,500,"Target_Only",0.752052545155993
200,500,"Source1_Only",0.708949096880131
200,500,"Source2_Only",0.779556650246305
200,500,"Weighted",0.797619047619048
300,500,"Target_Only",0.739177294772768
300,500,"Source1_Only",0.69750314352434
300,500,"Source2_Only",0.765942159152147
300,500,"Weighted",0.790551463984193
100,1000,"Target_Only",0.72824427480916
100,1000,"Source1_Only",0.731297709923664
100,1000,"Source2_Only",0.781679389312977
100,1000,"Weighted",0.818320610687023
200,1000,"Target_Only",0.783401563081504
200,1000,"Source1_Only",0.61295124674358
200,1000,"Source2_Only",0.761443989579457
200,1000,"Weighted",0.805731298846297
300,1000,"Target_Only",0.758087880251086
300,1000,"Source1_Only",0.674714308707549
300,1000,"Source2_Only",0.791887976822791
300,1000,"Weighted",0.808466119427008
100,100,"Target_Only",0.646875
100,100,"Source1_Only",0.740625
100,100,"Source2_Only",0.771875
100,100,"Weighted",0.8125
200,100,"Target_Only",0.755295007564297
200,100,"Source1_Only",0.676626323751891
200,100,"Source2_Only",0.701210287443268
200,100,"Weighted",0.790090771558245
300,100,"Target_Only",0.765696784073507
300,100,"Source1_Only",0.625829504849413
300,100,"Source2_Only",0.702739492938574
300,100,"Weighted",0.767398332482559
100,300,"Target_Only",0.71304347826087
100,300,"Source1_Only",0.693913043478261
100,300,"Source2_Only",0.787826086956522
100,300,"Weighted",0.813913043478261
200,300,"Target_Only",0.762349280435628
200,300,"Source1_Only",0.703228315830416
200,300,"Source2_Only",0.809023726176585
200,300,"Weighted",0.795021392454298
300,300,"Target_Only",0.825823686553874
300,300,"Source1_Only",0.718967052537845
300,300,"Source2_Only",0.774354407836153
300,300,"Weighted",0.849510240427427
100,500,"Target_Only",0.783458646616541
100,500,"Source1_Only",0.693233082706767
100,500,"Source2_Only",0.72781954887218
100,500,"Weighted",0.789473684210526
200,500,"Target_Only",0.746849942726231
200,500,"Source1_Only",0.712485681557847
200,500,"Source2_Only",0.819778541428026
200,500,"Weighted",0.836578846888125
300,500,"Target_Only",0.75544572579169
300,500,"Source1_Only",0.704191835987553
300,500,"Source2_Only",0.80358777228629
300,500,"Weighted",0.790774299835255
100,1000,"Target_Only",0.693761814744801
100,1000,"Source1_Only",0.737240075614367
100,1000,"Source2_Only",0.725897920604915
100,1000,"Weighted",0.792060491493384
200,1000,"Target_Only",0.703345425231761
200,1000,"Source1_Only",0.670697299476018
200,1000,"Source2_Only",0.79322853688029
200,1000,"Weighted",0.79403466344216
300,1000,"Target_Only",0.713428228434231
300,1000,"Source1_Only",0.689418624592694
300,1000,"Source2_Only",0.774652718230149
300,1000,"Weighted",0.793345909792488
100,100,"Target_Only",0.679012345679012
100,100,"Source1_Only",0.606310013717421
100,100,"Source2_Only",0.727023319615912
100,100,"Weighted",0.721536351165981
200,100,"Target_Only",0.730548730548731
200,100,"Source1_Only",0.644963144963145
200,100,"Source2_Only",0.686322686322686
200,100,"Weighted",0.771908271908272
300,100,"Target_Only",0.760043628431194
300,100,"Source1_Only",0.650790765315397
300,100,"Source2_Only",0.69569169241956
300,100,"Weighted",0.767133248500273
100,300,"Target_Only",0.711143695014663
100,300,"Source1_Only",0.618768328445748
100,300,"Source2_Only",0.802052785923754
100,300,"Weighted",0.785923753665689
200,300,"Target_Only",0.633333333333333
200,300,"Source1_Only",0.621348314606742
200,300,"Source2_Only",0.71685393258427
200,300,"Weighted",0.710112359550562
300,300,"Target_Only",0.731958762886598
300,300,"Source1_Only",0.670471281296024
300,300,"Source2_Only",0.704528718703976
300,300,"Weighted",0.775589101620029
100,500,"Target_Only",0.691622103386809
100,500,"Source1_Only",0.711229946524064
100,500,"Source2_Only",0.723707664884135
100,500,"Weighted",0.798573975044563
200,500,"Target_Only",0.79568345323741
200,500,"Source1_Only",0.752517985611511
200,500,"Source2_Only",0.801438848920863
200,500,"Weighted",0.839208633093525
300,500,"Target_Only",0.73208668297798
300,500,"Source1_Only",0.731038098566935
300,500,"Source2_Only",0.776301992310381
300,500,"Weighted",0.810730513806361
100,1000,"Target_Only",0.6415770609319
100,1000,"Source1_Only",0.586021505376344
100,1000,"Source2_Only",0.772401433691756
100,1000,"Weighted",0.727598566308244
200,1000,"Target_Only",0.769348074723599
200,1000,"Source1_Only",0.720167746854746
200,1000,"Source2_Only",0.734273732367518
200,1000,"Weighted",0.812428516965307
300,1000,"Target_Only",0.765657987332864
300,1000,"Source1_Only",0.704257565095003
300,1000,"Source2_Only",0.756333567909923
300,1000,"Weighted",0.803307529908515
100,100,"Target_Only",0.747068676716918
100,100,"Source1_Only",0.787269681742043
100,100,"Source2_Only",0.715242881072027
100,100,"Weighted",0.802345058626466
200,100,"Target_Only",0.750097314130012
200,100,"Source1_Only",0.643441027637213
200,100,"Source2_Only",0.693265862203192
200,100,"Weighted",0.785130400934216
300,100,"Target_Only",0.759361338148641
300,100,"Source1_Only",0.591902680098841
300,100,"Source2_Only",0.739213077361718
300,100,"Weighted",0.775898118228474
100,300,"Target_Only",0.594679186228482
100,300,"Source1_Only",0.594679186228482
100,300,"Source2_Only",0.68075117370892
100,300,"Weighted",0.629107981220657
200,300,"Target_Only",0.690717628705148
200,300,"Source1_Only",0.658736349453978
200,300,"Source2_Only",0.781201248049922
200,300,"Weighted",0.763260530421217
300,300,"Target_Only",0.655367231638418
300,300,"Source1_Only",0.63718220338983
300,300,"Source2_Only",0.732697740112994
300,300,"Weighted",0.732168079096045
100,500,"Target_Only",0.711815561959654
100,500,"Source1_Only",0.668587896253602
100,500,"Source2_Only",0.796829971181556
100,500,"Weighted",0.79971181556196
200,500,"Target_Only",0.749617151607963
200,500,"Source1_Only",0.699081163859112
200,500,"Source2_Only",0.777565084226646
200,500,"Weighted",0.80781010719755
300,500,"Target_Only",0.772353361945637
300,500,"Source1_Only",0.665772532188841
300,500,"Source2_Only",0.783082975679542
300,500,"Weighted",0.800608011444921
100,1000,"Target_Only",0.715258855585831
100,1000,"Source1_Only",0.712534059945504
100,1000,"Source2_Only",0.716621253405995
100,1000,"Weighted",0.767029972752044
200,1000,"Target_Only",0.74820415879017
200,1000,"Source1_Only",0.667674858223062
200,1000,"Source2_Only",0.794328922495274
200,1000,"Weighted",0.80945179584121
300,1000,"Target_Only",0.739039665970772
300,1000,"Source1_Only",0.634655532359081
300,1000,"Source2_Only",0.750347947112039
300,1000,"Weighted",0.766527487821851
100,100,"Target_Only",0.529500756429652
100,100,"Source1_Only",0.535552193645991
100,100,"Source2_Only",0.738275340393343
100,100,"Weighted",0.620272314674735
200,100,"Target_Only",0.689391177542836
200,100,"Source1_Only",0.59533357637623
200,100,"Source2_Only",0.714910681735326
200,100,"Weighted",0.724389354721108
300,100,"Target_Only",0.714063310845874
300,100,"Source1_Only",0.568759730150493
300,100,"Source2_Only",0.693478636914029
300,100,"Weighted",0.735339906590555
100,300,"Target_Only",0.676785714285714
100,300,"Source1_Only",0.680357142857143
100,300,"Source2_Only",0.798214285714286
100,300,"Weighted",0.744642857142857
200,300,"Target_Only",0.759792166266986
200,300,"Source1_Only",0.673461231015188
200,300,"Source2_Only",0.723421262989608
200,300,"Weighted",0.77498001598721
300,300,"Target_Only",0.72947309625768
300,300,"Source1_Only",0.679947868180972
300,300,"Source2_Only",0.736920498975982
300,300,"Weighted",0.778439769130516
100,500,"Target_Only",0.76865671641791
100,500,"Source1_Only",0.585820895522388
100,500,"Source2_Only",0.763059701492537
100,500,"Weighted",0.757462686567164
200,500,"Target_Only",0.747462444173772
200,500,"Source1_Only",0.710921640276086
200,500,"Source2_Only",0.739139261063743
200,500,"Weighted",0.784815265935851
300,500,"Target_Only",0.750040869707373
300,500,"Source1_Only",0.717999019127023
300,500,"Source2_Only",0.702795487984306
300,500,"Weighted",0.777341834232467
100,1000,"Target_Only",0.723214285714286
100,1000,"Source1_Only",0.677083333333333
100,1000,"Source2_Only",0.681547619047619
100,1000,"Weighted",0.745535714285714
200,1000,"Target_Only",0.748540288049825
200,1000,"Source1_Only",0.741922927209031
200,1000,"Source2_Only",0.802257687816271
200,1000,"Weighted",0.847411444141689
300,1000,"Target_Only",0.755744526868102
300,1000,"Source1_Only",0.685905554550389
300,1000,"Source2_Only",0.758548941559616
300,1000,"Weighted",0.797177492310476
100,100,"Target_Only",0.703703703703704
100,100,"Source1_Only",0.596119929453263
100,100,"Source2_Only",0.666666666666667
100,100,"Weighted",0.788359788359788
200,100,"Target_Only",0.76084312930685
200,100,"Source1_Only",0.705715443858938
200,100,"Source2_Only",0.664775030401297
200,100,"Weighted",0.786380218889339
300,100,"Target_Only",0.731247778172769
300,100,"Source1_Only",0.681834340561678
300,100,"Source2_Only",0.691432634198365
300,100,"Weighted",0.737646640597227
100,300,"Target_Only",0.723311546840959
100,300,"Source1_Only",0.662309368191721
100,300,"Source2_Only",0.769063180827887
100,300,"Weighted",0.777777777777778
200,300,"Target_Only",0.642647058823529
200,300,"Source1_Only",0.681617647058824
200,300,"Source2_Only",0.721691176470588
200,300,"Weighted",0.740441176470588
300,300,"Target_Only",0.785648910854842
300,300,"Source1_Only",0.734944169870035
300,300,"Source2_Only",0.755628775398133
300,300,"Weighted",0.820611385685521
100,500,"Target_Only",0.556756756756757
100,500,"Source1_Only",0.668468468468469
100,500,"Source2_Only",0.666666666666667
100,500,"Weighted",0.702702702702703
200,500,"Target_Only",0.702520411785587
200,500,"Source1_Only",0.650337238196663
200,500,"Source2_Only",0.715654952076677
200,500,"Weighted",0.770678026269081
300,500,"Target_Only",0.802332142185443
300,500,"Source1_Only",0.69494075606545
300,500,"Source2_Only",0.788226443483167
300,500,"Weighted",0.832424299416964
100,1000,"Target_Only",0.788571428571429
100,1000,"Source1_Only",0.777142857142857
100,1000,"Source2_Only",0.765714285714286
100,1000,"Weighted",0.847142857142857
200,1000,"Target_Only",0.7040395713108
200,1000,"Source1_Only",0.715993404781533
200,1000,"Source2_Only",0.763396537510305
200,1000,"Weighted",0.774113767518549
300,1000,"Target_Only",0.769610435395734
300,1000,"Source1_Only",0.639873083024855
300,1000,"Source2_Only",0.813855103120042
300,1000,"Weighted",0.807685527939362
100,100,"Target_Only",0.81657848324515
100,100,"Source1_Only",0.712522045855379
100,100,"Source2_Only",0.774250440917108
100,100,"Weighted",0.825396825396825
200,100,"Target_Only",0.77153056671129
200,100,"Source1_Only",0.655510932619366
200,100,"Source2_Only",0.790718429272646
200,100,"Weighted",0.824185631414547
300,100,"Target_Only",0.801136363636364
300,100,"Source1_Only",0.65581955922865
300,100,"Source2_Only",0.707988980716253
300,100,"Weighted",0.804235537190083
100,300,"Target_Only",0.742230347349177
100,300,"Source1_Only",0.694698354661792
100,300,"Source2_Only",0.797074954296161
100,300,"Weighted",0.808043875685558
200,300,"Target_Only",0.754080118694362
200,300,"Source1_Only",0.666172106824926
200,300,"Source2_Only",0.775964391691395
200,300,"Weighted",0.791172106824926
300,300,"Target_Only",0.788668752172402
300,300,"Source1_Only",0.678484532499131
300,300,"Source2_Only",0.808133472367049
300,300,"Weighted",0.815954118873827
100,500,"Target_Only",0.691891891891892
100,500,"Source1_Only",0.747747747747748
100,500,"Source2_Only",0.861261261261261
100,500,"Weighted",0.893693693693694
200,500,"Target_Only",0.727094753328113
200,500,"Source1_Only",0.567736883320282
200,500,"Source2_Only",0.783476898981989
200,500,"Weighted",0.780344557556774
300,500,"Target_Only",0.756784434203789
300,500,"Source1_Only",0.659668885475337
300,500,"Source2_Only",0.76531831370541
300,500,"Weighted",0.784604881379075
100,1000,"Target_Only",0.738434163701068
100,1000,"Source1_Only",0.743772241992882
100,1000,"Source2_Only",0.711743772241993
100,1000,"Weighted",0.754448398576512
200,1000,"Target_Only",0.733608092918696
200,1000,"Source1_Only",0.665043087298614
200,1000,"Source2_Only",0.67740726863994
200,1000,"Weighted",0.744848257774447
300,1000,"Target_Only",0.76482393723773
300,1000,"Source1_Only",0.726874657909141
300,1000,"Source2_Only",0.73709177157453
300,1000,"Weighted",0.799854041233352
100,100,"Target_Only",0.791793313069909
100,100,"Source1_Only",0.740121580547112
100,100,"Source2_Only",0.721884498480243
100,100,"Weighted",0.832826747720365
200,100,"Target_Only",0.792079207920792
200,100,"Source1_Only",0.531881188118812
200,100,"Source2_Only",0.757227722772277
200,100,"Weighted",0.796039603960396
300,100,"Target_Only",0.750415665989285
300,100,"Source1_Only",0.628856456678367
300,100,"Source2_Only",0.707001662663957
300,100,"Weighted",0.763716977646407
100,300,"Target_Only",0.7996632996633
100,300,"Source1_Only",0.717171717171717
100,300,"Source2_Only",0.806397306397306
100,300,"Weighted",0.831649831649832
200,300,"Target_Only",0.738636363636364
200,300,"Source1_Only",0.696316614420063
200,300,"Source2_Only",0.74333855799373
200,300,"Weighted",0.779388714733542
300,300,"Target_Only",0.684549701949412
300,300,"Source1_Only",0.649428065087804
300,300,"Source2_Only",0.775575962622845
300,300,"Weighted",0.769453842435959
100,500,"Target_Only",0.656040268456376
100,500,"Source1_Only",0.605704697986577
100,500,"Source2_Only",0.751677852348993
100,500,"Weighted",0.803691275167785
200,500,"Target_Only",0.669803921568627
200,500,"Source1_Only",0.689411764705882
200,500,"Source2_Only",0.74078431372549
200,500,"Weighted",0.756078431372549
300,500,"Target_Only",0.722305764411028
300,500,"Source1_Only",0.689390142021721
300,500,"Source2_Only",0.74452798663325
300,500,"Weighted",0.78061821219716
100,1000,"Target_Only",0.608768971332209
100,1000,"Source1_Only",0.672849915682968
100,1000,"Source2_Only",0.760539629005059
100,1000,"Weighted",0.711635750421585
200,1000,"Target_Only",0.76403612092658
200,1000,"Source1_Only",0.677659992147625
200,1000,"Source2_Only",0.769532783667059
200,1000,"Weighted",0.792304672163329
300,1000,"Target_Only",0.751522983201034
300,1000,"Source1_Only",0.666789736016245
300,1000,"Source2_Only",0.693188111500831
300,1000,"Weighted",0.776629130515045
100,100,"Target_Only",0.621661721068249
100,100,"Source1_Only",0.520771513353116
100,100,"Source2_Only",0.688427299703264
100,100,"Weighted",0.667655786350148
200,100,"Target_Only",0.823419203747073
200,100,"Source1_Only",0.712412177985948
200,100,"Source2_Only",0.757845433255269
200,100,"Weighted",0.842622950819672
300,100,"Target_Only",0.775304347826087
300,100,"Source1_Only",0.644521739130435
300,100,"Source2_Only",0.685913043478261
300,100,"Weighted",0.75095652173913
100,300,"Target_Only",0.694117647058824
100,300,"Source1_Only",0.625
100,300,"Source2_Only",0.660294117647059
100,300,"Weighted",0.772058823529412
200,300,"Target_Only",0.780804694048617
200,300,"Source1_Only",0.726739312657167
200,300,"Source2_Only",0.730930427493713
200,300,"Weighted",0.79547359597653
300,300,"Target_Only",0.812208258527828
300,300,"Source1_Only",0.699281867145422
300,300,"Source2_Only",0.780251346499102
300,300,"Weighted",0.843985637342908
100,500,"Target_Only",0.762886597938144
100,500,"Source1_Only",0.645066273932253
100,500,"Source2_Only",0.82179675994109
100,500,"Weighted",0.823269513991163
200,500,"Target_Only",0.774145616641902
200,500,"Source1_Only",0.684992570579495
200,500,"Source2_Only",0.761144130757801
200,500,"Weighted",0.795690936106984
300,500,"Target_Only",0.719304666056725
300,500,"Source1_Only",0.697529734675206
300,500,"Source2_Only",0.719853613906679
300,500,"Weighted",0.772186642268984
100,1000,"Target_Only",0.65
100,1000,"Source1_Only",0.668055555555556
100,1000,"Source2_Only",0.6
100,1000,"Weighted",0.6875
200,1000,"Target_Only",0.692219679633867
200,1000,"Source1_Only",0.721967963386728
200,1000,"Source2_Only",0.721586575133486
200,1000,"Weighted",0.76697177726926
300,1000,"Target_Only",0.708766716196137
300,1000,"Source1_Only",0.680039623576028
300,1000,"Source2_Only",0.771586594023444
300,1000,"Weighted",0.775301304276044
100,100,"Target_Only",0.727699530516432
100,100,"Source1_Only",0.633802816901408
100,100,"Source2_Only",0.754303599374022
100,100,"Weighted",0.810641627543036
200,100,"Target_Only",0.788446526151444
200,100,"Source1_Only",0.663544106167057
200,100,"Source2_Only",0.795472287275566
200,100,"Weighted",0.829820452771272
300,100,"Target_Only",0.77141382868937
300,100,"Source1_Only",0.613003095975232
300,100,"Source2_Only",0.712246302029584
300,100,"Weighted",0.751461988304094
100,300,"Target_Only",0.792253521126761
100,300,"Source1_Only",0.633802816901408
100,300,"Source2_Only",0.815140845070423
100,300,"Weighted",0.845070422535211
200,300,"Target_Only",0.74120406567631
200,300,"Source1_Only",0.669272869429242
200,300,"Source2_Only",0.775215011727912
200,300,"Weighted",0.793197810789679
300,300,"Target_Only",0.777199462726662
300,300,"Source1_Only",0.696776359973136
300,300,"Source2_Only",0.727333781061115
300,300,"Weighted",0.790295500335796
100,500,"Target_Only",0.709269662921348
100,500,"Source1_Only",0.716292134831461
100,500,"Source2_Only",0.824438202247191
100,500,"Weighted",0.837078651685393
200,500,"Target_Only",0.750789889415482
200,500,"Source1_Only",0.701816745655608
200,500,"Source2_Only",0.808846761453397
200,500,"Weighted",0.834518167456556
300,500,"Target_Only",0.725035948234542
300,500,"Source1_Only",0.657772807157693
300,500,"Source2_Only",0.741172711295734
300,500,"Weighted",0.784630132609043
100,1000,"Target_Only",0.705607476635514
100,1000,"Source1_Only",0.719626168224299
100,1000,"Source2_Only",0.68380062305296
100,1000,"Weighted",0.742990654205608
200,1000,"Target_Only",0.790096406660824
200,1000,"Source1_Only",0.732252410166521
200,1000,"Source2_Only",0.786590709903593
200,1000,"Weighted",0.834355828220859
300,1000,"Target_Only",0.767284699358863
300,1000,"Source1_Only",0.668688268930861
300,1000,"Source2_Only",0.733841621902616
300,1000,"Weighted",0.792583607693641
100,100,"Target_Only",0.616874135546335
100,100,"Source1_Only",0.618257261410788
100,100,"Source2_Only",0.690179806362379
100,100,"Weighted",0.698478561549101
200,100,"Target_Only",0.726601941747573
200,100,"Source1_Only",0.616699029126214
200,100,"Source2_Only",0.681165048543689
200,100,"Weighted",0.73126213592233
300,100,"Target_Only",0.724510129525075
300,100,"Source1_Only",0.616904682829625
300,100,"Source2_Only",0.66456326801727
300,100,"Weighted",0.74078379275988
100,300,"Target_Only",0.709677419354839
100,300,"Source1_Only",0.696480938416422
100,300,"Source2_Only",0.755131964809384
100,300,"Weighted",0.765395894428152
200,300,"Target_Only",0.675388389206868
200,300,"Source1_Only",0.605887162714636
200,300,"Source2_Only",0.703597710547833
200,300,"Weighted",0.726901062959935
300,300,"Target_Only",0.669949856733524
300,300,"Source1_Only",0.615687679083095
300,300,"Source2_Only",0.741045845272206
300,300,"Weighted",0.742657593123209
100,500,"Target_Only",0.777059773828756
100,500,"Source1_Only",0.722132471728595
100,500,"Source2_Only",0.812600969305331
100,500,"Weighted",0.830371567043619
200,500,"Target_Only",0.668385561285204
200,500,"Source1_Only",0.622768742562475
200,500,"Source2_Only",0.675525585085284
200,500,"Weighted",0.734232447441491
300,500,"Target_Only",0.772494887525562
300,500,"Source1_Only",0.620995228357192
300,500,"Source2_Only",0.731083844580777
300,500,"Weighted",0.807259713701431
100,1000,"Target_Only",0.702898550724638
100,1000,"Source1_Only",0.666666666666667
100,1000,"Source2_Only",0.759057971014493
100,1000,"Weighted",0.807971014492754
200,1000,"Target_Only",0.785684733140257
200,1000,"Source1_Only",0.668183698800165
200,1000,"Source2_Only",0.786925941249483
200,1000,"Weighted",0.824162184526272
300,1000,"Target_Only",0.763664656681579
300,1000,"Source1_Only",0.688387473254231
300,1000,"Source2_Only",0.756078583933087
300,1000,"Weighted",0.805679828827076
100,100,"Target_Only",0.743362831858407
100,100,"Source1_Only",0.697345132743363
100,100,"Source2_Only",0.667256637168142
100,100,"Weighted",0.766371681415929
200,100,"Target_Only",0.697752808988764
200,100,"Source1_Only",0.670786516853933
200,100,"Source2_Only",0.628838951310861
200,100,"Weighted",0.710861423220974
300,100,"Target_Only",0.761210943823863
300,100,"Source1_Only",0.56127570017808
300,100,"Source2_Only",0.679941719281205
300,100,"Weighted",0.757001780799741
100,300,"Target_Only",0.700900900900901
100,300,"Source1_Only",0.704504504504505
100,300,"Source2_Only",0.708108108108108
100,300,"Weighted",0.805405405405405
200,300,"Target_Only",0.73010101010101
200,300,"Source1_Only",0.611313131313131
200,300,"Source2_Only",0.759191919191919
200,300,"Weighted",0.791515151515152
300,300,"Target_Only",0.747803449397982
300,300,"Source1_Only",0.671819069313375
300,300,"Source2_Only",0.725187113569801
300,300,"Weighted",0.767653758542141
100,500,"Target_Only",0.765060240963855
100,500,"Source1_Only",0.690763052208835
100,500,"Source2_Only",0.744979919678715
100,500,"Weighted",0.829317269076305
200,500,"Target_Only",0.75635103926097
200,500,"Source1_Only",0.645881447267129
200,500,"Source2_Only",0.755196304849885
200,500,"Weighted",0.77752117013087
300,500,"Target_Only",0.771437994722955
300,500,"Source1_Only",0.678100263852243
300,500,"Source2_Only",0.777539577836412
300,500,"Weighted",0.813324538258575
100,1000,"Target_Only",0.739130434782609
100,1000,"Source1_Only",0.734299516908213
100,1000,"Source2_Only",0.750402576489533
100,1000,"Weighted",0.805152979066023
200,1000,"Target_Only",0.718358038768529
200,1000,"Source1_Only",0.649942987457241
200,1000,"Source2_Only",0.764728240212847
200,1000,"Weighted",0.782212086659065
300,1000,"Target_Only",0.812016549739162
300,1000,"Source1_Only",0.721352761288001
300,1000,"Source2_Only",0.791869041194459
300,1000,"Weighted",0.839899262457277
100,100,"Target_Only",0.759425493716337
100,100,"Source1_Only",0.637342908438061
100,100,"Source2_Only",0.651705565529623
100,100,"Weighted",0.768402154398564
200,100,"Target_Only",0.772127329192547
200,100,"Source1_Only",0.675854037267081
200,100,"Source2_Only",0.684782608695652
200,100,"Weighted",0.791149068322981
300,100,"Target_Only",0.777796842827728
300,100,"Source1_Only",0.660089224433768
300,100,"Source2_Only",0.724090597117364
300,100,"Weighted",0.803877831159918
100,300,"Target_Only",0.578696343402226
100,300,"Source1_Only",0.518282988871224
100,300,"Source2_Only",0.616852146263911
100,300,"Weighted",0.621621621621622
200,300,"Target_Only",0.780161943319838
200,300,"Source1_Only",0.737246963562753
200,300,"Source2_Only",0.769230769230769
200,300,"Weighted",0.826720647773279
300,300,"Target_Only",0.756832027850305
300,300,"Source1_Only",0.702523933855527
300,300,"Source2_Only",0.721148825065274
300,300,"Weighted",0.779286335944299
100,500,"Target_Only",0.809090909090909
100,500,"Source1_Only",0.68
100,500,"Source2_Only",0.783636363636364
100,500,"Weighted",0.865454545454545
200,500,"Target_Only",0.721164613661814
200,500,"Source1_Only",0.658081373646883
200,500,"Source2_Only",0.760358342665174
200,500,"Weighted",0.779768570362075
300,500,"Target_Only",0.796293058226963
300,500,"Source1_Only",0.735792970799091
300,500,"Source2_Only",0.795418779506907
300,500,"Weighted",0.836160167861514
100,1000,"Target_Only",0.774914089347079
100,1000,"Source1_Only",0.768041237113402
100,1000,"Source2_Only",0.752577319587629
100,1000,"Weighted",0.823024054982818
200,1000,"Target_Only",0.778049775601795
200,1000,"Source1_Only",0.62219502243982
200,1000,"Source2_Only",0.755201958384333
200,1000,"Weighted",0.815993472052224
300,1000,"Target_Only",0.716860560380141
300,1000,"Source1_Only",0.692937899393741
300,1000,"Source2_Only",0.75143372112076
300,1000,"Weighted",0.795838112403736
100,100,"Target_Only",0.737541528239203
100,100,"Source1_Only",0.672757475083056
100,100,"Source2_Only",0.770764119601329
100,100,"Weighted",0.782392026578073
200,100,"Target_Only",0.829769736842105
200,100,"Source1_Only",0.587582236842105
200,100,"Source2_Only",0.732319078947368
200,100,"Weighted",0.837582236842105
300,100,"Target_Only",0.724773834377175
300,100,"Source1_Only",0.607515657620042
300,100,"Source2_Only",0.639004871259569
300,100,"Weighted",0.715031315240084
100,300,"Target_Only",0.673850574712644
100,300,"Source1_Only",0.668103448275862
100,300,"Source2_Only",0.727011494252874
100,300,"Weighted",0.744252873563218
200,300,"Target_Only",0.720572450805009
200,300,"Source1_Only",0.608228980322004
200,300,"Source2_Only",0.724150268336315
200,300,"Weighted",0.745974955277281
300,300,"Target_Only",0.746044962531224
300,300,"Source1_Only",0.653621981681932
300,300,"Source2_Only",0.750208159866778
300,300,"Weighted",0.795836802664446
100,500,"Target_Only",0.763277693474962
100,500,"Source1_Only",0.61608497723824
100,500,"Source2_Only",0.810318664643399
100,500,"Weighted",0.808801213960546
200,500,"Target_Only",0.709105560032232
200,500,"Source1_Only",0.546736502820306
200,500,"Source2_Only",0.734891216760677
200,500,"Weighted",0.738920225624496
300,500,"Target_Only",0.754075011868967
300,500,"Source1_Only",0.654850451020731
300,500,"Source2_Only",0.723215698686501
300,500,"Weighted",0.77179933533787
100,1000,"Target_Only",0.717850287907869
100,1000,"Source1_Only",0.62763915547025
100,1000,"Source2_Only",0.769673704414587
100,1000,"Weighted",0.783109404990403
200,1000,"Target_Only",0.738151658767773
200,1000,"Source1_Only",0.678909952606635
200,1000,"Source2_Only",0.769352290679305
200,1000,"Weighted",0.808846761453397
300,1000,"Target_Only",0.804413881336958
300,1000,"Source1_Only",0.735646889493043
300,1000,"Source2_Only",0.774348312809851
300,1000,"Weighted",0.8156085079162
100,100,"Target_Only",0.781305114638448
100,100,"Source1_Only",0.580246913580247
100,100,"Source2_Only",0.72310405643739
100,100,"Weighted",0.827160493827161
200,100,"Target_Only",0.761030847325264
200,100,"Source1_Only",0.522452167122218
200,100,"Source2_Only",0.712612260835611
200,100,"Weighted",0.768059351815697
300,100,"Target_Only",0.737414283324971
300,100,"Source1_Only",0.657802308078274
300,100,"Source2_Only",0.728717176785416
300,100,"Weighted",0.762167586552935
100,300,"Target_Only",0.712784588441331
100,300,"Source1_Only",0.735551663747811
100,300,"Source2_Only",0.739054290718039
100,300,"Weighted",0.781085814360771
200,300,"Target_Only",0.782591571484837
200,300,"Source1_Only",0.705789680976763
200,300,"Source2_Only",0.802678219771564
200,300,"Weighted",0.827884994092162
300,300,"Target_Only",0.727335640138408
300,300,"Source1_Only",0.647750865051903
300,300,"Source2_Only",0.747231833910035
300,300,"Weighted",0.757785467128028
100,500,"Target_Only",0.769097222222222
100,500,"Source1_Only",0.675347222222222
100,500,"Source2_Only",0.708333333333333
100,500,"Weighted",0.776041666666667
200,500,"Target_Only",0.715187210769878
200,500,"Source1_Only",0.618847286495583
200,500,"Source2_Only",0.694572991165334
200,500,"Weighted",0.767353807320151
300,500,"Target_Only",0.776385457112601
300,500,"Source1_Only",0.703141546064243
300,500,"Source2_Only",0.759265795975997
300,500,"Weighted",0.811330744793505
100,1000,"Target_Only",0.640791476407915
100,1000,"Source1_Only",0.700152207001522
100,1000,"Source2_Only",0.726027397260274
100,1000,"Weighted",0.777777777777778
200,1000,"Target_Only",0.74191063174114
200,1000,"Source1_Only",0.745762711864407
200,1000,"Source2_Only",0.775808936825886
200,1000,"Weighted",0.799691833590139
300,1000,"Target_Only",0.777464788732394
300,1000,"Source1_Only",0.676584507042253
300,1000,"Source2_Only",0.743661971830986
300,1000,"Weighted",0.792605633802817
100,100,"Target_Only",0.729203539823009
100,100,"Source1_Only",0.617699115044248
100,100,"Source2_Only",0.68141592920354
100,100,"Weighted",0.75929203539823
200,100,"Target_Only",0.739167374681393
200,100,"Source1_Only",0.62107051826678
200,100,"Source2_Only",0.717926932880204
200,100,"Weighted",0.792693288020391
300,100,"Target_Only",0.771914893617021
300,100,"Source1_Only",0.695489361702128
300,100,"Source2_Only",0.725957446808511
300,100,"Weighted",0.793872340425532
100,300,"Target_Only",0.643396226415094
100,300,"Source1_Only",0.660377358490566
100,300,"Source2_Only",0.641509433962264
100,300,"Weighted",0.70377358490566
200,300,"Target_Only",0.710877476748888
200,300,"Source1_Only",0.707238172260412
200,300,"Source2_Only",0.760614638091387
200,300,"Weighted",0.770723817226041
300,300,"Target_Only",0.76975658552851
300,300,"Source1_Only",0.594698232744248
300,300,"Source2_Only",0.774424808269423
300,300,"Weighted",0.789763254418139
100,500,"Target_Only",0.724679029957204
100,500,"Source1_Only",0.639087018544936
100,500,"Source2_Only",0.716119828815977
100,500,"Weighted",0.764621968616263
200,500,"Target_Only",0.708819241982507
200,500,"Source1_Only",0.628279883381924
200,500,"Source2_Only",0.746355685131195
200,500,"Weighted",0.775874635568513
300,500,"Target_Only",0.741782387062753
300,500,"Source1_Only",0.701529267006504
300,500,"Source2_Only",0.76094216909826
300,500,"Weighted",0.801722622605027
100,1000,"Target_Only",0.686111111111111
100,1000,"Source1_Only",0.633333333333333
100,1000,"Source2_Only",0.773611111111111
100,1000,"Weighted",0.75
200,1000,"Target_Only",0.78062449959968
200,1000,"Source1_Only",0.757005604483587
200,1000,"Source2_Only",0.776220976781425
200,1000,"Weighted",0.815452361889512
300,1000,"Target_Only",0.745464247598719
300,1000,"Source1_Only",0.710423336890786
300,1000,"Source2_Only",0.742796157950907
300,1000,"Weighted",0.764674493062967
100,100,"Target_Only",0.622083981337481
100,100,"Source1_Only",0.541213063763608
100,100,"Source2_Only",0.699844479004666
100,100,"Weighted",0.709175738724728
200,100,"Target_Only",0.726971260132646
200,100,"Source1_Only",0.59174649963154
200,100,"Source2_Only",0.710022107590273
200,100,"Weighted",0.758658806190125
300,100,"Target_Only",0.719954648526077
300,100,"Source1_Only",0.630709426627794
300,100,"Source2_Only",0.729186912860382
300,100,"Weighted",0.753806284418529
100,300,"Target_Only",0.744721689059501
100,300,"Source1_Only",0.669865642994242
100,300,"Source2_Only",0.798464491362764
100,300,"Weighted",0.804222648752399
200,300,"Target_Only",0.790273556231003
200,300,"Source1_Only",0.722101606600087
200,300,"Source2_Only",0.795049934867564
200,300,"Weighted",0.839339991315675
300,300,"Target_Only",0.714960332451832
300,300,"Source1_Only",0.603891197582168
300,300,"Source2_Only",0.719115980355119
300,300,"Weighted",0.754250094446543
100,500,"Target_Only",0.648997134670487
100,500,"Source1_Only",0.680515759312321
100,500,"Source2_Only",0.762177650429799
100,500,"Weighted",0.76647564469914
200,500,"Target_Only",0.74823878383389
200,500,"Source1_Only",0.726362625139043
200,500,"Source2_Only",0.71523915461624
200,500,"Weighted",0.803856136447905
300,500,"Target_Only",0.771639690358902
300,500,"Source1_Only",0.653589021815623
300,500,"Source2_Only",0.782899366643209
300,500,"Weighted",0.811576354679803
100,1000,"Target_Only",0.717791411042945
100,1000,"Source1_Only",0.728527607361963
100,1000,"Source2_Only",0.822085889570552
100,1000,"Weighted",0.831288343558282
200,1000,"Target_Only",0.749292357460574
200,1000,"Source1_Only",0.641326324302467
200,1000,"Source2_Only",0.754144763445208
200,1000,"Weighted",0.765062676910635
300,1000,"Target_Only",0.700096432015429
300,1000,"Source1_Only",0.668434586949534
300,1000,"Source2_Only",0.709418193506911
300,1000,"Weighted",0.757634201221472
100,100,"Target_Only",0.751926040061633
100,100,"Source1_Only",0.60708782742681
100,100,"Source2_Only",0.7673343605547
100,100,"Weighted",0.778120184899846
200,100,"Target_Only",0.72035010940919
200,100,"Source1_Only",0.704595185995624
200,100,"Source2_Only",0.635448577680525
200,100,"Weighted",0.748796498905908
300,100,"Target_Only",0.763218390804598
300,100,"Source1_Only",0.682051282051282
300,100,"Source2_Only",0.714058355437666
300,100,"Weighted",0.770822281167109
100,300,"Target_Only",0.695810564663024
100,300,"Source1_Only",0.646630236794171
100,300,"Source2_Only",0.799635701275045
100,300,"Weighted",0.805100182149362
200,300,"Target_Only",0.767836919592299
200,300,"Source1_Only",0.705926764816912
200,300,"Source2_Only",0.730841827104568
200,300,"Weighted",0.788976972442431
300,300,"Target_Only",0.750874271440466
300,300,"Source1_Only",0.690258118234804
300,300,"Source2_Only",0.770191507077435
300,300,"Weighted",0.810657785179018
100,500,"Target_Only",0.732594936708861
100,500,"Source1_Only",0.621835443037975
100,500,"Source2_Only",0.784810126582278
100,500,"Weighted",0.789556962025316
200,500,"Target_Only",0.726214371738258
200,500,"Source1_Only",0.680449618627057
200,500,"Source2_Only",0.81493376154155
200,500,"Weighted",0.806904857486953
300,500,"Target_Only",0.748609003540718
300,500,"Source1_Only",0.663294554038105
300,500,"Source2_Only",0.756027651323554
300,500,"Weighted",0.784859214297758
100,1000,"Target_Only",0.719449225473322
100,1000,"Source1_Only",0.78829604130809
100,1000,"Source2_Only",0.822719449225473
100,1000,"Weighted",0.822719449225473
200,1000,"Target_Only",0.767722473604826
200,1000,"Source1_Only",0.745098039215686
200,1000,"Source2_Only",0.738310708898944
200,1000,"Weighted",0.790723981900453
300,1000,"Target_Only",0.775985663082437
300,1000,"Source1_Only",0.702997719126751
300,1000,"Source2_Only",0.753176930596285
300,1000,"Weighted",0.800423590746171
100,100,"Target_Only",0.5875
100,100,"Source1_Only",0.6296875
100,100,"Source2_Only",0.6234375
100,100,"Weighted",0.6453125
200,100,"Target_Only",0.738509076863654
200,100,"Source1_Only",0.630745461568173
200,100,"Source2_Only",0.682116647354191
200,100,"Weighted",0.728466589416763
300,100,"Target_Only",0.735356762513312
300,100,"Source1_Only",0.675718849840256
300,100,"Source2_Only",0.63400780972666
300,100,"Weighted",0.739261625843096
100,300,"Target_Only",0.822358346094946
100,300,"Source1_Only",0.696784073506891
100,300,"Source2_Only",0.800918836140888
100,300,"Weighted",0.816232771822358
200,300,"Target_Only",0.685235683677444
200,300,"Source1_Only",0.659914296844566
200,300,"Source2_Only",0.779898714452669
200,300,"Weighted",0.784962991819244
300,300,"Target_Only",0.741813394767155
300,300,"Source1_Only",0.657725851571499
300,300,"Source2_Only",0.775382590093796
300,300,"Weighted",0.796281059733421
100,500,"Target_Only",0.708719851576994
100,500,"Source1_Only",0.699443413729128
100,500,"Source2_Only",0.719851576994434
100,500,"Weighted",0.775510204081633
200,500,"Target_Only",0.71449758991472
200,500,"Source1_Only",0.688913607712273
200,500,"Source2_Only",0.747126436781609
200,500,"Weighted",0.795698924731183
300,500,"Target_Only",0.738571145853948
300,500,"Source1_Only",0.691470413615674
300,500,"Source2_Only",0.807441124084702
300,500,"Weighted",0.832970512566792
100,1000,"Target_Only",0.63003663003663
100,1000,"Source1_Only",0.749084249084249
100,1000,"Source2_Only",0.760989010989011
100,1000,"Weighted",0.745421245421245
200,1000,"Target_Only",0.782315473960285
200,1000,"Source1_Only",0.714874484825777
200,1000,"Source2_Only",0.790558261521169
200,1000,"Weighted",0.825402772573998
300,1000,"Target_Only",0.765633596185586
300,1000,"Source1_Only",0.691729323308271
300,1000,"Source2_Only",0.677058499908307
300,1000,"Weighted",0.790573995965524
100,100,"Target_Only",0.728486646884273
100,100,"Source1_Only",0.640949554896142
100,100,"Source2_Only",0.661721068249258
100,100,"Weighted",0.759643916913947
200,100,"Target_Only",0.749534103615356
200,100,"Source1_Only",0.608274319791278
200,100,"Source2_Only",0.650018635855386
200,100,"Weighted",0.7335072679836
300,100,"Target_Only",0.730855274479436
300,100,"Source1_Only",0.616072965066254
300,100,"Source2_Only",0.734813285148856
300,100,"Weighted",0.765961108242987
100,300,"Target_Only",0.689189189189189
100,300,"Source1_Only",0.656156156156156
100,300,"Source2_Only",0.825825825825826
100,300,"Weighted",0.822822822822823
200,300,"Target_Only",0.772170686456401
200,300,"Source1_Only",0.61113172541744
200,300,"Source2_Only",0.769573283858998
200,300,"Weighted",0.80556586270872
300,300,"Target_Only",0.707888040712468
300,300,"Source1_Only",0.671416454622561
300,300,"Source2_Only",0.719762510602205
300,300,"Weighted",0.765224766751484
100,500,"Target_Only",0.650563607085346
100,500,"Source1_Only",0.599033816425121
100,500,"Source2_Only",0.731078904991948
100,500,"Weighted",0.711755233494364
200,500,"Target_Only",0.724347826086956
200,500,"Source1_Only",0.702608695652174
200,500,"Source2_Only",0.778695652173913
200,500,"Weighted",0.773043478260869
300,500,"Target_Only",0.772418720971776
300,500,"Source1_Only",0.694533762057878
300,500,"Source2_Only",0.746516613076099
300,500,"Weighted",0.800464451589854
100,1000,"Target_Only",0.767550702028081
100,1000,"Source1_Only",0.737909516380655
100,1000,"Source2_Only",0.840873634945398
100,1000,"Weighted",0.839313572542902
200,1000,"Target_Only",0.742016806722689
200,1000,"Source1_Only",0.641596638655462
200,1000,"Source2_Only",0.763025210084034
200,1000,"Weighted",0.775210084033613
300,1000,"Target_Only",0.731011045029737
300,1000,"Source1_Only",0.732200509770603
300,1000,"Source2_Only",0.71945624468989
300,1000,"Weighted",0.779269328802039
100,100,"Target_Only",0.692307692307692
100,100,"Source1_Only",0.690769230769231
100,100,"Source2_Only",0.764615384615385
100,100,"Weighted",0.770769230769231
200,100,"Target_Only",0.671752738654147
200,100,"Source1_Only",0.619718309859155
200,100,"Source2_Only",0.753912363067293
200,100,"Weighted",0.7339593114241
300,100,"Target_Only",0.729536714887383
300,100,"Source1_Only",0.604468046145395
300,100,"Source2_Only",0.614173228346457
300,100,"Weighted",0.740523713605567
100,300,"Target_Only",0.67600700525394
100,300,"Source1_Only",0.669001751313485
100,300,"Source2_Only",0.777583187390543
100,300,"Weighted",0.768826619964974
200,300,"Target_Only",0.701288559156579
200,300,"Source1_Only",0.686841077704022
200,300,"Source2_Only",0.726669269816478
200,300,"Weighted",0.76454509957048
300,300,"Target_Only",0.734945959855893
300,300,"Source1_Only",0.652084405558415
300,300,"Source2_Only",0.760679361811631
300,300,"Weighted",0.776119402985075
100,500,"Target_Only",0.729508196721312
100,500,"Source1_Only",0.662295081967213
100,500,"Source2_Only",0.808196721311475
100,500,"Weighted",0.816393442622951
200,500,"Target_Only",0.759138911454102
200,500,"Source1_Only",0.736799350121852
200,500,"Source2_Only",0.756701868399675
200,500,"Weighted",0.811129163281885
300,500,"Target_Only",0.754928076718167
300,500,"Source1_Only",0.697034274551589
300,500,"Source2_Only",0.726869117385899
300,500,"Weighted",0.774462795240632
100,1000,"Target_Only",0.700152207001522
100,1000,"Source1_Only",0.681887366818874
100,1000,"Source2_Only",0.753424657534247
100,1000,"Weighted",0.773211567732116
200,1000,"Target_Only",0.761065573770492
200,1000,"Source1_Only",0.690573770491803
200,1000,"Source2_Only",0.805327868852459
200,1000,"Weighted",0.841803278688525
300,1000,"Target_Only",0.712121212121212
300,1000,"Source1_Only",0.702020202020202
300,1000,"Source2_Only",0.664502164502164
300,1000,"Weighted",0.734848484848485
100,100,"Target_Only",0.690875232774674
100,100,"Source1_Only",0.60707635009311
100,100,"Source2_Only",0.770949720670391
100,100,"Weighted",0.774674115456238
200,100,"Target_Only",0.746113989637306
200,100,"Source1_Only",0.753454231433506
200,100,"Source2_Only",0.735751295336788
200,100,"Weighted",0.774179620034542
300,100,"Target_Only",0.766948421597378
300,100,"Source1_Only",0.629636018630326
300,100,"Source2_Only",0.701397274452303
300,100,"Weighted",0.768155942728998
100,300,"Target_Only",0.701277955271566
100,300,"Source1_Only",0.693290734824281
100,300,"Source2_Only",0.678913738019169
100,300,"Weighted",0.710862619808307
200,300,"Target_Only",0.697037037037037
200,300,"Source1_Only",0.647037037037037
200,300,"Source2_Only",0.725925925925926
200,300,"Weighted",0.779259259259259
300,300,"Target_Only",0.799234226735475
300,300,"Source1_Only",0.705010820709173
300,300,"Source2_Only",0.751789578824704
300,300,"Weighted",0.814716164474779
100,500,"Target_Only",0.67741935483871
100,500,"Source1_Only",0.640762463343108
100,500,"Source2_Only",0.741935483870968
100,500,"Weighted",0.755131964809384
200,500,"Target_Only",0.728066843904292
200,500,"Source1_Only",0.614508165590581
200,500,"Source2_Only",0.775161412837068
200,500,"Weighted",0.780478541587543
300,500,"Target_Only",0.77877536362004
300,500,"Source1_Only",0.650026934817741
300,500,"Source2_Only",0.761896211168971
300,500,"Weighted",0.806428443167535
100,1000,"Target_Only",0.714828897338403
100,1000,"Source1_Only",0.67680608365019
100,1000,"Source2_Only",0.743346007604563
100,1000,"Weighted",0.766159695817491
200,1000,"Target_Only",0.745491803278689
200,1000,"Source1_Only",0.724590163934426
200,1000,"Source2_Only",0.713934426229508
200,1000,"Weighted",0.790163934426229
300,1000,"Target_Only",0.784442979564931
300,1000,"Source1_Only",0.720171390903098
300,1000,"Source2_Only",0.770764667106131
300,1000,"Weighted",0.819215557020435
100,100,"Target_Only",0.7056
100,100,"Source1_Only",0.6272
100,100,"Source2_Only",0.6288
100,100,"Weighted",0.7264
200,100,"Target_Only",0.669097538742024
200,100,"Source1_Only",0.627164995442115
200,100,"Source2_Only",0.593892433910665
200,100,"Weighted",0.695077484047402
300,100,"Target_Only",0.709111217488432
300,100,"Source1_Only",0.600287218764959
300,100,"Source2_Only",0.70416467209191
300,100,"Weighted",0.73336524652944
100,300,"Target_Only",0.55026455026455
100,300,"Source1_Only",0.613756613756614
100,300,"Source2_Only",0.724867724867725
100,300,"Weighted",0.684303350970018
200,300,"Target_Only",0.744779582366589
200,300,"Source1_Only",0.688321732405259
200,300,"Source2_Only",0.745166279969064
200,300,"Weighted",0.783062645011601
300,300,"Target_Only",0.7875
300,300,"Source1_Only",0.672039473684211
300,300,"Source2_Only",0.787664473684211
300,300,"Weighted",0.814967105263158
100,500,"Target_Only",0.731494920174165
100,500,"Source1_Only",0.644412191582003
100,500,"Source2_Only",0.746008708272859
100,500,"Weighted",0.777939042089985
200,500,"Target_Only",0.778229082047116
200,500,"Source1_Only",0.65353371242892
200,500,"Source2_Only",0.785134037367993
200,500,"Weighted",0.835093419983753
300,500,"Target_Only",0.735209235209235
300,500,"Source1_Only",0.683261183261183
300,500,"Source2_Only",0.720598845598846
300,500,"Weighted",0.767135642135642
100,1000,"Target_Only",0.559934318555008
100,1000,"Source1_Only",0.625615763546798
100,1000,"Source2_Only",0.773399014778325
100,1000,"Weighted",0.696223316912972
200,1000,"Target_Only",0.724781572676727
200,1000,"Source1_Only",0.635424940428912
200,1000,"Source2_Only",0.749801429706116
200,1000,"Weighted",0.793486894360604
300,1000,"Target_Only",0.726284411713133
300,1000,"Source1_Only",0.63387690689111
300,1000,"Source2_Only",0.748378046642118
300,1000,"Weighted",0.765737331229178
100,100,"Target_Only",0.71169686985173
100,100,"Source1_Only",0.606260296540362
100,100,"Source2_Only",0.724876441515651
100,100,"Weighted",0.757825370675453
200,100,"Target_Only",0.708648864089279
200,100,"Source1_Only",0.611797528895974
200,100,"Source2_Only",0.740534077321642
200,100,"Weighted",0.766839378238342
300,100,"Target_Only",0.742951046531742
300,100,"Source1_Only",0.673239923888601
300,100,"Source2_Only",0.710949662688116
300,100,"Weighted",0.772184743124027
100,300,"Target_Only",0.784929356357928
100,300,"Source1_Only",0.679748822605965
100,300,"Source2_Only",0.695447409733124
100,300,"Weighted",0.822605965463108
200,300,"Target_Only",0.768536681051393
200,300,"Source1_Only",0.611220086308356
200,300,"Source2_Only",0.772459788152217
200,300,"Weighted",0.78775990584543
300,300,"Target_Only",0.767629642921227
300,300,"Source1_Only",0.618158980800287
300,300,"Source2_Only",0.722591064058855
300,300,"Weighted",0.774448232549794
100,500,"Target_Only",0.703190013869626
100,500,"Source1_Only",0.65880721220527
100,500,"Source2_Only",0.778085991678225
100,500,"Weighted",0.780859916782247
200,500,"Target_Only",0.671635935661044
200,500,"Source1_Only",0.678305217732444
200,500,"Source2_Only",0.70066692820714
200,500,"Weighted",0.743821106316202
300,500,"Target_Only",0.713173156586578
300,500,"Source1_Only",0.635294117647059
300,500,"Source2_Only",0.76023198011599
300,500,"Weighted",0.763214581607291
100,1000,"Target_Only",0.720802919708029
100,1000,"Source1_Only",0.664233576642336
100,1000,"Source2_Only",0.857664233576642
100,1000,"Weighted",0.844890510948905
200,1000,"Target_Only",0.737912509593246
200,1000,"Source1_Only",0.68649270913277
200,1000,"Source2_Only",0.773983115886416
200,1000,"Weighted",0.827705295471988
300,1000,"Target_Only",0.788483559627024
300,1000,"Source1_Only",0.756257156878783
300,1000,"Source2_Only",0.804187796499264
300,1000,"Weighted",0.839522329461803
100,100,"Target_Only",0.692176870748299
100,100,"Source1_Only",0.673469387755102
100,100,"Source2_Only",0.726190476190476
100,100,"Weighted",0.763605442176871
200,100,"Target_Only",0.752573238321457
200,100,"Source1_Only",0.695961995249406
200,100,"Source2_Only",0.717339667458432
200,100,"Weighted",0.777513855898654
300,100,"Target_Only",0.781129428270782
300,100,"Source1_Only",0.668888109435286
300,100,"Source2_Only",0.716766047001052
300,100,"Weighted",0.794984216064539
100,300,"Target_Only",0.738782051282051
100,300,"Source1_Only",0.709935897435897
100,300,"Source2_Only",0.762820512820513
100,300,"Weighted",0.775641025641026
200,300,"Target_Only",0.769444444444444
200,300,"Source1_Only",0.663492063492063
200,300,"Source2_Only",0.76547619047619
200,300,"Weighted",0.817460317460317
300,300,"Target_Only",0.709848728677181
300,300,"Source1_Only",0.660444158352108
300,300,"Source2_Only",0.664145477953009
300,300,"Weighted",0.736723527518507
100,500,"Target_Only",0.729430379746835
100,500,"Source1_Only",0.77373417721519
100,500,"Source2_Only",0.75
100,500,"Weighted",0.830696202531646
200,500,"Target_Only",0.771986970684039
200,500,"Source1_Only",0.69019182048498
200,500,"Source2_Only",0.755700325732899
200,500,"Weighted",0.811074918566775
300,500,"Target_Only",0.750316169828365
300,500,"Source1_Only",0.665221318879855
300,500,"Source2_Only",0.725564588979223
300,500,"Weighted",0.771093044263776
100,1000,"Target_Only",0.695652173913043
100,1000,"Source1_Only",0.691304347826087
100,1000,"Source2_Only",0.71304347826087
100,1000,"Weighted",0.76231884057971
200,1000,"Target_Only",0.778132482043097
200,1000,"Source1_Only",0.712290502793296
200,1000,"Source2_Only",0.776536312849162
200,1000,"Weighted",0.811652035115722
300,1000,"Target_Only",0.743161878548082
300,1000,"Source1_Only",0.67125408567005
300,1000,"Source2_Only",0.770170307930501
300,1000,"Weighted",0.790813693445725
100,100,"Target_Only",0.601362862010221
100,100,"Source1_Only",0.684838160136286
100,100,"Source2_Only",0.68824531516184
100,100,"Weighted",0.700170357751278
200,100,"Target_Only",0.710654205607477
200,100,"Source1_Only",0.598878504672897
200,100,"Source2_Only",0.699065420560748
200,100,"Weighted",0.749906542056075
300,100,"Target_Only",0.739057239057239
300,100,"Source1_Only",0.587695133149679
300,100,"Source2_Only",0.656718702173248
300,100,"Weighted",0.741965105601469
100,300,"Target_Only",0.650724637681159
100,300,"Source1_Only",0.647826086956522
100,300,"Source2_Only",0.8
100,300,"Weighted",0.830434782608696
200,300,"Target_Only",0.805376751230594
200,300,"Source1_Only",0.634229458538432
200,300,"Source2_Only",0.762968572510413
200,300,"Weighted",0.811435062476335
300,300,"Target_Only",0.757171941513974
300,300,"Source1_Only",0.652785489542847
300,300,"Source2_Only",0.750323894132889
300,300,"Weighted",0.777531001295577
100,500,"Target_Only",0.659971305595409
100,500,"Source1_Only",0.641319942611191
100,500,"Source2_Only",0.723098995695839
100,500,"Weighted",0.753228120516499
200,500,"Target_Only",0.731985940246046
200,500,"Source1_Only",0.688488576449912
200,500,"Source2_Only",0.734622144112478
200,500,"Weighted",0.76933216168717
300,500,"Target_Only",0.805754141238012
300,500,"Source1_Only",0.72258064516129
300,500,"Source2_Only",0.750130775937228
300,500,"Weighted",0.819877942458588
100,1000,"Target_Only",0.665714285714286
100,1000,"Source1_Only",0.602857142857143
100,1000,"Source2_Only",0.75
100,1000,"Weighted",0.741428571428571
200,1000,"Target_Only",0.782072368421053
200,1000,"Source1_Only",0.680921052631579
200,1000,"Source2_Only",0.773026315789474
200,1000,"Weighted",0.820723684210526
300,1000,"Target_Only",0.746313235019601
300,1000,"Source1_Only",0.722232592869143
300,1000,"Source2_Only",0.771140563748367
300,1000,"Weighted",0.802314728392757
100,100,"Target_Only",0.763803680981595
100,100,"Source1_Only",0.710122699386503
100,100,"Source2_Only",0.665644171779141
100,100,"Weighted",0.785276073619632
200,100,"Target_Only",0.688888888888889
200,100,"Source1_Only",0.604288499025341
200,100,"Source2_Only",0.702534113060429
200,100,"Weighted",0.729824561403509
300,100,"Target_Only",0.77626144729754
300,100,"Source1_Only",0.656850421978811
300,100,"Source2_Only",0.715747890105944
300,100,"Weighted",0.777877536362004
100,300,"Target_Only",0.637931034482759
100,300,"Source1_Only",0.601724137931035
100,300,"Source2_Only",0.777586206896552
100,300,"Weighted",0.743103448275862
200,300,"Target_Only",0.812217194570136
200,300,"Source1_Only",0.692307692307692
200,300,"Source2_Only",0.801659125188537
200,300,"Weighted",0.843137254901961
300,300,"Target_Only",0.762352941176471
300,300,"Source1_Only",0.656470588235294
300,300,"Source2_Only",0.732268907563025
300,300,"Weighted",0.786890756302521
100,500,"Target_Only",0.65990639625585
100,500,"Source1_Only",0.672386895475819
100,500,"Source2_Only",0.765990639625585
100,500,"Weighted",0.728549141965679
200,500,"Target_Only",0.756719022687609
200,500,"Source1_Only",0.680279232111693
200,500,"Source2_Only",0.770331588132635
200,500,"Weighted",0.811169284467714
300,500,"Target_Only",0.742772553117381
300,500,"Source1_Only",0.609717868338558
300,500,"Source2_Only",0.756879136189481
300,500,"Weighted",0.78944618599791
100,1000,"Target_Only",0.741641337386018
100,1000,"Source1_Only",0.706686930091185
100,1000,"Source2_Only",0.78419452887538
100,1000,"Weighted",0.819148936170213
200,1000,"Target_Only",0.748170966499808
200,1000,"Source1_Only",0.706969580284944
200,1000,"Source2_Only",0.716981132075472
200,1000,"Weighted",0.77435502502888
300,1000,"Target_Only",0.761592741935484
300,1000,"Source1_Only",0.663474462365591
300,1000,"Source2_Only",0.775789650537634
300,1000,"Weighted",0.818716397849462
100,100,"Target_Only",0.689822294022617
100,100,"Source1_Only",0.588045234248788
100,100,"Source2_Only",0.798061389337641
100,100,"Weighted",0.819063004846527
200,100,"Target_Only",0.732827644332069
200,100,"Source1_Only",0.638853771597134
200,100,"Source2_Only",0.627475769068689
200,100,"Weighted",0.713442899283607
300,100,"Target_Only",0.757474528144313
300,100,"Source1_Only",0.64239184900618
300,100,"Source2_Only",0.738600300651411
300,100,"Weighted",0.786704526474027
100,300,"Target_Only",0.723032069970845
100,300,"Source1_Only",0.667638483965015
100,300,"Source2_Only",0.75801749271137
100,300,"Weighted",0.794460641399417
200,300,"Target_Only",0.794152983580296
200,300,"Source1_Only",0.650780937124549
200,300,"Source2_Only",0.814977973568282
200,300,"Weighted",0.851421706047257
300,300,"Target_Only",0.709190444591904
300,300,"Source1_Only",0.639183808891838
300,300,"Source2_Only",0.747843397478434
300,300,"Weighted",0.776708692767087
100,500,"Target_Only",0.706645056726094
100,500,"Source1_Only",0.635332252836305
100,500,"Source2_Only",0.815235008103728
100,500,"Weighted",0.824959481361426
200,500,"Target_Only",0.71260565968394
200,500,"Source1_Only",0.746416758544653
200,500,"Source2_Only",0.704887908857038
200,500,"Weighted",0.769570011025358
300,500,"Target_Only",0.775402943237561
300,500,"Source1_Only",0.706552207428171
300,500,"Source2_Only",0.772950245269797
300,500,"Weighted",0.827960756832516
100,1000,"Target_Only",0.68029197080292
100,1000,"Source1_Only",0.715328467153285
100,1000,"Source2_Only",0.737226277372263
100,1000,"Weighted",0.75036496350365
200,1000,"Target_Only",0.725490196078431
200,1000,"Source1_Only",0.680016687526074
200,1000,"Source2_Only",0.681268251981644
200,1000,"Weighted",0.748852732582395
300,1000,"Target_Only",0.769160750045512
300,1000,"Source1_Only",0.722920080101948
300,1000,"Source2_Only",0.711815037320226
300,1000,"Weighted",0.794647733478973
100,100,"Target_Only",0.525280898876405
100,100,"Source1_Only",0.606741573033708
100,100,"Source2_Only",0.73876404494382
100,100,"Weighted",0.73876404494382
200,100,"Target_Only",0.729918509895227
200,100,"Source1_Only",0.548700038804812
200,100,"Source2_Only",0.715948777648428
200,100,"Weighted",0.760574311214591
300,100,"Target_Only",0.761151891586674
300,100,"Source1_Only",0.562205910031997
300,100,"Source2_Only",0.699416525503482
300,100,"Weighted",0.760587238848108
100,300,"Target_Only",0.522727272727273
100,300,"Source1_Only",0.568181818181818
100,300,"Source2_Only",0.659090909090909
100,300,"Weighted",0.633333333333333
200,300,"Target_Only",0.644093882262409
200,300,"Source1_Only",0.683724509426703
200,300,"Source2_Only",0.760677183532128
200,300,"Weighted",0.741439015005771
300,300,"Target_Only",0.78115252011164
300,300,"Source1_Only",0.67213922180266
300,300,"Source2_Only",0.735347233623379
300,300,"Weighted",0.810047611229683
100,500,"Target_Only",0.734472049689441
100,500,"Source1_Only",0.68944099378882
100,500,"Source2_Only",0.767080745341615
100,500,"Weighted",0.819875776397516
200,500,"Target_Only",0.763480392156863
200,500,"Source1_Only",0.718137254901961
200,500,"Source2_Only",0.772058823529412
200,500,"Weighted",0.806372549019608
300,500,"Target_Only",0.807921486154925
300,500,"Source1_Only",0.723098492814581
300,500,"Source2_Only",0.744304241149667
300,500,"Weighted",0.816859446196986
100,1000,"Target_Only",0.700145560407569
100,1000,"Source1_Only",0.774381368267831
100,1000,"Source2_Only",0.768558951965066
100,1000,"Weighted",0.796215429403202
200,1000,"Target_Only",0.751065643648764
200,1000,"Source1_Only",0.722932651321398
200,1000,"Source2_Only",0.776214833759591
200,1000,"Weighted",0.814151747655584
300,1000,"Target_Only",0.759522555731087
300,1000,"Source1_Only",0.630331753554502
300,1000,"Source2_Only",0.759873617693523
300,1000,"Weighted",0.779006494646305
100,100,"Target_Only",0.529577464788732
100,100,"Source1_Only",0.530985915492958
100,100,"Source2_Only",0.654929577464789
100,100,"Weighted",0.636619718309859
200,100,"Target_Only",0.712761592121461
200,100,"Source1_Only",0.654082888797702
200,100,"Source2_Only",0.717275338530981
200,100,"Weighted",0.780057447681576
300,100,"Target_Only",0.72595250298992
300,100,"Source1_Only",0.583290620194772
300,100,"Source2_Only",0.705108491371946
300,100,"Weighted",0.748163335041859
100,300,"Target_Only",0.649434571890145
100,300,"Source1_Only",0.646203554119548
100,300,"Source2_Only",0.783521809369952
100,300,"Weighted",0.741518578352181
200,300,"Target_Only",0.682629107981221
200,300,"Source1_Only",0.650704225352113
200,300,"Source2_Only",0.731455399061033
200,300,"Weighted",0.743192488262911
300,300,"Target_Only",0.769905170871354
300,300,"Source1_Only",0.72410091250671
300,300,"Source2_Only",0.738593666129898
300,300,"Weighted",0.806226516371444
100,500,"Target_Only",0.78719723183391
100,500,"Source1_Only",0.847750865051903
100,500,"Source2_Only",0.782006920415225
100,500,"Weighted",0.870242214532872
200,500,"Target_Only",0.72745253164557
200,500,"Source1_Only",0.609177215189873
200,500,"Source2_Only",0.698971518987342
200,500,"Weighted",0.734177215189873
300,500,"Target_Only",0.784413309982487
300,500,"Source1_Only",0.682486865148862
300,500,"Source2_Only",0.719964973730298
300,500,"Weighted",0.795621716287215
100,1000,"Target_Only",0.798013245033113
100,1000,"Source1_Only",0.76158940397351
100,1000,"Source2_Only",0.83112582781457
100,1000,"Weighted",0.847682119205298
200,1000,"Target_Only",0.69573148485954
200,1000,"Source1_Only",0.729660707770887
200,1000,"Source2_Only",0.654870485224371
200,1000,"Weighted",0.741700109449106
300,1000,"Target_Only",0.752006980802792
300,1000,"Source1_Only",0.638219895287958
300,1000,"Source2_Only",0.679581151832461
300,1000,"Weighted",0.77347294938918
100,100,"Target_Only",0.6875
100,100,"Source1_Only",0.645833333333333
100,100,"Source2_Only",0.692708333333333
100,100,"Weighted",0.743055555555556
200,100,"Target_Only",0.772292384232683
200,100,"Source1_Only",0.668962877918102
200,100,"Source2_Only",0.695369307309606
200,100,"Weighted",0.77841561423651
300,100,"Target_Only",0.785263157894737
300,100,"Source1_Only",0.686491228070175
300,100,"Source2_Only",0.708421052631579
300,100,"Weighted",0.804035087719298
100,300,"Target_Only",0.637651821862348
100,300,"Source1_Only",0.676113360323887
100,300,"Source2_Only",0.795546558704453
100,300,"Weighted",0.819838056680162
200,300,"Target_Only",0.720015576323987
200,300,"Source1_Only",0.635514018691589
200,300,"Source2_Only",0.751557632398754
200,300,"Weighted",0.78309968847352
300,300,"Target_Only",0.725309734513274
300,300,"Source1_Only",0.693628318584071
300,300,"Source2_Only",0.743893805309734
300,300,"Weighted",0.783893805309735
100,500,"Target_Only",0.637480798771121
100,500,"Source1_Only",0.649769585253456
100,500,"Source2_Only",0.788018433179724
100,500,"Weighted",0.80952380952381
200,500,"Target_Only",0.702359346642468
200,500,"Source1_Only",0.593920145190563
200,500,"Source2_Only",0.732758620689655
200,500,"Weighted",0.742286751361162
300,500,"Target_Only",0.717582060448489
300,500,"Source1_Only",0.70523236919077
300,500,"Source2_Only",0.723106922326942
300,500,"Weighted",0.769255768605785
100,1000,"Target_Only",0.746688741721854
100,1000,"Source1_Only",0.75
100,1000,"Source2_Only",0.721854304635762
100,1000,"Weighted",0.811258278145695
200,1000,"Target_Only",0.72316384180791
200,1000,"Source1_Only",0.637664783427495
200,1000,"Source2_Only",0.8015065913371
200,1000,"Weighted",0.787947269303201
300,1000,"Target_Only",0.747933884297521
300,1000,"Source1_Only",0.642374154770849
300,1000,"Source2_Only",0.716754320060105
300,1000,"Weighted",0.77610818933133
100,100,"Target_Only",0.763754045307443
100,100,"Source1_Only",0.559870550161812
100,100,"Source2_Only",0.752427184466019
100,100,"Weighted",0.739482200647249
200,100,"Target_Only",0.707758960220559
200,100,"Source1_Only",0.619141394249705
200,100,"Source2_Only",0.702638834186688
200,100,"Weighted",0.751870815281607
300,100,"Target_Only",0.757777001048584
300,100,"Source1_Only",0.629849702901084
300,100,"Source2_Only",0.750436910171269
300,100,"Weighted",0.782418734708144
100,300,"Target_Only",0.705555555555555
100,300,"Source1_Only",0.694444444444444
100,300,"Source2_Only",0.82037037037037
100,300,"Weighted",0.85
200,300,"Target_Only",0.770231801545344
200,300,"Source1_Only",0.690524603497357
200,300,"Source2_Only",0.685237901586011
200,300,"Weighted",0.782025213501423
300,300,"Target_Only",0.781914893617021
300,300,"Source1_Only",0.730141843971631
300,300,"Source2_Only",0.735283687943262
300,300,"Weighted",0.807801418439716
100,500,"Target_Only",0.636510500807755
100,500,"Source1_Only",0.591276252019386
100,500,"Source2_Only",0.752827140549273
100,500,"Weighted",0.697899838449112
200,500,"Target_Only",0.689406099518459
200,500,"Source1_Only",0.648073836276084
200,500,"Source2_Only",0.756420545746388
200,500,"Weighted",0.745184590690209
300,500,"Target_Only",0.766720459028151
300,500,"Source1_Only",0.655908194369733
300,500,"Source2_Only",0.78698224852071
300,500,"Weighted",0.811188811188811
100,1000,"Target_Only",0.613226452905812
100,1000,"Source1_Only",0.707414829659319
100,1000,"Source2_Only",0.817635270541082
100,1000,"Weighted",0.791583166332665
200,1000,"Target_Only",0.675228712174525
200,1000,"Source1_Only",0.660098522167488
200,1000,"Source2_Only",0.747009148486981
200,1000,"Weighted",0.73926812104152
300,1000,"Target_Only",0.726592478894858
300,1000,"Source1_Only",0.734650805832694
300,1000,"Source2_Only",0.730237912509593
300,1000,"Weighted",0.789140445126631
100,100,"Target_Only",0.749658002735978
100,100,"Source1_Only",0.673050615595075
100,100,"Source2_Only",0.674418604651163
100,100,"Weighted",0.740082079343365
200,100,"Target_Only",0.758321273516642
200,100,"Source1_Only",0.640014471780029
200,100,"Source2_Only",0.757597684515195
200,100,"Weighted",0.811143270622287
300,100,"Target_Only",0.713100880162492
300,100,"Source1_Only",0.624069058903182
300,100,"Source2_Only",0.648273527420447
300,100,"Weighted",0.739167230873392
100,300,"Target_Only",0.637123745819398
100,300,"Source1_Only",0.702341137123746
100,300,"Source2_Only",0.795986622073579
100,300,"Weighted",0.809364548494983
200,300,"Target_Only",0.727140255009108
200,300,"Source1_Only",0.641165755919854
200,300,"Source2_Only",0.714389799635701
200,300,"Weighted",0.76247723132969
300,300,"Target_Only",0.793003412969283
300,300,"Source1_Only",0.671331058020478
300,300,"Source2_Only",0.737372013651877
300,300,"Weighted",0.802730375426621
100,500,"Target_Only",0.809358752166378
100,500,"Source1_Only",0.720970537261698
100,500,"Source2_Only",0.835355285961872
100,500,"Weighted",0.842287694974003
200,500,"Target_Only",0.843795093795094
200,500,"Source1_Only",0.732683982683983
200,500,"Source2_Only",0.785714285714286
200,500,"Weighted",0.8502886002886
300,500,"Target_Only",0.673143421702618
300,500,"Source1_Only",0.635600197595916
300,500,"Source2_Only",0.717437839617981
300,500,"Weighted",0.734233492507822
100,1000,"Target_Only",0.666160849772382
100,1000,"Source1_Only",0.699544764795144
100,1000,"Source2_Only",0.767830045523521
100,1000,"Weighted",0.808801213960546
200,1000,"Target_Only",0.735984095427435
200,1000,"Source1_Only",0.70934393638171
200,1000,"Source2_Only",0.803976143141153
200,1000,"Weighted",0.809940357852883
300,1000,"Target_Only",0.743752263672582
300,1000,"Source1_Only",0.704817095255342
300,1000,"Source2_Only",0.736146323795726
300,1000,"Weighted",0.762042738138356
100,100,"Target_Only",0.738439306358382
100,100,"Source1_Only",0.692196531791908
100,100,"Source2_Only",0.666184971098266
100,100,"Weighted",0.76878612716763
200,100,"Target_Only",0.726051148677937
200,100,"Source1_Only",0.618985695708713
200,100,"Source2_Only",0.723016905071521
200,100,"Weighted",0.739921976592978
300,100,"Target_Only",0.786718200983837
300,100,"Source1_Only",0.635628952916374
300,100,"Source2_Only",0.731553056921996
300,100,"Weighted",0.807273366127899
100,300,"Target_Only",0.69359756097561
100,300,"Source1_Only",0.676829268292683
100,300,"Source2_Only",0.814024390243902
100,300,"Weighted",0.798780487804878
200,300,"Target_Only",0.708364451082898
200,300,"Source1_Only",0.641150112023898
200,300,"Source2_Only",0.759148618371919
200,300,"Weighted",0.78117998506348
300,300,"Target_Only",0.771027150180368
300,300,"Source1_Only",0.74900322764382
300,300,"Source2_Only",0.738560850579077
300,300,"Weighted",0.803113726979305
100,500,"Target_Only",0.708779443254818
100,500,"Source1_Only",0.67237687366167
100,500,"Source2_Only",0.82441113490364
100,500,"Weighted",0.796573875802998
200,500,"Target_Only",0.68989280245023
200,500,"Source1_Only",0.656967840735069
200,500,"Source2_Only",0.76301684532925
200,500,"Weighted",0.773353751914242
300,500,"Target_Only",0.747979426891991
300,500,"Source1_Only",0.683137398971345
300,500,"Source2_Only",0.794636296840558
300,500,"Weighted",0.800698016164585
100,1000,"Target_Only",0.73257698541329
100,1000,"Source1_Only",0.719611021069692
100,1000,"Source2_Only",0.769854132901135
100,1000,"Weighted",0.837925445705024
200,1000,"Target_Only",0.729234527687296
200,1000,"Source1_Only",0.695032573289902
200,1000,"Source2_Only",0.760179153094463
200,1000,"Weighted",0.787866449511401
300,1000,"Target_Only",0.732306627444195
300,1000,"Source1_Only",0.691469112303167
300,1000,"Source2_Only",0.697525523446963
300,1000,"Weighted",0.762934763799965
100,100,"Target_Only",0.675182481751825
100,100,"Source1_Only",0.693430656934307
100,100,"Source2_Only",0.775547445255474
100,100,"Weighted",0.804744525547445
200,100,"Target_Only",0.753273322422259
200,100,"Source1_Only",0.612929623567921
200,100,"Source2_Only",0.702945990180033
200,100,"Weighted",0.730360065466448
300,100,"Target_Only",0.703917525773196
300,100,"Source1_Only",0.594432989690722
300,100,"Source2_Only",0.714845360824742
300,100,"Weighted",0.743298969072165
100,300,"Target_Only",0.746003552397869
100,300,"Source1_Only",0.671403197158082
100,300,"Source2_Only",0.733570159857904
100,300,"Weighted",0.802841918294849
200,300,"Target_Only",0.717565597667638
200,300,"Source1_Only",0.572886297376093
200,300,"Source2_Only",0.753644314868805
200,300,"Weighted",0.743804664723032
300,300,"Target_Only",0.778171988511573
300,300,"Source1_Only",0.673086670045616
300,300,"Source2_Only",0.775975671566143
300,300,"Weighted",0.805203581686096
100,500,"Target_Only",0.706821480406386
100,500,"Source1_Only",0.667634252539913
100,500,"Source2_Only",0.801161103047896
100,500,"Weighted",0.847605224963716
200,500,"Target_Only",0.626574033868867
200,500,"Source1_Only",0.623100303951368
200,500,"Source2_Only",0.738167607468519
200,500,"Weighted",0.739470256187581
300,500,"Target_Only",0.735103847463398
300,500,"Source1_Only",0.6886278515492
300,500,"Source2_Only",0.807967313585291
300,500,"Weighted",0.816479400749064
100,1000,"Target_Only",0.740219092331768
100,1000,"Source1_Only",0.677621283255086
100,1000,"Source2_Only",0.793427230046948
100,1000,"Weighted",0.78716744913928
200,1000,"Target_Only",0.754818467055132
200,1000,"Source1_Only",0.677722994173017
200,1000,"Source2_Only",0.798744957418198
200,1000,"Weighted",0.814432989690722
300,1000,"Target_Only",0.726674960014217
300,1000,"Source1_Only",0.686333748000711
300,1000,"Source2_Only",0.786031633197085
300,1000,"Weighted",0.783721343522303
100,100,"Target_Only",0.747545582047686
100,100,"Source1_Only",0.594670406732118
100,100,"Source2_Only",0.720897615708275
100,100,"Weighted",0.791023842917251
200,100,"Target_Only",0.76099706744868
200,100,"Source1_Only",0.642961876832845
200,100,"Source2_Only",0.774193548387097
200,100,"Weighted",0.79508797653959
300,100,"Target_Only",0.779266055045872
300,100,"Source1_Only",0.659082568807339
300,100,"Source2_Only",0.782385321100917
300,100,"Weighted",0.796697247706422
100,300,"Target_Only",0.687405159332322
100,300,"Source1_Only",0.629742033383915
100,300,"Source2_Only",0.669195751138088
100,300,"Weighted",0.731411229135053
200,300,"Target_Only",0.727509778357236
200,300,"Source1_Only",0.663189917427206
200,300,"Source2_Only",0.747501086484137
200,300,"Weighted",0.782703172533681
300,300,"Target_Only",0.742303112774281
300,300,"Source1_Only",0.70369110392924
300,300,"Source2_Only",0.747235924476952
300,300,"Weighted",0.795883653682599
100,500,"Target_Only",0.74885145482389
100,500,"Source1_Only",0.754977029096478
100,500,"Source2_Only",0.811638591117917
100,500,"Weighted",0.836140888208269
200,500,"Target_Only",0.793631600161225
200,500,"Source1_Only",0.75534058847239
200,500,"Source2_Only",0.73559048770657
200,500,"Weighted",0.800886739218057
300,500,"Target_Only",0.704667707791081
300,500,"Source1_Only",0.692694777025855
300,500,"Source2_Only",0.679680721846261
300,500,"Weighted",0.727051882699983
100,1000,"Target_Only",0.71656050955414
100,1000,"Source1_Only",0.740445859872611
100,1000,"Source2_Only",0.746815286624204
100,1000,"Weighted",0.762738853503185
200,1000,"Target_Only",0.802162595114137
200,1000,"Source1_Only",0.724869843812575
200,1000,"Source2_Only",0.810973167801362
200,1000,"Weighted",0.843812575090108
300,1000,"Target_Only",0.734498543487307
300,1000,"Source1_Only",0.755097794423637
300,1000,"Source2_Only",0.768414481897628
300,1000,"Weighted",0.832917186849771
100,100,"Target_Only",0.805555555555556
100,100,"Source1_Only",0.736111111111111
100,100,"Source2_Only",0.75
100,100,"Weighted",0.831597222222222
200,100,"Target_Only",0.750786163522013
200,100,"Source1_Only",0.529874213836478
200,100,"Source2_Only",0.738207547169811
200,100,"Weighted",0.766116352201258
300,100,"Target_Only",0.721730415901119
300,100,"Source1_Only",0.557207282445298
300,100,"Source2_Only",0.701018874227493
300,100,"Weighted",0.759478870886922
100,300,"Target_Only",0.662480376766091
100,300,"Source1_Only",0.615384615384615
100,300,"Source2_Only",0.769230769230769
100,300,"Weighted",0.747252747252747
200,300,"Target_Only",0.75071516142215
200,300,"Source1_Only",0.675112382509195
200,300,"Source2_Only",0.751941152431549
200,300,"Weighted",0.789129546383327
300,300,"Target_Only",0.724740932642487
300,300,"Source1_Only",0.621761658031088
300,300,"Source2_Only",0.735913212435233
300,300,"Weighted",0.750161917098446
100,500,"Target_Only",0.61171032357473
100,500,"Source1_Only",0.519260400616333
100,500,"Source2_Only",0.690292758089368
100,500,"Weighted",0.657935285053929
200,500,"Target_Only",0.662655601659751
200,500,"Source1_Only",0.67344398340249
200,500,"Source2_Only",0.666804979253112
200,500,"Weighted",0.716597510373444
300,500,"Target_Only",0.741069931242663
300,500,"Source1_Only",0.635921516015428
300,500,"Source2_Only",0.760187824920342
300,500,"Weighted",0.799597518027838
100,1000,"Target_Only",0.750814332247557
100,1000,"Source1_Only",0.728013029315961
100,1000,"Source2_Only",0.798045602605863
100,1000,"Weighted",0.837133550488599
200,1000,"Target_Only",0.676377952755906
200,1000,"Source1_Only",0.642125984251969
200,1000,"Source2_Only",0.785433070866142
200,1000,"Weighted",0.779527559055118
300,1000,"Target_Only",0.735731326848963
300,1000,"Source1_Only",0.654982565608369
300,1000,"Source2_Only",0.757019636630574
300,1000,"Weighted",0.77610570746926
100,100,"Target_Only",0.716927453769559
100,100,"Source1_Only",0.675675675675676
100,100,"Source2_Only",0.751066856330014
100,100,"Weighted",0.793741109530583
200,100,"Target_Only",0.766467065868264
200,100,"Source1_Only",0.631536926147705
200,100,"Source2_Only",0.660279441117764
200,100,"Weighted",0.7624750499002
300,100,"Target_Only",0.760176390773406
300,100,"Source1_Only",0.617198100407056
300,100,"Source2_Only",0.748982360922659
300,100,"Weighted",0.801729986431479
100,300,"Target_Only",0.712857142857143
100,300,"Source1_Only",0.63
100,300,"Source2_Only",0.797142857142857
100,300,"Weighted",0.772857142857143
200,300,"Target_Only",0.68953488372093
200,300,"Source1_Only",0.678682170542636
200,300,"Source2_Only",0.686046511627907
200,300,"Weighted",0.74031007751938
300,300,"Target_Only",0.755624657033108
300,300,"Source1_Only",0.656667276385586
300,300,"Source2_Only",0.765867934882019
300,300,"Weighted",0.792207792207792
100,500,"Target_Only",0.735880398671096
100,500,"Source1_Only",0.68936877076412
100,500,"Source2_Only",0.780730897009967
100,500,"Weighted",0.764119601328904
200,500,"Target_Only",0.665389527458493
200,500,"Source1_Only",0.618986802894849
200,500,"Source2_Only",0.694763729246488
200,500,"Weighted",0.710515112813963
300,500,"Target_Only",0.748587086829937
300,500,"Source1_Only",0.746360678198322
300,500,"Source2_Only",0.738653879088885
300,500,"Weighted",0.803733516013016
100,1000,"Target_Only",0.619822485207101
100,1000,"Source1_Only",0.562130177514793
100,1000,"Source2_Only",0.707100591715976
100,1000,"Weighted",0.630177514792899
200,1000,"Target_Only",0.678050812161599
200,1000,"Source1_Only",0.650145772594752
200,1000,"Source2_Only",0.723865056226572
200,1000,"Weighted",0.727613494377343
300,1000,"Target_Only",0.78324352511733
300,1000,"Source1_Only",0.726751260212063
300,1000,"Source2_Only",0.761168086215887
300,1000,"Weighted",0.823222666434904
100,100,"Target_Only",0.651127819548872
100,100,"Source1_Only",0.523308270676692
100,100,"Source2_Only",0.690225563909774
100,100,"Weighted",0.708270676691729
200,100,"Target_Only",0.798617113223855
200,100,"Source1_Only",0.662921348314607
200,100,"Source2_Only",0.760155574762316
200,100,"Weighted",0.806395851339672
300,100,"Target_Only",0.79549423681453
300,100,"Source1_Only",0.706426825008732
300,100,"Source2_Only",0.730178134823612
300,100,"Weighted",0.810862731400629
100,300,"Target_Only",0.689075630252101
100,300,"Source1_Only",0.642857142857143
100,300,"Source2_Only",0.821428571428571
100,300,"Weighted",0.829831932773109
200,300,"Target_Only",0.744560838033844
200,300,"Source1_Only",0.67365028203062
200,300,"Source2_Only",0.75423045930701
200,300,"Weighted",0.778404512489927
300,300,"Target_Only",0.724852071005917
300,300,"Source1_Only",0.614514444831187
300,300,"Source2_Only",0.770449008005569
300,300,"Weighted",0.773407587887226
100,500,"Target_Only",0.639291465378422
100,500,"Source1_Only",0.648953301127214
100,500,"Source2_Only",0.742351046698873
100,500,"Weighted",0.674718196457327
200,500,"Target_Only",0.761326860841424
200,500,"Source1_Only",0.717233009708738
200,500,"Source2_Only",0.758899676375405
200,500,"Weighted",0.807443365695793
300,500,"Target_Only",0.739598393574297
300,500,"Source1_Only",0.672771084337349
300,500,"Source2_Only",0.752931726907631
300,500,"Weighted",0.780883534136546
100,1000,"Target_Only",0.77151799687011
100,1000,"Source1_Only",0.724569640062598
100,1000,"Source2_Only",0.816901408450704
100,1000,"Weighted",0.85133020344288
200,1000,"Target_Only",0.716077537058153
200,1000,"Source1_Only",0.638160395286963
200,1000,"Source2_Only",0.827822120866591
200,1000,"Weighted",0.789813759026986
300,1000,"Target_Only",0.780658724597057
300,1000,"Source1_Only",0.688682550805886
300,1000,"Source2_Only",0.767168885774352
300,1000,"Weighted",0.813244569025928
100,100,"Target_Only",0.684552845528455
100,100,"Source1_Only",0.510569105691057
100,100,"Source2_Only",0.692682926829268
100,100,"Weighted",0.702439024390244
200,100,"Target_Only",0.787580299785867
200,100,"Source1_Only",0.702355460385439
200,100,"Source2_Only",0.767023554603854
200,100,"Weighted",0.825695931477516
300,100,"Target_Only",0.738950504883297
300,100,"Source1_Only",0.62787617944049
300,100,"Source2_Only",0.748551564310545
300,100,"Weighted",0.763449759973514
100,300,"Target_Only",0.665610142630745
100,300,"Source1_Only",0.567353407290016
100,300,"Source2_Only",0.744849445324881
100,300,"Weighted",0.722662440570523
200,300,"Target_Only",0.732208363903155
200,300,"Source1_Only",0.654071900220103
200,300,"Source2_Only",0.76962582538518
200,300,"Weighted",0.798972853998533
300,300,"Target_Only",0.754638833664679
300,300,"Source1_Only",0.674453280318091
300,300,"Source2_Only",0.729456593770709
300,300,"Weighted",0.782637508283632
100,500,"Target_Only",0.74025974025974
100,500,"Source1_Only",0.663780663780664
100,500,"Source2_Only",0.777777777777778
100,500,"Weighted",0.796536796536797
200,500,"Target_Only",0.757563199336925
200,500,"Source1_Only",0.687111479486117
200,500,"Source2_Only",0.76958143389971
200,500,"Weighted",0.81226688769167
300,500,"Target_Only",0.743457361580915
300,500,"Source1_Only",0.683995015132633
300,500,"Source2_Only",0.746661919173936
300,500,"Weighted",0.785828734199751
100,1000,"Target_Only",0.660071942446043
100,1000,"Source1_Only",0.643884892086331
100,1000,"Source2_Only",0.782374100719424
100,1000,"Weighted",0.778776978417266
200,1000,"Target_Only",0.787011982991882
200,1000,"Source1_Only",0.583301120989563
200,1000,"Source2_Only",0.717240046385775
200,1000,"Weighted",0.788171627367607
300,1000,"Target_Only",0.708777084098421
300,1000,"Source1_Only",0.675908923980903
300,1000,"Source2_Only",0.763496143958869
300,1000,"Weighted",0.792691883951524
100,100,"Target_Only",0.758241758241758
100,100,"Source1_Only",0.599686028257457
100,100,"Source2_Only",0.799058084772371
100,100,"Weighted",0.817896389324961
200,100,"Target_Only",0.718019801980198
200,100,"Source1_Only",0.641188118811881
200,100,"Source2_Only",0.711683168316832
200,100,"Weighted",0.758811881188119
300,100,"Target_Only",0.782380791342577
300,100,"Source1_Only",0.597057828880622
300,100,"Source2_Only",0.690733851876902
300,100,"Weighted",0.767669935745688
100,300,"Target_Only",0.740072202166065
100,300,"Source1_Only",0.723826714801444
100,300,"Source2_Only",0.71841155234657
100,300,"Weighted",0.790613718411552
200,300,"Target_Only",0.800773694390716
200,300,"Source1_Only",0.707930367504836
200,300,"Source2_Only",0.789168278529981
200,300,"Weighted",0.82862669245648
300,300,"Target_Only",0.779661016949152
300,300,"Source1_Only",0.672128060263653
300,300,"Source2_Only",0.790207156308851
300,300,"Weighted",0.809227871939736
100,500,"Target_Only",0.680212014134276
100,500,"Source1_Only",0.722614840989399
100,500,"Source2_Only",0.793286219081272
100,500,"Weighted",0.837455830388693
200,500,"Target_Only",0.77926267281106
200,500,"Source1_Only",0.698617511520737
200,500,"Source2_Only",0.788018433179724
200,500,"Weighted",0.845622119815668
300,500,"Target_Only",0.759253028263795
300,500,"Source1_Only",0.705585464333782
300,500,"Source2_Only",0.695995962314939
300,500,"Weighted",0.783310901749664
100,1000,"Target_Only",0.671111111111111
100,1000,"Source1_Only",0.693333333333333
100,1000,"Source2_Only",0.822222222222222
100,1000,"Weighted",0.774814814814815
200,1000,"Target_Only",0.643208475217556
200,1000,"Source1_Only",0.617858494135452
200,1000,"Source2_Only",0.778282255013243
200,1000,"Weighted",0.752175558077942
300,1000,"Target_Only",0.737979993546305
300,1000,"Source1_Only",0.647144240077444
300,1000,"Source2_Only",0.777508873830268
300,1000,"Weighted",0.78864149725718
100,100,"Target_Only",0.683304647160069
100,100,"Source1_Only",0.480206540447504
100,100,"Source2_Only",0.729776247848537
100,100,"Weighted",0.755593803786575
200,100,"Target_Only",0.758386732001508
200,100,"Source1_Only",0.672823218997362
200,100,"Source2_Only",0.713154918959668
200,100,"Weighted",0.777233320768941
300,100,"Target_Only",0.766004792879151
300,100,"Source1_Only",0.681273536460116
300,100,"Source2_Only",0.704382060938035
300,100,"Weighted",0.815131804176652
100,300,"Target_Only",0.697058823529412
100,300,"Source1_Only",0.685294117647059
100,300,"Source2_Only",0.857352941176471
100,300,"Weighted",0.810294117647059
200,300,"Target_Only",0.769368562472011
200,300,"Source1_Only",0.673533363188536
200,300,"Source2_Only",0.761307657859382
200,300,"Weighted",0.806986117330945
300,300,"Target_Only",0.725785461981781
300,300,"Source1_Only",0.64138315672058
300,300,"Source2_Only",0.666852574828035
300,300,"Weighted",0.724670013013571
100,500,"Target_Only",0.734726688102894
100,500,"Source1_Only",0.705787781350482
100,500,"Source2_Only",0.794212218649518
100,500,"Weighted",0.819935691318328
200,500,"Target_Only",0.699430740037951
200,500,"Source1_Only",0.667172675521822
200,500,"Source2_Only",0.773814041745731
200,500,"Weighted",0.75180265654649
300,500,"Target_Only",0.757802964254577
300,500,"Source1_Only",0.708805579773322
300,500,"Source2_Only",0.762685265911072
300,500,"Weighted",0.82510897994769
100,1000,"Target_Only",0.771186440677966
100,1000,"Source1_Only",0.796610169491525
100,1000,"Source2_Only",0.830508474576271
100,1000,"Weighted",0.883050847457627
200,1000,"Target_Only",0.75392464678179
200,1000,"Source1_Only",0.692307692307692
200,1000,"Source2_Only",0.759811616954474
200,1000,"Weighted",0.791993720565149
300,1000,"Target_Only",0.699629380053908
300,1000,"Source1_Only",0.70838948787062
300,1000,"Source2_Only",0.757917789757412
300,1000,"Weighted",0.776954177897574
100,100,"Target_Only",0.626911314984709
100,100,"Source1_Only",0.507645259938838
100,100,"Source2_Only",0.72782874617737
100,100,"Weighted",0.709480122324159
200,100,"Target_Only",0.820542635658915
200,100,"Source1_Only",0.689922480620155
200,100,"Source2_Only",0.773255813953488
200,100,"Weighted",0.828682170542636
300,100,"Target_Only",0.727255779269202
300,100,"Source1_Only",0.599925428784489
300,100,"Source2_Only",0.623601789709172
300,100,"Weighted",0.724459358687547
100,300,"Target_Only",0.668122270742358
100,300,"Source1_Only",0.630276564774381
100,300,"Source2_Only",0.729257641921397
100,300,"Weighted",0.745269286754003
200,300,"Target_Only",0.735050196420777
200,300,"Source1_Only",0.626800523788739
200,300,"Source2_Only",0.738105630728939
200,300,"Weighted",0.765168048886949
300,300,"Target_Only",0.782453503663348
300,300,"Source1_Only",0.621266203268833
300,300,"Source2_Only",0.720270524140522
300,300,"Weighted",0.797670486567725
100,500,"Target_Only",0.65016501650165
100,500,"Source1_Only",0.681518151815181
100,500,"Source2_Only",0.71947194719472
100,500,"Weighted",0.735973597359736
200,500,"Target_Only",0.721285140562249
200,500,"Source1_Only",0.621285140562249
200,500,"Source2_Only",0.716064257028112
200,500,"Weighted",0.779116465863454
300,500,"Target_Only",0.745081118398343
300,500,"Source1_Only",0.672419744563341
300,500,"Source2_Only",0.74974111149465
300,500,"Weighted",0.79979288919572
100,1000,"Target_Only",0.626453488372093
100,1000,"Source1_Only",0.752906976744186
100,1000,"Source2_Only",0.723837209302326
100,1000,"Weighted",0.723837209302326
200,1000,"Target_Only",0.795224605422906
200,1000,"Source1_Only",0.672197490894375
200,1000,"Source2_Only",0.733306353702954
200,1000,"Weighted",0.814649939295832
300,1000,"Target_Only",0.806656373305884
300,1000,"Source1_Only",0.692400068622405
300,1000,"Source2_Only",0.805627037227655
300,1000,"Weighted",0.838394235717962
100,100,"Target_Only",0.745132743362832
100,100,"Source1_Only",0.688495575221239
100,100,"Source2_Only",0.548672566371681
100,100,"Weighted",0.736283185840708
200,100,"Target_Only",0.721372622155912
200,100,"Source1_Only",0.703468854904886
200,100,"Source2_Only",0.71503170458784
200,100,"Weighted",0.791495710555763
300,100,"Target_Only",0.741999340151765
300,100,"Source1_Only",0.643187066974596
300,100,"Source2_Only",0.710656548993731
300,100,"Weighted",0.773012207192346
100,300,"Target_Only",0.678688524590164
100,300,"Source1_Only",0.668852459016393
100,300,"Source2_Only",0.724590163934426
100,300,"Weighted",0.755737704918033
200,300,"Target_Only",0.732276897414512
200,300,"Source1_Only",0.691826522101751
200,300,"Source2_Only",0.714762301918265
200,300,"Weighted",0.77022518765638
300,300,"Target_Only",0.779913762127201
300,300,"Source1_Only",0.616780452748832
300,300,"Source2_Only",0.776500179662235
300,300,"Weighted",0.799317283507007
100,500,"Target_Only",0.673170731707317
100,500,"Source1_Only",0.6
100,500,"Source2_Only",0.678048780487805
100,500,"Weighted",0.699186991869919
200,500,"Target_Only",0.751545595054096
200,500,"Source1_Only",0.634466769706337
200,500,"Source2_Only",0.72952086553323
200,500,"Weighted",0.794822256568779
300,500,"Target_Only",0.760414703110273
300,500,"Source1_Only",0.708953817153629
300,500,"Source2_Only",0.784731385485391
300,500,"Weighted",0.806597549481621
100,1000,"Target_Only",0.702479338842975
100,1000,"Source1_Only",0.689256198347107
100,1000,"Source2_Only",0.793388429752066
100,1000,"Weighted",0.765289256198347
200,1000,"Target_Only",0.731553578049685
200,1000,"Source1_Only",0.637374860956618
200,1000,"Source2_Only",0.796069707081943
200,1000,"Weighted",0.78494623655914
300,1000,"Target_Only",0.747541569819417
300,1000,"Source1_Only",0.637582692651529
300,1000,"Source2_Only",0.752011442875022
300,1000,"Weighted",0.785982478097622
100,100,"Target_Only",0.703812316715543
100,100,"Source1_Only",0.670087976539589
100,100,"Source2_Only",0.69941348973607
100,100,"Weighted",0.730205278592375
200,100,"Target_Only",0.689115398616673
200,100,"Source1_Only",0.635238441936658
200,100,"Source2_Only",0.705132872224245
200,100,"Weighted",0.732071350564252
300,100,"Target_Only",0.758637236084453
300,100,"Source1_Only",0.626839411388356
300,100,"Source2_Only",0.763435700575816
300,100,"Weighted",0.79126679462572
100,300,"Target_Only",0.647834274952919
100,300,"Source1_Only",0.583804143126177
100,300,"Source2_Only",0.694915254237288
100,300,"Weighted",0.721280602636535
200,300,"Target_Only",0.708383961117862
200,300,"Source1_Only",0.672742000810045
200,300,"Source2_Only",0.733495342243823
200,300,"Weighted",0.754961522883759
300,300,"Target_Only",0.735610492545763
300,300,"Source1_Only",0.645216078505378
300,300,"Source2_Only",0.73617663710134
300,300,"Weighted",0.784298924325344
100,500,"Target_Only",0.756954612005857
100,500,"Source1_Only",0.77891654465593
100,500,"Source2_Only",0.774524158125915
100,500,"Weighted",0.8199121522694
200,500,"Target_Only",0.721401435204728
200,500,"Source1_Only",0.65470662726889
200,500,"Source2_Only",0.76276910088645
200,500,"Weighted",0.780498100464331
300,500,"Target_Only",0.723316062176166
300,500,"Source1_Only",0.603972366148532
300,500,"Source2_Only",0.77979274611399
300,500,"Weighted",0.76286701208981
100,1000,"Target_Only",0.627062706270627
100,1000,"Source1_Only",0.592409240924092
100,1000,"Source2_Only",0.81023102310231
100,1000,"Weighted",0.770627062706271
200,1000,"Target_Only",0.728318947801069
200,1000,"Source1_Only",0.638306617344842
200,1000,"Source2_Only",0.778051787916153
200,1000,"Weighted",0.794081381011097
300,1000,"Target_Only",0.763540530716103
300,1000,"Source1_Only",0.679571065067248
300,1000,"Source2_Only",0.738458742275536
300,1000,"Weighted",0.806615776081425
100,100,"Target_Only",0.673879443585781
100,100,"Source1_Only",0.567233384853168
100,100,"Source2_Only",0.735703245749614
100,100,"Weighted",0.746522411128284
200,100,"Target_Only",0.69185360094451
200,100,"Source1_Only",0.648170011806375
200,100,"Source2_Only",0.659582841401023
200,100,"Weighted",0.73120818575364
300,100,"Target_Only",0.719385140905209
300,100,"Source1_Only",0.596242527754056
300,100,"Source2_Only",0.75730145175064
300,100,"Weighted",0.7800170794193
100,300,"Target_Only",0.720689655172414
100,300,"Source1_Only",0.667241379310345
100,300,"Source2_Only",0.748275862068966
100,300,"Weighted",0.810344827586207
200,300,"Target_Only",0.71280276816609
200,300,"Source1_Only",0.618608227604767
200,300,"Source2_Only",0.786620530565167
200,300,"Weighted",0.805459438677432
300,300,"Target_Only",0.804979975622497
300,300,"Source1_Only",0.67543095942887
300,300,"Source2_Only",0.781473097684137
300,300,"Weighted",0.841720355215044
100,500,"Target_Only",0.755364806866953
100,500,"Source1_Only",0.59656652360515
100,500,"Source2_Only",0.753934191702432
100,500,"Weighted",0.805436337625179
200,500,"Target_Only",0.677852348993289
200,500,"Source1_Only",0.726510067114094
200,500,"Source2_Only",0.756291946308725
200,500,"Weighted",0.788171140939597
300,500,"Target_Only",0.756909090909091
300,500,"Source1_Only",0.719636363636364
300,500,"Source2_Only",0.740909090909091
300,500,"Weighted",0.801454545454545
100,1000,"Target_Only",0.743243243243243
100,1000,"Source1_Only",0.608108108108108
100,1000,"Source2_Only",0.750750750750751
100,1000,"Weighted",0.783783783783784
200,1000,"Target_Only",0.735863377609108
200,1000,"Source1_Only",0.706261859582543
200,1000,"Source2_Only",0.754459203036053
200,1000,"Weighted",0.780645161290323
300,1000,"Target_Only",0.748783652286734
300,1000,"Source1_Only",0.730132987349984
300,1000,"Source2_Only",0.758838793383068
300,1000,"Weighted",0.775867661368797
100,100,"Target_Only",0.661641541038526
100,100,"Source1_Only",0.489112227805695
100,100,"Source2_Only",0.720268006700167
100,100,"Weighted",0.710217755443886
200,100,"Target_Only",0.754854368932039
200,100,"Source1_Only",0.605987055016181
200,100,"Source2_Only",0.698220064724919
200,100,"Weighted",0.759304207119741
300,100,"Target_Only",0.739529248875043
300,100,"Source1_Only",0.5822083766009
300,100,"Source2_Only",0.698511595707857
300,100,"Weighted",0.752163378331603
100,300,"Target_Only",0.697160883280757
100,300,"Source1_Only",0.66403785488959
100,300,"Source2_Only",0.711356466876972
100,300,"Weighted",0.755520504731861
200,300,"Target_Only",0.697598697598698
200,300,"Source1_Only",0.606430606430606
200,300,"Source2_Only",0.698819698819699
200,300,"Weighted",0.712657712657713
300,300,"Target_Only",0.776290630975143
300,300,"Source1_Only",0.665739614114375
300,300,"Source2_Only",0.729532417868938
300,300,"Weighted",0.794715800451938
100,500,"Target_Only",0.680786686838124
100,500,"Source1_Only",0.760968229954614
100,500,"Source2_Only",0.757942511346445
100,500,"Weighted",0.770045385779123
200,500,"Target_Only",0.751503006012024
200,500,"Source1_Only",0.650901803607214
200,500,"Source2_Only",0.77434869739479
200,500,"Weighted",0.824048096192385
300,500,"Target_Only",0.771989295272078
300,500,"Source1_Only",0.694558429973238
300,500,"Source2_Only",0.75735950044603
300,500,"Weighted",0.79964317573595
100,1000,"Target_Only",0.697204968944099
100,1000,"Source1_Only",0.71583850931677
100,1000,"Source2_Only",0.746894409937888
100,1000,"Weighted",0.763975155279503
200,1000,"Target_Only",0.734729493891798
200,1000,"Source1_Only",0.670157068062827
200,1000,"Source2_Only",0.735602094240838
200,1000,"Weighted",0.789703315881326
300,1000,"Target_Only",0.79629946890526
300,1000,"Source1_Only",0.611444235052253
300,1000,"Source2_Only",0.788247387356519
300,1000,"Weighted",0.809491176974473
100,100,"Target_Only",0.751503006012024
100,100,"Source1_Only",0.681362725450902
100,100,"Source2_Only",0.727454909819639
100,100,"Weighted",0.787575150300601
200,100,"Target_Only",0.788485607008761
200,100,"Source1_Only",0.592407175636212
200,100,"Source2_Only",0.777638715060492
200,100,"Weighted",0.813934084272007
300,100,"Target_Only",0.761122029658746
300,100,"Source1_Only",0.671073789530105
300,100,"Source2_Only",0.66464177237806
300,100,"Weighted",0.776308736823298
100,300,"Target_Only",0.690635451505017
100,300,"Source1_Only",0.82943143812709
100,300,"Source2_Only",0.724080267558528
100,300,"Weighted",0.787625418060201
200,300,"Target_Only",0.786758732737612
200,300,"Source1_Only",0.678310316815597
200,300,"Source2_Only",0.750609260763607
200,300,"Weighted",0.809504467912266
300,300,"Target_Only",0.741475295755045
300,300,"Source1_Only",0.678322894919972
300,300,"Source2_Only",0.761656228253305
300,300,"Weighted",0.792449547668754
100,500,"Target_Only",0.827814569536424
100,500,"Source1_Only",0.649006622516556
100,500,"Source2_Only",0.774834437086093
100,500,"Weighted",0.80794701986755
200,500,"Target_Only",0.785373608903021
200,500,"Source1_Only",0.762321144674086
200,500,"Source2_Only",0.784181240063593
200,500,"Weighted",0.82670906200318
300,500,"Target_Only",0.765402436931526
300,500,"Source1_Only",0.651964990561181
300,500,"Source2_Only",0.747382872833362
300,500,"Weighted",0.794920199073279
100,1000,"Target_Only",0.708674304418985
100,1000,"Source1_Only",0.597381342062193
100,1000,"Source2_Only",0.808510638297872
100,1000,"Weighted",0.775777414075286
200,1000,"Target_Only",0.694167306216424
200,1000,"Source1_Only",0.672678434382195
200,1000,"Source2_Only",0.710283960092095
200,1000,"Weighted",0.719877206446662
300,1000,"Target_Only",0.770814188568278
300,1000,"Source1_Only",0.701341665135085
300,1000,"Source2_Only",0.818048152913067
300,1000,"Weighted",0.827053850395148
100,100,"Target_Only",0.689708141321045
100,100,"Source1_Only",0.655913978494624
100,100,"Source2_Only",0.732718894009217
100,100,"Weighted",0.80184331797235
200,100,"Target_Only",0.71122570408568
200,100,"Source1_Only",0.639825466084887
200,100,"Source2_Only",0.702895676318921
200,100,"Weighted",0.756049186830623
300,100,"Target_Only",0.72682119205298
300,100,"Source1_Only",0.643046357615894
300,100,"Source2_Only",0.729304635761589
300,100,"Weighted",0.78476821192053
100,300,"Target_Only",0.702093397745572
100,300,"Source1_Only",0.694041867954911
100,300,"Source2_Only",0.718196457326892
100,300,"Weighted",0.78743961352657
200,300,"Target_Only",0.698977659977281
200,300,"Source1_Only",0.672093903824309
200,300,"Source2_Only",0.773191972737599
200,300,"Weighted",0.772056039379023
300,300,"Target_Only",0.771019986216402
300,300,"Source1_Only",0.700206753962784
300,300,"Source2_Only",0.766195727084769
300,300,"Weighted",0.797036526533425
100,500,"Target_Only",0.688816855753647
100,500,"Source1_Only",0.680713128038898
100,500,"Source2_Only",0.808752025931929
100,500,"Weighted",0.810372771474879
200,500,"Target_Only",0.706156048675734
200,500,"Source1_Only",0.629205440229062
200,500,"Source2_Only",0.672870436649964
200,500,"Weighted",0.730136005726557
300,500,"Target_Only",0.765310892940626
300,500,"Source1_Only",0.66323827333645
300,500,"Source2_Only",0.756116565373227
300,500,"Weighted",0.802088203210223
100,1000,"Target_Only",0.683134582623509
100,1000,"Source1_Only",0.606473594548552
100,1000,"Source2_Only",0.809199318568995
100,1000,"Weighted",0.787052810902896
200,1000,"Target_Only",0.773548635140331
200,1000,"Source1_Only",0.708573625528643
200,1000,"Source2_Only",0.773164167627835
200,1000,"Weighted",0.810457516339869
300,1000,"Target_Only",0.792911119107593
300,1000,"Source1_Only",0.674523209787693
300,1000,"Source2_Only",0.80280676502339
300,1000,"Weighted",0.837351565311263
100,100,"Target_Only",0.646525679758308
100,100,"Source1_Only",0.629909365558912
100,100,"Source2_Only",0.734138972809668
100,100,"Weighted",0.731117824773414
200,100,"Target_Only",0.817791650409676
200,100,"Source1_Only",0.689426453374951
200,100,"Source2_Only",0.720249707374171
200,100,"Weighted",0.825204838080374
300,100,"Target_Only",0.740494458653026
300,100,"Source1_Only",0.681670929241262
300,100,"Source2_Only",0.707587382779199
300,100,"Weighted",0.772208013640239
100,300,"Target_Only",0.725490196078431
100,300,"Source1_Only",0.689542483660131
100,300,"Source2_Only",0.812091503267974
100,300,"Weighted",0.830065359477124
200,300,"Target_Only",0.741520467836257
200,300,"Source1_Only",0.692397660818713
200,300,"Source2_Only",0.750487329434698
200,300,"Weighted",0.792592592592593
300,300,"Target_Only",0.751004717805347
300,300,"Source1_Only",0.662764284466189
300,300,"Source2_Only",0.732657697012057
300,300,"Weighted",0.779136816355058
100,500,"Target_Only",0.730462519936204
100,500,"Source1_Only",0.685805422647528
100,500,"Source2_Only",0.814992025518341
100,500,"Weighted",0.800637958532695
200,500,"Target_Only",0.749122122512681
200,500,"Source1_Only",0.70269215762778
200,500,"Source2_Only",0.769020678891924
200,500,"Weighted",0.78384705423332
300,500,"Target_Only",0.737099494097808
300,500,"Source1_Only",0.644182124789207
300,500,"Source2_Only",0.74991568296796
300,500,"Weighted",0.769814502529511
100,1000,"Target_Only",0.705607476635514
100,1000,"Source1_Only",0.64018691588785
100,1000,"Source2_Only",0.733644859813084
100,1000,"Weighted",0.749221183800623
200,1000,"Target_Only",0.689350249903883
200,1000,"Source1_Only",0.745866974240677
200,1000,"Source2_Only",0.794694348327566
200,1000,"Weighted",0.798539023452518
300,1000,"Target_Only",0.729365620736699
300,1000,"Source1_Only",0.730047748976808
300,1000,"Source2_Only",0.753240109140518
300,1000,"Weighted",0.781548431105048
100,100,"Target_Only",0.740924092409241
100,100,"Source1_Only",0.617161716171617
100,100,"Source2_Only",0.671617161716172
100,100,"Weighted",0.739273927392739
200,100,"Target_Only",0.772257551669316
200,100,"Source1_Only",0.677662957074722
200,100,"Source2_Only",0.722178060413355
200,100,"Weighted",0.789745627980922
300,100,"Target_Only",0.75149303251493
300,100,"Source1_Only",0.679661579296616
300,100,"Source2_Only",0.763437292634373
300,100,"Weighted",0.802919708029197
100,300,"Target_Only",0.799043062200957
100,300,"Source1_Only",0.71451355661882
100,300,"Source2_Only",0.832535885167464
100,300,"Weighted",0.866028708133971
200,300,"Target_Only",0.732325141776938
200,300,"Source1_Only",0.704725897920605
200,300,"Source2_Only",0.780340264650283
200,300,"Weighted",0.806805293005671
300,300,"Target_Only",0.760662227820767
300,300,"Source1_Only",0.721972287205327
300,300,"Source2_Only",0.721252474356667
300,300,"Weighted",0.786395537160338
100,500,"Target_Only",0.623789764868603
100,500,"Source1_Only",0.619640387275242
100,500,"Source2_Only",0.796680497925311
100,500,"Weighted",0.741355463347165
200,500,"Target_Only",0.796968488232948
200,500,"Source1_Only",0.65775827682489
200,500,"Source2_Only",0.816114878340646
200,500,"Weighted",0.842441164738732
300,500,"Target_Only",0.745118733509235
300,500,"Source1_Only",0.665963060686016
300,500,"Source2_Only",0.758487247141601
300,500,"Weighted",0.786455584872471
100,1000,"Target_Only",0.727126805778491
100,1000,"Source1_Only",0.651685393258427
100,1000,"Source2_Only",0.752808988764045
100,1000,"Weighted",0.773675762439807
200,1000,"Target_Only",0.643444227005871
200,1000,"Source1_Only",0.655968688845401
200,1000,"Source2_Only",0.69119373776908
200,1000,"Weighted",0.693933463796477
300,1000,"Target_Only",0.777522935779817
300,1000,"Source1_Only",0.666549047282992
300,1000,"Source2_Only",0.710479887085392
300,1000,"Weighted",0.781933662667608
100,100,"Target_Only",0.571428571428571
100,100,"Source1_Only",0.682857142857143
100,100,"Source2_Only",0.718571428571429
100,100,"Weighted",0.735714285714286
200,100,"Target_Only",0.716889428918591
200,100,"Source1_Only",0.638720129607128
200,100,"Source2_Only",0.678817334953422
200,100,"Weighted",0.743620899149453
300,100,"Target_Only",0.760752220094028
300,100,"Source1_Only",0.704858088107261
300,100,"Source2_Only",0.652620581577573
300,100,"Weighted",0.756921469615184
100,300,"Target_Only",0.730031948881789
100,300,"Source1_Only",0.637380191693291
100,300,"Source2_Only",0.746006389776358
100,300,"Weighted",0.768370607028754
200,300,"Target_Only",0.781749049429658
200,300,"Source1_Only",0.720912547528517
200,300,"Source2_Only",0.790874524714829
200,300,"Weighted",0.804562737642586
300,300,"Target_Only",0.769374766005241
300,300,"Source1_Only",0.729876450767503
300,300,"Source2_Only",0.742792961437664
300,300,"Weighted",0.798015724447772
100,500,"Target_Only",0.668518518518519
100,500,"Source1_Only",0.737037037037037
100,500,"Source2_Only",0.812962962962963
100,500,"Weighted",0.766666666666667
200,500,"Target_Only",0.712885662431942
200,500,"Source1_Only",0.687840290381125
200,500,"Source2_Only",0.714337568058076
200,500,"Weighted",0.742649727767695
300,500,"Target_Only",0.781454728708214
300,500,"Source1_Only",0.695279690912145
300,500,"Source2_Only",0.777087182932975
300,500,"Weighted",0.825634134050059
100,1000,"Target_Only",0.708260105448155
100,1000,"Source1_Only",0.704745166959578
100,1000,"Source2_Only",0.764499121265378
100,1000,"Weighted",0.804920913884007
200,1000,"Target_Only",0.742383339760895
200,1000,"Source1_Only",0.679907443116082
200,1000,"Source2_Only",0.76475125337447
200,1000,"Weighted",0.802159660624759
300,1000,"Target_Only",0.777740416946873
300,1000,"Source1_Only",0.720578345662408
300,1000,"Source2_Only",0.797915265635508
300,1000,"Weighted",0.832885003362475
100,100,"Target_Only",0.728070175438597
100,100,"Source1_Only",0.565789473684211
100,100,"Source2_Only",0.763157894736842
100,100,"Weighted",0.805555555555556
200,100,"Target_Only",0.706290849673203
200,100,"Source1_Only",0.627450980392157
200,100,"Source2_Only",0.698529411764706
200,100,"Weighted",0.73406862745098
300,100,"Target_Only",0.75774378585086
300,100,"Source1_Only",0.669598470363289
300,100,"Source2_Only",0.739196940726577
300,100,"Weighted",0.777437858508604
100,300,"Target_Only",0.731054977711739
100,300,"Source1_Only",0.731054977711739
100,300,"Source2_Only",0.768202080237741
100,300,"Weighted",0.839524517087667
200,300,"Target_Only",0.725845410628019
200,300,"Source1_Only",0.614734299516908
200,300,"Source2_Only",0.782608695652174
200,300,"Weighted",0.785829307568438
300,300,"Target_Only",0.690192180251822
300,300,"Source1_Only",0.593605036447979
300,300,"Source2_Only",0.726474486414844
300,300,"Weighted",0.745692511597084
100,500,"Target_Only",0.749638205499276
100,500,"Source1_Only",0.68451519536903
100,500,"Source2_Only",0.746743849493488
100,500,"Weighted",0.813314037626628
200,500,"Target_Only",0.766037735849057
200,500,"Source1_Only",0.65811320754717
200,500,"Source2_Only",0.77622641509434
200,500,"Weighted",0.803018867924528
300,500,"Target_Only",0.764738292011019
300,500,"Source1_Only",0.662075298438935
300,500,"Source2_Only",0.760330578512397
300,500,"Weighted",0.811386593204775
100,1000,"Target_Only",0.699857752489331
100,1000,"Source1_Only",0.718349928876245
100,1000,"Source2_Only",0.759601706970128
100,1000,"Weighted",0.795163584637269
200,1000,"Target_Only",0.674271229404309
200,1000,"Source1_Only",0.699619771863118
200,1000,"Source2_Only",0.694127587663709
200,1000,"Weighted",0.732572877059569
300,1000,"Target_Only",0.791583166332665
300,1000,"Source1_Only",0.682197728790915
300,1000,"Source2_Only",0.802772211088844
300,1000,"Weighted",0.829325317301269
100,100,"Target_Only",0.731563421828909
100,100,"Source1_Only",0.682890855457227
100,100,"Source2_Only",0.68141592920354
100,100,"Weighted",0.772861356932153
200,100,"Target_Only",0.704667492771582
200,100,"Source1_Only",0.652209830648492
200,100,"Source2_Only",0.769929781082197
200,100,"Weighted",0.777364725320116
300,100,"Target_Only",0.692780337941628
300,100,"Source1_Only",0.629224270353303
300,100,"Source2_Only",0.675307219662058
300,100,"Weighted",0.711405529953917
100,300,"Target_Only",0.711835334476844
100,300,"Source1_Only",0.663807890222985
100,300,"Source2_Only",0.704974271012007
100,300,"Weighted",0.794168096054888
200,300,"Target_Only",0.769954688044615
200,300,"Source1_Only",0.643778319972116
200,300,"Source2_Only",0.724991286162426
200,300,"Weighted",0.789473684210526
300,300,"Target_Only",0.704093765924919
300,300,"Source1_Only",0.567351792084253
300,300,"Source2_Only",0.751826057414642
300,300,"Weighted",0.747919143876338
100,500,"Target_Only",0.755832037325039
100,500,"Source1_Only",0.769828926905132
100,500,"Source2_Only",0.755832037325039
100,500,"Weighted",0.818040435458787
200,500,"Target_Only",0.733463035019455
200,500,"Source1_Only",0.695330739299611
200,500,"Source2_Only",0.765758754863813
200,500,"Weighted",0.78443579766537
300,500,"Target_Only",0.716133204009053
300,500,"Source1_Only",0.657290656320724
300,500,"Source2_Only",0.720982864532816
300,500,"Weighted",0.774329130294213
100,1000,"Target_Only",0.628279883381924
100,1000,"Source1_Only",0.731778425655977
100,1000,"Source2_Only",0.769679300291545
100,1000,"Weighted",0.82069970845481
200,1000,"Target_Only",0.713305898491084
200,1000,"Source1_Only",0.679012345679012
200,1000,"Source2_Only",0.731481481481482
200,1000,"Weighted",0.780178326474623
300,1000,"Target_Only",0.763511300360301
300,1000,"Source1_Only",0.680969538159188
300,1000,"Source2_Only",0.762692433671798
300,1000,"Weighted",0.791352767769407
100,100,"Target_Only",0.667146974063401
100,100,"Source1_Only",0.605187319884726
100,100,"Source2_Only",0.73342939481268
100,100,"Weighted",0.760806916426513
200,100,"Target_Only",0.782608695652174
200,100,"Source1_Only",0.626574563185697
200,100,"Source2_Only",0.741162129215766
200,100,"Weighted",0.806176351076798
300,100,"Target_Only",0.734644162171568
300,100,"Source1_Only",0.605011310248825
300,100,"Source2_Only",0.72855402818862
300,100,"Weighted",0.776753088567949
100,300,"Target_Only",0.725
100,300,"Source1_Only",0.6390625
100,300,"Source2_Only",0.775
100,300,"Weighted",0.778125
200,300,"Target_Only",0.764230498945889
200,300,"Source1_Only",0.645818692902319
200,300,"Source2_Only",0.787772312016866
200,300,"Weighted",0.819747013352073
300,300,"Target_Only",0.841296928327645
300,300,"Source1_Only",0.677284793325749
300,300,"Source2_Only",0.749336367083807
300,300,"Weighted",0.82973075464543
100,500,"Target_Only",0.759075907590759
100,500,"Source1_Only",0.760726072607261
100,500,"Source2_Only",0.828382838283828
100,500,"Weighted",0.833333333333333
200,500,"Target_Only",0.788020390824129
200,500,"Source1_Only",0.772302463891249
200,500,"Source2_Only",0.812659303313509
200,500,"Weighted",0.845794392523364
300,500,"Target_Only",0.766944734098019
300,500,"Source1_Only",0.672054223149114
300,500,"Source2_Only",0.685262426138339
300,500,"Weighted",0.789885297184567
100,1000,"Target_Only",0.731078904991948
100,1000,"Source1_Only",0.718196457326892
100,1000,"Source2_Only",0.822866344605475
100,1000,"Weighted",0.818035426731079
200,1000,"Target_Only",0.794531897265949
200,1000,"Source1_Only",0.702982601491301
200,1000,"Source2_Only",0.805716652858326
200,1000,"Weighted",0.838028169014085
300,1000,"Target_Only",0.766112835493884
300,1000,"Source1_Only",0.648895380682856
300,1000,"Source2_Only",0.781997443856126
300,1000,"Weighted",0.824904144604711
100,100,"Target_Only",0.544285714285714
100,100,"Source1_Only",0.59
100,100,"Source2_Only",0.584285714285714
100,100,"Weighted",0.594285714285714
200,100,"Target_Only",0.708801861186506
200,100,"Source1_Only",0.638231872818922
200,100,"Source2_Only",0.692128732066692
200,100,"Weighted",0.747964327258627
300,100,"Target_Only",0.794128440366972
300,100,"Source1_Only",0.660366972477064
300,100,"Source2_Only",0.739082568807339
300,100,"Weighted",0.78697247706422
100,300,"Target_Only",0.64983164983165
100,300,"Source1_Only",0.668350168350168
100,300,"Source2_Only",0.7003367003367
100,300,"Weighted",0.715488215488216
200,300,"Target_Only",0.730646448523544
200,300,"Source1_Only",0.654030327214685
200,300,"Source2_Only",0.709896249002394
200,300,"Weighted",0.744213886671987
300,300,"Target_Only",0.715596330275229
300,300,"Source1_Only",0.614842726081258
300,300,"Source2_Only",0.757699868938401
300,300,"Weighted",0.768840104849279
100,500,"Target_Only",0.586924219910847
100,500,"Source1_Only",0.684992570579495
100,500,"Source2_Only",0.759286775631501
100,500,"Weighted",0.708766716196137
200,500,"Target_Only",0.66692607003891
200,500,"Source1_Only",0.608560311284047
200,500,"Source2_Only",0.720233463035019
200,500,"Weighted",0.724513618677043
300,500,"Target_Only",0.710903426791277
300,500,"Source1_Only",0.651713395638629
300,500,"Source2_Only",0.75472481827622
300,500,"Weighted",0.781931464174455
100,1000,"Target_Only",0.71183800623053
100,1000,"Source1_Only",0.663551401869159
100,1000,"Source2_Only",0.67601246105919
100,1000,"Weighted",0.755451713395639
200,1000,"Target_Only",0.759281925744594
200,1000,"Source1_Only",0.694410444716442
200,1000,"Source2_Only",0.784577723378213
200,1000,"Weighted",0.803345573235414
300,1000,"Target_Only",0.731074380165289
300,1000,"Source1_Only",0.654214876033058
300,1000,"Source2_Only",0.745289256198347
300,1000,"Weighted",0.769421487603306
100,100,"Target_Only",0.70223752151463
100,100,"Source1_Only",0.700516351118761
100,100,"Source2_Only",0.6815834767642
100,100,"Weighted",0.790017211703959
200,100,"Target_Only",0.772468215694871
200,100,"Source1_Only",0.575186321788689
200,100,"Source2_Only",0.68434896975011
200,100,"Weighted",0.73914949583516
300,100,"Target_Only",0.769290724863601
300,100,"Source1_Only",0.59041309431021
300,100,"Source2_Only",0.717264224473889
300,100,"Weighted",0.761691348402182
100,300,"Target_Only",0.611635220125786
100,300,"Source1_Only",0.731132075471698
100,300,"Source2_Only",0.809748427672956
100,300,"Weighted",0.789308176100629
200,300,"Target_Only",0.835260115606936
200,300,"Source1_Only",0.771263418662263
200,300,"Source2_Only",0.763005780346821
200,300,"Weighted",0.862923203963666
300,300,"Target_Only",0.812843711193898
300,300,"Source1_Only",0.664005676778428
300,300,"Source2_Only",0.79155579208799
300,300,"Weighted",0.834309029625687
100,500,"Target_Only",0.669943820224719
100,500,"Source1_Only",0.657303370786517
100,500,"Source2_Only",0.848314606741573
100,500,"Weighted",0.803370786516854
200,500,"Target_Only",0.724353628023353
200,500,"Source1_Only",0.716430358632194
200,500,"Source2_Only",0.723519599666389
200,500,"Weighted",0.781067556296914
300,500,"Target_Only",0.739742285520515
300,500,"Source1_Only",0.678026449643947
300,500,"Source2_Only",0.799423533401153
300,500,"Weighted",0.789928789420142
100,1000,"Target_Only",0.719685039370079
100,1000,"Source1_Only",0.650393700787402
100,1000,"Source2_Only",0.77007874015748
100,1000,"Weighted",0.784251968503937
200,1000,"Target_Only",0.74551831644583
200,1000,"Source1_Only",0.723304754481684
200,1000,"Source2_Only",0.699532346063913
200,1000,"Weighted",0.767342166796571
300,1000,"Target_Only",0.756814802577234
300,1000,"Source1_Only",0.638856765240377
300,1000,"Source2_Only",0.833305798777466
300,1000,"Weighted",0.812159259871138
100,100,"Target_Only",0.68362480127186
100,100,"Source1_Only",0.707472178060413
100,100,"Source2_Only",0.724960254372019
100,100,"Weighted",0.772655007949126
200,100,"Target_Only",0.786589762076424
200,100,"Source1_Only",0.669069935111752
200,100,"Source2_Only",0.665465032444124
200,100,"Weighted",0.783705839942322
300,100,"Target_Only",0.734977168949772
300,100,"Source1_Only",0.63689497716895
300,100,"Source2_Only",0.733150684931507
300,100,"Weighted",0.755799086757991
100,300,"Target_Only",0.722141823444284
100,300,"Source1_Only",0.700434153400868
100,300,"Source2_Only",0.710564399421129
100,300,"Weighted",0.772793053545586
200,300,"Target_Only",0.740882103477523
200,300,"Source1_Only",0.63401187446989
200,300,"Source2_Only",0.736641221374046
200,300,"Weighted",0.767599660729432
300,300,"Target_Only",0.772014475271411
300,300,"Source1_Only",0.678269860417026
300,300,"Source2_Only",0.718766155436843
300,300,"Weighted",0.803377563329312
100,500,"Target_Only",0.718799368088468
100,500,"Source1_Only",0.682464454976303
100,500,"Source2_Only",0.658767772511848
100,500,"Weighted",0.717219589257504
200,500,"Target_Only",0.738401559454191
200,500,"Source1_Only",0.696296296296296
200,500,"Source2_Only",0.764522417153996
200,500,"Weighted",0.796491228070175
300,500,"Target_Only",0.745046029021688
300,500,"Source1_Only",0.680761429240131
300,500,"Source2_Only",0.721485411140584
300,500,"Weighted",0.793883601185832
100,1000,"Target_Only",0.795366795366795
100,1000,"Source1_Only",0.644787644787645
100,1000,"Source2_Only",0.799227799227799
100,1000,"Weighted",0.857142857142857
200,1000,"Target_Only",0.686282811176969
200,1000,"Source1_Only",0.657917019475021
200,1000,"Source2_Only",0.68077900084674
200,1000,"Weighted",0.715495342929721
300,1000,"Target_Only",0.724349442379182
300,1000,"Source1_Only",0.677323420074349
300,1000,"Source2_Only",0.795910780669145
300,1000,"Weighted",0.808921933085502
100,100,"Target_Only",0.755517826825127
100,100,"Source1_Only",0.67062818336163
100,100,"Source2_Only",0.724957555178268
100,100,"Weighted",0.804753820033956
200,100,"Target_Only",0.732928679817906
200,100,"Source1_Only",0.591426403641882
200,100,"Source2_Only",0.735204855842185
200,100,"Weighted",0.767071320182094
300,100,"Target_Only",0.724471657120284
300,100,"Source1_Only",0.669761011258147
300,100,"Source2_Only",0.707485680426625
300,100,"Weighted",0.782144973335967
100,300,"Target_Only",0.671809256661992
100,300,"Source1_Only",0.645161290322581
100,300,"Source2_Only",0.789621318373072
100,300,"Weighted",0.785413744740533
200,300,"Target_Only",0.735049504950495
200,300,"Source1_Only",0.632079207920792
200,300,"Source2_Only",0.793663366336634
200,300,"Weighted",0.81029702970297
300,300,"Target_Only",0.770771122431056
300,300,"Source1_Only",0.603723871421043
300,300,"Source2_Only",0.748111716142631
300,300,"Weighted",0.788687862287019
100,500,"Target_Only",0.723943661971831
100,500,"Source1_Only",0.702816901408451
100,500,"Source2_Only",0.767605633802817
100,500,"Weighted",0.795774647887324
200,500,"Target_Only",0.792743953294412
200,500,"Source1_Only",0.723102585487907
200,500,"Source2_Only",0.786905754795663
200,500,"Weighted",0.848206839032527
300,500,"Target_Only",0.697328881469115
300,500,"Source1_Only",0.618196994991653
300,500,"Source2_Only",0.762604340567613
300,500,"Weighted",0.763272120200334
100,1000,"Target_Only",0.697754749568221
100,1000,"Source1_Only",0.732297063903282
100,1000,"Source2_Only",0.770293609671848
100,1000,"Weighted",0.789291882556131
200,1000,"Target_Only",0.715577476366626
200,1000,"Source1_Only",0.634607480476778
200,1000,"Source2_Only",0.794903411426223
200,1000,"Weighted",0.780517879161529
300,1000,"Target_Only",0.798329563250392
300,1000,"Source1_Only",0.693753262571777
300,1000,"Source2_Only",0.804071689577171
300,1000,"Weighted",0.840090481990604
100,100,"Target_Only",0.761565836298932
100,100,"Source1_Only",0.653024911032029
100,100,"Source2_Only",0.610320284697509
100,100,"Weighted",0.715302491103203
200,100,"Target_Only",0.76510333863275
200,100,"Source1_Only",0.650238473767886
200,100,"Source2_Only",0.727742448330684
200,100,"Weighted",0.799682034976153
300,100,"Target_Only",0.770036101083033
300,100,"Source1_Only",0.612815884476534
300,100,"Source2_Only",0.738086642599278
300,100,"Weighted",0.794043321299639
100,300,"Target_Only",0.833916083916084
100,300,"Source1_Only",0.716783216783217
100,300,"Source2_Only",0.767482517482518
100,300,"Weighted",0.847902097902098
200,300,"Target_Only",0.770970394736842
200,300,"Source1_Only",0.750822368421053
200,300,"Source2_Only",0.704769736842105
200,300,"Weighted",0.788240131578947
300,300,"Target_Only",0.751703255109765
300,300,"Source1_Only",0.630961392884179
300,300,"Source2_Only",0.771196063588191
300,300,"Weighted",0.796177138531416
100,500,"Target_Only",0.588021778584392
100,500,"Source1_Only",0.613430127041742
100,500,"Source2_Only",0.796733212341198
100,500,"Weighted",0.784029038112523
200,500,"Target_Only",0.635610766045549
200,500,"Source1_Only",0.68695652173913
200,500,"Source2_Only",0.759834368530021
200,500,"Weighted",0.737060041407868
300,500,"Target_Only",0.766532891292968
300,500,"Source1_Only",0.666375850636887
300,500,"Source2_Only",0.739487000523469
300,500,"Weighted",0.805793055313209
100,1000,"Target_Only",0.693037974683544
100,1000,"Source1_Only",0.647151898734177
100,1000,"Source2_Only",0.699367088607595
100,1000,"Weighted",0.783227848101266
200,1000,"Target_Only",0.81581878945414
200,1000,"Source1_Only",0.719272187151875
200,1000,"Source2_Only",0.825473449684367
200,1000,"Weighted",0.853694764203491
300,1000,"Target_Only",0.781636456039302
300,1000,"Source1_Only",0.700660681009656
300,1000,"Source2_Only",0.790953752329324
300,1000,"Weighted",0.812298831102829
100,100,"Target_Only",0.648739495798319
100,100,"Source1_Only",0.643697478991597
100,100,"Source2_Only",0.816806722689076
100,100,"Weighted",0.774789915966387
200,100,"Target_Only",0.746004319654428
200,100,"Source1_Only",0.630237580993521
200,100,"Source2_Only",0.653995680345572
200,100,"Weighted",0.739524838012959
300,100,"Target_Only",0.729131175468484
300,100,"Source1_Only",0.631686541737649
300,100,"Source2_Only",0.776660988074957
300,100,"Weighted",0.81175468483816
100,300,"Target_Only",0.422182468694097
100,300,"Source1_Only",0.708407871198569
100,300,"Source2_Only",0.771019677996422
100,300,"Weighted",0.722719141323792
200,300,"Target_Only",0.712473572938689
200,300,"Source1_Only",0.684143763213531
200,300,"Source2_Only",0.713742071881607
200,300,"Weighted",0.743340380549683
300,300,"Target_Only",0.786656615152657
300,300,"Source1_Only",0.66490765171504
300,300,"Source2_Only",0.765548435733132
300,300,"Weighted",0.805691669807765
100,500,"Target_Only",0.596899224806202
100,500,"Source1_Only",0.665116279069767
100,500,"Source2_Only",0.727131782945736
100,500,"Weighted",0.75968992248062
200,500,"Target_Only",0.779841897233202
200,500,"Source1_Only",0.722529644268775
200,500,"Source2_Only",0.790909090909091
200,500,"Weighted",0.8300395256917
300,500,"Target_Only",0.756427604871448
300,500,"Source1_Only",0.651556156968877
300,500,"Source2_Only",0.759810554803789
300,500,"Weighted",0.798207036535859
100,1000,"Target_Only",0.717948717948718
100,1000,"Source1_Only",0.665064102564103
100,1000,"Source2_Only",0.778846153846154
100,1000,"Weighted",0.756410256410256
200,1000,"Target_Only",0.743318204740292
200,1000,"Source1_Only",0.65153807362582
200,1000,"Source2_Only",0.800302571860817
200,1000,"Weighted",0.7821482602118
300,1000,"Target_Only",0.769269185949725
300,1000,"Source1_Only",0.707008490094889
300,1000,"Source2_Only",0.783918761444981
300,1000,"Weighted",0.804228400199767
100,100,"Target_Only",0.781914893617021
100,100,"Source1_Only",0.721631205673759
100,100,"Source2_Only",0.719858156028369
100,100,"Weighted",0.804964539007092
200,100,"Target_Only",0.757919436840047
200,100,"Source1_Only",0.574892452092296
200,100,"Source2_Only",0.732107938991005
200,100,"Weighted",0.761830269847477
300,100,"Target_Only",0.776116896204232
300,100,"Source1_Only",0.674840443399395
300,100,"Source2_Only",0.729929459187101
300,100,"Weighted",0.782331205911992
100,300,"Target_Only",0.66542750929368
100,300,"Source1_Only",0.672862453531599
100,300,"Source2_Only",0.797397769516729
100,300,"Weighted",0.806691449814126
200,300,"Target_Only",0.683236994219653
200,300,"Source1_Only",0.631984585741811
200,300,"Source2_Only",0.744894026974952
200,300,"Weighted",0.771868978805395
300,300,"Target_Only",0.77607864554888
300,300,"Source1_Only",0.682869106135081
300,300,"Source2_Only",0.752412160932095
300,300,"Weighted",0.809211724012379
100,500,"Target_Only",0.690303907380608
100,500,"Source1_Only",0.714905933429812
100,500,"Source2_Only",0.791606367583213
100,500,"Weighted",0.803183791606368
200,500,"Target_Only",0.707729468599034
200,500,"Source1_Only",0.608695652173913
200,500,"Source2_Only",0.736714975845411
200,500,"Weighted",0.765700483091788
300,500,"Target_Only",0.734772552043177
300,500,"Source1_Only",0.612567463377024
300,500,"Source2_Only",0.680223592906708
300,500,"Weighted",0.745566692367001
100,1000,"Target_Only",0.623188405797101
100,1000,"Source1_Only",0.685990338164251
100,1000,"Source2_Only",0.813204508856683
100,1000,"Weighted",0.77133655394525
200,1000,"Target_Only",0.726909090909091
200,1000,"Source1_Only",0.696363636363636
200,1000,"Source2_Only",0.773090909090909
200,1000,"Weighted",0.788
300,1000,"Target_Only",0.735615557698489
300,1000,"Source1_Only",0.675666988106718
300,1000,"Source2_Only",0.812921890067502
300,1000,"Weighted",0.824172291867567
100,100,"Target_Only",0.687598116169545
100,100,"Source1_Only",0.649921507064364
100,100,"Source2_Only",0.675039246467818
100,100,"Weighted",0.714285714285714
200,100,"Target_Only",0.71604447974583
200,100,"Source1_Only",0.564336775218427
200,100,"Source2_Only",0.789515488482923
200,100,"Weighted",0.809769658459095
300,100,"Target_Only",0.755776173285199
300,100,"Source1_Only",0.685920577617328
300,100,"Source2_Only",0.716064981949458
300,100,"Weighted",0.758483754512635
100,300,"Target_Only",0.71264367816092
100,300,"Source1_Only",0.576149425287356
100,300,"Source2_Only",0.727011494252874
100,300,"Weighted",0.757183908045977
200,300,"Target_Only",0.764245810055866
200,300,"Source1_Only",0.725512104283054
200,300,"Source2_Only",0.753817504655493
200,300,"Weighted",0.808938547486034
300,300,"Target_Only",0.752866002631084
300,300,"Source1_Only",0.653448599887239
300,300,"Source2_Only",0.745348618680699
300,300,"Weighted",0.80097725991355
100,500,"Target_Only",0.709722222222222
100,500,"Source1_Only",0.744444444444444
100,500,"Source2_Only",0.775
100,500,"Weighted",0.808333333333333
200,500,"Target_Only",0.765124555160142
200,500,"Source1_Only",0.642348754448399
200,500,"Source2_Only",0.790035587188612
200,500,"Weighted",0.820729537366548
300,500,"Target_Only",0.7923766028456
300,500,"Source1_Only",0.696469348322501
300,500,"Source2_Only",0.759177937818373
300,500,"Weighted",0.832952748989988
100,1000,"Target_Only",0.707070707070707
100,1000,"Source1_Only",0.676767676767677
100,1000,"Source2_Only",0.763347763347763
100,1000,"Weighted",0.782106782106782
200,1000,"Target_Only",0.656896551724138
200,1000,"Source1_Only",0.683620689655172
200,1000,"Source2_Only",0.6875
200,1000,"Weighted",0.696551724137931
300,1000,"Target_Only",0.795163063393184
300,1000,"Source1_Only",0.725540491022353
300,1000,"Source2_Only",0.760351777207768
300,1000,"Weighted",0.816599486991572
100,100,"Target_Only",0.740973312401884
100,100,"Source1_Only",0.529042386185243
100,100,"Source2_Only",0.687598116169545
100,100,"Weighted",0.767660910518053
200,100,"Target_Only",0.729920932168123
200,100,"Source1_Only",0.59966708281315
200,100,"Source2_Only",0.709529754473575
200,100,"Weighted",0.768206408655847
300,100,"Target_Only",0.788550983899821
300,100,"Source1_Only",0.586583184257603
300,100,"Source2_Only",0.694275491949911
300,100,"Weighted",0.781932021466905
100,300,"Target_Only",0.567307692307692
100,300,"Source1_Only",0.604166666666667
100,300,"Source2_Only",0.793269230769231
100,300,"Weighted",0.796474358974359
200,300,"Target_Only",0.777777777777778
200,300,"Source1_Only",0.674842066146414
200,300,"Source2_Only",0.761426978818283
200,300,"Weighted",0.821999256781865
300,300,"Target_Only",0.787434731345798
300,300,"Source1_Only",0.709112346302847
300,300,"Source2_Only",0.766211891527708
300,300,"Weighted",0.821963954859357
100,500,"Target_Only",0.630794701986755
100,500,"Source1_Only",0.682119205298013
100,500,"Source2_Only",0.705298013245033
100,500,"Weighted",0.725165562913907
200,500,"Target_Only",0.810633946830266
200,500,"Source1_Only",0.642944785276074
200,500,"Source2_Only",0.788957055214724
200,500,"Weighted",0.830265848670757
300,500,"Target_Only",0.788562953197099
300,500,"Source1_Only",0.682597231377719
300,500,"Source2_Only",0.769446275543836
300,500,"Weighted",0.836025049439684
100,1000,"Target_Only",0.78796992481203
100,1000,"Source1_Only",0.747368421052632
100,1000,"Source2_Only",0.750375939849624
100,1000,"Weighted",0.846616541353383
200,1000,"Target_Only",0.723663522012579
200,1000,"Source1_Only",0.605345911949686
200,1000,"Source2_Only",0.805424528301887
200,1000,"Weighted",0.762185534591195
300,1000,"Target_Only",0.732571428571429
300,1000,"Source1_Only",0.727047619047619
300,1000,"Source2_Only",0.713904761904762
300,1000,"Weighted",0.781333333333333
100,100,"Target_Only",0.674772036474164
100,100,"Source1_Only",0.626139817629179
100,100,"Source2_Only",0.658054711246201
100,100,"Weighted",0.734042553191489
200,100,"Target_Only",0.806413301662708
200,100,"Source1_Only",0.619160728424386
200,100,"Source2_Only",0.675376088677751
200,100,"Weighted",0.779889152810768
300,100,"Target_Only",0.779833644542522
300,100,"Source1_Only",0.649974537429978
300,100,"Source2_Only",0.732812765235104
300,100,"Weighted",0.808012222033611
100,300,"Target_Only",0.695517774343122
100,300,"Source1_Only",0.686244204018547
100,300,"Source2_Only",0.795981452859351
100,300,"Weighted",0.772797527047913
200,300,"Target_Only",0.724674232870954
200,300,"Source1_Only",0.706179066834805
200,300,"Source2_Only",0.76754939050021
200,300,"Weighted",0.809583858764187
300,300,"Target_Only",0.756085192697769
300,300,"Source1_Only",0.6157876943881
300,300,"Source2_Only",0.738843813387424
300,300,"Weighted",0.779411764705882
100,500,"Target_Only",0.61082910321489
100,500,"Source1_Only",0.678510998307953
100,500,"Source2_Only",0.815566835871404
100,500,"Weighted",0.766497461928934
200,500,"Target_Only",0.644494382022472
200,500,"Source1_Only",0.634606741573034
200,500,"Source2_Only",0.698202247191011
200,500,"Weighted",0.732134831460674
300,500,"Target_Only",0.77634011090573
300,500,"Source1_Only",0.659889094269871
300,500,"Source2_Only",0.789447151739203
300,500,"Weighted",0.824735338598555
100,1000,"Target_Only",0.632492113564669
100,1000,"Source1_Only",0.728706624605678
100,1000,"Source2_Only",0.728706624605678
100,1000,"Weighted",0.711356466876972
200,1000,"Target_Only",0.714683645045762
200,1000,"Source1_Only",0.666931953840032
200,1000,"Source2_Only",0.742140867489057
200,1000,"Weighted",0.761639474731397
300,1000,"Target_Only",0.708540925266904
300,1000,"Source1_Only",0.674733096085409
300,1000,"Source2_Only",0.702313167259786
300,1000,"Weighted",0.736120996441281
100,100,"Target_Only",0.710992907801418
100,100,"Source1_Only",0.576241134751773
100,100,"Source2_Only",0.632978723404255
100,100,"Weighted",0.698581560283688
200,100,"Target_Only",0.74969672462596
200,100,"Source1_Only",0.659522846744844
200,100,"Source2_Only",0.685402345329559
200,100,"Weighted",0.756975333602911
300,100,"Target_Only",0.811941779689051
300,100,"Source1_Only",0.666391002315581
300,100,"Source2_Only",0.700628514720476
300,100,"Weighted",0.79804829639431
100,300,"Target_Only",0.680073126142596
100,300,"Source1_Only",0.513711151736746
100,300,"Source2_Only",0.687385740402194
100,300,"Weighted",0.691042047531993
200,300,"Target_Only",0.764938804895608
200,300,"Source1_Only",0.70662347012239
200,300,"Source2_Only",0.80849532037437
200,300,"Weighted",0.835493160547156
300,300,"Target_Only",0.719754482313035
300,300,"Source1_Only",0.658536585365854
300,300,"Source2_Only",0.725084800516879
300,300,"Weighted",0.755128412211274
100,500,"Target_Only",0.770465489566613
100,500,"Source1_Only",0.664526484751204
100,500,"Source2_Only",0.717495987158908
100,500,"Weighted",0.775280898876405
200,500,"Target_Only",0.760147601476015
200,500,"Source1_Only",0.668306683066831
200,500,"Source2_Only",0.78269782697827
200,500,"Weighted",0.814268142681427
300,500,"Target_Only",0.762933968686181
300,500,"Source1_Only",0.654526889040163
300,500,"Source2_Only",0.699625595643295
300,500,"Weighted",0.792545949625596
100,1000,"Target_Only",0.640138408304498
100,1000,"Source1_Only",0.674740484429066
100,1000,"Source2_Only",0.764705882352941
100,1000,"Weighted",0.750865051903114
200,1000,"Target_Only",0.709891936824605
200,1000,"Source1_Only",0.706151288445553
200,1000,"Source2_Only",0.752701579384871
200,1000,"Weighted",0.778886118038238
300,1000,"Target_Only",0.736439267886855
300,1000,"Source1_Only",0.678036605657238
300,1000,"Source2_Only",0.783860232945091
300,1000,"Weighted",0.803660565723794
100,100,"Target_Only",0.670798898071625
100,100,"Source1_Only",0.618457300275482
100,100,"Source2_Only",0.742424242424242
100,100,"Weighted",0.743801652892562
200,100,"Target_Only",0.764889061891787
200,100,"Source1_Only",0.728298949007396
200,100,"Source2_Only",0.716231996885948
200,100,"Weighted",0.797197353055664
300,100,"Target_Only",0.770029133284778
300,100,"Source1_Only",0.648397669337218
300,100,"Source2_Only",0.766205389657684
300,100,"Weighted",0.801893663510561
100,300,"Target_Only",0.80863309352518
100,300,"Source1_Only",0.589928057553957
100,300,"Source2_Only",0.745323741007194
100,300,"Weighted",0.869064748201439
200,300,"Target_Only",0.704161979752531
200,300,"Source1_Only",0.626546681664792
200,300,"Source2_Only",0.720284964379453
200,300,"Weighted",0.764154480689914
300,300,"Target_Only",0.739364385404406
300,300,"Source1_Only",0.705733983521103
300,300,"Source2_Only",0.712964519926013
300,300,"Weighted",0.803093996973264
100,500,"Target_Only",0.681818181818182
100,500,"Source1_Only",0.700413223140496
100,500,"Source2_Only",0.838842975206612
100,500,"Weighted",0.816115702479339
200,500,"Target_Only",0.732445084623695
200,500,"Source1_Only",0.655743608210299
200,500,"Source2_Only",0.718041051494418
200,500,"Weighted",0.780338494778538
300,500,"Target_Only",0.800372439478585
300,500,"Source1_Only",0.735195530726257
300,500,"Source2_Only",0.833705772811918
300,500,"Weighted",0.853817504655493
100,1000,"Target_Only",0.750455373406193
100,1000,"Source1_Only",0.795992714025501
100,1000,"Source2_Only",0.766848816029144
100,1000,"Weighted",0.821493624772313
200,1000,"Target_Only",0.778481012658228
200,1000,"Source1_Only",0.730826507818317
200,1000,"Source2_Only",0.792256142963515
200,1000,"Weighted",0.812360387192852
300,1000,"Target_Only",0.749707602339181
300,1000,"Source1_Only",0.680701754385965
300,1000,"Source2_Only",0.67218045112782
300,1000,"Weighted",0.757059314954052
100,100,"Target_Only",0.691304347826087
100,100,"Source1_Only",0.682608695652174
100,100,"Source2_Only",0.704347826086957
100,100,"Weighted",0.756521739130435
200,100,"Target_Only",0.731461483081354
200,100,"Source1_Only",0.659107271418287
200,100,"Source2_Only",0.717782577393808
200,100,"Weighted",0.780057595392369
300,100,"Target_Only",0.769174713062489
300,100,"Source1_Only",0.660229550009109
300,100,"Source2_Only",0.755875387137912
300,100,"Weighted",0.80470030971033
100,300,"Target_Only",0.617760617760618
100,300,"Source1_Only",0.583011583011583
100,300,"Source2_Only",0.72007722007722
100,300,"Weighted",0.72007722007722
200,300,"Target_Only",0.726242371403662
200,300,"Source1_Only",0.671316477768091
200,300,"Source2_Only",0.797733217088056
200,300,"Weighted",0.820401046207498
300,300,"Target_Only",0.718243596445374
300,300,"Source1_Only",0.665621188360342
300,300,"Source2_Only",0.662658999825754
300,300,"Weighted",0.742115351106465
100,500,"Target_Only",0.662974683544304
100,500,"Source1_Only",0.677215189873418
100,500,"Source2_Only",0.781645569620253
100,500,"Weighted",0.757911392405063
200,500,"Target_Only",0.734110567882663
200,500,"Source1_Only",0.650620534035352
200,500,"Source2_Only",0.79465964648364
200,500,"Weighted",0.795411808950733
300,500,"Target_Only",0.832275971451229
300,500,"Source1_Only",0.692902458366376
300,500,"Source2_Only",0.802339413164155
300,500,"Weighted",0.857454401268834
100,1000,"Target_Only",0.720538720538721
100,1000,"Source1_Only",0.676767676767677
100,1000,"Source2_Only",0.765993265993266
100,1000,"Weighted",0.774410774410774
200,1000,"Target_Only",0.764775882586275
200,1000,"Source1_Only",0.698532328441095
200,1000,"Source2_Only",0.779849266164221
200,1000,"Weighted",0.841332804442682
300,1000,"Target_Only",0.833115397188624
300,1000,"Source1_Only",0.716247139588101
300,1000,"Source2_Only",0.793723439032364
300,1000,"Weighted",0.850441320693037
100,100,"Target_Only",0.80188679245283
100,100,"Source1_Only",0.672955974842767
100,100,"Source2_Only",0.70125786163522
100,100,"Weighted",0.787735849056604
200,100,"Target_Only",0.763012181616833
200,100,"Source1_Only",0.662606127722407
200,100,"Source2_Only",0.722775932078258
200,100,"Weighted",0.767441860465116
300,100,"Target_Only",0.760924981791697
300,100,"Source1_Only",0.555899490167516
300,100,"Source2_Only",0.758739985433358
300,100,"Weighted",0.79278951201748
100,300,"Target_Only",0.746794871794872
100,300,"Source1_Only",0.6875
100,300,"Source2_Only",0.770833333333333
100,300,"Weighted",0.828525641025641
200,300,"Target_Only",0.749634502923977
200,300,"Source1_Only",0.676900584795322
200,300,"Source2_Only",0.760599415204678
200,300,"Weighted",0.785818713450292
300,300,"Target_Only",0.787713841368585
300,300,"Source1_Only",0.638219284603421
300,300,"Source2_Only",0.779160186625194
300,300,"Weighted",0.817457231726283
100,500,"Target_Only",0.799113737075332
100,500,"Source1_Only",0.765140324963072
100,500,"Source2_Only",0.716395864106352
100,500,"Weighted",0.825701624815362
200,500,"Target_Only",0.665613896565338
200,500,"Source1_Only",0.651006711409396
200,500,"Source2_Only",0.709830240821161
200,500,"Weighted",0.75759968416897
300,500,"Target_Only",0.749913164293157
300,500,"Source1_Only",0.674713442167419
300,500,"Source2_Only",0.741229593608892
300,500,"Weighted",0.79350468912817
100,1000,"Target_Only",0.607476635514019
100,1000,"Source1_Only",0.638629283489097
100,1000,"Source2_Only",0.747663551401869
100,1000,"Weighted",0.7398753894081
200,1000,"Target_Only",0.700369913686806
200,1000,"Source1_Only",0.660090423345664
200,1000,"Source2_Only",0.747225647348952
200,1000,"Weighted",0.791615289765721
300,1000,"Target_Only",0.755313351498638
300,1000,"Source1_Only",0.700999091734787
300,1000,"Source2_Only",0.794005449591281
300,1000,"Weighted",0.823978201634877
100,100,"Target_Only",0.732946298984035
100,100,"Source1_Only",0.634252539912917
100,100,"Source2_Only",0.761973875181422
100,100,"Weighted",0.780841799709724
200,100,"Target_Only",0.784710017574692
200,100,"Source1_Only",0.662126537785589
200,100,"Source2_Only",0.72231985940246
200,100,"Weighted",0.786028119507909
300,100,"Target_Only",0.761695659516973
300,100,"Source1_Only",0.646174632663401
300,100,"Source2_Only",0.679446039520351
300,100,"Weighted",0.759837865225469
100,300,"Target_Only",0.769491525423729
100,300,"Source1_Only",0.610169491525424
100,300,"Source2_Only",0.761016949152542
100,300,"Weighted",0.779661016949152
200,300,"Target_Only",0.762268704746581
200,300,"Source1_Only",0.740949316170555
200,300,"Source2_Only",0.730088495575221
200,300,"Weighted",0.820997586484312
300,300,"Target_Only",0.727692034770268
300,300,"Source1_Only",0.631896398793685
300,300,"Source2_Only",0.712258293418485
300,300,"Weighted",0.735497605109101
100,500,"Target_Only",0.748865355521936
100,500,"Source1_Only",0.594553706505295
100,500,"Source2_Only",0.762481089258699
100,500,"Weighted",0.803328290468986
200,500,"Target_Only",0.701845906902087
200,500,"Source1_Only",0.685794542536116
200,500,"Source2_Only",0.735152487961477
200,500,"Weighted",0.782102728731942
300,500,"Target_Only",0.752209381373216
300,500,"Source1_Only",0.704112848402447
300,500,"Source2_Only",0.751019714479946
300,500,"Weighted",0.780931339225017
100,1000,"Target_Only",0.636496350364963
100,1000,"Source1_Only",0.731386861313869
100,1000,"Source2_Only",0.786861313868613
100,1000,"Weighted",0.792700729927007
200,1000,"Target_Only",0.792843691148776
200,1000,"Source1_Only",0.712617702448211
200,1000,"Source2_Only",0.781544256120527
200,1000,"Weighted",0.825988700564972
300,1000,"Target_Only",0.765862377122431
300,1000,"Source1_Only",0.724039320822163
300,1000,"Source2_Only",0.744235924932976
300,1000,"Weighted",0.805361930294906
100,100,"Target_Only",0.746688741721854
100,100,"Source1_Only",0.675496688741722
100,100,"Source2_Only",0.77317880794702
100,100,"Weighted",0.776490066225166
200,100,"Target_Only",0.667701863354037
200,100,"Source1_Only",0.629399585921325
200,100,"Source2_Only",0.739130434782609
200,100,"Weighted",0.75327812284334
300,100,"Target_Only",0.795493636050912
300,100,"Source1_Only",0.639834881320949
300,100,"Source2_Only",0.703302373581011
300,100,"Weighted",0.793945648434813
100,300,"Target_Only",0.609756097560976
100,300,"Source1_Only",0.602134146341463
100,300,"Source2_Only",0.704268292682927
100,300,"Weighted",0.68140243902439
200,300,"Target_Only",0.781930184804928
200,300,"Source1_Only",0.758110882956879
200,300,"Source2_Only",0.786447638603696
200,300,"Weighted",0.813963039014374
300,300,"Target_Only",0.713464853476345
300,300,"Source1_Only",0.642214135223137
300,300,"Source2_Only",0.780310285385941
300,300,"Weighted",0.785290174296112
100,500,"Target_Only",0.747235387045814
100,500,"Source1_Only",0.619273301737757
100,500,"Source2_Only",0.759873617693523
100,500,"Weighted",0.785150078988942
200,500,"Target_Only",0.667225481978206
200,500,"Source1_Only",0.685666387259011
200,500,"Source2_Only",0.726320201173512
200,500,"Weighted",0.727577535624476
300,500,"Target_Only",0.794096472282217
300,500,"Source1_Only",0.776637868970482
300,500,"Source2_Only",0.82451403887689
300,500,"Weighted",0.853671706263499
100,1000,"Target_Only",0.64622641509434
100,1000,"Source1_Only",0.64937106918239
100,1000,"Source2_Only",0.75314465408805
100,1000,"Weighted",0.735849056603774
200,1000,"Target_Only",0.689334819769602
200,1000,"Source1_Only",0.654403567447046
200,1000,"Source2_Only",0.739873652917131
200,1000,"Weighted",0.768859160163508
300,1000,"Target_Only",0.809532505478451
300,1000,"Source1_Only",0.704346238130022
300,1000,"Source2_Only",0.819576333089847
300,1000,"Weighted",0.852629656683711
100,100,"Target_Only",0.552
100,100,"Source1_Only",0.638
100,100,"Source2_Only",0.486
100,100,"Weighted",0.618
200,100,"Target_Only",0.721108742004264
200,100,"Source1_Only",0.637526652452026
200,100,"Source2_Only",0.707036247334755
200,100,"Weighted",0.774413646055437
300,100,"Target_Only",0.752805280528053
300,100,"Source1_Only",0.684323432343234
300,100,"Source2_Only",0.689438943894389
300,100,"Weighted",0.762376237623762
100,300,"Target_Only",0.629752066115702
100,300,"Source1_Only",0.629752066115702
100,300,"Source2_Only",0.695867768595041
100,300,"Weighted",0.700826446280992
200,300,"Target_Only",0.743031358885017
200,300,"Source1_Only",0.723867595818815
200,300,"Source2_Only",0.76698606271777
200,300,"Weighted",0.80095818815331
300,300,"Target_Only",0.828611056072915
300,300,"Source1_Only",0.73370319001387
300,300,"Source2_Only",0.727957202298395
300,300,"Weighted",0.830592431147216
100,500,"Target_Only",0.695517774343122
100,500,"Source1_Only",0.718701700154559
100,500,"Source2_Only",0.731066460587326
100,500,"Weighted",0.795981452859351
200,500,"Target_Only",0.787773933102653
200,500,"Source1_Only",0.744329104190696
200,500,"Source2_Only",0.783929257977701
200,500,"Weighted",0.83275663206459
300,500,"Target_Only",0.717223198594025
300,500,"Source1_Only",0.629701230228471
300,500,"Source2_Only",0.711072056239016
300,500,"Weighted",0.770298769771529
100,1000,"Target_Only",0.713846153846154
100,1000,"Source1_Only",0.567692307692308
100,1000,"Source2_Only",0.68
100,1000,"Weighted",0.755384615384615
200,1000,"Target_Only",0.760534000834376
200,1000,"Source1_Only",0.735085523571131
200,1000,"Source2_Only",0.740091781393408
200,1000,"Weighted",0.796829370045891
300,1000,"Target_Only",0.740894508397811
300,1000,"Source1_Only",0.736365351953199
300,1000,"Source2_Only",0.725042460841668
300,1000,"Weighted",0.785619928288356
100,100,"Target_Only",0.70919881305638
100,100,"Source1_Only",0.681008902077151
100,100,"Source2_Only",0.79080118694362
100,100,"Weighted",0.820474777448071
200,100,"Target_Only",0.719148936170213
200,100,"Source1_Only",0.675822050290135
200,100,"Source2_Only",0.600386847195358
200,100,"Weighted",0.726499032882012
300,100,"Target_Only",0.736348891692197
300,100,"Source1_Only",0.686069562083258
300,100,"Source2_Only",0.696882321138944
300,100,"Weighted",0.761398450171202
100,300,"Target_Only",0.769485903814262
100,300,"Source1_Only",0.744610281923715
100,300,"Source2_Only",0.7893864013267
100,300,"Weighted",0.825870646766169
200,300,"Target_Only",0.715709728867624
200,300,"Source1_Only",0.622408293460925
200,300,"Source2_Only",0.713716108452951
200,300,"Weighted",0.721291866028708
300,300,"Target_Only",0.809855730264224
300,300,"Source1_Only",0.67741935483871
300,300,"Source2_Only",0.690063219322419
300,300,"Weighted",0.797860269087372
100,500,"Target_Only",0.644283121597096
100,500,"Source1_Only",0.660617059891107
100,500,"Source2_Only",0.671506352087114
100,500,"Weighted",0.684210526315789
200,500,"Target_Only",0.658082408874802
200,500,"Source1_Only",0.667591125198098
200,500,"Source2_Only",0.69215530903328
200,500,"Weighted",0.74445324881141
300,500,"Target_Only",0.783262200779365
300,500,"Source1_Only",0.640378548895899
300,500,"Source2_Only",0.757468918166636
300,500,"Weighted",0.799962887363147
100,1000,"Target_Only",0.682352941176471
100,1000,"Source1_Only",0.723529411764706
100,1000,"Source2_Only",0.763235294117647
100,1000,"Weighted",0.755882352941176
200,1000,"Target_Only",0.678599527930763
200,1000,"Source1_Only",0.656963021243116
200,1000,"Source2_Only",0.744295830055075
200,1000,"Weighted",0.753737214791503
300,1000,"Target_Only",0.752368321333839
300,1000,"Source1_Only",0.639067828723001
300,1000,"Source2_Only",0.790261462675256
300,1000,"Weighted",0.792535051155741
100,100,"Target_Only",0.77258064516129
100,100,"Source1_Only",0.637096774193548
100,100,"Source2_Only",0.695161290322581
100,100,"Weighted",0.8
200,100,"Target_Only",0.790101634997791
200,100,"Source1_Only",0.648696420680513
200,100,"Source2_Only",0.722934158197084
200,100,"Weighted",0.826778612461335
300,100,"Target_Only",0.80016992353441
300,100,"Source1_Only",0.674086661002549
300,100,"Source2_Only",0.731860662701784
300,100,"Weighted",0.794732370433305
100,300,"Target_Only",0.747163695299838
100,300,"Source1_Only",0.656401944894652
100,300,"Source2_Only",0.773095623987034
100,300,"Weighted",0.79740680713128
200,300,"Target_Only",0.74297520661157
200,300,"Source1_Only",0.738429752066116
200,300,"Source2_Only",0.835123966942149
200,300,"Weighted",0.837603305785124
300,300,"Target_Only",0.81087786259542
300,300,"Source1_Only",0.647328244274809
300,300,"Source2_Only",0.780343511450382
300,300,"Weighted",0.836832061068702
100,500,"Target_Only",0.716788321167883
100,500,"Source1_Only",0.559124087591241
100,500,"Source2_Only",0.722627737226277
100,500,"Weighted",0.728467153284672
200,500,"Target_Only",0.72386895475819
200,500,"Source1_Only",0.632995319812792
200,500,"Source2_Only",0.762870514820593
200,500,"Weighted",0.77418096723869
300,500,"Target_Only",0.761174336137226
300,500,"Source1_Only",0.709384793006762
300,500,"Source2_Only",0.720270493155204
300,500,"Weighted",0.809335312551542
100,1000,"Target_Only",0.813664596273292
100,1000,"Source1_Only",0.697722567287785
100,1000,"Source2_Only",0.830227743271222
100,1000,"Weighted",0.869565217391304
200,1000,"Target_Only",0.790839075800567
200,1000,"Source1_Only",0.702877989460884
200,1000,"Source2_Only",0.761653830563437
200,1000,"Weighted",0.812728009728415
300,1000,"Target_Only",0.776398601398601
300,1000,"Source1_Only",0.702972027972028
300,1000,"Source2_Only",0.784615384615385
300,1000,"Weighted",0.812237762237762
100,100,"Target_Only",0.594366197183099
100,100,"Source1_Only",0.549295774647887
100,100,"Source2_Only",0.763380281690141
100,100,"Weighted",0.690140845070423
200,100,"Target_Only",0.734059097978227
200,100,"Source1_Only",0.559486780715397
200,100,"Source2_Only",0.639580093312597
200,100,"Weighted",0.723172628304821
300,100,"Target_Only",0.724869694713328
300,100,"Source1_Only",0.600893521965748
300,100,"Source2_Only",0.692479523454952
300,100,"Weighted",0.743484735666418
100,300,"Target_Only",0.686
100,300,"Source1_Only",0.676
100,300,"Source2_Only",0.8
100,300,"Weighted",0.81
200,300,"Target_Only",0.784896054306322
200,300,"Source1_Only",0.730589732711073
200,300,"Source2_Only",0.694102672889266
200,300,"Weighted",0.803563852354688
300,300,"Target_Only",0.704816065398969
300,300,"Source1_Only",0.666429713879509
300,300,"Source2_Only",0.729162964279367
300,300,"Weighted",0.755109294473076
100,500,"Target_Only",0.626771653543307
100,500,"Source1_Only",0.614173228346457
100,500,"Source2_Only",0.716535433070866
100,500,"Weighted",0.702362204724409
200,500,"Target_Only",0.740671641791045
200,500,"Source1_Only",0.700373134328358
200,500,"Source2_Only",0.742164179104478
200,500,"Weighted",0.787313432835821
300,500,"Target_Only",0.719121236777868
300,500,"Source1_Only",0.699593165174939
300,500,"Source2_Only",0.729373474369406
300,500,"Weighted",0.785516680227828
100,1000,"Target_Only",0.724080267558528
100,1000,"Source1_Only",0.67056856187291
100,1000,"Source2_Only",0.747491638795987
100,1000,"Weighted",0.817725752508361
200,1000,"Target_Only",0.720947446336047
200,1000,"Source1_Only",0.699481865284974
200,1000,"Source2_Only",0.694300518134715
200,1000,"Weighted",0.745743893412287
300,1000,"Target_Only",0.785981142145526
300,1000,"Source1_Only",0.668564312399929
300,1000,"Source2_Only",0.768190713396193
300,1000,"Weighted",0.821028286781711
100,100,"Target_Only",0.737536656891496
100,100,"Source1_Only",0.665689149560117
100,100,"Source2_Only",0.705278592375367
100,100,"Weighted",0.737536656891496
200,100,"Target_Only",0.709832134292566
200,100,"Source1_Only",0.665467625899281
200,100,"Source2_Only",0.678657074340528
200,100,"Weighted",0.722621902478018
300,100,"Target_Only",0.818954603002351
300,100,"Source1_Only",0.695604991861096
300,100,"Source2_Only",0.741544583107253
300,100,"Weighted",0.828902152287936
100,300,"Target_Only",0.711805555555556
100,300,"Source1_Only",0.635416666666667
100,300,"Source2_Only",0.729166666666667
100,300,"Weighted",0.748263888888889
200,300,"Target_Only",0.756605284227382
200,300,"Source1_Only",0.7177742193755
200,300,"Source2_Only",0.706164931945556
200,300,"Weighted",0.773819055244195
300,300,"Target_Only",0.770572299356586
300,300,"Source1_Only",0.650186251269895
300,300,"Source2_Only",0.72502539790044
300,300,"Weighted",0.781239417541483
100,500,"Target_Only",0.593846153846154
100,500,"Source1_Only",0.586153846153846
100,500,"Source2_Only",0.786153846153846
100,500,"Weighted",0.701538461538462
200,500,"Target_Only",0.759902991107518
200,500,"Source1_Only",0.672190784155214
200,500,"Source2_Only",0.800323362974939
200,500,"Weighted",0.807599029911075
300,500,"Target_Only",0.758582089552239
300,500,"Source1_Only",0.640111940298507
300,500,"Source2_Only",0.752985074626866
300,500,"Weighted",0.796828358208955
100,1000,"Target_Only",0.724007561436673
100,1000,"Source1_Only",0.725897920604915
100,1000,"Source2_Only",0.793950850661626
100,1000,"Weighted",0.812854442344045
200,1000,"Target_Only",0.705392545598731
200,1000,"Source1_Only",0.669706582077716
200,1000,"Source2_Only",0.743061062648692
200,1000,"Weighted",0.790245836637589
300,1000,"Target_Only",0.74662273476112
300,1000,"Source1_Only",0.64497528830313
300,1000,"Source2_Only",0.704118616144975
300,1000,"Weighted",0.771993410214168
100,100,"Target_Only",0.712230215827338
100,100,"Source1_Only",0.647482014388489
100,100,"Source2_Only",0.767985611510791
100,100,"Weighted",0.796762589928057
200,100,"Target_Only",0.722997210043842
200,100,"Source1_Only",0.516141889198884
200,100,"Source2_Only",0.671980868872061
200,100,"Weighted",0.703068951773615
300,100,"Target_Only",0.817180984153461
300,100,"Source1_Only",0.677064220183486
300,100,"Source2_Only",0.757964970809007
300,100,"Weighted",0.82535446205171
100,300,"Target_Only",0.657032755298651
100,300,"Source1_Only",0.64354527938343
100,300,"Source2_Only",0.722543352601156
100,300,"Weighted",0.74373795761079
200,300,"Target_Only",0.744239631336405
200,300,"Source1_Only",0.660906298003072
200,300,"Source2_Only",0.686635944700461
200,300,"Weighted",0.750768049155146
300,300,"Target_Only",0.755591340132403
300,300,"Source1_Only",0.621041331186259
300,300,"Source2_Only",0.779209160851673
300,300,"Weighted",0.79549114331723
100,500,"Target_Only",0.68824531516184
100,500,"Source1_Only",0.703577512776831
100,500,"Source2_Only",0.717206132879046
100,500,"Weighted",0.797274275979557
200,500,"Target_Only",0.811815336463224
200,500,"Source1_Only",0.762128325508607
200,500,"Source2_Only",0.802425665101721
200,500,"Weighted",0.841940532081377
300,500,"Target_Only",0.752249957547971
300,500,"Source1_Only",0.710477160808287
300,500,"Source2_Only",0.758363049753778
300,500,"Weighted",0.809475292919002
100,1000,"Target_Only",0.748815165876777
100,1000,"Source1_Only",0.747235387045814
100,1000,"Source2_Only",0.808846761453397
100,1000,"Weighted",0.797788309636651
200,1000,"Target_Only",0.726755218216319
200,1000,"Source1_Only",0.745351043643264
200,1000,"Source2_Only",0.749146110056926
200,1000,"Weighted",0.777988614800759
300,1000,"Target_Only",0.765916285613788
300,1000,"Source1_Only",0.6746394653535
300,1000,"Source2_Only",0.767499120647204
300,1000,"Weighted",0.799859303552585
100,100,"Target_Only",0.738301559792028
100,100,"Source1_Only",0.722703639514731
100,100,"Source2_Only",0.722703639514731
100,100,"Weighted",0.802426343154246
200,100,"Target_Only",0.759135559921414
200,100,"Source1_Only",0.653438113948919
200,100,"Source2_Only",0.740667976424362
200,100,"Weighted",0.799214145383104
300,100,"Target_Only",0.738187078109932
300,100,"Source1_Only",0.612182577949212
300,100,"Source2_Only",0.69672131147541
300,100,"Weighted",0.757794921247187
100,300,"Target_Only",0.637362637362637
100,300,"Source1_Only",0.718995290423862
100,300,"Source2_Only",0.773940345368917
100,300,"Weighted",0.76138147566719
200,300,"Target_Only",0.721641190667739
200,300,"Source1_Only",0.646017699115044
200,300,"Source2_Only",0.727272727272727
200,300,"Weighted",0.790828640386163
300,300,"Target_Only",0.756285178236398
300,300,"Source1_Only",0.665853658536585
300,300,"Source2_Only",0.757786116322702
300,300,"Weighted",0.784615384615385
100,500,"Target_Only",0.712270803949224
100,500,"Source1_Only",0.708039492242595
100,500,"Source2_Only",0.778561354019746
100,500,"Weighted",0.794076163610719
200,500,"Target_Only",0.750099800399202
200,500,"Source1_Only",0.685828343313373
200,500,"Source2_Only",0.762075848303393
200,500,"Weighted",0.788822355289421
300,500,"Target_Only",0.707828894269572
300,500,"Source1_Only",0.686037126715093
300,500,"Source2_Only",0.767231638418079
300,500,"Weighted",0.814689265536723
100,1000,"Target_Only",0.715170278637771
100,1000,"Source1_Only",0.582043343653251
100,1000,"Source2_Only",0.755417956656347
100,1000,"Weighted",0.767801857585139
200,1000,"Target_Only",0.76579476861167
200,1000,"Source1_Only",0.726760563380282
200,1000,"Source2_Only",0.783501006036217
200,1000,"Weighted",0.814889336016097
300,1000,"Target_Only",0.699672244264275
300,1000,"Source1_Only",0.684319475590823
300,1000,"Source2_Only",0.736760393306883
300,1000,"Weighted",0.777988614800759
100,100,"Target_Only",0.634551495016611
100,100,"Source1_Only",0.642857142857143
100,100,"Source2_Only",0.740863787375415
100,100,"Weighted",0.740863787375415
200,100,"Target_Only",0.761751707513057
200,100,"Source1_Only",0.642828445158698
200,100,"Source2_Only",0.68621936520691
200,100,"Weighted",0.758537565287264
300,100,"Target_Only",0.788395285584769
300,100,"Source1_Only",0.696645512239347
300,100,"Source2_Only",0.750317316409791
300,100,"Weighted",0.805621033544878
100,300,"Target_Only",0.75487012987013
100,300,"Source1_Only",0.657467532467533
100,300,"Source2_Only",0.673701298701299
100,300,"Weighted",0.76461038961039
200,300,"Target_Only",0.738680465717982
200,300,"Source1_Only",0.598965071151358
200,300,"Source2_Only",0.723587753341958
200,300,"Weighted",0.789995687796464
300,300,"Target_Only",0.781193815174398
300,300,"Source1_Only",0.692017259978425
300,300,"Source2_Only",0.769866954332974
300,300,"Weighted",0.814635023372887
100,500,"Target_Only",0.680890538033395
100,500,"Source1_Only",0.61595547309833
100,500,"Source2_Only",0.721706864564007
100,500,"Weighted",0.74582560296846
200,500,"Target_Only",0.753462603878116
200,500,"Source1_Only",0.678670360110803
200,500,"Source2_Only",0.752275425405619
200,500,"Weighted",0.798575385833004
300,500,"Target_Only",0.751675658002289
300,500,"Source1_Only",0.67222494686938
300,500,"Source2_Only",0.795814941965016
300,500,"Weighted",0.801863658656204
100,1000,"Target_Only",0.668885191347754
100,1000,"Source1_Only",0.643926788685524
100,1000,"Source2_Only",0.705490848585691
100,1000,"Weighted",0.743760399334443
200,1000,"Target_Only",0.691851265822785
200,1000,"Source1_Only",0.642009493670886
200,1000,"Source2_Only",0.70371835443038
200,1000,"Weighted",0.720727848101266
300,1000,"Target_Only",0.741379310344828
300,1000,"Source1_Only",0.668335187245087
300,1000,"Source2_Only",0.788283277715981
300,1000,"Weighted",0.802929180571005
100,100,"Target_Only",0.721590909090909
100,100,"Source1_Only",0.765151515151515
100,100,"Source2_Only",0.723484848484849
100,100,"Weighted",0.759469696969697
200,100,"Target_Only",0.760046367851623
200,100,"Source1_Only",0.617851622874807
200,100,"Source2_Only",0.623647604327666
200,100,"Weighted",0.738021638330757
300,100,"Target_Only",0.759327731092437
300,100,"Source1_Only",0.619663865546218
300,100,"Source2_Only",0.709411764705882
300,100,"Weighted",0.772268907563025
100,300,"Target_Only",0.776096822995461
100,300,"Source1_Only",0.712556732223903
100,300,"Source2_Only",0.794251134644478
100,300,"Weighted",0.833585476550681
200,300,"Target_Only",0.740725474031327
200,300,"Source1_Only",0.657048639736191
200,300,"Source2_Only",0.753915910964551
200,300,"Weighted",0.786067600989283
300,300,"Target_Only",0.760637334781821
300,300,"Source1_Only",0.706681151548072
300,300,"Source2_Only",0.727865290602933
300,300,"Weighted",0.785442694187941
100,500,"Target_Only",0.58008658008658
100,500,"Source1_Only",0.663780663780664
100,500,"Source2_Only",0.836940836940837
100,500,"Weighted",0.770562770562771
200,500,"Target_Only",0.762960180315552
200,500,"Source1_Only",0.637866265965439
200,500,"Source2_Only",0.798271975957926
200,500,"Weighted",0.815927873779113
300,500,"Target_Only",0.791208791208791
300,500,"Source1_Only",0.654578754578755
300,500,"Source2_Only",0.752014652014652
300,500,"Weighted",0.804395604395604
100,1000,"Target_Only",0.699664429530201
100,1000,"Source1_Only",0.736577181208054
100,1000,"Source2_Only",0.865771812080537
100,1000,"Weighted",0.845637583892617
200,1000,"Target_Only",0.726086956521739
200,1000,"Source1_Only",0.680237154150198
200,1000,"Source2_Only",0.736758893280632
200,1000,"Weighted",0.789723320158103
300,1000,"Target_Only",0.763923524522028
300,1000,"Source1_Only",0.663341645885287
300,1000,"Source2_Only",0.758437240232751
300,1000,"Weighted",0.812635078969244
100,100,"Target_Only",0.68018018018018
100,100,"Source1_Only",0.623123123123123
100,100,"Source2_Only",0.660660660660661
100,100,"Weighted",0.735735735735736
200,100,"Target_Only",0.750911300121507
200,100,"Source1_Only",0.612393681652491
200,100,"Source2_Only",0.70595382746051
200,100,"Weighted",0.738355609558526
300,100,"Target_Only",0.788777758942194
300,100,"Source1_Only",0.637904729615189
300,100,"Source2_Only",0.768265807764028
300,100,"Weighted",0.825563654856755
100,300,"Target_Only",0.708268330733229
100,300,"Source1_Only",0.642745709828393
100,300,"Source2_Only",0.737909516380655
100,300,"Weighted",0.770670826833073
200,300,"Target_Only",0.731605032405642
200,300,"Source1_Only",0.663362561951963
200,300,"Source2_Only",0.747998475028593
200,300,"Weighted",0.792222645825391
300,300,"Target_Only",0.778712446351931
300,300,"Source1_Only",0.631931330472103
300,300,"Source2_Only",0.767210300429185
300,300,"Weighted",0.803948497854077
100,500,"Target_Only",0.640746500777605
100,500,"Source1_Only",0.695178849144634
100,500,"Source2_Only",0.701399688958009
100,500,"Weighted",0.751166407465008
200,500,"Target_Only",0.680550525172039
200,500,"Source1_Only",0.606664252082579
200,500,"Source2_Only",0.746830858384643
200,500,"Weighted",0.742122419413256
300,500,"Target_Only",0.719458544839256
300,500,"Source1_Only",0.708798646362098
300,500,"Source2_Only",0.739593908629442
300,500,"Weighted",0.778510998307953
100,1000,"Target_Only",0.637931034482759
100,1000,"Source1_Only",0.660344827586207
100,1000,"Source2_Only",0.789655172413793
100,1000,"Weighted",0.791379310344828
200,1000,"Target_Only",0.740796393688956
200,1000,"Source1_Only",0.668670172802404
200,1000,"Source2_Only",0.7618332081142
200,1000,"Weighted",0.815176558978212
300,1000,"Target_Only",0.746365387983885
300,1000,"Source1_Only",0.666666666666667
300,1000,"Source2_Only",0.758451567700123
300,1000,"Weighted",0.801891749868628
100,100,"Target_Only",0.642324888226528
100,100,"Source1_Only",0.566318926974665
100,100,"Source2_Only",0.695976154992549
100,100,"Weighted",0.678092399403875
200,100,"Target_Only",0.762562814070352
200,100,"Source1_Only",0.67713567839196
200,100,"Source2_Only",0.710636515912898
200,100,"Weighted",0.787269681742043
300,100,"Target_Only",0.761426418884982
300,100,"Source1_Only",0.658965344048217
300,100,"Source2_Only",0.695462916457392
300,100,"Weighted",0.782521346057258
100,300,"Target_Only",0.738140417457306
100,300,"Source1_Only",0.618595825426945
100,300,"Source2_Only",0.810246679316888
100,300,"Weighted",0.751423149905123
200,300,"Target_Only",0.69081595316502
200,300,"Source1_Only",0.631906330040249
200,300,"Source2_Only",0.672886937431394
200,300,"Weighted",0.724112696670326
300,300,"Target_Only",0.772839072382291
300,300,"Source1_Only",0.71170063246662
300,300,"Source2_Only",0.770906535488405
300,300,"Weighted",0.79550245959241
100,500,"Target_Only",0.695178849144634
100,500,"Source1_Only",0.70606531881804
100,500,"Source2_Only",0.757387247278383
100,500,"Weighted",0.768273716951788
200,500,"Target_Only",0.748051948051948
200,500,"Source1_Only",0.662770562770563
200,500,"Source2_Only",0.770562770562771
200,500,"Weighted",0.799134199134199
300,500,"Target_Only",0.757918952397806
300,500,"Source1_Only",0.669439037338524
300,500,"Source2_Only",0.75738807290745
300,500,"Weighted",0.795080516722704
100,1000,"Target_Only",0.67402376910017
100,1000,"Source1_Only",0.716468590831918
100,1000,"Source2_Only",0.784380305602717
100,1000,"Weighted",0.777589134125637
200,1000,"Target_Only",0.773098937040065
200,1000,"Source1_Only",0.652902698282911
200,1000,"Source2_Only",0.775960752248569
200,1000,"Weighted",0.822567457072772
300,1000,"Target_Only",0.787188612099644
300,1000,"Source1_Only",0.713167259786477
300,1000,"Source2_Only",0.779715302491103
300,1000,"Weighted",0.820640569395018
100,100,"Target_Only",0.621580547112462
100,100,"Source1_Only",0.627659574468085
100,100,"Source2_Only",0.677811550151976
100,100,"Weighted",0.712765957446808
200,100,"Target_Only",0.713087860007291
200,100,"Source1_Only",0.629602624863288
200,100,"Source2_Only",0.656580386438206
200,100,"Weighted",0.738607364199781
300,100,"Target_Only",0.776036224312086
300,100,"Source1_Only",0.72274468826193
300,100,"Source2_Only",0.719261581330547
300,100,"Weighted",0.808951584813654
100,300,"Target_Only",0.587275693311582
100,300,"Source1_Only",0.572593800978793
100,300,"Source2_Only",0.738988580750408
100,300,"Weighted",0.706362153344209
200,300,"Target_Only",0.72987208427389
200,300,"Source1_Only",0.690368698269376
200,300,"Source2_Only",0.805869074492099
200,300,"Weighted",0.782543265613243
300,300,"Target_Only",0.665502183406114
300,300,"Source1_Only",0.68646288209607
300,300,"Source2_Only",0.733449781659389
300,300,"Weighted",0.764541484716157
100,500,"Target_Only",0.703403565640194
100,500,"Source1_Only",0.674230145867099
100,500,"Source2_Only",0.823338735818476
100,500,"Weighted",0.764991896272285
200,500,"Target_Only",0.735049504950495
200,500,"Source1_Only",0.643168316831683
200,500,"Source2_Only",0.733861386138614
200,500,"Weighted",0.771881188118812
300,500,"Target_Only",0.808276584599267
300,500,"Source1_Only",0.675921075606775
300,500,"Source2_Only",0.805657412257727
300,500,"Weighted",0.843198882486468
100,1000,"Target_Only",0.692446043165468
100,1000,"Source1_Only",0.742805755395683
100,1000,"Source2_Only",0.732014388489209
100,1000,"Weighted",0.753597122302158
200,1000,"Target_Only",0.694785926239932
200,1000,"Source1_Only",0.635014836795252
200,1000,"Source2_Only",0.71513353115727
200,1000,"Weighted",0.734633319203052
300,1000,"Target_Only",0.753843269591301
300,1000,"Source1_Only",0.705849268841395
300,1000,"Source2_Only",0.730596175478065
300,1000,"Weighted",0.781589801274841
100,100,"Target_Only",0.708333333333333
100,100,"Source1_Only",0.567460317460317
100,100,"Source2_Only",0.748015873015873
100,100,"Weighted",0.732142857142857
200,100,"Target_Only",0.806997742663657
200,100,"Source1_Only",0.636945071482317
200,100,"Source2_Only",0.734010534236268
200,100,"Weighted",0.808502633559067
300,100,"Target_Only",0.745091284877713
300,100,"Source1_Only",0.626076472614537
300,100,"Source2_Only",0.680330692387186
300,100,"Weighted",0.756286600068894
100,300,"Target_Only",0.71097372488408
100,300,"Source1_Only",0.616692426584235
100,300,"Source2_Only",0.774343122102009
100,300,"Weighted",0.782071097372488
200,300,"Target_Only",0.638402242466713
200,300,"Source1_Only",0.638402242466713
200,300,"Source2_Only",0.726348983882271
200,300,"Weighted",0.725297827610371
300,300,"Target_Only",0.820562390158172
300,300,"Source1_Only",0.659578207381371
300,300,"Source2_Only",0.733919156414763
300,300,"Weighted",0.819156414762742
100,500,"Target_Only",0.720325203252033
100,500,"Source1_Only",0.721951219512195
100,500,"Source2_Only",0.695934959349593
100,500,"Weighted",0.744715447154472
200,500,"Target_Only",0.711086637298091
200,500,"Source1_Only",0.679882525697504
200,500,"Source2_Only",0.737151248164464
200,500,"Weighted",0.762114537444934
300,500,"Target_Only",0.716442342670062
300,500,"Source1_Only",0.624954528919607
300,500,"Source2_Only",0.734812659148781
300,500,"Weighted",0.753001091305929
100,1000,"Target_Only",0.528614457831325
100,1000,"Source1_Only",0.659638554216867
100,1000,"Source2_Only",0.66566265060241
100,1000,"Weighted",0.602409638554217
200,1000,"Target_Only",0.724763406940063
200,1000,"Source1_Only",0.662066246056782
200,1000,"Source2_Only",0.710173501577287
200,1000,"Weighted",0.762223974763407
300,1000,"Target_Only",0.733057166528583
300,1000,"Source1_Only",0.661474730737365
300,1000,"Source2_Only",0.733057166528583
300,1000,"Weighted",0.780281690140845
100,100,"Target_Only",0.702276707530648
100,100,"Source1_Only",0.651488616462347
100,100,"Source2_Only",0.765323992994746
100,100,"Weighted",0.775831873905429
200,100,"Target_Only",0.774281805745554
200,100,"Source1_Only",0.621979024167807
200,100,"Source2_Only",0.700410396716826
200,100,"Weighted",0.782945736434109
300,100,"Target_Only",0.783747481531229
300,100,"Source1_Only",0.666722632639355
300,100,"Source2_Only",0.686534586971122
300,100,"Weighted",0.791302887844191
100,300,"Target_Only",0.653786707882535
100,300,"Source1_Only",0.58887171561051
100,300,"Source2_Only",0.774343122102009
100,300,"Weighted",0.724884080370943
200,300,"Target_Only",0.739977933063626
200,300,"Source1_Only",0.696211842589187
200,300,"Source2_Only",0.74770136079441
200,300,"Weighted",0.776756160353071
300,300,"Target_Only",0.763190400564673
300,300,"Source1_Only",0.687312511028763
300,300,"Source2_Only",0.723133933298041
300,300,"Weighted",0.802893947414858
100,500,"Target_Only",0.657391304347826
100,500,"Source1_Only",0.733913043478261
100,500,"Source2_Only",0.773913043478261
100,500,"Weighted",0.770434782608696
200,500,"Target_Only",0.7201203783319
200,500,"Source1_Only",0.633705932932072
200,500,"Source2_Only",0.763542562338779
200,500,"Weighted",0.778159931212382
300,500,"Target_Only",0.714262023217247
300,500,"Source1_Only",0.651243781094527
300,500,"Source2_Only",0.709784411276949
300,500,"Weighted",0.73698175787728
100,1000,"Target_Only",0.758998435054773
100,1000,"Source1_Only",0.693270735524257
100,1000,"Source2_Only",0.849765258215962
100,1000,"Weighted",0.82472613458529
200,1000,"Target_Only",0.761295481807277
200,1000,"Source1_Only",0.710115953618553
200,1000,"Source2_Only",0.78608556577369
200,1000,"Weighted",0.818472610955618
300,1000,"Target_Only",0.798441374424371
300,1000,"Source1_Only",0.655154091392136
300,1000,"Source2_Only",0.78586609989373
300,1000,"Weighted",0.819695359546582
100,100,"Target_Only",0.680584551148225
100,100,"Source1_Only",0.678496868475992
100,100,"Source2_Only",0.638830897703549
100,100,"Weighted",0.718162839248434
200,100,"Target_Only",0.729198184568835
200,100,"Source1_Only",0.677004538577912
200,100,"Source2_Only",0.669440242057489
200,100,"Weighted",0.754916792738275
300,100,"Target_Only",0.783466575948291
300,100,"Source1_Only",0.62357543799966
300,100,"Source2_Only",0.730396325905766
300,100,"Weighted",0.785507739411464
100,300,"Target_Only",0.706798866855524
100,300,"Source1_Only",0.658640226628895
100,300,"Source2_Only",0.63314447592068
100,300,"Weighted",0.725212464589235
200,300,"Target_Only",0.736296296296296
200,300,"Source1_Only",0.686666666666667
200,300,"Source2_Only",0.781851851851852
200,300,"Weighted",0.813703703703704
300,300,"Target_Only",0.707863156009314
300,300,"Source1_Only",0.672756582482536
300,300,"Source2_Only",0.739566541286047
300,300,"Weighted",0.76446355006269
100,500,"Target_Only",0.699836867862969
100,500,"Source1_Only",0.719412724306688
100,500,"Source2_Only",0.732463295269168
100,500,"Weighted",0.799347471451876
200,500,"Target_Only",0.728687916975537
200,500,"Source1_Only",0.599703484062268
200,500,"Source2_Only",0.782060785767235
200,500,"Weighted",0.770570793180133
300,500,"Target_Only",0.730637813211845
300,500,"Source1_Only",0.68204252088079
300,500,"Source2_Only",0.705770690964313
300,500,"Weighted",0.760630220197418
100,1000,"Target_Only",0.720703125
100,1000,"Source1_Only",0.681640625
100,1000,"Source2_Only",0.732421875
100,1000,"Weighted",0.771484375
200,1000,"Target_Only",0.780940594059406
200,1000,"Source1_Only",0.745049504950495
200,1000,"Source2_Only",0.78506600660066
200,1000,"Weighted",0.829620462046205
300,1000,"Target_Only",0.773774970121222
300,1000,"Source1_Only",0.67577257981902
300,1000,"Source2_Only",0.766604063513744
300,1000,"Weighted",0.79614136930169
100,100,"Target_Only",0.77293934681182
100,100,"Source1_Only",0.709175738724728
100,100,"Source2_Only",0.660964230171073
100,100,"Weighted",0.797822706065319
200,100,"Target_Only",0.752338348922326
200,100,"Source1_Only",0.691337942252948
200,100,"Source2_Only",0.742578283855226
200,100,"Weighted",0.777958519723465
300,100,"Target_Only",0.759137769447048
300,100,"Source1_Only",0.732708528584817
300,100,"Source2_Only",0.713589503280225
300,100,"Weighted",0.782380506091846
100,300,"Target_Only",0.673214285714286
100,300,"Source1_Only",0.705357142857143
100,300,"Source2_Only",0.851785714285714
100,300,"Weighted",0.801785714285714
200,300,"Target_Only",0.689024390243902
200,300,"Source1_Only",0.631859756097561
200,300,"Source2_Only",0.78125
200,300,"Weighted",0.765625
300,300,"Target_Only",0.768922218346704
300,300,"Source1_Only",0.700383676316707
300,300,"Source2_Only",0.801709103592605
300,300,"Weighted",0.819672131147541
100,500,"Target_Only",0.722591362126246
100,500,"Source1_Only",0.616279069767442
100,500,"Source2_Only",0.722591362126246
100,500,"Weighted",0.767441860465116
200,500,"Target_Only",0.752062868369352
200,500,"Source1_Only",0.684872298624754
200,500,"Source2_Only",0.738703339882122
200,500,"Weighted",0.790569744597249
300,500,"Target_Only",0.75319446875547
300,500,"Source1_Only",0.622615088394889
300,500,"Source2_Only",0.758795729039034
300,500,"Weighted",0.788727463679328
100,1000,"Target_Only",0.669550173010381
100,1000,"Source1_Only",0.738754325259516
100,1000,"Source2_Only",0.752595155709343
100,1000,"Weighted",0.780276816608997
200,1000,"Target_Only",0.74007367990176
200,1000,"Source1_Only",0.590667212443717
200,1000,"Source2_Only",0.791240278346296
200,1000,"Weighted",0.78632828489562
300,1000,"Target_Only",0.732591054916022
300,1000,"Source1_Only",0.654463106246462
300,1000,"Source2_Only",0.727118324212116
300,1000,"Weighted",0.764295150028307
100,100,"Target_Only",0.714983713355049
100,100,"Source1_Only",0.513029315960912
100,100,"Source2_Only",0.607491856677524
100,100,"Weighted",0.672638436482085
200,100,"Target_Only",0.679704476314646
200,100,"Source1_Only",0.649717514124294
200,100,"Source2_Only",0.675793133420252
200,100,"Weighted",0.701434159061278
300,100,"Target_Only",0.765266856282416
300,100,"Source1_Only",0.614522335619876
300,100,"Source2_Only",0.710055211644638
300,100,"Weighted",0.764263008198093
100,300,"Target_Only",0.688925081433225
100,300,"Source1_Only",0.641693811074919
100,300,"Source2_Only",0.747557003257329
100,300,"Weighted",0.793159609120521
200,300,"Target_Only",0.793168880455408
200,300,"Source1_Only",0.707020872865275
200,300,"Source2_Only",0.803415559772296
200,300,"Weighted",0.829981024667932
300,300,"Target_Only",0.805083260297984
300,300,"Source1_Only",0.680981595092025
300,300,"Source2_Only",0.76091148115688
300,300,"Weighted",0.818580192813322
100,500,"Target_Only",0.712482468443198
100,500,"Source1_Only",0.694249649368864
100,500,"Source2_Only",0.729312762973352
100,500,"Weighted",0.782608695652174
200,500,"Target_Only",0.636549468520033
200,500,"Source1_Only",0.665576451349141
200,500,"Source2_Only",0.738348323793949
200,500,"Weighted",0.706459525756337
300,500,"Target_Only",0.739633558341369
300,500,"Source1_Only",0.712632594021215
300,500,"Source2_Only",0.734619093539055
300,500,"Weighted",0.798649951783992
100,1000,"Target_Only",0.712218649517685
100,1000,"Source1_Only",0.684887459807074
100,1000,"Source2_Only",0.784565916398714
100,1000,"Weighted",0.770096463022508
200,1000,"Target_Only",0.759124087591241
200,1000,"Source1_Only",0.688820591625048
200,1000,"Source2_Only",0.783711102573953
200,1000,"Weighted",0.821744141375336
300,1000,"Target_Only",0.705142035239123
300,1000,"Source1_Only",0.65282272563826
300,1000,"Source2_Only",0.746314275440489
300,1000,"Weighted",0.7490111470694
100,100,"Target_Only",0.7357910906298
100,100,"Source1_Only",0.639016897081413
100,100,"Source2_Only",0.698924731182796
100,100,"Weighted",0.7357910906298
200,100,"Target_Only",0.751338944146901
200,100,"Source1_Only",0.583779648048967
200,100,"Source2_Only",0.703136954858455
200,100,"Weighted",0.760137719969395
300,100,"Target_Only",0.701540802739205
300,100,"Source1_Only",0.607570857903747
300,100,"Source2_Only",0.710481263077801
300,100,"Weighted",0.743960433707438
100,300,"Target_Only",0.699159663865546
100,300,"Source1_Only",0.663865546218487
100,300,"Source2_Only",0.764705882352941
100,300,"Weighted",0.791596638655462
200,300,"Target_Only",0.722033898305085
200,300,"Source1_Only",0.687005649717514
200,300,"Source2_Only",0.808662900188324
200,300,"Weighted",0.813559322033898
300,300,"Target_Only",0.745398773006135
300,300,"Source1_Only",0.654095994225911
300,300,"Source2_Only",0.726632984482136
300,300,"Weighted",0.772103933597979
100,500,"Target_Only",0.754237288135593
100,500,"Source1_Only",0.694915254237288
100,500,"Source2_Only",0.857627118644068
100,500,"Weighted",0.840677966101695
200,500,"Target_Only",0.798102466793169
200,500,"Source1_Only",0.717267552182163
200,500,"Source2_Only",0.746489563567362
200,500,"Weighted",0.826185958254269
300,500,"Target_Only",0.745512820512821
300,500,"Source1_Only",0.683173076923077
300,500,"Source2_Only",0.708974358974359
300,500,"Weighted",0.77275641025641
100,1000,"Target_Only",0.7336860670194
100,1000,"Source1_Only",0.626102292768959
100,1000,"Source2_Only",0.763668430335097
100,1000,"Weighted",0.742504409171076
200,1000,"Target_Only",0.766904661906762
200,1000,"Source1_Only",0.717765644687106
200,1000,"Source2_Only",0.780764384712306
200,1000,"Weighted",0.816883662326753
300,1000,"Target_Only",0.809337830640866
300,1000,"Source1_Only",0.70601810758033
300,1000,"Source2_Only",0.81058050772235
300,1000,"Weighted",0.854961832061069
100,100,"Target_Only",0.6352
100,100,"Source1_Only",0.6176
100,100,"Source2_Only",0.6736
100,100,"Weighted",0.6896
200,100,"Target_Only",0.797397769516729
200,100,"Source1_Only",0.655018587360595
200,100,"Source2_Only",0.708921933085502
200,100,"Weighted",0.779925650557621
300,100,"Target_Only",0.775856044723969
300,100,"Source1_Only",0.61303284416492
300,100,"Source2_Only",0.659329140461216
300,100,"Weighted",0.764849755415793
100,300,"Target_Only",0.658022690437601
100,300,"Source1_Only",0.645056726094003
100,300,"Source2_Only",0.649918962722853
100,300,"Weighted",0.716369529983793
200,300,"Target_Only",0.662049861495845
200,300,"Source1_Only",0.651760981400871
200,300,"Source2_Only",0.724970320538188
200,300,"Weighted",0.723783142065691
300,300,"Target_Only",0.767576791808874
300,300,"Source1_Only",0.638225255972696
300,300,"Source2_Only",0.742662116040956
300,300,"Weighted",0.78481228668942
100,500,"Target_Only",0.723747980613893
100,500,"Source1_Only",0.660743134087238
100,500,"Source2_Only",0.840064620355412
100,500,"Weighted",0.833602584814216
200,500,"Target_Only",0.712926934716818
200,500,"Source1_Only",0.686554258538694
200,500,"Source2_Only",0.702983138780804
200,500,"Weighted",0.769130998702983
300,500,"Target_Only",0.761779242174629
300,500,"Source1_Only",0.648434925864909
300,500,"Source2_Only",0.757660626029654
300,500,"Weighted",0.783855024711697
100,1000,"Target_Only",0.689075630252101
100,1000,"Source1_Only",0.729411764705882
100,1000,"Source2_Only",0.768067226890756
100,1000,"Weighted",0.776470588235294
200,1000,"Target_Only",0.678719866999169
200,1000,"Source1_Only",0.688694929343308
200,1000,"Source2_Only",0.786783042394015
200,1000,"Weighted",0.802992518703242
300,1000,"Target_Only",0.797827287792303
300,1000,"Source1_Only",0.66985822132204
300,1000,"Source2_Only",0.796722518873136
300,1000,"Weighted",0.826183023384276
100,100,"Target_Only",0.671296296296296
100,100,"Source1_Only",0.708333333333333
100,100,"Source2_Only",0.699074074074074
100,100,"Weighted",0.737654320987654
200,100,"Target_Only",0.756928838951311
200,100,"Source1_Only",0.666666666666667
200,100,"Source2_Only",0.755056179775281
200,100,"Weighted",0.784269662921348
300,100,"Target_Only",0.651006711409396
300,100,"Source1_Only",0.564288237371953
300,100,"Source2_Only",0.703108442246556
300,100,"Weighted",0.703461674320028
100,300,"Target_Only",0.562962962962963
100,300,"Source1_Only",0.757037037037037
100,300,"Source2_Only",0.694814814814815
100,300,"Weighted",0.73037037037037
200,300,"Target_Only",0.792692307692308
200,300,"Source1_Only",0.691153846153846
200,300,"Source2_Only",0.769230769230769
200,300,"Weighted",0.846923076923077
300,300,"Target_Only",0.721724830988489
300,300,"Source1_Only",0.637493148181984
300,300,"Source2_Only",0.710579207016262
300,300,"Weighted",0.749132103051343
100,500,"Target_Only",0.804093567251462
100,500,"Source1_Only",0.81140350877193
100,500,"Source2_Only",0.789473684210526
100,500,"Weighted",0.85672514619883
200,500,"Target_Only",0.766666666666667
200,500,"Source1_Only",0.686434108527132
200,500,"Source2_Only",0.787984496124031
200,500,"Weighted",0.802713178294574
300,500,"Target_Only",0.716561566544972
300,500,"Source1_Only",0.578493196150017
300,500,"Source2_Only",0.772568868237637
300,500,"Weighted",0.765184201792234
100,1000,"Target_Only",0.700867052023121
100,1000,"Source1_Only",0.606936416184971
100,1000,"Source2_Only",0.80635838150289
100,1000,"Weighted",0.803468208092486
200,1000,"Target_Only",0.759504862953139
200,1000,"Source1_Only",0.727674624226348
200,1000,"Source2_Only",0.738726790450928
200,1000,"Weighted",0.809018567639257
300,1000,"Target_Only",0.72803738317757
300,1000,"Source1_Only",0.724672897196262
300,1000,"Source2_Only",0.715514018691589
300,1000,"Weighted",0.765981308411215
100,100,"Target_Only",0.676268861454047
100,100,"Source1_Only",0.625514403292181
100,100,"Source2_Only",0.646090534979424
100,100,"Weighted",0.681755829903978
200,100,"Target_Only",0.764774494556765
200,100,"Source1_Only",0.629471228615863
200,100,"Source2_Only",0.711508553654743
200,100,"Weighted",0.784214618973561
300,100,"Target_Only",0.758168850555648
300,100,"Source1_Only",0.634267706087245
300,100,"Source2_Only",0.710399734616023
300,100,"Weighted",0.77193564438547
100,300,"Target_Only",0.671732522796353
100,300,"Source1_Only",0.768996960486322
100,300,"Source2_Only",0.679331306990882
100,300,"Weighted",0.753799392097264
200,300,"Target_Only",0.712055507372073
200,300,"Source1_Only",0.643104943625325
200,300,"Source2_Only",0.722029488291414
200,300,"Weighted",0.771465741543799
300,300,"Target_Only",0.776709595501542
300,300,"Source1_Only",0.684200979502993
300,300,"Source2_Only",0.75730092508616
300,300,"Weighted",0.816071104661709
100,500,"Target_Only",0.767361111111111
100,500,"Source1_Only",0.680555555555556
100,500,"Source2_Only",0.769097222222222
100,500,"Weighted",0.795138888888889
200,500,"Target_Only",0.774659182036889
200,500,"Source1_Only",0.612670408981556
200,500,"Source2_Only",0.795509222133119
200,500,"Weighted",0.826784282277466
300,500,"Target_Only",0.754697102721686
300,500,"Source1_Only",0.687796312554873
300,500,"Source2_Only",0.718349429323968
300,500,"Weighted",0.784196663740123
100,1000,"Target_Only",0.742857142857143
100,1000,"Source1_Only",0.6875
100,1000,"Source2_Only",0.775
100,1000,"Weighted",0.869642857142857
200,1000,"Target_Only",0.78321400159109
200,1000,"Source1_Only",0.693317422434368
200,1000,"Source2_Only",0.760540970564837
200,1000,"Weighted",0.818217979315831
300,1000,"Target_Only",0.764868828417794
300,1000,"Source1_Only",0.669219488349356
300,1000,"Source2_Only",0.775949160827766
300,1000,"Weighted",0.801042854815056
100,100,"Target_Only",0.819417475728155
100,100,"Source1_Only",0.702912621359223
100,100,"Source2_Only",0.737864077669903
100,100,"Weighted",0.819417475728155
200,100,"Target_Only",0.771130837514473
200,100,"Source1_Only",0.649170204554226
200,100,"Source2_Only",0.729062138170591
200,100,"Weighted",0.786568892319568
300,100,"Target_Only",0.721782003873921
300,100,"Source1_Only",0.646240535305512
300,100,"Source2_Only",0.727945060750132
300,100,"Weighted",0.762106004578271
100,300,"Target_Only",0.759677419354839
100,300,"Source1_Only",0.651612903225806
100,300,"Source2_Only",0.845161290322581
100,300,"Weighted",0.82741935483871
200,300,"Target_Only",0.689137134052388
200,300,"Source1_Only",0.622881355932203
200,300,"Source2_Only",0.729583975346687
200,300,"Weighted",0.75346687211094
300,300,"Target_Only",0.78380187416332
300,300,"Source1_Only",0.716532797858099
300,300,"Source2_Only",0.759538152610442
300,300,"Weighted",0.815093708165997
100,500,"Target_Only",0.667763157894737
100,500,"Source1_Only",0.733552631578947
100,500,"Source2_Only",0.735197368421053
100,500,"Weighted",0.764802631578947
200,500,"Target_Only",0.717691342534504
200,500,"Source1_Only",0.680468423253869
200,500,"Source2_Only",0.728983688833124
200,500,"Weighted",0.768297783354245
300,500,"Target_Only",0.766748869708179
300,500,"Source1_Only",0.664406083025072
300,500,"Source2_Only",0.784422523633374
300,500,"Weighted",0.80517879161529
100,1000,"Target_Only",0.63481228668942
100,1000,"Source1_Only",0.733788395904437
100,1000,"Source2_Only",0.803754266211604
100,1000,"Weighted",0.786689419795222
200,1000,"Target_Only",0.676194205168363
200,1000,"Source1_Only",0.693422083007048
200,1000,"Source2_Only",0.805011746280345
200,1000,"Weighted",0.794440093970243
300,1000,"Target_Only",0.780065597667638
300,1000,"Source1_Only",0.681122448979592
300,1000,"Source2_Only",0.78134110787172
300,1000,"Weighted",0.808491253644315
100,100,"Target_Only",0.758241758241758
100,100,"Source1_Only",0.620094191522763
100,100,"Source2_Only",0.700156985871272
100,100,"Weighted",0.775510204081633
200,100,"Target_Only",0.717594473791142
200,100,"Source1_Only",0.702153596099147
200,100,"Source2_Only",0.730190979276717
200,100,"Weighted",0.776107273466071
300,100,"Target_Only",0.755563222356391
300,100,"Source1_Only",0.610315680524409
300,100,"Source2_Only",0.708124892185613
300,100,"Weighted",0.775746075556322
100,300,"Target_Only",0.749185667752443
100,300,"Source1_Only",0.692182410423453
100,300,"Source2_Only",0.760586319218241
100,300,"Weighted",0.812703583061889
200,300,"Target_Only",0.689627553063676
200,300,"Source1_Only",0.636764116940328
200,300,"Source2_Only",0.742891469763716
200,300,"Weighted",0.742891469763716
300,300,"Target_Only",0.781936813186813
300,300,"Source1_Only",0.682348901098901
300,300,"Source2_Only",0.750686813186813
300,300,"Weighted",0.803056318681319
100,500,"Target_Only",0.716697936210131
100,500,"Source1_Only",0.75422138836773
100,500,"Source2_Only",0.74859287054409
100,500,"Weighted",0.851782363977486
200,500,"Target_Only",0.756819953234606
200,500,"Source1_Only",0.719407638347623
200,500,"Source2_Only",0.796960249415433
200,500,"Weighted",0.803975058456742
300,500,"Target_Only",0.754851004851005
300,500,"Source1_Only",0.654539154539155
300,500,"Source2_Only",0.713963963963964
300,500,"Weighted",0.786902286902287
100,1000,"Target_Only",0.689956331877729
100,1000,"Source1_Only",0.703056768558952
100,1000,"Source2_Only",0.804949053857351
100,1000,"Weighted",0.820960698689956
200,1000,"Target_Only",0.719186278420423
200,1000,"Source1_Only",0.744315915436777
200,1000,"Source2_Only",0.770243318707619
200,1000,"Weighted",0.798564020741923
300,1000,"Target_Only",0.74976103995412
300,1000,"Source1_Only",0.666411775951061
300,1000,"Source2_Only",0.791818008029058
300,1000,"Weighted",0.789906327662015
100,100,"Target_Only",0.573170731707317
100,100,"Source1_Only",0.650914634146341
100,100,"Source2_Only",0.742378048780488
100,100,"Weighted",0.759146341463415
200,100,"Target_Only",0.696165191740413
200,100,"Source1_Only",0.651548672566372
200,100,"Source2_Only",0.701327433628319
200,100,"Weighted",0.729719764011799
300,100,"Target_Only",0.774652777777778
300,100,"Source1_Only",0.572743055555556
300,100,"Source2_Only",0.742534722222222
300,100,"Weighted",0.802256944444445
100,300,"Target_Only",0.70404984423676
100,300,"Source1_Only",0.70404984423676
100,300,"Source2_Only",0.797507788161994
100,300,"Weighted",0.791277258566978
200,300,"Target_Only",0.666801619433198
200,300,"Source1_Only",0.655465587044534
200,300,"Source2_Only",0.655465587044534
200,300,"Weighted",0.709311740890688
300,300,"Target_Only",0.789456288216824
300,300,"Source1_Only",0.693604362915221
300,300,"Source2_Only",0.768798545694926
300,300,"Weighted",0.833085440423071
100,500,"Target_Only",0.693121693121693
100,500,"Source1_Only",0.631393298059965
100,500,"Source2_Only",0.837742504409171
100,500,"Weighted",0.742504409171076
200,500,"Target_Only",0.791907514450867
200,500,"Source1_Only",0.667052023121387
200,500,"Source2_Only",0.813872832369942
200,500,"Weighted",0.838535645472062
300,500,"Target_Only",0.748409893992933
300,500,"Source1_Only",0.712190812720848
300,500,"Source2_Only",0.786395759717315
300,500,"Weighted",0.827385159010601
100,1000,"Target_Only",0.621129326047359
100,1000,"Source1_Only",0.595628415300546
100,1000,"Source2_Only",0.763205828779599
100,1000,"Weighted",0.714025500910747
200,1000,"Target_Only",0.775086505190311
200,1000,"Source1_Only",0.688196847366398
200,1000,"Source2_Only",0.801230296039985
200,1000,"Weighted",0.802768166089965
300,1000,"Target_Only",0.720407446434844
300,1000,"Source1_Only",0.719704952581665
300,1000,"Source2_Only",0.67351598173516
300,1000,"Weighted",0.752722163681068
100,100,"Target_Only",0.711450381679389
100,100,"Source1_Only",0.712977099236641
100,100,"Source2_Only",0.737404580152672
100,100,"Weighted",0.795419847328244
200,100,"Target_Only",0.752334703025775
200,100,"Source1_Only",0.709376167351513
200,100,"Source2_Only",0.736645498692566
200,100,"Weighted",0.786701531565185
300,100,"Target_Only",0.708223741890233
300,100,"Source1_Only",0.610731194108364
300,100,"Source2_Only",0.639137296159916
300,100,"Weighted",0.710853936524636
100,300,"Target_Only",0.70293609671848
100,300,"Source1_Only",0.625215889464594
100,300,"Source2_Only",0.780656303972366
100,300,"Weighted",0.79447322970639
200,300,"Target_Only",0.807162534435262
200,300,"Source1_Only",0.752853207398662
200,300,"Source2_Only",0.733175914994097
200,300,"Weighted",0.841401023219205
300,300,"Target_Only",0.724395757259607
300,300,"Source1_Only",0.640062597809077
300,300,"Source2_Only",0.725612936880543
300,300,"Weighted",0.754477482177013
100,500,"Target_Only",0.735875706214689
100,500,"Source1_Only",0.71045197740113
100,500,"Source2_Only",0.799435028248588
100,500,"Weighted",0.80225988700565
200,500,"Target_Only",0.655400440852314
200,500,"Source1_Only",0.655767817781043
200,500,"Source2_Only",0.731080088170463
200,500,"Weighted",0.72556943423953
300,500,"Target_Only",0.768518518518519
300,500,"Source1_Only",0.69588122605364
300,500,"Source2_Only",0.704182630906769
300,500,"Weighted",0.771711366538953
100,1000,"Target_Only",0.70863309352518
100,1000,"Source1_Only",0.712230215827338
100,1000,"Source2_Only",0.688848920863309
100,1000,"Weighted",0.766187050359712
200,1000,"Target_Only",0.788580885395118
200,1000,"Source1_Only",0.719486967314853
200,1000,"Source2_Only",0.757343814646256
200,1000,"Weighted",0.817956143980141
300,1000,"Target_Only",0.737146050670641
300,1000,"Source1_Only",0.681445603576751
300,1000,"Source2_Only",0.769560357675112
300,1000,"Weighted",0.796385991058122
100,100,"Target_Only",0.641165755919854
100,100,"Source1_Only",0.644808743169399
100,100,"Source2_Only",0.723132969034608
100,100,"Weighted",0.750455373406193
200,100,"Target_Only",0.759674922600619
200,100,"Source1_Only",0.684210526315789
200,100,"Source2_Only",0.755030959752322
200,100,"Weighted",0.7921826625387
300,100,"Target_Only",0.748932219127205
300,100,"Source1_Only",0.661095636025998
300,100,"Source2_Only",0.671123491179201
300,100,"Weighted",0.755617455896007
100,300,"Target_Only",0.709876543209877
100,300,"Source1_Only",0.725308641975309
100,300,"Source2_Only",0.74537037037037
100,300,"Weighted",0.756172839506173
200,300,"Target_Only",0.760320641282565
200,300,"Source1_Only",0.645691382765531
200,300,"Source2_Only",0.76312625250501
200,300,"Weighted",0.805210420841683
300,300,"Target_Only",0.783568584871516
300,300,"Source1_Only",0.676257690915671
300,300,"Source2_Only",0.715345638798408
300,300,"Weighted",0.79623597538907
100,500,"Target_Only",0.74468085106383
100,500,"Source1_Only",0.643617021276596
100,500,"Source2_Only",0.771276595744681
100,500,"Weighted",0.790780141843972
200,500,"Target_Only",0.724649629018961
200,500,"Source1_Only",0.624072547403133
200,500,"Source2_Only",0.713107996702391
200,500,"Weighted",0.741549876339654
300,500,"Target_Only",0.759352317141262
300,500,"Source1_Only",0.707053787455797
300,500,"Source2_Only",0.754513307277126
300,500,"Weighted",0.814256467522799
100,1000,"Target_Only",0.676970633693972
100,1000,"Source1_Only",0.703245749613601
100,1000,"Source2_Only",0.794435857805255
100,1000,"Weighted",0.794435857805255
200,1000,"Target_Only",0.730182926829268
200,1000,"Source1_Only",0.615853658536585
200,1000,"Source2_Only",0.801067073170732
200,1000,"Weighted",0.794969512195122
300,1000,"Target_Only",0.750577367205543
300,1000,"Source1_Only",0.661396340380174
300,1000,"Source2_Only",0.777047432936578
300,1000,"Weighted",0.791259548765322
