"Target_Size","Source_Size","Method","CIndex"
100,100,"Target_Only",0.671840354767184
100,100,"Source1_Only",0.518847006651885
100,100,"Source2_Only",0.789356984478936
100,100,"Weighted",0.793791574279379
200,100,"Target_Only",0.729405346426623
200,100,"Source1_Only",0.576650300054555
200,100,"Source2_Only",0.640480087288598
200,100,"Weighted",0.735406437534097
300,100,"Target_Only",0.82925122463261
300,100,"Source1_Only",0.692092372288313
300,100,"Source2_Only",0.759038954980173
300,100,"Weighted",0.842313972474924
100,300,"Target_Only",0.696491228070175
100,300,"Source1_Only",0.698245614035088
100,300,"Source2_Only",0.659649122807018
100,300,"Weighted",0.715789473684211
200,300,"Target_Only",0.75941230486685
200,300,"Source1_Only",0.669880624426079
200,300,"Source2_Only",0.86593204775023
200,300,"Weighted",0.858126721763085
300,300,"Target_Only",0.768128528006947
300,300,"Source1_Only",0.687798523664785
300,300,"Source2_Only",0.729266174554928
300,300,"Weighted",0.803300043421624
100,500,"Target_Only",0.800350262697023
100,500,"Source1_Only",0.816112084063047
100,500,"Source2_Only",0.863397548161121
100,500,"Weighted",0.905429071803853
200,500,"Target_Only",0.799332962757087
200,500,"Source1_Only",0.695942190105614
200,500,"Source2_Only",0.75875486381323
200,500,"Weighted",0.816008893829905
300,500,"Target_Only",0.780933935872606
300,500,"Source1_Only",0.73208521626856
300,500,"Source2_Only",0.727566171723693
300,500,"Weighted",0.815795136647299
100,1000,"Target_Only",0.746924428822496
100,1000,"Source1_Only",0.829525483304042
100,1000,"Source2_Only",0.773286467486819
100,1000,"Weighted",0.862917398945518
200,1000,"Target_Only",0.784037558685446
200,1000,"Source1_Only",0.690140845070423
200,1000,"Source2_Only",0.812676056338028
200,1000,"Weighted",0.834741784037559
300,1000,"Target_Only",0.762536261914629
300,1000,"Source1_Only",0.682760049730626
300,1000,"Source2_Only",0.787608785743887
300,1000,"Weighted",0.820140903439702
100,100,"Target_Only",0.720982142857143
100,100,"Source1_Only",0.642857142857143
100,100,"Source2_Only",0.720982142857143
100,100,"Weighted",0.819196428571429
200,100,"Target_Only",0.775829383886256
200,100,"Source1_Only",0.612322274881517
200,100,"Source2_Only",0.67914691943128
200,100,"Weighted",0.757345971563981
300,100,"Target_Only",0.819340918007062
300,100,"Source1_Only",0.697136131816399
300,100,"Source2_Only",0.70066692820714
300,100,"Weighted",0.816202432326403
100,300,"Target_Only",0.641681901279707
100,300,"Source1_Only",0.63254113345521
100,300,"Source2_Only",0.79890310786106
100,300,"Weighted",0.829981718464351
200,300,"Target_Only",0.731964191679832
200,300,"Source1_Only",0.595576619273302
200,300,"Source2_Only",0.852553975776725
200,300,"Weighted",0.832016850974197
300,300,"Target_Only",0.759170062986291
300,300,"Source1_Only",0.699518340125973
300,300,"Source2_Only",0.764357169321971
300,300,"Weighted",0.80974434975917
100,500,"Target_Only",0.673114119922631
100,500,"Source1_Only",0.752417794970986
100,500,"Source2_Only",0.729206963249516
100,500,"Weighted",0.777562862669246
200,500,"Target_Only",0.678096212896622
200,500,"Source1_Only",0.638689866939611
200,500,"Source2_Only",0.723643807574207
200,500,"Weighted",0.738485158648925
300,500,"Target_Only",0.791773778920309
300,500,"Source1_Only",0.668578208423967
300,500,"Source2_Only",0.82044690527981
300,500,"Weighted",0.833102630017797
100,1000,"Target_Only",0.759098786828423
100,1000,"Source1_Only",0.65684575389948
100,1000,"Source2_Only",0.783362218370884
100,1000,"Weighted",0.795493934142114
200,1000,"Target_Only",0.682486948267679
200,1000,"Source1_Only",0.736592311343142
200,1000,"Source2_Only",0.820598006644518
200,1000,"Weighted",0.795443758898908
300,1000,"Target_Only",0.781727099236641
300,1000,"Source1_Only",0.643368320610687
300,1000,"Source2_Only",0.806297709923664
300,1000,"Weighted",0.800095419847328
100,100,"Target_Only",0.662608695652174
100,100,"Source1_Only",0.765217391304348
100,100,"Source2_Only",0.735652173913043
100,100,"Weighted",0.787826086956522
200,100,"Target_Only",0.740792540792541
200,100,"Source1_Only",0.612121212121212
200,100,"Source2_Only",0.716083916083916
200,100,"Weighted",0.766899766899767
300,100,"Target_Only",0.839347604485219
300,100,"Source1_Only",0.675229357798165
300,100,"Source2_Only",0.732925586136595
300,100,"Weighted",0.808970438328237
100,300,"Target_Only",0.675615212527964
100,300,"Source1_Only",0.572706935123042
100,300,"Source2_Only",0.736017897091723
100,300,"Weighted",0.791946308724832
200,300,"Target_Only",0.770294380017841
200,300,"Source1_Only",0.65878679750223
200,300,"Source2_Only",0.763157894736842
200,300,"Weighted",0.810437109723461
300,300,"Target_Only",0.757673320455033
300,300,"Source1_Only",0.640051513200258
300,300,"Source2_Only",0.813908564069543
300,300,"Weighted",0.817342777420047
100,500,"Target_Only",0.692185007974482
100,500,"Source1_Only",0.634768740031898
100,500,"Source2_Only",0.76555023923445
100,500,"Weighted",0.748006379585327
200,500,"Target_Only",0.713610586011342
200,500,"Source1_Only",0.715973534971645
200,500,"Source2_Only",0.791587901701323
200,500,"Weighted",0.785916824196597
300,500,"Target_Only",0.737231680236862
300,500,"Source1_Only",0.653960029607698
300,500,"Source2_Only",0.757772020725389
300,500,"Weighted",0.773686158401184
100,1000,"Target_Only",0.825726141078838
100,1000,"Source1_Only",0.796680497925311
100,1000,"Source2_Only",0.782157676348548
100,1000,"Weighted",0.856846473029046
200,1000,"Target_Only",0.69294003868472
200,1000,"Source1_Only",0.724854932301741
200,1000,"Source2_Only",0.810928433268859
200,1000,"Weighted",0.79642166344294
300,1000,"Target_Only",0.808168316831683
300,1000,"Source1_Only",0.70276402640264
300,1000,"Source2_Only",0.811674917491749
300,1000,"Weighted",0.830445544554455
100,100,"Target_Only",0.675090252707581
100,100,"Source1_Only",0.740072202166065
100,100,"Source2_Only",0.702166064981949
100,100,"Weighted",0.763537906137184
200,100,"Target_Only",0.714034315882094
200,100,"Source1_Only",0.686317641882974
200,100,"Source2_Only",0.699956005279367
200,100,"Weighted",0.769467663880334
300,100,"Target_Only",0.781161758773699
300,100,"Source1_Only",0.698870512303348
300,100,"Source2_Only",0.744655102864058
300,100,"Weighted",0.799919322307382
100,300,"Target_Only",0.711217183770883
100,300,"Source1_Only",0.539379474940334
100,300,"Source2_Only",0.816229116945107
100,300,"Weighted",0.778042959427208
200,300,"Target_Only",0.744630071599045
200,300,"Source1_Only",0.722195704057279
200,300,"Source2_Only",0.707875894988067
200,300,"Weighted",0.759904534606205
300,300,"Target_Only",0.792623941958888
300,300,"Source1_Only",0.610439338976219
300,300,"Source2_Only",0.821644498186215
300,300,"Weighted",0.820838371624345
100,500,"Target_Only",0.706976744186047
100,500,"Source1_Only",0.71937984496124
100,500,"Source2_Only",0.722480620155039
100,500,"Weighted",0.748837209302326
200,500,"Target_Only",0.772933696639419
200,500,"Source1_Only",0.604904632152589
200,500,"Source2_Only",0.81244323342416
200,500,"Weighted",0.812897366030881
300,500,"Target_Only",0.77328821656051
300,500,"Source1_Only",0.673367834394904
300,500,"Source2_Only",0.779458598726115
300,500,"Weighted",0.814092356687898
100,1000,"Target_Only",0.801217038539554
100,1000,"Source1_Only",0.588235294117647
100,1000,"Source2_Only",0.886409736308316
100,1000,"Weighted",0.884381338742394
200,1000,"Target_Only",0.707317073170732
200,1000,"Source1_Only",0.635553470919325
200,1000,"Source2_Only",0.770168855534709
200,1000,"Weighted",0.76078799249531
300,1000,"Target_Only",0.716429107276819
300,1000,"Source1_Only",0.660352588147037
300,1000,"Source2_Only",0.763878469617404
300,1000,"Weighted",0.780007501875469
100,100,"Target_Only",0.713004484304933
100,100,"Source1_Only",0.551569506726457
100,100,"Source2_Only",0.701793721973094
100,100,"Weighted",0.81390134529148
200,100,"Target_Only",0.764988009592326
200,100,"Source1_Only",0.759232613908873
200,100,"Source2_Only",0.670983213429257
200,100,"Weighted",0.767386091127098
300,100,"Target_Only",0.805037683458945
300,100,"Source1_Only",0.626933756445855
300,100,"Source2_Only",0.74791749305831
300,100,"Weighted",0.808607695358984
100,300,"Target_Only",0.749460043196544
100,300,"Source1_Only",0.792656587473002
100,300,"Source2_Only",0.803455723542117
100,300,"Weighted",0.870410367170626
200,300,"Target_Only",0.698850574712644
200,300,"Source1_Only",0.711264367816092
200,300,"Source2_Only",0.765057471264368
200,300,"Weighted",0.773333333333333
300,300,"Target_Only",0.730542235337514
300,300,"Source1_Only",0.578937661379565
300,300,"Source2_Only",0.757838436001475
300,300,"Weighted",0.774437476945776
100,500,"Target_Only",0.720562390158172
100,500,"Source1_Only",0.65377855887522
100,500,"Source2_Only",0.692442882249561
100,500,"Weighted",0.755711775043937
200,500,"Target_Only",0.736367539716617
200,500,"Source1_Only",0.732932589094032
200,500,"Source2_Only",0.774581365392872
200,500,"Weighted",0.793902962644912
300,500,"Target_Only",0.801751094434021
300,500,"Source1_Only",0.638941004794663
300,500,"Source2_Only",0.77944548676256
300,500,"Weighted",0.826975192828851
100,1000,"Target_Only",0.682539682539683
100,1000,"Source1_Only",0.621315192743764
100,1000,"Source2_Only",0.81859410430839
100,1000,"Weighted",0.759637188208617
200,1000,"Target_Only",0.755597722960152
200,1000,"Source1_Only",0.690702087286527
200,1000,"Source2_Only",0.759392789373814
200,1000,"Weighted",0.810246679316888
300,1000,"Target_Only",0.742227247032222
300,1000,"Source1_Only",0.676276615790465
300,1000,"Source2_Only",0.756547955530432
300,1000,"Weighted",0.80064066327492
100,100,"Target_Only",0.739750445632799
100,100,"Source1_Only",0.684491978609626
100,100,"Source2_Only",0.811051693404635
100,100,"Weighted",0.807486631016043
200,100,"Target_Only",0.829509671614935
200,100,"Source1_Only",0.609986504723347
200,100,"Source2_Only",0.795321637426901
200,100,"Weighted",0.841205578047683
300,100,"Target_Only",0.777589852008457
300,100,"Source1_Only",0.714376321353066
300,100,"Source2_Only",0.783086680761099
300,100,"Weighted",0.816067653276956
100,300,"Target_Only",0.716216216216216
100,300,"Source1_Only",0.673745173745174
100,300,"Source2_Only",0.855212355212355
100,300,"Weighted",0.864864864864865
200,300,"Target_Only",0.745554035567715
200,300,"Source1_Only",0.749658002735978
200,300,"Source2_Only",0.74874601003192
200,300,"Weighted",0.79297765617875
300,300,"Target_Only",0.823583602026716
300,300,"Source1_Only",0.718562874251497
300,300,"Source2_Only",0.749193919852603
300,300,"Weighted",0.836020267157992
100,500,"Target_Only",0.777777777777778
100,500,"Source1_Only",0.689655172413793
100,500,"Source2_Only",0.837164750957854
100,500,"Weighted",0.833333333333333
200,500,"Target_Only",0.696629213483146
200,500,"Source1_Only",0.686641697877653
200,500,"Source2_Only",0.717852684144819
200,500,"Weighted",0.735330836454432
300,500,"Target_Only",0.767032511907227
300,500,"Source1_Only",0.683371298405467
300,500,"Source2_Only",0.79188237730379
300,500,"Weighted",0.821702215779665
100,1000,"Target_Only",0.71900826446281
100,1000,"Source1_Only",0.837465564738292
100,1000,"Source2_Only",0.768595041322314
100,1000,"Weighted",0.829201101928375
200,1000,"Target_Only",0.680320150659134
200,1000,"Source1_Only",0.657250470809793
200,1000,"Source2_Only",0.740112994350282
200,1000,"Weighted",0.777777777777778
300,1000,"Target_Only",0.764303070466092
300,1000,"Source1_Only",0.6770488182019
300,1000,"Source2_Only",0.740446211619174
300,1000,"Weighted",0.805389882924674
100,100,"Target_Only",0.679035250463822
100,100,"Source1_Only",0.666048237476809
100,100,"Source2_Only",0.690166975881262
100,100,"Weighted",0.74025974025974
200,100,"Target_Only",0.768918918918919
200,100,"Source1_Only",0.741441441441441
200,100,"Source2_Only",0.695045045045045
200,100,"Weighted",0.804504504504505
300,100,"Target_Only",0.776906628652887
300,100,"Source1_Only",0.588025659301497
300,100,"Source2_Only",0.722736992159658
300,100,"Weighted",0.779223093371347
100,300,"Target_Only",0.710191082802548
100,300,"Source1_Only",0.823248407643312
100,300,"Source2_Only",0.786624203821656
100,300,"Weighted",0.805732484076433
200,300,"Target_Only",0.71930567315834
200,300,"Source1_Only",0.666807790008467
200,300,"Source2_Only",0.787891617273497
200,300,"Weighted",0.821761219305673
300,300,"Target_Only",0.772892372395335
300,300,"Source1_Only",0.681896386924106
300,300,"Source2_Only",0.724909195182565
300,300,"Weighted",0.788759319441789
100,500,"Target_Only",0.643181818181818
100,500,"Source1_Only",0.745454545454545
100,500,"Source2_Only",0.704545454545455
100,500,"Weighted",0.770454545454546
200,500,"Target_Only",0.7243947858473
200,500,"Source1_Only",0.721135940409683
200,500,"Source2_Only",0.743947858472998
200,500,"Weighted",0.784450651769087
300,500,"Target_Only",0.715436810856658
300,500,"Source1_Only",0.701441899915182
300,500,"Source2_Only",0.720525869380831
300,500,"Weighted",0.755937234944869
100,1000,"Target_Only",0.649029982363316
100,1000,"Source1_Only",0.72310405643739
100,1000,"Source2_Only",0.700176366843034
100,1000,"Weighted",0.768959435626102
200,1000,"Target_Only",0.789728682170543
200,1000,"Source1_Only",0.777131782945736
200,1000,"Source2_Only",0.819282945736434
200,1000,"Weighted",0.837693798449612
300,1000,"Target_Only",0.708606378331149
300,1000,"Source1_Only",0.709043250327654
300,1000,"Source2_Only",0.740061162079511
300,1000,"Weighted",0.762341633901267
100,100,"Target_Only",0.785340314136126
100,100,"Source1_Only",0.712041884816754
100,100,"Source2_Only",0.760907504363002
100,100,"Weighted",0.792321116928447
200,100,"Target_Only",0.78699660359049
200,100,"Source1_Only",0.639980591945657
200,100,"Source2_Only",0.832605531295488
200,100,"Weighted",0.838913148956817
300,100,"Target_Only",0.787162162162162
300,100,"Source1_Only",0.640202702702703
300,100,"Source2_Only",0.619449806949807
300,100,"Weighted",0.76230694980695
100,300,"Target_Only",0.569264069264069
100,300,"Source1_Only",0.625541125541126
100,300,"Source2_Only",0.872294372294372
100,300,"Weighted",0.753246753246753
200,300,"Target_Only",0.79465611083622
200,300,"Source1_Only",0.648193963384463
200,300,"Source2_Only",0.761009401286492
200,300,"Weighted",0.817911924789708
300,300,"Target_Only",0.755592377796189
300,300,"Source1_Only",0.681441590720795
300,300,"Source2_Only",0.747721623860812
300,300,"Weighted",0.788525269262635
100,500,"Target_Only",0.729044834307992
100,500,"Source1_Only",0.627680311890838
100,500,"Source2_Only",0.789473684210526
100,500,"Weighted",0.795321637426901
200,500,"Target_Only",0.771061399333651
200,500,"Source1_Only",0.717277486910995
200,500,"Source2_Only",0.744883388862446
200,500,"Weighted",0.81722989052832
300,500,"Target_Only",0.77962577962578
300,500,"Source1_Only",0.622037422037422
300,500,"Source2_Only",0.773804573804574
300,500,"Weighted",0.8004158004158
100,1000,"Target_Only",0.639278557114228
100,1000,"Source1_Only",0.561122244488978
100,1000,"Source2_Only",0.751503006012024
100,1000,"Weighted",0.749498997995992
200,1000,"Target_Only",0.724456773000462
200,1000,"Source1_Only",0.669902912621359
200,1000,"Source2_Only",0.782246879334258
200,1000,"Weighted",0.798428109107721
300,1000,"Target_Only",0.77849150435143
300,1000,"Source1_Only",0.670534604227103
300,1000,"Source2_Only",0.81496062992126
300,1000,"Weighted",0.818897637795276
100,100,"Target_Only",0.531300160513644
100,100,"Source1_Only",0.629213483146067
100,100,"Source2_Only",0.69983948635634
100,100,"Weighted",0.686998394863563
200,100,"Target_Only",0.720848056537102
200,100,"Source1_Only",0.665636042402827
200,100,"Source2_Only",0.604240282685512
200,100,"Weighted",0.735865724381625
300,100,"Target_Only",0.775098249374777
300,100,"Source1_Only",0.654162200785995
300,100,"Source2_Only",0.773133261879243
300,100,"Weighted",0.822615219721329
100,300,"Target_Only",0.605351170568562
100,300,"Source1_Only",0.683946488294314
100,300,"Source2_Only",0.690635451505017
100,300,"Weighted",0.745819397993311
200,300,"Target_Only",0.727510917030568
200,300,"Source1_Only",0.628384279475983
200,300,"Source2_Only",0.742794759825327
200,300,"Weighted",0.780349344978166
300,300,"Target_Only",0.781926811053025
300,300,"Source1_Only",0.636482449589246
300,300,"Source2_Only",0.752987303958178
300,300,"Weighted",0.80470500373413
100,500,"Target_Only",0.702602230483271
100,500,"Source1_Only",0.633828996282528
100,500,"Source2_Only",0.741635687732342
100,500,"Weighted",0.802973977695167
200,500,"Target_Only",0.714663143989432
200,500,"Source1_Only",0.638044914134742
200,500,"Source2_Only",0.778071334214003
200,500,"Weighted",0.756935270805812
300,500,"Target_Only",0.755504777731616
300,500,"Source1_Only",0.656418778562526
300,500,"Source2_Only",0.845866223514749
300,500,"Weighted",0.841296219360199
100,1000,"Target_Only",0.704672897196262
100,1000,"Source1_Only",0.723364485981308
100,1000,"Source2_Only",0.796261682242991
100,1000,"Weighted",0.842990654205607
200,1000,"Target_Only",0.740851063829787
200,1000,"Source1_Only",0.616170212765957
200,1000,"Source2_Only",0.740851063829787
200,1000,"Weighted",0.792340425531915
300,1000,"Target_Only",0.757631822386679
300,1000,"Source1_Only",0.739130434782609
300,1000,"Source2_Only",0.806105457909343
300,1000,"Weighted",0.838297872340426
100,100,"Target_Only",0.825095057034221
100,100,"Source1_Only",0.612167300380228
100,100,"Source2_Only",0.619771863117871
100,100,"Weighted",0.792775665399239
200,100,"Target_Only",0.717517096265124
200,100,"Source1_Only",0.594423987375066
200,100,"Source2_Only",0.662283008942662
200,100,"Weighted",0.754339821146765
300,100,"Target_Only",0.732922954725973
300,100,"Source1_Only",0.601667990468626
300,100,"Source2_Only",0.714257347100874
300,100,"Weighted",0.743050039714059
100,300,"Target_Only",0.85132382892057
100,300,"Source1_Only",0.769857433808554
100,300,"Source2_Only",0.796334012219959
100,300,"Weighted",0.879837067209776
200,300,"Target_Only",0.747359154929577
200,300,"Source1_Only",0.707306338028169
200,300,"Source2_Only",0.725792253521127
200,300,"Weighted",0.790933098591549
300,300,"Target_Only",0.808986539984165
300,300,"Source1_Only",0.653404592240697
300,300,"Source2_Only",0.822248614410135
300,300,"Weighted",0.841646872525732
100,500,"Target_Only",0.66903073286052
100,500,"Source1_Only",0.754137115839243
100,500,"Source2_Only",0.777777777777778
100,500,"Weighted",0.765957446808511
200,500,"Target_Only",0.737117903930131
200,500,"Source1_Only",0.667685589519651
200,500,"Source2_Only",0.795196506550218
200,500,"Weighted",0.820524017467249
300,500,"Target_Only",0.797444089456869
300,500,"Source1_Only",0.725452609158679
300,500,"Source2_Only",0.809797657082002
300,500,"Weighted",0.836847710330138
100,1000,"Target_Only",0.828150572831424
100,1000,"Source1_Only",0.672667757774141
100,1000,"Source2_Only",0.759410801963993
100,1000,"Weighted",0.852700490998363
200,1000,"Target_Only",0.697556477639465
200,1000,"Source1_Only",0.6855693868142
200,1000,"Source2_Only",0.821576763485477
200,1000,"Weighted",0.803135085292762
300,1000,"Target_Only",0.76692878986457
300,1000,"Source1_Only",0.692660550458716
300,1000,"Source2_Only",0.81389252948886
300,1000,"Weighted",0.82000873743993
100,100,"Target_Only",0.637837837837838
100,100,"Source1_Only",0.625225225225225
100,100,"Source2_Only",0.643243243243243
100,100,"Weighted",0.704504504504505
200,100,"Target_Only",0.610871905274489
200,100,"Source1_Only",0.694833153928956
200,100,"Source2_Only",0.61194833153929
200,100,"Weighted",0.669537136706136
300,100,"Target_Only",0.751321715292735
300,100,"Source1_Only",0.623849618171138
300,100,"Source2_Only",0.767182298805561
300,100,"Weighted",0.785980027413354
100,300,"Target_Only",0.709302325581395
100,300,"Source1_Only",0.622093023255814
100,300,"Source2_Only",0.775193798449612
100,300,"Weighted",0.786821705426357
200,300,"Target_Only",0.718323127649553
200,300,"Source1_Only",0.663683466792275
200,300,"Source2_Only",0.753179463024023
200,300,"Weighted",0.797927461139896
300,300,"Target_Only",0.734032411820782
300,300,"Source1_Only",0.594661582459485
300,300,"Source2_Only",0.697044804575786
300,300,"Weighted",0.756530028598665
100,500,"Target_Only",0.768421052631579
100,500,"Source1_Only",0.705263157894737
100,500,"Source2_Only",0.82280701754386
100,500,"Weighted",0.815789473684211
200,500,"Target_Only",0.668294849023091
200,500,"Source1_Only",0.711367673179396
200,500,"Source2_Only",0.684280639431616
200,500,"Weighted",0.737122557726465
300,500,"Target_Only",0.773033707865169
300,500,"Source1_Only",0.575730337078652
300,500,"Source2_Only",0.764044943820225
300,500,"Weighted",0.78561797752809
100,1000,"Target_Only",0.84954128440367
100,1000,"Source1_Only",0.744954128440367
100,1000,"Source2_Only",0.845871559633028
100,1000,"Weighted",0.860550458715596
200,1000,"Target_Only",0.769539973202322
200,1000,"Source1_Only",0.636444841447075
200,1000,"Source2_Only",0.787851719517642
200,1000,"Weighted",0.808843233586423
300,1000,"Target_Only",0.817949725058916
300,1000,"Source1_Only",0.717596229379419
300,1000,"Source2_Only",0.826394344069128
300,1000,"Weighted",0.850353495679497
100,100,"Target_Only",0.681574239713775
100,100,"Source1_Only",0.742397137745975
100,100,"Source2_Only",0.762075134168157
100,100,"Weighted",0.826475849731664
200,100,"Target_Only",0.746719160104987
200,100,"Source1_Only",0.656167979002625
200,100,"Source2_Only",0.739720034995626
200,100,"Weighted",0.800962379702537
300,100,"Target_Only",0.815545959284392
300,100,"Source1_Only",0.782438823771335
300,100,"Source2_Only",0.758996504215505
300,100,"Weighted",0.860579888957434
100,300,"Target_Only",0.816842105263158
100,300,"Source1_Only",0.730526315789474
100,300,"Source2_Only",0.806315789473684
100,300,"Weighted",0.884210526315789
200,300,"Target_Only",0.802855573860516
200,300,"Source1_Only",0.677100494233937
200,300,"Source2_Only",0.833058758923668
200,300,"Weighted",0.85447556287754
300,300,"Target_Only",0.736111111111111
300,300,"Source1_Only",0.635654490106545
300,300,"Source2_Only",0.771118721461187
300,300,"Weighted",0.775304414003044
100,500,"Target_Only",0.660569105691057
100,500,"Source1_Only",0.65650406504065
100,500,"Source2_Only",0.741869918699187
100,500,"Weighted",0.790650406504065
200,500,"Target_Only",0.692597831211693
200,500,"Source1_Only",0.626119754832626
200,500,"Source2_Only",0.705327675624705
200,500,"Weighted",0.752946723243753
300,500,"Target_Only",0.76076032335591
300,500,"Source1_Only",0.643871531570898
300,500,"Source2_Only",0.790037142232904
300,500,"Weighted",0.804894035394363
100,1000,"Target_Only",0.574358974358974
100,1000,"Source1_Only",0.615384615384615
100,1000,"Source2_Only",0.78974358974359
100,1000,"Weighted",0.747008547008547
200,1000,"Target_Only",0.69831013916501
200,1000,"Source1_Only",0.702783300198807
200,1000,"Source2_Only",0.740059642147117
200,1000,"Weighted",0.764910536779324
300,1000,"Target_Only",0.77200802317807
300,1000,"Source1_Only",0.752618676175618
300,1000,"Source2_Only",0.792288834410519
300,1000,"Weighted",0.816581234677959
100,100,"Target_Only",0.744582043343653
100,100,"Source1_Only",0.752321981424149
100,100,"Source2_Only",0.71671826625387
100,100,"Weighted",0.780185758513932
200,100,"Target_Only",0.700304480208786
200,100,"Source1_Only",0.571987820791649
200,100,"Source2_Only",0.616789908655937
200,100,"Weighted",0.678120922140061
300,100,"Target_Only",0.735044462409054
300,100,"Source1_Only",0.629547291835085
300,100,"Source2_Only",0.72554567502021
300,100,"Weighted",0.764349232012935
100,300,"Target_Only",0.810810810810811
100,300,"Source1_Only",0.673596673596674
100,300,"Source2_Only",0.760914760914761
100,300,"Weighted",0.817047817047817
200,300,"Target_Only",0.71685487243831
200,300,"Source1_Only",0.59012965286491
200,300,"Source2_Only",0.774153074027603
200,300,"Weighted",0.797574236721037
300,300,"Target_Only",0.761557644350662
300,300,"Source1_Only",0.660272395933244
300,300,"Source2_Only",0.777671206598887
300,300,"Weighted",0.795319393823134
100,500,"Target_Only",0.729200652528548
100,500,"Source1_Only",0.699836867862969
100,500,"Source2_Only",0.747145187601958
100,500,"Weighted",0.791190864600326
200,500,"Target_Only",0.844907407407407
200,500,"Source1_Only",0.759259259259259
200,500,"Source2_Only",0.815740740740741
200,500,"Weighted",0.8625
300,500,"Target_Only",0.774132492113565
300,500,"Source1_Only",0.701787592008412
300,500,"Source2_Only",0.813669821240799
300,500,"Weighted",0.843743427970557
100,1000,"Target_Only",0.849315068493151
100,1000,"Source1_Only",0.73972602739726
100,1000,"Source2_Only",0.894324853228963
100,1000,"Weighted",0.917808219178082
200,1000,"Target_Only",0.753381424706943
200,1000,"Source1_Only",0.623985572587917
200,1000,"Source2_Only",0.78990081154193
200,1000,"Weighted",0.796663660955816
300,1000,"Target_Only",0.757128412537917
300,1000,"Source1_Only",0.704145601617796
300,1000,"Source2_Only",0.789079878665318
300,1000,"Weighted",0.815369059656218
100,100,"Target_Only",0.654440154440154
100,100,"Source1_Only",0.675675675675676
100,100,"Source2_Only",0.747104247104247
100,100,"Weighted",0.768339768339768
200,100,"Target_Only",0.757257257257257
200,100,"Source1_Only",0.737737737737738
200,100,"Source2_Only",0.675175175175175
200,100,"Weighted",0.78978978978979
300,100,"Target_Only",0.768603069749369
300,100,"Source1_Only",0.689527880318632
300,100,"Source2_Only",0.669516223042549
300,100,"Weighted",0.789197590829609
100,300,"Target_Only",0.673469387755102
100,300,"Source1_Only",0.645640074211503
100,300,"Source2_Only",0.599257884972171
100,300,"Weighted",0.714285714285714
200,300,"Target_Only",0.772466539196941
200,300,"Source1_Only",0.710803059273423
200,300,"Source2_Only",0.735181644359465
200,300,"Weighted",0.831739961759082
300,300,"Target_Only",0.783836416747809
300,300,"Source1_Only",0.704965920155794
300,300,"Source2_Only",0.761830574488802
300,300,"Weighted",0.820058422590068
100,500,"Target_Only",0.69672131147541
100,500,"Source1_Only",0.668852459016393
100,500,"Source2_Only",0.740983606557377
100,500,"Weighted",0.757377049180328
200,500,"Target_Only",0.790741615493623
200,500,"Source1_Only",0.679735474728389
200,500,"Source2_Only",0.728389230042513
200,500,"Weighted",0.82569674067076
300,500,"Target_Only",0.706410779910167
300,500,"Source1_Only",0.644957125357289
300,500,"Source2_Only",0.732543895467538
300,500,"Weighted",0.738873009391588
100,1000,"Target_Only",0.732824427480916
100,1000,"Source1_Only",0.702290076335878
100,1000,"Source2_Only",0.819338422391858
100,1000,"Weighted",0.798982188295165
200,1000,"Target_Only",0.761970534069982
200,1000,"Source1_Only",0.705801104972376
200,1000,"Source2_Only",0.802946593001842
200,1000,"Weighted",0.839318600368324
300,1000,"Target_Only",0.752804046624148
300,1000,"Source1_Only",0.666153507807346
300,1000,"Source2_Only",0.749285243017374
300,1000,"Weighted",0.789531559269848
100,100,"Target_Only",0.825531914893617
100,100,"Source1_Only",0.668085106382979
100,100,"Source2_Only",0.770212765957447
100,100,"Weighted",0.851063829787234
200,100,"Target_Only",0.711719802424787
200,100,"Source1_Only",0.624158060170633
200,100,"Source2_Only",0.679838347552762
200,100,"Weighted",0.74898967220476
300,100,"Target_Only",0.796122448979592
300,100,"Source1_Only",0.710612244897959
300,100,"Source2_Only",0.70734693877551
300,100,"Weighted",0.816122448979592
100,300,"Target_Only",0.791111111111111
100,300,"Source1_Only",0.704444444444444
100,300,"Source2_Only",0.806666666666667
100,300,"Weighted",0.855555555555556
200,300,"Target_Only",0.694879832810867
200,300,"Source1_Only",0.712121212121212
200,300,"Source2_Only",0.734587251828631
200,300,"Weighted",0.754963427377221
300,300,"Target_Only",0.745956873315364
300,300,"Source1_Only",0.652291105121294
300,300,"Source2_Only",0.777178796046721
300,300,"Weighted",0.780098831985624
100,500,"Target_Only",0.697394789579158
100,500,"Source1_Only",0.751503006012024
100,500,"Source2_Only",0.599198396793587
100,500,"Weighted",0.705410821643287
200,500,"Target_Only",0.755343337880855
200,500,"Source1_Only",0.70350159163256
200,500,"Source2_Only",0.780354706684857
200,500,"Weighted",0.809458844929513
300,500,"Target_Only",0.781305114638448
300,500,"Source1_Only",0.682980599647266
300,500,"Source2_Only",0.796516754850088
300,500,"Weighted",0.822530864197531
100,1000,"Target_Only",0.63855421686747
100,1000,"Source1_Only",0.696787148594378
100,1000,"Source2_Only",0.795180722891566
100,1000,"Weighted",0.819277108433735
200,1000,"Target_Only",0.764415156507414
200,1000,"Source1_Only",0.605161998901702
200,1000,"Source2_Only",0.775947281713344
200,1000,"Weighted",0.779242174629325
300,1000,"Target_Only",0.670079868933033
300,1000,"Source1_Only",0.699160352242474
300,1000,"Source2_Only",0.708785582633627
300,1000,"Weighted",0.736432520991194
100,100,"Target_Only",0.772425249169435
100,100,"Source1_Only",0.629568106312292
100,100,"Source2_Only",0.800664451827243
100,100,"Weighted",0.825581395348837
200,100,"Target_Only",0.715105162523901
200,100,"Source1_Only",0.65774378585086
200,100,"Source2_Only",0.802103250478011
200,100,"Weighted",0.784416826003824
300,100,"Target_Only",0.730811524081812
300,100,"Source1_Only",0.665053881680229
300,100,"Source2_Only",0.729711897954695
300,100,"Weighted",0.77787552232241
100,300,"Target_Only",0.776965265082267
100,300,"Source1_Only",0.689213893967093
100,300,"Source2_Only",0.769652650822669
100,300,"Weighted",0.835466179159049
200,300,"Target_Only",0.789782244556114
200,300,"Source1_Only",0.724455611390285
200,300,"Source2_Only",0.815745393634841
200,300,"Weighted",0.845058626465662
300,300,"Target_Only",0.779307631785995
300,300,"Source1_Only",0.63985051140834
300,300,"Source2_Only",0.732100708103855
300,300,"Weighted",0.794059795436664
100,500,"Target_Only",0.609704641350211
100,500,"Source1_Only",0.710970464135021
100,500,"Source2_Only",0.784810126582278
100,500,"Weighted",0.721518987341772
200,500,"Target_Only",0.746710526315789
200,500,"Source1_Only",0.628289473684211
200,500,"Source2_Only",0.74765037593985
200,500,"Weighted",0.771616541353384
300,500,"Target_Only",0.711743119266055
300,500,"Source1_Only",0.656880733944954
300,500,"Source2_Only",0.744036697247706
300,500,"Weighted",0.752293577981651
100,1000,"Target_Only",0.605704697986577
100,1000,"Source1_Only",0.662751677852349
100,1000,"Source2_Only",0.751677852348993
100,1000,"Weighted",0.733221476510067
200,1000,"Target_Only",0.668975754576942
200,1000,"Source1_Only",0.668975754576942
200,1000,"Source2_Only",0.693221177634834
200,1000,"Weighted",0.735774369124196
300,1000,"Target_Only",0.766539923954373
300,1000,"Source1_Only",0.726996197718631
300,1000,"Source2_Only",0.827376425855513
300,1000,"Weighted",0.831558935361217
100,100,"Target_Only",0.707910750507099
100,100,"Source1_Only",0.661257606490872
100,100,"Source2_Only",0.760649087221095
100,100,"Weighted",0.754563894523327
200,100,"Target_Only",0.703465346534653
200,100,"Source1_Only",0.678712871287129
200,100,"Source2_Only",0.678712871287129
200,100,"Weighted",0.770792079207921
300,100,"Target_Only",0.816470054446461
300,100,"Source1_Only",0.736842105263158
300,100,"Source2_Only",0.717332123411978
300,100,"Weighted",0.83008166969147
100,300,"Target_Only",0.774757281553398
100,300,"Source1_Only",0.619417475728155
100,300,"Source2_Only",0.687378640776699
100,300,"Weighted",0.780582524271845
200,300,"Target_Only",0.821997105643994
200,300,"Source1_Only",0.739025566811384
200,300,"Source2_Only",0.825856246985046
200,300,"Weighted",0.865894838398456
300,300,"Target_Only",0.781437705870955
300,300,"Source1_Only",0.677388103080798
300,300,"Source2_Only",0.787831815539624
300,300,"Weighted",0.821546211974424
100,500,"Target_Only",0.69589552238806
100,500,"Source1_Only",0.83955223880597
100,500,"Source2_Only",0.779850746268657
100,500,"Weighted",0.82089552238806
200,500,"Target_Only",0.794503171247357
200,500,"Source1_Only",0.706553911205074
200,500,"Source2_Only",0.773361522198732
200,500,"Weighted",0.835095137420719
300,500,"Target_Only",0.78021978021978
300,500,"Source1_Only",0.65974025974026
300,500,"Source2_Only",0.812587412587413
300,500,"Weighted",0.830769230769231
100,1000,"Target_Only",0.736434108527132
100,1000,"Source1_Only",0.711240310077519
100,1000,"Source2_Only",0.705426356589147
100,1000,"Weighted",0.786821705426357
200,1000,"Target_Only",0.820497630331753
200,1000,"Source1_Only",0.748815165876777
200,1000,"Source2_Only",0.783175355450237
200,1000,"Weighted",0.869668246445498
300,1000,"Target_Only",0.732457940090275
300,1000,"Source1_Only",0.743331965531391
300,1000,"Source2_Only",0.754411161263849
300,1000,"Weighted",0.791341813705375
100,100,"Target_Only",0.680311890838207
100,100,"Source1_Only",0.489278752436647
100,100,"Source2_Only",0.760233918128655
100,100,"Weighted",0.783625730994152
200,100,"Target_Only",0.778337531486146
200,100,"Source1_Only",0.610411418975651
200,100,"Source2_Only",0.771620486985726
200,100,"Weighted",0.82703610411419
300,100,"Target_Only",0.720184447704884
300,100,"Source1_Only",0.639488576818277
300,100,"Source2_Only",0.6954516872773
300,100,"Weighted",0.74596520645567
100,300,"Target_Only",0.591379310344828
100,300,"Source1_Only",0.594827586206897
100,300,"Source2_Only",0.63448275862069
100,300,"Weighted",0.655172413793103
200,300,"Target_Only",0.706094808126411
200,300,"Source1_Only",0.745823927765237
200,300,"Source2_Only",0.804063205417607
200,300,"Weighted",0.826636568848758
300,300,"Target_Only",0.785136762429038
300,300,"Source1_Only",0.69981076896611
300,300,"Source2_Only",0.72234646482023
300,300,"Weighted",0.801823499053845
100,500,"Target_Only",0.716612377850163
100,500,"Source1_Only",0.55700325732899
100,500,"Source2_Only",0.869706840390879
100,500,"Weighted",0.845276872964169
200,500,"Target_Only",0.721141911460488
200,500,"Source1_Only",0.631361191559785
200,500,"Source2_Only",0.801820438560199
200,500,"Weighted",0.795200661977658
300,500,"Target_Only",0.756590909090909
300,500,"Source1_Only",0.683181818181818
300,500,"Source2_Only",0.76
300,500,"Weighted",0.799090909090909
100,1000,"Target_Only",0.807984790874525
100,1000,"Source1_Only",0.783269961977186
100,1000,"Source2_Only",0.857414448669201
100,1000,"Weighted",0.887832699619772
200,1000,"Target_Only",0.683361629881154
200,1000,"Source1_Only",0.639643463497453
200,1000,"Source2_Only",0.803056027164686
200,1000,"Weighted",0.793718166383701
300,1000,"Target_Only",0.803179055633474
300,1000,"Source1_Only",0.705703599812997
300,1000,"Source2_Only",0.796867695184666
300,1000,"Weighted",0.858345021037868
100,100,"Target_Only",0.662983425414365
100,100,"Source1_Only",0.60036832412523
100,100,"Source2_Only",0.631675874769797
100,100,"Weighted",0.666666666666667
200,100,"Target_Only",0.731757032205463
200,100,"Source1_Only",0.681206685690991
200,100,"Source2_Only",0.708927843456991
200,100,"Weighted",0.780676722380758
300,100,"Target_Only",0.766623488773748
300,100,"Source1_Only",0.657599309153713
300,100,"Source2_Only",0.748056994818653
300,100,"Weighted",0.787780656303972
100,300,"Target_Only",0.692436974789916
100,300,"Source1_Only",0.761344537815126
100,300,"Source2_Only",0.73109243697479
100,300,"Weighted",0.771428571428571
200,300,"Target_Only",0.760952380952381
200,300,"Source1_Only",0.741904761904762
200,300,"Source2_Only",0.757142857142857
200,300,"Weighted",0.780952380952381
300,300,"Target_Only",0.788446054750403
300,300,"Source1_Only",0.69182769726248
300,300,"Source2_Only",0.745571658615137
300,300,"Weighted",0.809983896940419
100,500,"Target_Only",0.798828125
100,500,"Source1_Only",0.759765625
100,500,"Source2_Only",0.79296875
100,500,"Weighted",0.88671875
200,500,"Target_Only",0.713110539845758
200,500,"Source1_Only",0.670951156812339
200,500,"Source2_Only",0.69974293059126
200,500,"Weighted",0.756298200514139
300,500,"Target_Only",0.745
300,500,"Source1_Only",0.7062
300,500,"Source2_Only",0.7328
300,500,"Weighted",0.7904
100,1000,"Target_Only",0.655115511551155
100,1000,"Source1_Only",0.755775577557756
100,1000,"Source2_Only",0.783828382838284
100,1000,"Weighted",0.8003300330033
200,1000,"Target_Only",0.6901728844404
200,1000,"Source1_Only",0.656050955414013
200,1000,"Source2_Only",0.740673339399454
200,1000,"Weighted",0.772975432211101
300,1000,"Target_Only",0.764152914142469
300,1000,"Source1_Only",0.688740338416545
300,1000,"Source2_Only",0.814915395863798
300,1000,"Weighted",0.831627324002507
100,100,"Target_Only",0.743157894736842
100,100,"Source1_Only",0.736842105263158
100,100,"Source2_Only",0.734736842105263
100,100,"Weighted",0.821052631578947
200,100,"Target_Only",0.740483012689316
200,100,"Source1_Only",0.624641833810888
200,100,"Source2_Only",0.659844453540729
200,100,"Weighted",0.741711011051985
300,100,"Target_Only",0.74331550802139
300,100,"Source1_Only",0.627993489886073
300,100,"Source2_Only",0.69890723087654
300,100,"Weighted",0.755870727737735
100,300,"Target_Only",0.68735632183908
100,300,"Source1_Only",0.726436781609195
100,300,"Source2_Only",0.8
100,300,"Weighted",0.747126436781609
200,300,"Target_Only",0.672131147540984
200,300,"Source1_Only",0.625931445603577
200,300,"Source2_Only",0.751614505712866
200,300,"Weighted",0.775459513164431
300,300,"Target_Only",0.784169640982574
300,300,"Source1_Only",0.719504513961789
300,300,"Source2_Only",0.762754566449717
300,300,"Weighted",0.815242494226328
100,500,"Target_Only",0.782945736434109
100,500,"Source1_Only",0.618217054263566
100,500,"Source2_Only",0.852713178294574
100,500,"Weighted",0.912790697674419
200,500,"Target_Only",0.756913470115968
200,500,"Source1_Only",0.693131132917038
200,500,"Source2_Only",0.805976806422837
200,500,"Weighted",0.82114183764496
300,500,"Target_Only",0.74810379241517
300,500,"Source1_Only",0.710179640718563
300,500,"Source2_Only",0.746107784431138
300,500,"Weighted",0.778642714570858
100,1000,"Target_Only",0.589219330855019
100,1000,"Source1_Only",0.652416356877323
100,1000,"Source2_Only",0.821561338289963
100,1000,"Weighted",0.799256505576208
200,1000,"Target_Only",0.767343086361491
200,1000,"Source1_Only",0.63850873053327
200,1000,"Source2_Only",0.82444549315715
200,1000,"Weighted",0.831996224634261
300,1000,"Target_Only",0.776370431893688
300,1000,"Source1_Only",0.718646179401993
300,1000,"Source2_Only",0.751661129568106
300,1000,"Weighted",0.808762458471761
100,100,"Target_Only",0.731234866828087
100,100,"Source1_Only",0.714285714285714
100,100,"Source2_Only",0.820823244552058
100,100,"Weighted",0.845036319612591
200,100,"Target_Only",0.825499412455934
200,100,"Source1_Only",0.694477085781434
200,100,"Source2_Only",0.787309048178613
200,100,"Weighted",0.86780258519389
300,100,"Target_Only",0.797125950972105
300,100,"Source1_Only",0.644970414201183
300,100,"Source2_Only",0.772189349112426
300,100,"Weighted",0.811496196111581
100,300,"Target_Only",0.735849056603774
100,300,"Source1_Only",0.675814751286449
100,300,"Source2_Only",0.740994854202401
100,300,"Weighted",0.807890222984563
200,300,"Target_Only",0.669247311827957
200,300,"Source1_Only",0.703655913978495
200,300,"Source2_Only",0.742795698924731
200,300,"Weighted",0.771612903225806
300,300,"Target_Only",0.745435016111708
300,300,"Source1_Only",0.644897959183673
300,300,"Source2_Only",0.750375939849624
300,300,"Weighted",0.771428571428571
100,500,"Target_Only",0.806378132118451
100,500,"Source1_Only",0.710706150341686
100,500,"Source2_Only",0.82004555808656
100,500,"Weighted",0.856492027334852
200,500,"Target_Only",0.744700894959962
200,500,"Source1_Only",0.609514837494112
200,500,"Source2_Only",0.801695713612812
200,500,"Weighted",0.814884597268017
300,500,"Target_Only",0.774651333496452
300,500,"Source1_Only",0.683141668705652
300,500,"Source2_Only",0.783704428676291
300,500,"Weighted",0.806704183998043
100,1000,"Target_Only",0.806159420289855
100,1000,"Source1_Only",0.844202898550725
100,1000,"Source2_Only",0.798913043478261
100,1000,"Weighted",0.86231884057971
200,1000,"Target_Only",0.743623000432339
200,1000,"Source1_Only",0.672287073065283
200,1000,"Source2_Only",0.797233030696066
200,1000,"Weighted",0.816688283614354
300,1000,"Target_Only",0.789793702497286
300,1000,"Source1_Only",0.703583061889251
300,1000,"Source2_Only",0.765689467969598
300,1000,"Weighted",0.841476655808903
100,100,"Target_Only",0.752151462994836
100,100,"Source1_Only",0.655765920826162
100,100,"Source2_Only",0.783132530120482
100,100,"Weighted",0.826161790017212
200,100,"Target_Only",0.761437908496732
200,100,"Source1_Only",0.629901960784314
200,100,"Source2_Only",0.706290849673203
200,100,"Weighted",0.793300653594771
300,100,"Target_Only",0.751462621885157
300,100,"Source1_Only",0.709425785482124
300,100,"Source2_Only",0.77919826652221
300,100,"Weighted",0.827518959913326
100,300,"Target_Only",0.602040816326531
100,300,"Source1_Only",0.697959183673469
100,300,"Source2_Only",0.708163265306123
100,300,"Weighted",0.791836734693877
200,300,"Target_Only",0.738390804597701
200,300,"Source1_Only",0.662068965517241
200,300,"Source2_Only",0.768275862068966
200,300,"Weighted",0.789425287356322
300,300,"Target_Only",0.732222673709874
300,300,"Source1_Only",0.614790735473385
300,300,"Source2_Only",0.745022348638765
300,300,"Weighted",0.752133279154815
100,500,"Target_Only",0.731277533039648
100,500,"Source1_Only",0.698237885462555
100,500,"Source2_Only",0.777533039647577
100,500,"Weighted",0.79295154185022
200,500,"Target_Only",0.737066666666667
200,500,"Source1_Only",0.601066666666667
200,500,"Source2_Only",0.762133333333333
200,500,"Weighted",0.792533333333333
300,500,"Target_Only",0.793644408688656
300,500,"Source1_Only",0.664119066773934
300,500,"Source2_Only",0.728077232502011
300,500,"Weighted",0.793644408688656
100,1000,"Target_Only",0.767123287671233
100,1000,"Source1_Only",0.682648401826484
100,1000,"Source2_Only",0.735159817351598
100,1000,"Weighted",0.824200913242009
200,1000,"Target_Only",0.754897494305239
200,1000,"Source1_Only",0.7125284738041
200,1000,"Source2_Only",0.775854214123007
200,1000,"Weighted",0.803644646924829
300,1000,"Target_Only",0.803413264203932
300,1000,"Source1_Only",0.792827824584143
300,1000,"Source2_Only",0.805573558003889
300,1000,"Weighted",0.856772521062865
100,100,"Target_Only",0.780434782608696
100,100,"Source1_Only",0.632608695652174
100,100,"Source2_Only",0.673913043478261
100,100,"Weighted",0.78695652173913
200,100,"Target_Only",0.832789939450396
200,100,"Source1_Only",0.691662785281788
200,100,"Source2_Only",0.731718677224033
200,100,"Weighted",0.815090824406148
300,100,"Target_Only",0.726644282046218
300,100,"Source1_Only",0.655145170847324
300,100,"Source2_Only",0.709065771281849
300,100,"Weighted",0.757258542366186
100,300,"Target_Only",0.815175097276265
100,300,"Source1_Only",0.756809338521401
100,300,"Source2_Only",0.778210116731518
100,300,"Weighted",0.861867704280156
200,300,"Target_Only",0.736867704280156
200,300,"Source1_Only",0.666342412451362
200,300,"Source2_Only",0.702821011673152
200,300,"Weighted",0.77772373540856
300,300,"Target_Only",0.744795836669335
300,300,"Source1_Only",0.722177742193755
300,300,"Source2_Only",0.756004803843074
300,300,"Weighted",0.80324259407526
100,500,"Target_Only",0.69017094017094
100,500,"Source1_Only",0.688034188034188
100,500,"Source2_Only",0.758547008547009
100,500,"Weighted",0.762820512820513
200,500,"Target_Only",0.84375
200,500,"Source1_Only",0.645337301587302
200,500,"Source2_Only",0.830853174603175
200,500,"Weighted",0.848710317460317
300,500,"Target_Only",0.793497892835641
300,500,"Source1_Only",0.713425647200482
300,500,"Source2_Only",0.726871362632952
300,500,"Weighted",0.820991370660245
100,1000,"Target_Only",0.620634920634921
100,1000,"Source1_Only",0.641269841269841
100,1000,"Source2_Only",0.682539682539683
100,1000,"Weighted",0.663492063492063
200,1000,"Target_Only",0.741768579492004
200,1000,"Source1_Only",0.67450611476952
200,1000,"Source2_Only",0.825964252116651
200,1000,"Weighted",0.81796801505174
300,1000,"Target_Only",0.782354171022371
300,1000,"Source1_Only",0.694334099937278
300,1000,"Source2_Only",0.796780263432992
300,1000,"Weighted",0.825423374451181
100,100,"Target_Only",0.712890625
100,100,"Source1_Only",0.677734375
100,100,"Source2_Only",0.6484375
100,100,"Weighted",0.705078125
200,100,"Target_Only",0.741370928536704
200,100,"Source1_Only",0.659698590179874
200,100,"Source2_Only",0.752552260573651
200,100,"Weighted",0.787068546426835
300,100,"Target_Only",0.761016949152542
300,100,"Source1_Only",0.68114406779661
300,100,"Source2_Only",0.720127118644068
300,100,"Weighted",0.772033898305085
100,300,"Target_Only",0.692561983471074
100,300,"Source1_Only",0.755371900826446
100,300,"Source2_Only",0.694214876033058
100,300,"Weighted",0.775206611570248
200,300,"Target_Only",0.755536626916525
200,300,"Source1_Only",0.589011925042589
200,300,"Source2_Only",0.75809199318569
200,300,"Weighted",0.801959114139693
300,300,"Target_Only",0.769706336939722
300,300,"Source1_Only",0.642967542503864
300,300,"Source2_Only",0.75
300,300,"Weighted",0.795015455950541
100,500,"Target_Only",0.659491193737769
100,500,"Source1_Only",0.634050880626223
100,500,"Source2_Only",0.747553816046967
100,500,"Weighted",0.726027397260274
200,500,"Target_Only",0.758748456154796
200,500,"Source1_Only",0.723342939481268
200,500,"Source2_Only",0.804446274186908
200,500,"Weighted",0.815973651708522
300,500,"Target_Only",0.741993594875901
300,500,"Source1_Only",0.685548438751001
300,500,"Source2_Only",0.697958366693355
300,500,"Weighted",0.767814251401121
100,1000,"Target_Only",0.742424242424242
100,1000,"Source1_Only",0.668350168350168
100,1000,"Source2_Only",0.725589225589226
100,1000,"Weighted",0.792929292929293
200,1000,"Target_Only",0.777670372160464
200,1000,"Source1_Only",0.674722087965201
200,1000,"Source2_Only",0.803286611889802
200,1000,"Weighted",0.844369260512325
300,1000,"Target_Only",0.813046258793434
300,1000,"Source1_Only",0.717970581965466
300,1000,"Source2_Only",0.833510978469409
300,1000,"Weighted",0.859731400554253
100,100,"Target_Only",0.788830715532286
100,100,"Source1_Only",0.668411867364747
100,100,"Source2_Only",0.68760907504363
100,100,"Weighted",0.792321116928447
200,100,"Target_Only",0.764365256124722
200,100,"Source1_Only",0.647661469933185
200,100,"Source2_Only",0.755011135857461
200,100,"Weighted",0.824053452115813
300,100,"Target_Only",0.755988315481986
300,100,"Source1_Only",0.725219084712756
300,100,"Source2_Only",0.729113924050633
300,100,"Weighted",0.812463485881207
100,300,"Target_Only",0.595278246205734
100,300,"Source1_Only",0.659359190556492
100,300,"Source2_Only",0.762225969645868
100,300,"Weighted",0.75885328836425
200,300,"Target_Only",0.781905594405594
200,300,"Source1_Only",0.743444055944056
200,300,"Source2_Only",0.76791958041958
200,300,"Weighted",0.821241258741259
300,300,"Target_Only",0.76347612215618
300,300,"Source1_Only",0.614265218282435
300,300,"Source2_Only",0.767370362779258
300,300,"Weighted",0.788071326091412
100,500,"Target_Only",0.666666666666667
100,500,"Source1_Only",0.683333333333333
100,500,"Source2_Only",0.67037037037037
100,500,"Weighted",0.716666666666667
200,500,"Target_Only",0.671594508975713
200,500,"Source1_Only",0.571805702217529
200,500,"Source2_Only",0.706441393875396
200,500,"Weighted",0.722808870116156
300,500,"Target_Only",0.76833807751259
300,500,"Source1_Only",0.655134661703525
300,500,"Source2_Only",0.793956645500328
300,500,"Weighted",0.822859645281366
100,1000,"Target_Only",0.721100917431193
100,1000,"Source1_Only",0.640366972477064
100,1000,"Source2_Only",0.844036697247706
100,1000,"Weighted",0.803669724770642
200,1000,"Target_Only",0.813295615275813
200,1000,"Source1_Only",0.706742102781707
200,1000,"Source2_Only",0.865157944365865
200,1000,"Weighted",0.894860914662895
300,1000,"Target_Only",0.715960912052117
300,1000,"Source1_Only",0.659066232356135
300,1000,"Source2_Only",0.782410423452769
300,1000,"Weighted",0.791313789359392
100,100,"Target_Only",0.782696177062374
100,100,"Source1_Only",0.738430583501006
100,100,"Source2_Only",0.724346076458752
100,100,"Weighted",0.798792756539235
200,100,"Target_Only",0.752876208007363
200,100,"Source1_Only",0.625862862402209
200,100,"Source2_Only",0.705476300046019
200,100,"Weighted",0.778186838472158
300,100,"Target_Only",0.755255255255255
300,100,"Source1_Only",0.688626126126126
300,100,"Source2_Only",0.687312312312312
300,100,"Weighted",0.781156156156156
100,300,"Target_Only",0.685470085470085
100,300,"Source1_Only",0.646153846153846
100,300,"Source2_Only",0.793162393162393
100,300,"Weighted",0.788034188034188
200,300,"Target_Only",0.680272108843537
200,300,"Source1_Only",0.698736637512148
200,300,"Source2_Only",0.696307094266278
200,300,"Weighted",0.73469387755102
300,300,"Target_Only",0.777993779160187
300,300,"Source1_Only",0.682542768273717
300,300,"Source2_Only",0.698289269051322
300,300,"Weighted",0.798405909797823
100,500,"Target_Only",0.675044883303411
100,500,"Source1_Only",0.676840215439856
100,500,"Source2_Only",0.721723518850987
100,500,"Weighted",0.757630161579892
200,500,"Target_Only",0.751315160210426
200,500,"Source1_Only",0.633668101386896
200,500,"Source2_Only",0.782400765184122
200,500,"Weighted",0.784791965566714
300,500,"Target_Only",0.758760380798056
300,500,"Source1_Only",0.720478023090946
300,500,"Source2_Only",0.773749240429411
300,500,"Weighted",0.813449463236783
100,1000,"Target_Only",0.8
100,1000,"Source1_Only",0.699082568807339
100,1000,"Source2_Only",0.869724770642202
100,1000,"Weighted",0.893577981651376
200,1000,"Target_Only",0.77765726681128
200,1000,"Source1_Only",0.646420824295011
200,1000,"Source2_Only",0.830260303687636
200,1000,"Weighted",0.83351409978308
300,1000,"Target_Only",0.766559485530547
300,1000,"Source1_Only",0.648017148981779
300,1000,"Source2_Only",0.768703108252947
300,1000,"Weighted",0.798499464094319
100,100,"Target_Only",0.790566037735849
100,100,"Source1_Only",0.624528301886792
100,100,"Source2_Only",0.771698113207547
100,100,"Weighted",0.818867924528302
200,100,"Target_Only",0.784838856105311
200,100,"Source1_Only",0.713118474807081
200,100,"Source2_Only",0.729005901044031
200,100,"Weighted",0.796187017703132
300,100,"Target_Only",0.746950629235237
300,100,"Source1_Only",0.652855759922556
300,100,"Source2_Only",0.723717328170377
300,100,"Weighted",0.757792836398838
100,300,"Target_Only",0.661855670103093
100,300,"Source1_Only",0.604123711340206
100,300,"Source2_Only",0.711340206185567
100,300,"Weighted",0.797938144329897
200,300,"Target_Only",0.76801890508074
200,300,"Source1_Only",0.703820401732966
200,300,"Source2_Only",0.791256400157542
200,300,"Weighted",0.827097282394644
300,300,"Target_Only",0.78110303548525
300,300,"Source1_Only",0.582086361693031
300,300,"Source2_Only",0.752030782385635
300,300,"Weighted",0.822787516032492
100,500,"Target_Only",0.69023569023569
100,500,"Source1_Only",0.555555555555556
100,500,"Source2_Only",0.744107744107744
100,500,"Weighted",0.759259259259259
200,500,"Target_Only",0.812778603268945
200,500,"Source1_Only",0.732540861812779
200,500,"Source2_Only",0.795938583457157
200,500,"Weighted",0.843486874690441
300,500,"Target_Only",0.738111807005335
300,500,"Source1_Only",0.685223845975412
300,500,"Source2_Only",0.764555787520297
300,500,"Weighted",0.801438181396428
100,1000,"Target_Only",0.68034188034188
100,1000,"Source1_Only",0.692307692307692
100,1000,"Source2_Only",0.791452991452992
100,1000,"Weighted",0.815384615384615
200,1000,"Target_Only",0.797254004576659
200,1000,"Source1_Only",0.627002288329519
200,1000,"Source2_Only",0.751029748283753
200,1000,"Weighted",0.792219679633867
300,1000,"Target_Only",0.793209284481105
300,1000,"Source1_Only",0.711874160751966
300,1000,"Source2_Only",0.797429503165164
300,1000,"Weighted",0.826971033953578
100,100,"Target_Only",0.790931989924433
100,100,"Source1_Only",0.750629722921914
100,100,"Source2_Only",0.81360201511335
100,100,"Weighted",0.851385390428212
200,100,"Target_Only",0.774786899955137
200,100,"Source1_Only",0.624046657694033
200,100,"Source2_Only",0.733512786002692
200,100,"Weighted",0.784208165096456
300,100,"Target_Only",0.783120308378982
300,100,"Source1_Only",0.653479407587746
300,100,"Source2_Only",0.693244065733414
300,100,"Weighted",0.764455264759586
100,300,"Target_Only",0.763157894736842
100,300,"Source1_Only",0.546992481203007
100,300,"Source2_Only",0.787593984962406
100,300,"Weighted",0.827067669172932
200,300,"Target_Only",0.776981852913085
200,300,"Source1_Only",0.662368672397326
200,300,"Source2_Only",0.783190066857689
200,300,"Weighted",0.824737344794651
300,300,"Target_Only",0.797995373939861
300,300,"Source1_Only",0.681572860447186
300,300,"Source2_Only",0.724171164225135
300,300,"Weighted",0.810717039321511
100,500,"Target_Only",0.763963963963964
100,500,"Source1_Only",0.702702702702703
100,500,"Source2_Only",0.756756756756757
100,500,"Weighted",0.785585585585586
200,500,"Target_Only",0.800708591674048
200,500,"Source1_Only",0.671833480956599
200,500,"Source2_Only",0.821966341895483
200,500,"Weighted",0.852081488042515
300,500,"Target_Only",0.807425631849698
300,500,"Source1_Only",0.737195258331469
300,500,"Source2_Only",0.825095057034221
300,500,"Weighted",0.86199955267278
100,1000,"Target_Only",0.760147601476015
100,1000,"Source1_Only",0.686346863468635
100,1000,"Source2_Only",0.854243542435424
100,1000,"Weighted",0.874538745387454
200,1000,"Target_Only",0.770773638968481
200,1000,"Source1_Only",0.682903533906399
200,1000,"Source2_Only",0.742120343839542
200,1000,"Weighted",0.787010506208214
300,1000,"Target_Only",0.817188484975835
300,1000,"Source1_Only",0.735658751838622
300,1000,"Source2_Only",0.856272326118933
300,1000,"Weighted",0.863836940533726
100,100,"Target_Only",0.640677966101695
100,100,"Source1_Only",0.593220338983051
100,100,"Source2_Only",0.620338983050847
100,100,"Weighted",0.664406779661017
200,100,"Target_Only",0.617383512544803
200,100,"Source1_Only",0.562275985663082
200,100,"Source2_Only",0.629032258064516
200,100,"Weighted",0.637096774193548
300,100,"Target_Only",0.694455140546785
300,100,"Source1_Only",0.627839815171352
300,100,"Source2_Only",0.716981132075472
300,100,"Weighted",0.749711205236812
100,300,"Target_Only",0.720890410958904
100,300,"Source1_Only",0.659246575342466
100,300,"Source2_Only",0.804794520547945
100,300,"Weighted",0.828767123287671
200,300,"Target_Only",0.658878504672897
200,300,"Source1_Only",0.558878504672897
200,300,"Source2_Only",0.753271028037383
200,300,"Weighted",0.721495327102804
300,300,"Target_Only",0.806571484451398
300,300,"Source1_Only",0.692743985918248
300,300,"Source2_Only",0.811656561705457
300,300,"Weighted",0.835517308820653
100,500,"Target_Only",0.728070175438597
100,500,"Source1_Only",0.582456140350877
100,500,"Source2_Only",0.766666666666667
100,500,"Weighted",0.801754385964912
200,500,"Target_Only",0.751458576429405
200,500,"Source1_Only",0.710035005834306
200,500,"Source2_Only",0.795799299883314
200,500,"Weighted",0.798716452742124
300,500,"Target_Only",0.754366323331841
300,500,"Source1_Only",0.712942230183609
300,500,"Source2_Only",0.743394536497985
300,500,"Weighted",0.792879534258845
100,1000,"Target_Only",0.732075471698113
100,1000,"Source1_Only",0.550943396226415
100,1000,"Source2_Only",0.792452830188679
100,1000,"Weighted",0.758490566037736
200,1000,"Target_Only",0.748095024652622
200,1000,"Source1_Only",0.721201255042582
200,1000,"Source2_Only",0.742268041237113
200,1000,"Weighted",0.808606006275213
300,1000,"Target_Only",0.756745871929118
300,1000,"Source1_Only",0.658679017317761
300,1000,"Source2_Only",0.758356826419654
300,1000,"Weighted",0.805275875956504
100,100,"Target_Only",0.725490196078431
100,100,"Source1_Only",0.554621848739496
100,100,"Source2_Only",0.680672268907563
100,100,"Weighted",0.750700280112045
200,100,"Target_Only",0.816326530612245
200,100,"Source1_Only",0.700996677740864
200,100,"Source2_Only",0.740863787375415
200,100,"Weighted",0.815377313716184
300,100,"Target_Only",0.706669640865492
300,100,"Source1_Only",0.650457283069373
300,100,"Source2_Only",0.737229533794334
300,100,"Weighted",0.753513272362257
100,300,"Target_Only",0.801652892561983
100,300,"Source1_Only",0.754132231404959
100,300,"Source2_Only",0.787190082644628
100,300,"Weighted",0.863636363636364
200,300,"Target_Only",0.695263628239499
200,300,"Source1_Only",0.692582663092046
200,300,"Source2_Only",0.731456657730116
200,300,"Weighted",0.784629133154602
300,300,"Target_Only",0.737161430119177
300,300,"Source1_Only",0.674972914409534
300,300,"Source2_Only",0.716576381365114
300,300,"Weighted",0.76771397616468
100,500,"Target_Only",0.763419483101392
100,500,"Source1_Only",0.648111332007952
100,500,"Source2_Only",0.755467196819085
100,500,"Weighted",0.819085487077535
200,500,"Target_Only",0.757096512570965
200,500,"Source1_Only",0.697080291970803
200,500,"Source2_Only",0.70316301703163
200,500,"Weighted",0.77088402270884
300,500,"Target_Only",0.736785790712604
300,500,"Source1_Only",0.673015193665739
300,500,"Source2_Only",0.786004707896426
300,500,"Weighted",0.803766317141023
100,1000,"Target_Only",0.701906412478336
100,1000,"Source1_Only",0.663778162911612
100,1000,"Source2_Only",0.790294627383016
100,1000,"Weighted",0.762564991334489
200,1000,"Target_Only",0.745837414299706
200,1000,"Source1_Only",0.731635651322233
200,1000,"Source2_Only",0.832027424094026
200,1000,"Weighted",0.853574926542605
300,1000,"Target_Only",0.740214256283477
300,1000,"Source1_Only",0.762875978574372
300,1000,"Source2_Only",0.746600741656366
300,1000,"Weighted",0.795632468067573
100,100,"Target_Only",0.666666666666667
100,100,"Source1_Only",0.590534979423868
100,100,"Source2_Only",0.802469135802469
100,100,"Weighted",0.777777777777778
200,100,"Target_Only",0.771363636363636
200,100,"Source1_Only",0.661818181818182
200,100,"Source2_Only",0.818636363636364
200,100,"Weighted",0.860454545454545
300,100,"Target_Only",0.787017834923268
300,100,"Source1_Only",0.586686022397345
300,100,"Source2_Only",0.723351306511821
300,100,"Weighted",0.800912484446288
100,300,"Target_Only",0.589347079037801
100,300,"Source1_Only",0.721649484536082
100,300,"Source2_Only",0.637457044673539
100,300,"Weighted",0.718213058419244
200,300,"Target_Only",0.6625
200,300,"Source1_Only",0.6055
200,300,"Source2_Only",0.7485
200,300,"Weighted",0.766
300,300,"Target_Only",0.754683089556069
300,300,"Source1_Only",0.711829612522453
300,300,"Source2_Only",0.750833974852451
300,300,"Weighted",0.799589427764947
100,500,"Target_Only",0.621468926553672
100,500,"Source1_Only",0.625235404896422
100,500,"Source2_Only",0.817325800376648
100,500,"Weighted",0.781544256120527
200,500,"Target_Only",0.75695067264574
200,500,"Source1_Only",0.647533632286996
200,500,"Source2_Only",0.764125560538117
200,500,"Weighted",0.79237668161435
300,500,"Target_Only",0.800941492938803
300,500,"Source1_Only",0.682806545617574
300,500,"Source2_Only",0.812373907195696
300,500,"Weighted",0.843757005155795
100,1000,"Target_Only",0.680327868852459
100,1000,"Source1_Only",0.69672131147541
100,1000,"Source2_Only",0.659836065573771
100,1000,"Weighted",0.721311475409836
200,1000,"Target_Only",0.717753450737744
200,1000,"Source1_Only",0.76582579723941
200,1000,"Source2_Only",0.752022846263684
200,1000,"Weighted",0.7715373631604
300,1000,"Target_Only",0.807743362831858
300,1000,"Source1_Only",0.744469026548673
300,1000,"Source2_Only",0.805530973451327
300,1000,"Weighted",0.851548672566372
100,100,"Target_Only",0.8125
100,100,"Source1_Only",0.631578947368421
100,100,"Source2_Only",0.822368421052632
100,100,"Weighted",0.837171052631579
200,100,"Target_Only",0.691854759568204
200,100,"Source1_Only",0.61432777232581
200,100,"Source2_Only",0.707556427870461
200,100,"Weighted",0.726202158979392
300,100,"Target_Only",0.770347126887625
300,100,"Source1_Only",0.596979799960777
300,100,"Source2_Only",0.760149048833105
300,100,"Weighted",0.799960776622867
100,300,"Target_Only",0.699044585987261
100,300,"Source1_Only",0.659235668789809
100,300,"Source2_Only",0.735668789808917
100,300,"Weighted",0.765923566878981
200,300,"Target_Only",0.753671842215694
200,300,"Source1_Only",0.644565673520772
200,300,"Source2_Only",0.73101133025598
200,300,"Weighted",0.793117918590013
300,300,"Target_Only",0.684601769911504
300,300,"Source1_Only",0.699115044247788
300,300,"Source2_Only",0.664601769911504
300,300,"Weighted",0.732389380530973
100,500,"Target_Only",0.749128919860627
100,500,"Source1_Only",0.710801393728223
100,500,"Source2_Only",0.790940766550523
100,500,"Weighted",0.848432055749129
200,500,"Target_Only",0.733580018501388
200,500,"Source1_Only",0.623034227567068
200,500,"Source2_Only",0.826549491211841
200,500,"Weighted",0.807123034227567
300,500,"Target_Only",0.775798525798526
300,500,"Source1_Only",0.658476658476658
300,500,"Source2_Only",0.782760032760033
300,500,"Weighted",0.811834561834562
100,1000,"Target_Only",0.83695652173913
100,1000,"Source1_Only",0.765217391304348
100,1000,"Source2_Only",0.876086956521739
100,1000,"Weighted",0.904347826086957
200,1000,"Target_Only",0.792870036101083
200,1000,"Source1_Only",0.777527075812274
200,1000,"Source2_Only",0.825812274368231
200,1000,"Weighted",0.844314079422383
300,1000,"Target_Only",0.709984502988709
300,1000,"Source1_Only",0.659729909231791
300,1000,"Source2_Only",0.786584015939783
300,1000,"Weighted",0.783484613681647
100,100,"Target_Only",0.631756756756757
100,100,"Source1_Only",0.734797297297297
100,100,"Source2_Only",0.711148648648649
100,100,"Weighted",0.775337837837838
200,100,"Target_Only",0.837527593818985
200,100,"Source1_Only",0.707284768211921
200,100,"Source2_Only",0.747019867549669
200,100,"Weighted",0.853421633554084
300,100,"Target_Only",0.797763280521901
300,100,"Source1_Only",0.622926374650513
300,100,"Source2_Only",0.807828518173346
300,100,"Weighted",0.82497670083877
100,300,"Target_Only",0.697761194029851
100,300,"Source1_Only",0.572761194029851
100,300,"Source2_Only",0.755597014925373
100,300,"Weighted",0.759328358208955
200,300,"Target_Only",0.798445595854922
200,300,"Source1_Only",0.682383419689119
200,300,"Source2_Only",0.754922279792746
200,300,"Weighted",0.827461139896373
300,300,"Target_Only",0.817498020585907
300,300,"Source1_Only",0.727830562153603
300,300,"Source2_Only",0.772763262074426
300,300,"Weighted",0.844418052256532
100,500,"Target_Only",0.682310469314079
100,500,"Source1_Only",0.660649819494585
100,500,"Source2_Only",0.810469314079422
100,500,"Weighted",0.817689530685921
200,500,"Target_Only",0.743067345783814
200,500,"Source1_Only",0.625353706847765
200,500,"Source2_Only",0.723825693265422
200,500,"Weighted",0.773627617430673
300,500,"Target_Only",0.755295541658261
300,500,"Source1_Only",0.680451886221505
300,500,"Source2_Only",0.782529755900746
300,500,"Weighted",0.819850716158967
100,1000,"Target_Only",0.742342342342342
100,1000,"Source1_Only",0.789189189189189
100,1000,"Source2_Only",0.738738738738739
100,1000,"Weighted",0.803603603603604
200,1000,"Target_Only",0.777545035609552
200,1000,"Source1_Only",0.701717637201508
200,1000,"Source2_Only",0.853791369920402
200,1000,"Weighted",0.837452869710934
300,1000,"Target_Only",0.81666295388728
300,1000,"Source1_Only",0.735130318556471
300,1000,"Source2_Only",0.799064379594564
300,1000,"Weighted",0.869235910002228
100,100,"Target_Only",0.678638941398866
100,100,"Source1_Only",0.724007561436673
100,100,"Source2_Only",0.623818525519849
100,100,"Weighted",0.744801512287335
200,100,"Target_Only",0.733772342427093
200,100,"Source1_Only",0.657572906867357
200,100,"Source2_Only",0.686735653809972
200,100,"Weighted",0.772342427093133
300,100,"Target_Only",0.818742538798249
300,100,"Source1_Only",0.661161957819339
300,100,"Source2_Only",0.70175089534421
300,100,"Weighted",0.822920811778751
100,300,"Target_Only",0.620481927710843
100,300,"Source1_Only",0.706827309236948
100,300,"Source2_Only",0.732931726907631
100,300,"Weighted",0.726907630522088
200,300,"Target_Only",0.801829268292683
200,300,"Source1_Only",0.693089430894309
200,300,"Source2_Only",0.831808943089431
200,300,"Weighted",0.849593495934959
300,300,"Target_Only",0.755694879832811
300,300,"Source1_Only",0.658307210031348
300,300,"Source2_Only",0.735841170323929
300,300,"Weighted",0.794984326018809
100,500,"Target_Only",0.643006263048017
100,500,"Source1_Only",0.680584551148225
100,500,"Source2_Only",0.745302713987474
100,500,"Weighted",0.755741127348643
200,500,"Target_Only",0.763703362505758
200,500,"Source1_Only",0.63196683555965
200,500,"Source2_Only",0.779364348226624
200,500,"Weighted",0.799631506218333
300,500,"Target_Only",0.793262752646776
300,500,"Source1_Only",0.720115495668912
300,500,"Source2_Only",0.815976900866217
300,500,"Weighted",0.833878729547642
100,1000,"Target_Only",0.782868525896414
100,1000,"Source1_Only",0.747011952191235
100,1000,"Source2_Only",0.816733067729084
100,1000,"Weighted",0.854581673306773
200,1000,"Target_Only",0.816528272044286
200,1000,"Source1_Only",0.714907077896402
200,1000,"Source2_Only",0.818505338078292
200,1000,"Weighted",0.872676947410044
300,1000,"Target_Only",0.766236469608659
300,1000,"Source1_Only",0.661532056619484
300,1000,"Source2_Only",0.790799333888426
300,1000,"Weighted",0.815778517901748
100,100,"Target_Only",0.66351606805293
100,100,"Source1_Only",0.667296786389414
100,100,"Source2_Only",0.742911153119093
100,100,"Weighted",0.750472589792061
200,100,"Target_Only",0.758509659613615
200,100,"Source1_Only",0.628794848206072
200,100,"Source2_Only",0.729530818767249
200,100,"Weighted",0.772309107635694
300,100,"Target_Only",0.773735758544873
300,100,"Source1_Only",0.61523086148311
300,100,"Source2_Only",0.706176294223466
300,100,"Weighted",0.777133719768139
100,300,"Target_Only",0.738738738738739
100,300,"Source1_Only",0.679279279279279
100,300,"Source2_Only",0.727927927927928
100,300,"Weighted",0.783783783783784
200,300,"Target_Only",0.751474304970514
200,300,"Source1_Only",0.716933445661331
200,300,"Source2_Only",0.794018534119629
200,300,"Weighted",0.842038753159225
300,300,"Target_Only",0.81047227926078
300,300,"Source1_Only",0.694045174537988
300,300,"Source2_Only",0.838398357289528
300,300,"Weighted",0.858521560574949
100,500,"Target_Only",0.807770961145194
100,500,"Source1_Only",0.660531697341513
100,500,"Source2_Only",0.721881390593047
100,500,"Weighted",0.787321063394683
200,500,"Target_Only",0.756756756756757
200,500,"Source1_Only",0.672072072072072
200,500,"Source2_Only",0.740540540540541
200,500,"Weighted",0.807207207207207
300,500,"Target_Only",0.791359541359541
300,500,"Source1_Only",0.683046683046683
300,500,"Source2_Only",0.761466011466011
300,500,"Weighted",0.817567567567568
100,1000,"Target_Only",0.75894538606403
100,1000,"Source1_Only",0.704331450094162
100,1000,"Source2_Only",0.741996233521657
100,1000,"Weighted",0.772128060263654
200,1000,"Target_Only",0.715244487056568
200,1000,"Source1_Only",0.7320230105465
200,1000,"Source2_Only",0.76222435282838
200,1000,"Weighted",0.790028763183126
300,1000,"Target_Only",0.721732608288018
300,1000,"Source1_Only",0.683480217513595
300,1000,"Source2_Only",0.74085880367523
300,1000,"Weighted",0.757547346709169
100,100,"Target_Only",0.757798165137615
100,100,"Source1_Only",0.66605504587156
100,100,"Source2_Only",0.822018348623853
100,100,"Weighted",0.794495412844037
200,100,"Target_Only",0.767513134851138
200,100,"Source1_Only",0.703152364273205
200,100,"Source2_Only",0.738178633975482
200,100,"Weighted",0.799036777583187
300,100,"Target_Only",0.796174652241113
300,100,"Source1_Only",0.649729520865533
300,100,"Source2_Only",0.775309119010819
300,100,"Weighted",0.816460587326121
100,300,"Target_Only",0.796545105566219
100,300,"Source1_Only",0.656429942418426
100,300,"Source2_Only",0.760076775431862
100,300,"Weighted",0.838771593090211
200,300,"Target_Only",0.82753164556962
200,300,"Source1_Only",0.714135021097046
200,300,"Source2_Only",0.773206751054852
200,300,"Weighted",0.858649789029536
300,300,"Target_Only",0.778354798504362
300,300,"Source1_Only",0.681138346489406
300,300,"Source2_Only",0.777523888658081
300,300,"Weighted",0.820731200664728
100,500,"Target_Only",0.75219298245614
100,500,"Source1_Only",0.662280701754386
100,500,"Source2_Only",0.831140350877193
100,500,"Weighted",0.839912280701754
200,500,"Target_Only",0.811645569620253
200,500,"Source1_Only",0.73873417721519
200,500,"Source2_Only",0.86379746835443
200,500,"Weighted",0.885569620253165
300,500,"Target_Only",0.773660894079742
300,500,"Source1_Only",0.685058397100282
300,500,"Source2_Only",0.740434957712445
300,500,"Weighted",0.803262182843335
100,1000,"Target_Only",0.746875
100,1000,"Source1_Only",0.6921875
100,1000,"Source2_Only",0.85
100,1000,"Weighted",0.8453125
200,1000,"Target_Only",0.712658227848101
200,1000,"Source1_Only",0.689451476793249
200,1000,"Source2_Only",0.764135021097046
200,1000,"Weighted",0.772995780590717
300,1000,"Target_Only",0.77773254630572
300,1000,"Source1_Only",0.66944840219825
300,1000,"Source2_Only",0.784042336657847
300,1000,"Weighted",0.80134337472013
100,100,"Target_Only",0.759786476868327
100,100,"Source1_Only",0.717081850533808
100,100,"Source2_Only",0.765124555160142
100,100,"Weighted",0.816725978647687
200,100,"Target_Only",0.778833107191316
200,100,"Source1_Only",0.694708276797829
200,100,"Source2_Only",0.72636815920398
200,100,"Weighted",0.788783355947535
300,100,"Target_Only",0.756876129291307
300,100,"Source1_Only",0.641035936558924
300,100,"Source2_Only",0.661513752258583
300,100,"Weighted",0.778558522385063
100,300,"Target_Only",0.647863247863248
100,300,"Source1_Only",0.634188034188034
100,300,"Source2_Only",0.786324786324786
100,300,"Weighted",0.758974358974359
200,300,"Target_Only",0.778806108283202
200,300,"Source1_Only",0.661730680240629
200,300,"Source2_Only",0.743637204997686
200,300,"Weighted",0.793151318833873
300,300,"Target_Only",0.755067207168765
300,300,"Source1_Only",0.682952848303819
300,300,"Source2_Only",0.793898015788351
300,300,"Weighted",0.819714102837636
100,500,"Target_Only",0.58587786259542
100,500,"Source1_Only",0.75
100,500,"Source2_Only",0.715648854961832
100,500,"Weighted",0.687022900763359
200,500,"Target_Only",0.764819277108434
200,500,"Source1_Only",0.672771084337349
200,500,"Source2_Only",0.798072289156627
200,500,"Weighted",0.811566265060241
300,500,"Target_Only",0.79791013584117
300,500,"Source1_Only",0.740020898641588
300,500,"Source2_Only",0.744200626959248
300,500,"Weighted",0.812957157784744
100,1000,"Target_Only",0.629824561403509
100,1000,"Source1_Only",0.659649122807018
100,1000,"Source2_Only",0.773684210526316
100,1000,"Weighted",0.766666666666667
200,1000,"Target_Only",0.729406554472985
200,1000,"Source1_Only",0.642161204605846
200,1000,"Source2_Only",0.746235606731621
200,1000,"Weighted",0.79273693534101
300,1000,"Target_Only",0.690491118077325
300,1000,"Source1_Only",0.653918495297806
300,1000,"Source2_Only",0.742110762800418
300,1000,"Weighted",0.750052246603971
100,100,"Target_Only",0.710743801652893
100,100,"Source1_Only",0.601239669421488
100,100,"Source2_Only",0.628099173553719
100,100,"Weighted",0.712809917355372
200,100,"Target_Only",0.782430587164315
200,100,"Source1_Only",0.67546654528903
200,100,"Source2_Only",0.7223486572599
200,100,"Weighted",0.796995903504779
300,100,"Target_Only",0.796058746978992
300,100,"Source1_Only",0.655883993307306
300,100,"Source2_Only",0.775608849228481
300,100,"Weighted",0.825989960959286
100,300,"Target_Only",0.638838475499093
100,300,"Source1_Only",0.591651542649728
100,300,"Source2_Only",0.698729582577132
100,300,"Weighted",0.736842105263158
200,300,"Target_Only",0.752901353965184
200,300,"Source1_Only",0.66247582205029
200,300,"Source2_Only",0.701160541586074
200,300,"Weighted",0.759187620889749
300,300,"Target_Only",0.817662241887906
300,300,"Source1_Only",0.719210914454277
300,300,"Source2_Only",0.741519174041298
300,300,"Weighted",0.816924778761062
100,500,"Target_Only",0.70746887966805
100,500,"Source1_Only",0.786307053941909
100,500,"Source2_Only",0.827800829875519
100,500,"Weighted",0.885892116182573
200,500,"Target_Only",0.713363139592648
200,500,"Source1_Only",0.647789369100845
200,500,"Source2_Only",0.79980129160457
200,500,"Weighted",0.791356184798808
300,500,"Target_Only",0.742730210016155
300,500,"Source1_Only",0.646001615508885
300,500,"Source2_Only",0.802100161550888
300,500,"Weighted",0.795032310177706
100,1000,"Target_Only",0.799289520426288
100,1000,"Source1_Only",0.680284191829485
100,1000,"Source2_Only",0.83303730017762
100,1000,"Weighted",0.831261101243339
200,1000,"Target_Only",0.806434599156118
200,1000,"Source1_Only",0.701476793248945
200,1000,"Source2_Only",0.811708860759494
200,1000,"Weighted",0.854957805907173
300,1000,"Target_Only",0.780333525014376
300,1000,"Source1_Only",0.705002875215641
300,1000,"Source2_Only",0.827487061529615
300,1000,"Weighted",0.829978915085298
100,100,"Target_Only",0.778523489932886
100,100,"Source1_Only",0.756152125279642
100,100,"Source2_Only",0.702460850111857
100,100,"Weighted",0.843400447427293
200,100,"Target_Only",0.799646954986761
200,100,"Source1_Only",0.675639894086496
200,100,"Source2_Only",0.739629302736099
200,100,"Weighted",0.802294792586055
300,100,"Target_Only",0.791098807495741
300,100,"Source1_Only",0.708475298126065
300,100,"Source2_Only",0.706984667802385
300,100,"Weighted",0.799403747870528
100,300,"Target_Only",0.708117443868739
100,300,"Source1_Only",0.654576856649395
100,300,"Source2_Only",0.782383419689119
100,300,"Weighted",0.773747841105354
200,300,"Target_Only",0.816211530125704
200,300,"Source1_Only",0.733420026007802
200,300,"Source2_Only",0.793671434763762
200,300,"Weighted",0.858257477243173
300,300,"Target_Only",0.770025839793282
300,300,"Source1_Only",0.667958656330749
300,300,"Source2_Only",0.724806201550388
300,300,"Weighted",0.781469176818014
100,500,"Target_Only",0.820702402957486
100,500,"Source1_Only",0.77818853974122
100,500,"Source2_Only",0.77818853974122
100,500,"Weighted",0.861367837338262
200,500,"Target_Only",0.739338555265448
200,500,"Source1_Only",0.671453437771976
200,500,"Source2_Only",0.732375979112271
200,500,"Weighted",0.761096605744125
300,500,"Target_Only",0.792285478547855
300,500,"Source1_Only",0.609117161716172
300,500,"Source2_Only",0.790635313531353
300,500,"Weighted",0.814150165016502
100,1000,"Target_Only",0.742802303262956
100,1000,"Source1_Only",0.72552783109405
100,1000,"Source2_Only",0.72168905950096
100,1000,"Weighted",0.775431861804223
200,1000,"Target_Only",0.754152823920266
200,1000,"Source1_Only",0.679401993355482
200,1000,"Source2_Only",0.902547065337763
200,1000,"Weighted",0.852713178294574
300,1000,"Target_Only",0.786595299045846
300,1000,"Source1_Only",0.677216662787992
300,1000,"Source2_Only",0.793576914126135
300,1000,"Weighted",0.832673958575751
100,100,"Target_Only",0.690114068441065
100,100,"Source1_Only",0.739543726235741
100,100,"Source2_Only",0.813688212927757
100,100,"Weighted",0.819391634980989
200,100,"Target_Only",0.782234957020057
200,100,"Source1_Only",0.630850047755492
200,100,"Source2_Only",0.765998089780325
200,100,"Weighted",0.819006685768863
300,100,"Target_Only",0.782418834250997
300,100,"Source1_Only",0.63679513954813
300,100,"Source2_Only",0.713499145623695
300,100,"Weighted",0.802354281374597
100,300,"Target_Only",0.711111111111111
100,300,"Source1_Only",0.56969696969697
100,300,"Source2_Only",0.848484848484849
100,300,"Weighted",0.838383838383838
200,300,"Target_Only",0.755809040980144
200,300,"Source1_Only",0.683565694972539
200,300,"Source2_Only",0.730460498521335
200,300,"Weighted",0.790452049007182
300,300,"Target_Only",0.777246256239601
300,300,"Source1_Only",0.687396006655574
300,300,"Source2_Only",0.775582362728785
300,300,"Weighted",0.823627287853577
100,500,"Target_Only",0.684491978609626
100,500,"Source1_Only",0.627450980392157
100,500,"Source2_Only",0.748663101604278
100,500,"Weighted",0.787878787878788
200,500,"Target_Only",0.720760233918129
200,500,"Source1_Only",0.639863547758285
200,500,"Source2_Only",0.799220272904483
200,500,"Weighted",0.81140350877193
300,500,"Target_Only",0.780355594102342
300,500,"Source1_Only",0.642237640936687
300,500,"Source2_Only",0.794232437120555
300,500,"Weighted",0.807892454466609
100,1000,"Target_Only",0.761574074074074
100,1000,"Source1_Only",0.615740740740741
100,1000,"Source2_Only",0.837962962962963
100,1000,"Weighted",0.824074074074074
200,1000,"Target_Only",0.82069311903566
200,1000,"Source1_Only",0.779005524861878
200,1000,"Source2_Only",0.777749874434957
200,1000,"Weighted",0.861878453038674
300,1000,"Target_Only",0.783931193622824
300,1000,"Source1_Only",0.691839731487309
300,1000,"Source2_Only",0.827564505978603
300,1000,"Weighted",0.850220264317181
100,100,"Target_Only",0.760948905109489
100,100,"Source1_Only",0.779197080291971
100,100,"Source2_Only",0.565693430656934
100,100,"Weighted",0.768248175182482
200,100,"Target_Only",0.76904296875
200,100,"Source1_Only",0.71337890625
200,100,"Source2_Only",0.697265625
200,100,"Weighted",0.7822265625
300,100,"Target_Only",0.71029776674938
300,100,"Source1_Only",0.584367245657568
300,100,"Source2_Only",0.685070306038048
300,100,"Weighted",0.724565756823821
100,300,"Target_Only",0.656880733944954
100,300,"Source1_Only",0.678899082568807
100,300,"Source2_Only",0.726605504587156
100,300,"Weighted",0.814678899082569
200,300,"Target_Only",0.761797752808989
200,300,"Source1_Only",0.669101123595506
200,300,"Source2_Only",0.80561797752809
200,300,"Weighted",0.833707865168539
300,300,"Target_Only",0.758551307847082
300,300,"Source1_Only",0.680974737312765
300,300,"Source2_Only",0.788285267158507
300,300,"Weighted",0.822714062150682
100,500,"Target_Only",0.731160896130346
100,500,"Source1_Only",0.763747454175153
100,500,"Source2_Only",0.806517311608961
100,500,"Weighted",0.824847250509165
200,500,"Target_Only",0.721443736730361
200,500,"Source1_Only",0.671337579617834
200,500,"Source2_Only",0.718046709129512
200,500,"Weighted",0.78895966029724
300,500,"Target_Only",0.80803373280071
300,500,"Source1_Only",0.668885929871283
300,500,"Source2_Only",0.800488237905016
300,500,"Weighted",0.848868175765646
100,1000,"Target_Only",0.592529711375212
100,1000,"Source1_Only",0.629881154499151
100,1000,"Source2_Only",0.794567062818336
100,1000,"Weighted",0.779286926994907
200,1000,"Target_Only",0.769945124525116
200,1000,"Source1_Only",0.697340650063318
200,1000,"Source2_Only",0.807513718868721
200,1000,"Weighted",0.823976361333896
300,1000,"Target_Only",0.725663716814159
300,1000,"Source1_Only",0.661188369152971
300,1000,"Source2_Only",0.742309313105773
300,1000,"Weighted",0.775600505689001
100,100,"Target_Only",0.78239608801956
100,100,"Source1_Only",0.723716381418093
100,100,"Source2_Only",0.589242053789731
100,100,"Weighted",0.767726161369193
200,100,"Target_Only",0.759927797833935
200,100,"Source1_Only",0.617328519855596
200,100,"Source2_Only",0.786101083032491
200,100,"Weighted",0.798285198555957
300,100,"Target_Only",0.794815987336763
300,100,"Source1_Only",0.645627225959636
300,100,"Source2_Only",0.748516026909379
300,100,"Weighted",0.806094182825485
100,300,"Target_Only",0.768835616438356
100,300,"Source1_Only",0.779109589041096
100,300,"Source2_Only",0.720890410958904
100,300,"Weighted",0.840753424657534
200,300,"Target_Only",0.789333333333333
200,300,"Source1_Only",0.616
200,300,"Source2_Only",0.825333333333333
200,300,"Weighted",0.846222222222222
300,300,"Target_Only",0.738901277113318
300,300,"Source1_Only",0.636326778836408
300,300,"Source2_Only",0.751672410297993
300,300,"Weighted",0.781674437461991
100,500,"Target_Only",0.660808435852373
100,500,"Source1_Only",0.646748681898067
100,500,"Source2_Only",0.669595782073814
100,500,"Weighted",0.711775043936731
200,500,"Target_Only",0.673617407071623
200,500,"Source1_Only",0.588848594741614
200,500,"Source2_Only",0.703989120580236
200,500,"Weighted",0.731187669990934
300,500,"Target_Only",0.792113159022718
300,500,"Source1_Only",0.707243891984569
300,500,"Source2_Only",0.799185597942563
300,500,"Weighted",0.84612087441063
100,1000,"Target_Only",0.693786982248521
100,1000,"Source1_Only",0.661242603550296
100,1000,"Source2_Only",0.766272189349112
100,1000,"Weighted",0.78698224852071
200,1000,"Target_Only",0.777827050997783
200,1000,"Source1_Only",0.787139689578714
200,1000,"Source2_Only",0.863414634146341
200,1000,"Weighted",0.867849223946785
300,1000,"Target_Only",0.8031817254742
300,1000,"Source1_Only",0.742810524168876
300,1000,"Source2_Only",0.775035692433204
300,1000,"Weighted",0.845604731796859
100,100,"Target_Only",0.750479846449136
100,100,"Source1_Only",0.646833013435701
100,100,"Source2_Only",0.779270633397313
100,100,"Weighted",0.81573896353167
200,100,"Target_Only",0.746330275229358
200,100,"Source1_Only",0.63394495412844
200,100,"Source2_Only",0.729357798165138
200,100,"Weighted",0.779357798165138
300,100,"Target_Only",0.70122373585777
300,100,"Source1_Only",0.619718309859155
300,100,"Source2_Only",0.72639113368737
300,100,"Weighted",0.728238282151928
100,300,"Target_Only",0.70383275261324
100,300,"Source1_Only",0.560975609756098
100,300,"Source2_Only",0.733449477351916
100,300,"Weighted",0.792682926829268
200,300,"Target_Only",0.729649728663049
200,300,"Source1_Only",0.585101134681796
200,300,"Source2_Only",0.843117908238777
200,300,"Weighted",0.81647755303404
300,300,"Target_Only",0.756956155143339
300,300,"Source1_Only",0.649873524451939
300,300,"Source2_Only",0.785834738617201
300,300,"Weighted",0.804384485666105
100,500,"Target_Only",0.61376673040153
100,500,"Source1_Only",0.646271510516252
100,500,"Source2_Only",0.694072657743786
100,500,"Weighted",0.760994263862333
200,500,"Target_Only",0.697602474864656
200,500,"Source1_Only",0.705723124516628
200,500,"Source2_Only",0.74323279195669
200,500,"Weighted",0.764114462490333
300,500,"Target_Only",0.807447232178415
300,500,"Source1_Only",0.666467542811629
300,500,"Source2_Only",0.778574273197929
300,500,"Weighted",0.817801672640382
100,1000,"Target_Only",0.747540983606557
100,1000,"Source1_Only",0.677049180327869
100,1000,"Source2_Only",0.868852459016394
100,1000,"Weighted",0.829508196721311
200,1000,"Target_Only",0.71881390593047
200,1000,"Source1_Only",0.680981595092025
200,1000,"Source2_Only",0.818507157464213
200,1000,"Weighted",0.806748466257669
300,1000,"Target_Only",0.740583232077764
300,1000,"Source1_Only",0.67861482381531
300,1000,"Source2_Only",0.749696233292831
300,1000,"Weighted",0.778250303766707
100,100,"Target_Only",0.559550561797753
100,100,"Source1_Only",0.656179775280899
100,100,"Source2_Only",0.667415730337079
100,100,"Weighted",0.653932584269663
200,100,"Target_Only",0.717490842490842
200,100,"Source1_Only",0.600274725274725
200,100,"Source2_Only",0.654304029304029
200,100,"Weighted",0.71978021978022
300,100,"Target_Only",0.768109540636042
300,100,"Source1_Only",0.685733215547703
300,100,"Source2_Only",0.708922261484099
300,100,"Weighted",0.780697879858657
100,300,"Target_Only",0.708117443868739
100,300,"Source1_Only",0.820379965457686
100,300,"Source2_Only",0.718480138169257
100,300,"Weighted",0.801381692573402
200,300,"Target_Only",0.756330625895843
200,300,"Source1_Only",0.603440038222647
200,300,"Source2_Only",0.802197802197802
200,300,"Weighted",0.813664596273292
300,300,"Target_Only",0.756161314413742
300,300,"Source1_Only",0.707057505601195
300,300,"Source2_Only",0.782486930545183
300,300,"Weighted",0.807505601194922
100,500,"Target_Only",0.81342062193126
100,500,"Source1_Only",0.657937806873977
100,500,"Source2_Only",0.793780687397709
100,500,"Weighted",0.844517184942717
200,500,"Target_Only",0.779469548133595
200,500,"Source1_Only",0.682711198428291
200,500,"Source2_Only",0.743614931237721
200,500,"Weighted",0.796168958742633
300,500,"Target_Only",0.709751996637243
300,500,"Source1_Only",0.672341319882304
300,500,"Source2_Only",0.71395544346364
300,500,"Weighted",0.754518705338378
100,1000,"Target_Only",0.682242990654206
100,1000,"Source1_Only",0.757009345794392
100,1000,"Source2_Only",0.689719626168224
100,1000,"Weighted",0.773831775700935
200,1000,"Target_Only",0.716049382716049
200,1000,"Source1_Only",0.637718177948063
200,1000,"Source2_Only",0.755640698169434
200,1000,"Weighted",0.75776926351639
300,1000,"Target_Only",0.788555626462455
300,1000,"Source1_Only",0.748776855988088
300,1000,"Source2_Only",0.768347160178685
300,1000,"Weighted",0.842586683684323
100,100,"Target_Only",0.750445632798574
100,100,"Source1_Only",0.590017825311943
100,100,"Source2_Only",0.825311942959002
100,100,"Weighted",0.825311942959002
200,100,"Target_Only",0.780207763805358
200,100,"Source1_Only",0.629852378348824
200,100,"Source2_Only",0.709677419354839
200,100,"Weighted",0.818480043739748
300,100,"Target_Only",0.782769901853871
300,100,"Source1_Only",0.605888767720829
300,100,"Source2_Only",0.722137404580153
300,100,"Weighted",0.79803707742639
100,300,"Target_Only",0.653658536585366
100,300,"Source1_Only",0.544715447154472
100,300,"Source2_Only",0.816260162601626
100,300,"Weighted",0.785365853658537
200,300,"Target_Only",0.753376688344172
200,300,"Source1_Only",0.623311655827914
200,300,"Source2_Only",0.734367183591796
200,300,"Weighted",0.771385692846423
300,300,"Target_Only",0.788370659543867
300,300,"Source1_Only",0.663447709061023
300,300,"Source2_Only",0.722621738237107
300,300,"Weighted",0.796178343949045
100,500,"Target_Only",0.822262118491921
100,500,"Source1_Only",0.802513464991023
100,500,"Source2_Only",0.771992818671454
100,500,"Weighted",0.863554757630162
200,500,"Target_Only",0.785750636132315
200,500,"Source1_Only",0.751653944020356
200,500,"Source2_Only",0.718066157760814
200,500,"Weighted",0.829516539440204
300,500,"Target_Only",0.776603773584906
300,500,"Source1_Only",0.667547169811321
300,500,"Source2_Only",0.81377358490566
300,500,"Weighted",0.811132075471698
100,1000,"Target_Only",0.827788649706458
100,1000,"Source1_Only",0.788649706457926
100,1000,"Source2_Only",0.829745596868884
100,1000,"Weighted",0.892367906066536
200,1000,"Target_Only",0.742424242424242
200,1000,"Source1_Only",0.702346041055719
200,1000,"Source2_Only",0.792766373411535
200,1000,"Weighted",0.81524926686217
300,1000,"Target_Only",0.684922816663142
300,1000,"Source1_Only",0.596532036371326
300,1000,"Source2_Only",0.765700993867625
300,1000,"Weighted",0.788327341932755
100,100,"Target_Only",0.719465648854962
100,100,"Source1_Only",0.786259541984733
100,100,"Source2_Only",0.669847328244275
100,100,"Weighted",0.778625954198473
200,100,"Target_Only",0.771065989847716
200,100,"Source1_Only",0.590355329949239
200,100,"Source2_Only",0.746700507614213
200,100,"Weighted",0.795431472081218
300,100,"Target_Only",0.742119779353822
300,100,"Source1_Only",0.730693459416864
300,100,"Source2_Only",0.740149724192277
300,100,"Weighted",0.813435776201734
100,300,"Target_Only",0.72037037037037
100,300,"Source1_Only",0.685185185185185
100,300,"Source2_Only",0.774074074074074
100,300,"Weighted",0.740740740740741
200,300,"Target_Only",0.74976213130352
200,300,"Source1_Only",0.687916270218839
200,300,"Source2_Only",0.800666032350143
200,300,"Weighted",0.830161750713606
300,300,"Target_Only",0.825148098605007
300,300,"Source1_Only",0.661570800687942
300,300,"Source2_Only",0.804700936365374
300,300,"Weighted",0.858207529141984
100,500,"Target_Only",0.74025974025974
100,500,"Source1_Only",0.701298701298701
100,500,"Source2_Only",0.795918367346939
100,500,"Weighted",0.846011131725417
200,500,"Target_Only",0.757
200,500,"Source1_Only",0.6565
200,500,"Source2_Only",0.8345
200,500,"Weighted",0.8385
300,500,"Target_Only",0.744426428860965
300,500,"Source1_Only",0.645926226185651
300,500,"Source2_Only",0.767531414673693
300,500,"Weighted",0.761451155249291
100,1000,"Target_Only",0.68895800933126
100,1000,"Source1_Only",0.782270606531882
100,1000,"Source2_Only",0.816485225505443
100,1000,"Weighted",0.842923794712286
200,1000,"Target_Only",0.795339412360689
200,1000,"Source1_Only",0.706180344478217
200,1000,"Source2_Only",0.736575481256332
200,1000,"Weighted",0.842451874366768
300,1000,"Target_Only",0.777256240665671
300,1000,"Source1_Only",0.724343930019202
300,1000,"Source2_Only",0.773842543204609
300,1000,"Weighted",0.81117985918498
100,100,"Target_Only",0.776049766718507
100,100,"Source1_Only",0.755832037325039
100,100,"Source2_Only",0.738724727838258
100,100,"Weighted",0.838258164852255
200,100,"Target_Only",0.735563703024748
200,100,"Source1_Only",0.626031164069661
200,100,"Source2_Only",0.708065994500458
200,100,"Weighted",0.748854262144821
300,100,"Target_Only",0.818435754189944
300,100,"Source1_Only",0.740438332617104
300,100,"Source2_Only",0.740438332617104
300,100,"Weighted",0.850451224752901
100,300,"Target_Only",0.739910313901345
100,300,"Source1_Only",0.612107623318386
100,300,"Source2_Only",0.847533632286996
100,300,"Weighted",0.795964125560538
200,300,"Target_Only",0.762177650429799
200,300,"Source1_Only",0.618433619866285
200,300,"Source2_Only",0.787965616045845
200,300,"Weighted",0.806590257879656
300,300,"Target_Only",0.757843490804183
300,300,"Source1_Only",0.678146411828345
300,300,"Source2_Only",0.727371078254598
300,300,"Weighted",0.796970789758384
100,500,"Target_Only",0.742173112338858
100,500,"Source1_Only",0.760589318600368
100,500,"Source2_Only",0.812154696132597
100,500,"Weighted",0.830570902394107
200,500,"Target_Only",0.799709724238026
200,500,"Source1_Only",0.734881470730527
200,500,"Source2_Only",0.773101112723754
200,500,"Weighted",0.841799709724238
300,500,"Target_Only",0.771384437150029
300,500,"Source1_Only",0.718478470747248
300,500,"Source2_Only",0.80903649353157
300,500,"Weighted",0.830662290017378
100,1000,"Target_Only",0.654885654885655
100,1000,"Source1_Only",0.752598752598753
100,1000,"Source2_Only",0.74012474012474
100,1000,"Weighted",0.746361746361746
200,1000,"Target_Only",0.740350877192982
200,1000,"Source1_Only",0.692397660818713
200,1000,"Source2_Only",0.807602339181287
200,1000,"Weighted",0.798245614035088
300,1000,"Target_Only",0.775232774674115
300,1000,"Source1_Only",0.679329608938547
300,1000,"Source2_Only",0.759404096834264
300,1000,"Weighted",0.815270018621974
100,100,"Target_Only",0.689430894308943
100,100,"Source1_Only",0.626016260162602
100,100,"Source2_Only",0.826016260162602
100,100,"Weighted",0.809756097560976
200,100,"Target_Only",0.812939521800281
200,100,"Source1_Only",0.639943741209564
200,100,"Source2_Only",0.772620721987811
200,100,"Weighted",0.814345991561181
300,100,"Target_Only",0.728119180633147
300,100,"Source1_Only",0.571280777984689
300,100,"Source2_Only",0.732257397061866
300,100,"Weighted",0.750051727705359
100,300,"Target_Only",0.687840290381125
100,300,"Source1_Only",0.666061705989111
100,300,"Source2_Only",0.696914700544465
100,300,"Weighted",0.729582577132486
200,300,"Target_Only",0.775254865616311
200,300,"Source1_Only",0.661260426320667
200,300,"Source2_Only",0.757645968489342
200,300,"Weighted",0.795644114921223
300,300,"Target_Only",0.808736476832007
300,300,"Source1_Only",0.730761379873444
300,300,"Source2_Only",0.75341906511533
300,300,"Weighted",0.816084915288835
100,500,"Target_Only",0.683690280065898
100,500,"Source1_Only",0.733113673805601
100,500,"Source2_Only",0.775947281713344
100,500,"Weighted",0.808896210873147
200,500,"Target_Only",0.746244635193133
200,500,"Source1_Only",0.584763948497854
200,500,"Source2_Only",0.817596566523605
200,500,"Weighted",0.796673819742489
300,500,"Target_Only",0.759467566554181
300,500,"Source1_Only",0.678477690288714
300,500,"Source2_Only",0.75684289463817
300,500,"Weighted",0.794338207724035
100,1000,"Target_Only",0.718241042345277
100,1000,"Source1_Only",0.669381107491857
100,1000,"Source2_Only",0.820846905537459
100,1000,"Weighted",0.825732899022801
200,1000,"Target_Only",0.673670668953688
200,1000,"Source1_Only",0.660377358490566
200,1000,"Source2_Only",0.72770154373928
200,1000,"Weighted",0.764150943396226
300,1000,"Target_Only",0.805389221556886
300,1000,"Source1_Only",0.731661676646707
300,1000,"Source2_Only",0.815306886227545
300,1000,"Weighted",0.845247005988024
100,100,"Target_Only",0.607619047619048
100,100,"Source1_Only",0.645714285714286
100,100,"Source2_Only",0.638095238095238
100,100,"Weighted",0.662857142857143
200,100,"Target_Only",0.742469240560034
200,100,"Source1_Only",0.634705133644463
200,100,"Source2_Only",0.780653372931693
200,100,"Weighted",0.805685193042003
300,100,"Target_Only",0.782504970178926
300,100,"Source1_Only",0.660437375745527
300,100,"Source2_Only",0.671371769383698
300,100,"Weighted",0.818687872763419
100,300,"Target_Only",0.831932773109244
100,300,"Source1_Only",0.695378151260504
100,300,"Source2_Only",0.798319327731092
100,300,"Weighted",0.852941176470588
200,300,"Target_Only",0.767617449664429
200,300,"Source1_Only",0.69001677852349
200,300,"Source2_Only",0.768036912751678
200,300,"Weighted",0.817114093959732
300,300,"Target_Only",0.738782763216348
300,300,"Source1_Only",0.720568636161706
300,300,"Source2_Only",0.703465126610395
300,300,"Weighted",0.781208351843625
100,500,"Target_Only",0.767741935483871
100,500,"Source1_Only",0.750537634408602
100,500,"Source2_Only",0.765591397849462
100,500,"Weighted",0.806451612903226
200,500,"Target_Only",0.727823453050627
200,500,"Source1_Only",0.658589355257464
200,500,"Source2_Only",0.730852444829078
200,500,"Weighted",0.778450887061878
300,500,"Target_Only",0.768018491279681
300,500,"Source1_Only",0.735238495482244
300,500,"Source2_Only",0.7713805421307
300,500,"Weighted",0.830636688379912
100,1000,"Target_Only",0.716117216117216
100,1000,"Source1_Only",0.705128205128205
100,1000,"Source2_Only",0.855311355311355
100,1000,"Weighted",0.847985347985348
200,1000,"Target_Only",0.748387096774194
200,1000,"Source1_Only",0.710537634408602
200,1000,"Source2_Only",0.783655913978495
200,1000,"Weighted",0.803010752688172
300,1000,"Target_Only",0.742728531855956
300,1000,"Source1_Only",0.64404432132964
300,1000,"Source2_Only",0.80090027700831
300,1000,"Weighted",0.804709141274238
100,100,"Target_Only",0.656488549618321
100,100,"Source1_Only",0.49618320610687
100,100,"Source2_Only",0.631679389312977
100,100,"Weighted",0.648854961832061
200,100,"Target_Only",0.819611470860315
200,100,"Source1_Only",0.59204440333025
200,100,"Source2_Only",0.802960222016651
200,100,"Weighted",0.816373728029602
300,100,"Target_Only",0.766044215496888
300,100,"Source1_Only",0.561279244473063
300,100,"Source2_Only",0.748658510409959
300,100,"Weighted",0.782356728911784
100,300,"Target_Only",0.676413255360624
100,300,"Source1_Only",0.664717348927875
100,300,"Source2_Only",0.617933723196881
100,300,"Weighted",0.692007797270955
200,300,"Target_Only",0.801563178462875
200,300,"Source1_Only",0.683890577507599
200,300,"Source2_Only",0.816326530612245
200,300,"Weighted",0.845419018671298
300,300,"Target_Only",0.81983924720643
300,300,"Source1_Only",0.62987649480494
300,300,"Source2_Only",0.791413448343462
300,300,"Weighted",0.850813565967457
100,500,"Target_Only",0.693877551020408
100,500,"Source1_Only",0.656200941915228
100,500,"Source2_Only",0.733124018838305
100,500,"Weighted",0.78021978021978
200,500,"Target_Only",0.717312661498708
200,500,"Source1_Only",0.701291989664083
200,500,"Source2_Only",0.821188630490956
200,500,"Weighted",0.78656330749354
300,500,"Target_Only",0.772607193659825
300,500,"Source1_Only",0.693558219874009
300,500,"Source2_Only",0.769762243446454
300,500,"Weighted",0.811217232269864
100,1000,"Target_Only",0.613152804642166
100,1000,"Source1_Only",0.735009671179884
100,1000,"Source2_Only",0.752417794970986
100,1000,"Weighted",0.765957446808511
200,1000,"Target_Only",0.786516853932584
200,1000,"Source1_Only",0.745734498543487
200,1000,"Source2_Only",0.792759051186017
200,1000,"Weighted",0.824802330420308
300,1000,"Target_Only",0.783522488440521
300,1000,"Source1_Only",0.656578394283312
300,1000,"Source2_Only",0.814417822614544
300,1000,"Weighted",0.842370744010088
100,100,"Target_Only",0.717557251908397
100,100,"Source1_Only",0.593511450381679
100,100,"Source2_Only",0.715648854961832
100,100,"Weighted",0.75381679389313
200,100,"Target_Only",0.691655510932619
200,100,"Source1_Only",0.639000446229362
200,100,"Source2_Only",0.610887996430165
200,100,"Weighted",0.701472556894244
300,100,"Target_Only",0.746224207615401
300,100,"Source1_Only",0.523931078493937
300,100,"Source2_Only",0.77409061901723
300,100,"Weighted",0.782386726228462
100,300,"Target_Only",0.68099173553719
100,300,"Source1_Only",0.553719008264463
100,300,"Source2_Only",0.728925619834711
100,300,"Weighted",0.720661157024793
200,300,"Target_Only",0.679383116883117
200,300,"Source1_Only",0.600649350649351
200,300,"Source2_Only",0.707792207792208
200,300,"Weighted",0.711850649350649
300,300,"Target_Only",0.821738292541916
300,300,"Source1_Only",0.669878589323569
300,300,"Source2_Only",0.769705145500096
300,300,"Weighted",0.842166120639815
100,500,"Target_Only",0.703883495145631
100,500,"Source1_Only",0.628640776699029
100,500,"Source2_Only",0.766990291262136
100,500,"Weighted",0.79126213592233
200,500,"Target_Only",0.756628787878788
200,500,"Source1_Only",0.688920454545455
200,500,"Source2_Only",0.819128787878788
200,500,"Weighted",0.849431818181818
300,500,"Target_Only",0.801179812103998
300,500,"Source1_Only",0.702425169324885
300,500,"Source2_Only",0.816692156434346
300,500,"Weighted",0.848809263709854
100,1000,"Target_Only",0.739872068230277
100,1000,"Source1_Only",0.633262260127932
100,1000,"Source2_Only",0.818763326226013
100,1000,"Weighted",0.814498933901919
200,1000,"Target_Only",0.766896551724138
200,1000,"Source1_Only",0.661609195402299
200,1000,"Source2_Only",0.810574712643678
200,1000,"Weighted",0.814712643678161
300,1000,"Target_Only",0.816277962874822
300,1000,"Source1_Only",0.734650166587339
300,1000,"Source2_Only",0.824369347929557
300,1000,"Weighted",0.839362208472156
100,100,"Target_Only",0.66796875
100,100,"Source1_Only",0.615234375
100,100,"Source2_Only",0.669921875
100,100,"Weighted",0.720703125
200,100,"Target_Only",0.725499092558984
200,100,"Source1_Only",0.703720508166969
200,100,"Source2_Only",0.768148820326679
200,100,"Weighted",0.820780399274047
300,100,"Target_Only",0.733834892232615
300,100,"Source1_Only",0.589060593737292
300,100,"Source2_Only",0.728548190321269
300,100,"Weighted",0.77551850345669
100,300,"Target_Only",0.654008438818565
100,300,"Source1_Only",0.753164556962025
100,300,"Source2_Only",0.805907172995781
100,300,"Weighted",0.833333333333333
200,300,"Target_Only",0.800520833333333
200,300,"Source1_Only",0.666145833333333
200,300,"Source2_Only",0.760416666666667
200,300,"Weighted",0.823958333333333
300,300,"Target_Only",0.780230145255612
300,300,"Source1_Only",0.680626296925108
300,300,"Source2_Only",0.783059800037729
300,300,"Weighted",0.82418411620449
100,500,"Target_Only",0.643863179074447
100,500,"Source1_Only",0.575452716297787
100,500,"Source2_Only",0.750503018108652
100,500,"Weighted",0.776659959758551
200,500,"Target_Only",0.768846314035818
200,500,"Source1_Only",0.617242815493544
200,500,"Source2_Only",0.77884214910454
200,500,"Weighted",0.795918367346939
300,500,"Target_Only",0.75985100960596
300,500,"Source1_Only",0.717310331307587
300,500,"Source2_Only",0.809449127622035
300,500,"Weighted",0.817290727308371
100,1000,"Target_Only",0.688073394495413
100,1000,"Source1_Only",0.676605504587156
100,1000,"Source2_Only",0.846330275229358
100,1000,"Weighted",0.848623853211009
200,1000,"Target_Only",0.806172839506173
200,1000,"Source1_Only",0.706995884773663
200,1000,"Source2_Only",0.819341563786008
200,1000,"Weighted",0.828395061728395
300,1000,"Target_Only",0.760298156139663
300,1000,"Source1_Only",0.681443703413103
300,1000,"Source2_Only",0.744017261671244
300,1000,"Weighted",0.796783052177324
100,100,"Target_Only",0.755555555555556
100,100,"Source1_Only",0.628888888888889
100,100,"Source2_Only",0.742222222222222
100,100,"Weighted",0.851111111111111
200,100,"Target_Only",0.780743066457352
200,100,"Source1_Only",0.614861329147043
200,100,"Source2_Only",0.725798011512297
200,100,"Weighted",0.779696493982208
300,100,"Target_Only",0.737026359143328
300,100,"Source1_Only",0.699135090609555
300,100,"Source2_Only",0.642504118616145
300,100,"Weighted",0.746499176276771
100,300,"Target_Only",0.658490566037736
100,300,"Source1_Only",0.652830188679245
100,300,"Source2_Only",0.79811320754717
100,300,"Weighted",0.822641509433962
200,300,"Target_Only",0.755132699048573
200,300,"Source1_Only",0.666499749624437
200,300,"Source2_Only",0.782173259889835
200,300,"Weighted",0.824236354531798
300,300,"Target_Only",0.773685247193224
300,300,"Source1_Only",0.665747488674414
300,300,"Source2_Only",0.762655111286193
300,300,"Weighted",0.803033287374434
100,500,"Target_Only",0.742608695652174
100,500,"Source1_Only",0.779130434782609
100,500,"Source2_Only",0.702608695652174
100,500,"Weighted",0.808695652173913
200,500,"Target_Only",0.750252780586451
200,500,"Source1_Only",0.721941354903943
200,500,"Source2_Only",0.769969666329626
200,500,"Weighted",0.812436804853387
300,500,"Target_Only",0.775064267352185
300,500,"Source1_Only",0.679214102093279
300,500,"Source2_Only",0.740727139184723
300,500,"Weighted",0.784428938670584
100,1000,"Target_Only",0.678217821782178
100,1000,"Source1_Only",0.678217821782178
100,1000,"Source2_Only",0.798679867986799
100,1000,"Weighted",0.841584158415842
200,1000,"Target_Only",0.782200357781753
200,1000,"Source1_Only",0.704830053667263
200,1000,"Source2_Only",0.735241502683363
200,1000,"Weighted",0.819320214669052
300,1000,"Target_Only",0.752986434500911
300,1000,"Source1_Only",0.66572180603361
300,1000,"Source2_Only",0.774245798744685
300,1000,"Weighted",0.794290342174529
100,100,"Target_Only",0.626543209876543
100,100,"Source1_Only",0.449074074074074
100,100,"Source2_Only",0.692901234567901
100,100,"Weighted",0.641975308641975
200,100,"Target_Only",0.734965635738832
200,100,"Source1_Only",0.641752577319588
200,100,"Source2_Only",0.641323024054983
200,100,"Weighted",0.746134020618557
300,100,"Target_Only",0.798335887891395
300,100,"Source1_Only",0.72542150208014
300,100,"Source2_Only",0.688416903875629
300,100,"Weighted",0.807094372673527
100,300,"Target_Only",0.732297063903282
100,300,"Source1_Only",0.784110535405872
100,300,"Source2_Only",0.747841105354059
100,300,"Weighted",0.860103626943005
200,300,"Target_Only",0.694456762749446
200,300,"Source1_Only",0.642572062084257
200,300,"Source2_Only",0.740133037694013
200,300,"Weighted",0.766740576496674
300,300,"Target_Only",0.74324831207802
300,300,"Source1_Only",0.663915978994749
300,300,"Source2_Only",0.722805701425356
300,300,"Weighted",0.788822205551388
100,500,"Target_Only",0.656742556917688
100,500,"Source1_Only",0.670753064798599
100,500,"Source2_Only",0.798598949211909
100,500,"Weighted",0.768826619964974
200,500,"Target_Only",0.763238512035011
200,500,"Source1_Only",0.65601750547046
200,500,"Source2_Only",0.69890590809628
200,500,"Weighted",0.781619256017505
300,500,"Target_Only",0.842380195321372
300,500,"Source1_Only",0.673177379059732
300,500,"Source2_Only",0.813763343175108
300,500,"Weighted",0.871678401090166
100,1000,"Target_Only",0.642058165548098
100,1000,"Source1_Only",0.715883668903803
100,1000,"Source2_Only",0.749440715883669
100,1000,"Weighted",0.753914988814318
200,1000,"Target_Only",0.730769230769231
200,1000,"Source1_Only",0.688235294117647
200,1000,"Source2_Only",0.805882352941176
200,1000,"Weighted",0.823529411764706
300,1000,"Target_Only",0.751911956724492
300,1000,"Source1_Only",0.716843872411863
300,1000,"Source2_Only",0.772617049058012
300,1000,"Weighted",0.80768513337064
100,100,"Target_Only",0.590163934426229
100,100,"Source1_Only",0.723653395784543
100,100,"Source2_Only",0.68384074941452
100,100,"Weighted",0.744730679156909
200,100,"Target_Only",0.744286840031521
200,100,"Source1_Only",0.681639085894405
200,100,"Source2_Only",0.710401891252955
200,100,"Weighted",0.760441292356186
300,100,"Target_Only",0.814670380687094
300,100,"Source1_Only",0.580687093779016
300,100,"Source2_Only",0.75636025998143
300,100,"Weighted",0.821355617455896
100,300,"Target_Only",0.559792027729636
100,300,"Source1_Only",0.618717504332756
100,300,"Source2_Only",0.703639514731369
100,300,"Weighted",0.701906412478336
200,300,"Target_Only",0.695961995249406
200,300,"Source1_Only",0.586223277909739
200,300,"Source2_Only",0.75249406175772
200,300,"Weighted",0.739667458432304
300,300,"Target_Only",0.733101851851852
300,300,"Source1_Only",0.700694444444445
300,300,"Source2_Only",0.75625
300,300,"Weighted",0.795601851851852
100,500,"Target_Only",0.695575221238938
100,500,"Source1_Only",0.52212389380531
100,500,"Source2_Only",0.738053097345133
100,500,"Weighted",0.706194690265487
200,500,"Target_Only",0.687973086627418
200,500,"Source1_Only",0.715727502102607
200,500,"Source2_Only",0.775862068965517
200,500,"Weighted",0.784272497897393
300,500,"Target_Only",0.720934379457917
300,500,"Source1_Only",0.670114122681883
300,500,"Source2_Only",0.699714693295292
300,500,"Weighted",0.759985734664765
100,1000,"Target_Only",0.604123711340206
100,1000,"Source1_Only",0.616494845360825
100,1000,"Source2_Only",0.810309278350515
100,1000,"Weighted",0.736082474226804
200,1000,"Target_Only",0.747568093385214
200,1000,"Source1_Only",0.733949416342413
200,1000,"Source2_Only",0.794747081712062
200,1000,"Weighted",0.797178988326848
300,1000,"Target_Only",0.810215763980625
300,1000,"Source1_Only",0.718405988551299
300,1000,"Source2_Only",0.825847644209599
300,1000,"Weighted",0.85512989872303
100,100,"Target_Only",0.822147651006711
100,100,"Source1_Only",0.572147651006711
100,100,"Source2_Only",0.874161073825503
100,100,"Weighted",0.847315436241611
200,100,"Target_Only",0.775347076146403
200,100,"Source1_Only",0.644509886411443
200,100,"Source2_Only",0.771140092553639
200,100,"Weighted",0.796802692469499
300,100,"Target_Only",0.78676780446692
300,100,"Source1_Only",0.684997892962495
300,100,"Source2_Only",0.74188790560472
300,100,"Weighted",0.81078803202697
100,300,"Target_Only",0.75
100,300,"Source1_Only",0.797826086956522
100,300,"Source2_Only",0.860869565217391
100,300,"Weighted",0.873913043478261
200,300,"Target_Only",0.677231907025885
200,300,"Source1_Only",0.680929741151611
200,300,"Source2_Only",0.736397253037507
200,300,"Weighted",0.74432118330692
300,300,"Target_Only",0.790374738443979
300,300,"Source1_Only",0.654555830321476
300,300,"Source2_Only",0.807684991439985
300,300,"Weighted",0.821000570667681
100,500,"Target_Only",0.720149253731343
100,500,"Source1_Only",0.626865671641791
100,500,"Source2_Only",0.746268656716418
100,500,"Weighted",0.805970149253731
200,500,"Target_Only",0.69415496148618
200,500,"Source1_Only",0.697326687811509
200,500,"Source2_Only",0.78341640235614
200,500,"Weighted",0.789306751246035
300,500,"Target_Only",0.790753288162615
300,500,"Source1_Only",0.720605819051415
300,500,"Source2_Only",0.818852132323635
300,500,"Weighted",0.830809087285771
100,1000,"Target_Only",0.664347826086957
100,1000,"Source1_Only",0.740869565217391
100,1000,"Source2_Only",0.80695652173913
100,1000,"Weighted",0.775652173913044
200,1000,"Target_Only",0.765747006767309
200,1000,"Source1_Only",0.76730869338886
200,1000,"Source2_Only",0.786048932847475
200,1000,"Weighted",0.838105153565851
300,1000,"Target_Only",0.755984555984556
300,1000,"Source1_Only",0.692277992277992
300,1000,"Source2_Only",0.796138996138996
300,1000,"Weighted",0.818918918918919
100,100,"Target_Only",0.709737827715356
100,100,"Source1_Only",0.50936329588015
100,100,"Source2_Only",0.709737827715356
100,100,"Weighted",0.722846441947566
200,100,"Target_Only",0.698096101541251
200,100,"Source1_Only",0.63780598368087
200,100,"Source2_Only",0.782411604714415
200,100,"Weighted",0.78739800543971
300,100,"Target_Only",0.769377990430622
300,100,"Source1_Only",0.632153110047847
300,100,"Source2_Only",0.658947368421053
300,100,"Weighted",0.772057416267943
100,300,"Target_Only",0.764388489208633
100,300,"Source1_Only",0.715827338129496
100,300,"Source2_Only",0.785971223021583
100,300,"Weighted",0.827338129496403
200,300,"Target_Only",0.793554413825315
200,300,"Source1_Only",0.612797758056983
200,300,"Source2_Only",0.801027557216254
200,300,"Weighted",0.831854273703877
300,300,"Target_Only",0.761531279178338
300,300,"Source1_Only",0.681792717086835
300,300,"Source2_Only",0.731465919701214
300,300,"Weighted",0.78562091503268
100,500,"Target_Only",0.734545454545455
100,500,"Source1_Only",0.725454545454545
100,500,"Source2_Only",0.774545454545455
100,500,"Weighted",0.789090909090909
200,500,"Target_Only",0.763350785340314
200,500,"Source1_Only",0.659162303664921
200,500,"Source2_Only",0.802094240837696
200,500,"Weighted",0.816753926701571
300,500,"Target_Only",0.806335797254488
300,500,"Source1_Only",0.72882787750792
300,500,"Source2_Only",0.806546990496304
300,500,"Weighted",0.858711721224921
100,1000,"Target_Only",0.73356401384083
100,1000,"Source1_Only",0.731833910034602
100,1000,"Source2_Only",0.76643598615917
100,1000,"Weighted",0.792387543252595
200,1000,"Target_Only",0.818889970788705
200,1000,"Source1_Only",0.814995131450828
200,1000,"Source2_Only",0.793086660175268
200,1000,"Weighted",0.864654333008763
300,1000,"Target_Only",0.791378287522246
300,1000,"Source1_Only",0.715641684793356
300,1000,"Source2_Only",0.812339331619537
300,1000,"Weighted",0.837650781095511
100,100,"Target_Only",0.782608695652174
100,100,"Source1_Only",0.682769726247987
100,100,"Source2_Only",0.732689210950081
100,100,"Weighted",0.813204508856683
200,100,"Target_Only",0.778702163061564
200,100,"Source1_Only",0.64891846921797
200,100,"Source2_Only",0.701331114808652
200,100,"Weighted",0.787853577371048
300,100,"Target_Only",0.797848589405318
300,100,"Source1_Only",0.727623300182667
300,100,"Source2_Only",0.684189161761721
300,100,"Weighted",0.815303430079156
100,300,"Target_Only",0.778378378378378
100,300,"Source1_Only",0.697297297297297
100,300,"Source2_Only",0.836036036036036
100,300,"Weighted",0.843243243243243
200,300,"Target_Only",0.762727272727273
200,300,"Source1_Only",0.627272727272727
200,300,"Source2_Only",0.764090909090909
200,300,"Weighted",0.801363636363636
300,300,"Target_Only",0.7673343605547
300,300,"Source1_Only",0.668060752806516
300,300,"Source2_Only",0.771296500110059
300,300,"Weighted",0.808056350429232
100,500,"Target_Only",0.647969052224371
100,500,"Source1_Only",0.671179883945841
100,500,"Source2_Only",0.736943907156673
100,500,"Weighted",0.727272727272727
200,500,"Target_Only",0.661106233538191
200,500,"Source1_Only",0.663740122914838
200,500,"Source2_Only",0.7585601404741
200,500,"Weighted",0.753292361720808
300,500,"Target_Only",0.746002833434527
300,500,"Source1_Only",0.678000404776361
300,500,"Source2_Only",0.801052418538757
300,500,"Weighted",0.80327868852459
100,1000,"Target_Only",0.625304136253041
100,1000,"Source1_Only",0.693430656934307
100,1000,"Source2_Only",0.822384428223844
100,1000,"Weighted",0.812652068126521
200,1000,"Target_Only",0.802232142857143
200,1000,"Source1_Only",0.774107142857143
200,1000,"Source2_Only",0.816517857142857
200,1000,"Weighted",0.870535714285714
300,1000,"Target_Only",0.790243902439024
300,1000,"Source1_Only",0.712007504690432
300,1000,"Source2_Only",0.80187617260788
300,1000,"Weighted",0.849155722326454
100,100,"Target_Only",0.725429017160686
100,100,"Source1_Only",0.669266770670827
100,100,"Source2_Only",0.647425897035881
100,100,"Weighted",0.747269890795632
200,100,"Target_Only",0.730972515856237
200,100,"Source1_Only",0.696088794926004
200,100,"Source2_Only",0.706131078224101
200,100,"Weighted",0.764270613107822
300,100,"Target_Only",0.778928410625844
300,100,"Source1_Only",0.579243583971184
300,100,"Source2_Only",0.702836560108059
300,100,"Weighted",0.779378658262044
100,300,"Target_Only",0.74949083503055
100,300,"Source1_Only",0.570264765784114
100,300,"Source2_Only",0.741344195519348
100,300,"Weighted",0.778004073319756
200,300,"Target_Only",0.775774387424873
200,300,"Source1_Only",0.652334720295885
200,300,"Source2_Only",0.757743874248729
200,300,"Weighted",0.803975959315765
300,300,"Target_Only",0.776960784313726
300,300,"Source1_Only",0.710375816993464
300,300,"Source2_Only",0.737540849673203
300,300,"Weighted",0.812704248366013
100,500,"Target_Only",0.818348623853211
100,500,"Source1_Only",0.713761467889908
100,500,"Source2_Only",0.844036697247706
100,500,"Weighted",0.902752293577982
200,500,"Target_Only",0.799109351806037
200,500,"Source1_Only",0.725878278080158
200,500,"Source2_Only",0.753092528451262
200,500,"Weighted",0.831766452251361
300,500,"Target_Only",0.729416031918752
300,500,"Source1_Only",0.684802321363801
300,500,"Source2_Only",0.729960101559666
300,500,"Weighted",0.796155241204207
100,1000,"Target_Only",0.689516129032258
100,1000,"Source1_Only",0.723790322580645
100,1000,"Source2_Only",0.838709677419355
100,1000,"Weighted",0.808467741935484
200,1000,"Target_Only",0.764322916666667
200,1000,"Source1_Only",0.7734375
200,1000,"Source2_Only",0.776475694444444
200,1000,"Weighted",0.817708333333333
300,1000,"Target_Only",0.705756473357586
300,1000,"Source1_Only",0.692060774662957
300,1000,"Source2_Only",0.790926599614808
300,1000,"Weighted",0.788786646693773
100,100,"Target_Only",0.62956204379562
100,100,"Source1_Only",0.706204379562044
100,100,"Source2_Only",0.70985401459854
100,100,"Weighted",0.702554744525547
200,100,"Target_Only",0.677117454375292
200,100,"Source1_Only",0.546092653252223
200,100,"Source2_Only",0.664482919981282
200,100,"Weighted",0.71268132896584
300,100,"Target_Only",0.736423841059603
300,100,"Source1_Only",0.712771996215705
300,100,"Source2_Only",0.668495742667928
300,100,"Weighted",0.755723746452223
100,300,"Target_Only",0.614973262032086
100,300,"Source1_Only",0.720142602495544
100,300,"Source2_Only",0.766488413547237
100,300,"Weighted",0.780748663101604
200,300,"Target_Only",0.779487179487179
200,300,"Source1_Only",0.654273504273504
200,300,"Source2_Only",0.794444444444445
200,300,"Weighted",0.838888888888889
300,300,"Target_Only",0.740932642487047
300,300,"Source1_Only",0.650814211695041
300,300,"Source2_Only",0.731125092524056
300,300,"Weighted",0.764618800888231
100,500,"Target_Only",0.652977412731006
100,500,"Source1_Only",0.634496919917864
100,500,"Source2_Only",0.706365503080082
100,500,"Weighted",0.714579055441478
200,500,"Target_Only",0.787206266318538
200,500,"Source1_Only",0.717580504786771
200,500,"Source2_Only",0.850304612706702
200,500,"Weighted",0.863359442993908
300,500,"Target_Only",0.798317644702584
300,500,"Source1_Only",0.691968756258762
300,500,"Source2_Only",0.764670538754256
300,500,"Weighted",0.820148207490487
100,1000,"Target_Only",0.696308724832215
100,1000,"Source1_Only",0.718120805369127
100,1000,"Source2_Only",0.771812080536913
100,1000,"Weighted",0.820469798657718
200,1000,"Target_Only",0.815991237677985
200,1000,"Source1_Only",0.702081051478642
200,1000,"Source2_Only",0.860350492880613
200,1000,"Weighted",0.859802847754655
300,1000,"Target_Only",0.720285261489699
300,1000,"Source1_Only",0.647781299524564
300,1000,"Source2_Only",0.773177496038035
300,1000,"Weighted",0.785459587955626
100,100,"Target_Only",0.75045871559633
100,100,"Source1_Only",0.587155963302752
100,100,"Source2_Only",0.785321100917431
100,100,"Weighted",0.829357798165138
200,100,"Target_Only",0.787037037037037
200,100,"Source1_Only",0.661375661375661
200,100,"Source2_Only",0.682539682539683
200,100,"Weighted",0.794091710758377
300,100,"Target_Only",0.775452365380423
300,100,"Source1_Only",0.690211467189884
300,100,"Source2_Only",0.695661652496185
300,100,"Weighted",0.759755831698278
100,300,"Target_Only",0.68935427574171
100,300,"Source1_Only",0.579406631762653
100,300,"Source2_Only",0.851657940663176
100,300,"Weighted",0.787085514834206
200,300,"Target_Only",0.780746395250212
200,300,"Source1_Only",0.717981340118745
200,300,"Source2_Only",0.803647158608991
200,300,"Weighted",0.840118744698897
300,300,"Target_Only",0.78415801262472
300,300,"Source1_Only",0.675626145387905
300,300,"Source2_Only",0.779271024231317
300,300,"Weighted",0.813276318468744
100,500,"Target_Only",0.687242798353909
100,500,"Source1_Only",0.781893004115226
100,500,"Source2_Only",0.773662551440329
100,500,"Weighted",0.814814814814815
200,500,"Target_Only",0.762703739213806
200,500,"Source1_Only",0.672579098753595
200,500,"Source2_Only",0.859060402684564
200,500,"Weighted",0.845637583892617
300,500,"Target_Only",0.689947780678851
300,500,"Source1_Only",0.605744125326371
300,500,"Source2_Only",0.773933855526545
300,500,"Weighted",0.757180156657963
100,1000,"Target_Only",0.69009009009009
100,1000,"Source1_Only",0.657657657657658
100,1000,"Source2_Only",0.724324324324324
100,1000,"Weighted",0.776576576576577
200,1000,"Target_Only",0.729139922978177
200,1000,"Source1_Only",0.679075738125802
200,1000,"Source2_Only",0.754385964912281
200,1000,"Weighted",0.7864783910997
300,1000,"Target_Only",0.801817822564711
300,1000,"Source1_Only",0.736415728116973
300,1000,"Source2_Only",0.798063623789765
300,1000,"Weighted",0.836198379766845
100,100,"Target_Only",0.746478873239437
100,100,"Source1_Only",0.625754527162978
100,100,"Source2_Only",0.682092555331992
100,100,"Weighted",0.768611670020121
200,100,"Target_Only",0.721946375372393
200,100,"Source1_Only",0.682720953326713
200,100,"Source2_Only",0.761668321747766
200,100,"Weighted",0.78798411122145
300,100,"Target_Only",0.762801648028252
300,100,"Source1_Only",0.676083970963312
300,100,"Source2_Only",0.759466352756524
300,100,"Weighted",0.815577790857367
100,300,"Target_Only",0.684121621621622
100,300,"Source1_Only",0.675675675675676
100,300,"Source2_Only",0.758445945945946
100,300,"Weighted",0.761824324324324
200,300,"Target_Only",0.63710407239819
200,300,"Source1_Only",0.671040723981901
200,300,"Source2_Only",0.852941176470588
200,300,"Weighted",0.838914027149321
300,300,"Target_Only",0.824564912982596
300,300,"Source1_Only",0.727145429085817
300,300,"Source2_Only",0.785957191438288
300,300,"Weighted",0.840968193638728
100,500,"Target_Only",0.721014492753623
100,500,"Source1_Only",0.800724637681159
100,500,"Source2_Only",0.83695652173913
100,500,"Weighted",0.842391304347826
200,500,"Target_Only",0.778119507908612
200,500,"Source1_Only",0.708260105448155
200,500,"Source2_Only",0.748242530755712
200,500,"Weighted",0.800527240773286
300,500,"Target_Only",0.797512631169841
300,500,"Source1_Only",0.756315584920326
300,500,"Source2_Only",0.776136805285659
300,500,"Weighted",0.824329576369996
100,1000,"Target_Only",0.628260869565217
100,1000,"Source1_Only",0.576086956521739
100,1000,"Source2_Only",0.821739130434783
100,1000,"Weighted",0.726086956521739
200,1000,"Target_Only",0.725077081192189
200,1000,"Source1_Only",0.754367934224049
200,1000,"Source2_Only",0.766187050359712
200,1000,"Weighted",0.811408016443988
300,1000,"Target_Only",0.737731111618352
300,1000,"Source1_Only",0.661036293083771
300,1000,"Source2_Only",0.760785208856426
300,1000,"Weighted",0.769459027619265
100,100,"Target_Only",0.774509803921569
100,100,"Source1_Only",0.615686274509804
100,100,"Source2_Only",0.727450980392157
100,100,"Weighted",0.815686274509804
200,100,"Target_Only",0.714285714285714
200,100,"Source1_Only",0.67463141840366
200,100,"Source2_Only",0.647178444331469
200,100,"Weighted",0.748856126080325
300,100,"Target_Only",0.77064631956912
300,100,"Source1_Only",0.620511669658887
300,100,"Source2_Only",0.710951526032316
300,100,"Weighted",0.762791741472172
100,300,"Target_Only",0.74484052532833
100,300,"Source1_Only",0.697936210131332
100,300,"Source2_Only",0.703564727954972
100,300,"Weighted",0.74108818011257
200,300,"Target_Only",0.804017372421281
200,300,"Source1_Only",0.640608034744843
200,300,"Source2_Only",0.836047774158523
200,300,"Weighted",0.843648208469055
300,300,"Target_Only",0.797092547092547
300,300,"Source1_Only",0.649058149058149
300,300,"Source2_Only",0.797502047502048
300,300,"Weighted",0.828009828009828
100,500,"Target_Only",0.810869565217391
100,500,"Source1_Only",0.708695652173913
100,500,"Source2_Only",0.784782608695652
100,500,"Weighted",0.845652173913043
200,500,"Target_Only",0.801064265247646
200,500,"Source1_Only",0.58370855505526
200,500,"Source2_Only",0.766680311092919
200,500,"Weighted",0.810478919361441
300,500,"Target_Only",0.719974979149291
300,500,"Source1_Only",0.652418682235196
300,500,"Source2_Only",0.765221017514595
300,500,"Weighted",0.785863219349458
100,1000,"Target_Only",0.83
100,1000,"Source1_Only",0.815
100,1000,"Source2_Only",0.86
100,1000,"Weighted",0.8975
200,1000,"Target_Only",0.71264367816092
200,1000,"Source1_Only",0.680459770114943
200,1000,"Source2_Only",0.763218390804598
200,1000,"Weighted",0.789885057471264
300,1000,"Target_Only",0.76457399103139
300,1000,"Source1_Only",0.68329596412556
300,1000,"Source2_Only",0.762518684603886
300,1000,"Weighted",0.801943198804185
100,100,"Target_Only",0.857142857142857
100,100,"Source1_Only",0.638752052545156
100,100,"Source2_Only",0.817733990147783
100,100,"Weighted",0.898193760262726
200,100,"Target_Only",0.728062157221207
200,100,"Source1_Only",0.694241316270567
200,100,"Source2_Only",0.718921389396709
200,100,"Weighted",0.778793418647166
300,100,"Target_Only",0.788735983690112
300,100,"Source1_Only",0.645005096839959
300,100,"Source2_Only",0.717125382262997
300,100,"Weighted",0.790519877675841
100,300,"Target_Only",0.8
100,300,"Source1_Only",0.652100840336134
100,300,"Source2_Only",0.715966386554622
100,300,"Weighted",0.80672268907563
200,300,"Target_Only",0.7388
200,300,"Source1_Only",0.67
200,300,"Source2_Only",0.7908
200,300,"Weighted",0.8248
300,300,"Target_Only",0.780230909459186
300,300,"Source1_Only",0.717642292890419
300,300,"Source2_Only",0.75632975491189
300,300,"Weighted",0.833907231112011
100,500,"Target_Only",0.700787401574803
100,500,"Source1_Only",0.640419947506562
100,500,"Source2_Only",0.826771653543307
100,500,"Weighted",0.83989501312336
200,500,"Target_Only",0.830808080808081
200,500,"Source1_Only",0.669191919191919
200,500,"Source2_Only",0.83989898989899
200,500,"Weighted",0.869191919191919
300,500,"Target_Only",0.759887572776551
300,500,"Source1_Only",0.645051194539249
300,500,"Source2_Only",0.7518570568159
300,500,"Weighted",0.790403533427023
100,1000,"Target_Only",0.765765765765766
100,1000,"Source1_Only",0.753153153153153
100,1000,"Source2_Only",0.789189189189189
100,1000,"Weighted",0.818018018018018
200,1000,"Target_Only",0.81191640729213
200,1000,"Source1_Only",0.701200533570476
200,1000,"Source2_Only",0.836371720764784
200,1000,"Weighted",0.846153846153846
300,1000,"Target_Only",0.719110378912685
300,1000,"Source1_Only",0.654242174629325
300,1000,"Source2_Only",0.784596375617792
300,1000,"Weighted",0.794686985172982
100,100,"Target_Only",0.660130718954248
100,100,"Source1_Only",0.736383442265795
100,100,"Source2_Only",0.734204793028322
100,100,"Weighted",0.786492374727669
200,100,"Target_Only",0.808919803600655
200,100,"Source1_Only",0.699672667757774
200,100,"Source2_Only",0.815057283142389
200,100,"Weighted",0.842880523731588
300,100,"Target_Only",0.796288395904437
300,100,"Source1_Only",0.639931740614334
300,100,"Source2_Only",0.784769624573379
300,100,"Weighted",0.824232081911263
100,300,"Target_Only",0.83752417794971
100,300,"Source1_Only",0.659574468085106
100,300,"Source2_Only",0.754352030947776
100,300,"Weighted",0.851063829787234
200,300,"Target_Only",0.773152478952292
200,300,"Source1_Only",0.725444340505145
200,300,"Source2_Only",0.737605238540692
200,300,"Weighted",0.817586529466791
300,300,"Target_Only",0.807058326289096
300,300,"Source1_Only",0.648985629754861
300,300,"Source2_Only",0.736052409129332
300,300,"Weighted",0.814243448858833
100,500,"Target_Only",0.721603563474388
100,500,"Source1_Only",0.690423162583519
100,500,"Source2_Only",0.828507795100223
100,500,"Weighted",0.801781737193764
200,500,"Target_Only",0.785096153846154
200,500,"Source1_Only",0.628846153846154
200,500,"Source2_Only",0.806730769230769
200,500,"Weighted",0.83125
300,500,"Target_Only",0.692989864864865
300,500,"Source1_Only",0.686444256756757
300,500,"Source2_Only",0.759290540540541
300,500,"Weighted",0.765625
100,1000,"Target_Only",0.65748031496063
100,1000,"Source1_Only",0.631889763779528
100,1000,"Source2_Only",0.783464566929134
100,1000,"Weighted",0.755905511811024
200,1000,"Target_Only",0.721465476749648
200,1000,"Source1_Only",0.689995302959136
200,1000,"Source2_Only",0.769375293565054
200,1000,"Weighted",0.799906059182715
300,1000,"Target_Only",0.745787393384647
300,1000,"Source1_Only",0.703973372165592
300,1000,"Source2_Only",0.832743915123778
300,1000,"Weighted",0.822342417308092
100,100,"Target_Only",0.705078125
100,100,"Source1_Only",0.71875
100,100,"Source2_Only",0.716796875
100,100,"Weighted",0.765625
200,100,"Target_Only",0.786937901498929
200,100,"Source1_Only",0.749464668094218
200,100,"Source2_Only",0.702890792291221
200,100,"Weighted",0.816381156316917
300,100,"Target_Only",0.758071367884452
300,100,"Source1_Only",0.639974511469839
300,100,"Source2_Only",0.759133389974511
300,100,"Weighted",0.784409515717927
100,300,"Target_Only",0.651485148514852
100,300,"Source1_Only",0.623762376237624
100,300,"Source2_Only",0.699009900990099
100,300,"Weighted",0.744554455445545
200,300,"Target_Only",0.726148409893993
200,300,"Source1_Only",0.575971731448763
200,300,"Source2_Only",0.704505300353357
200,300,"Weighted",0.748674911660777
300,300,"Target_Only",0.802047781569966
300,300,"Source1_Only",0.722222222222222
300,300,"Source2_Only",0.744596131968146
300,300,"Weighted",0.820819112627986
100,500,"Target_Only",0.690909090909091
100,500,"Source1_Only",0.629090909090909
100,500,"Source2_Only",0.794545454545455
100,500,"Weighted",0.818181818181818
200,500,"Target_Only",0.78639846743295
200,500,"Source1_Only",0.729406130268199
200,500,"Source2_Only",0.765804597701149
200,500,"Weighted",0.829501915708812
300,500,"Target_Only",0.789571694599628
300,500,"Source1_Only",0.678212290502793
300,500,"Source2_Only",0.817690875232775
300,500,"Weighted",0.83147113594041
100,1000,"Target_Only",0.807339449541284
100,1000,"Source1_Only",0.726605504587156
100,1000,"Source2_Only",0.823853211009174
100,1000,"Weighted",0.888073394495413
200,1000,"Target_Only",0.785011709601874
200,1000,"Source1_Only",0.704918032786885
200,1000,"Source2_Only",0.814519906323185
200,1000,"Weighted",0.841686182669789
300,1000,"Target_Only",0.746232269503546
300,1000,"Source1_Only",0.660904255319149
300,1000,"Source2_Only",0.748891843971631
300,1000,"Weighted",0.797207446808511
100,100,"Target_Only",0.673647469458988
100,100,"Source1_Only",0.636998254799302
100,100,"Source2_Only",0.614310645724258
100,100,"Weighted",0.682373472949389
200,100,"Target_Only",0.784203711696159
200,100,"Source1_Only",0.732844195079845
200,100,"Source2_Only",0.71687526974536
200,100,"Weighted",0.81182563659905
300,100,"Target_Only",0.833201737070667
300,100,"Source1_Only",0.632846427161469
300,100,"Source2_Only",0.737268061587051
300,100,"Weighted",0.823726806158705
100,300,"Target_Only",0.713101160862355
100,300,"Source1_Only",0.676616915422886
100,300,"Source2_Only",0.69983416252073
100,300,"Weighted",0.772802653399668
200,300,"Target_Only",0.676470588235294
200,300,"Source1_Only",0.597248576850095
200,300,"Source2_Only",0.75426944971537
200,300,"Weighted",0.759013282732448
300,300,"Target_Only",0.794415718717684
300,300,"Source1_Only",0.676732161323682
300,300,"Source2_Only",0.786142709410548
300,300,"Weighted",0.82688728024819
100,500,"Target_Only",0.666666666666667
100,500,"Source1_Only",0.640595903165736
100,500,"Source2_Only",0.836126629422719
100,500,"Weighted",0.800744878957169
200,500,"Target_Only",0.73360843649702
200,500,"Source1_Only",0.747363594681339
200,500,"Source2_Only",0.751031636863824
200,500,"Weighted",0.790921595598349
300,500,"Target_Only",0.735354456348302
300,500,"Source1_Only",0.707772965580123
300,500,"Source2_Only",0.756553453385001
300,500,"Weighted",0.786870298609528
100,1000,"Target_Only",0.710059171597633
100,1000,"Source1_Only",0.613905325443787
100,1000,"Source2_Only",0.831360946745562
100,1000,"Weighted",0.804733727810651
200,1000,"Target_Only",0.752198654940507
200,1000,"Source1_Only",0.755302638385929
200,1000,"Source2_Only",0.764097258147957
200,1000,"Weighted",0.804449042938438
300,1000,"Target_Only",0.769945044532879
300,1000,"Source1_Only",0.694144400227402
300,1000,"Source2_Only",0.775440591245026
300,1000,"Weighted",0.805571347356453
100,100,"Target_Only",0.647058823529412
100,100,"Source1_Only",0.694753577106518
100,100,"Source2_Only",0.594594594594595
100,100,"Weighted",0.728139904610493
200,100,"Target_Only",0.708398539384455
200,100,"Source1_Only",0.692227438706312
200,100,"Source2_Only",0.724047991653625
200,100,"Weighted",0.749608763693271
300,100,"Target_Only",0.758003369839933
300,100,"Source1_Only",0.561288963774221
300,100,"Source2_Only",0.722409435551811
300,100,"Weighted",0.770008424599832
100,300,"Target_Only",0.81183932346723
100,300,"Source1_Only",0.74630021141649
100,300,"Source2_Only",0.837209302325581
100,300,"Weighted",0.864693446088795
200,300,"Target_Only",0.856901646264246
200,300,"Source1_Only",0.760658505698607
200,300,"Source2_Only",0.800337695230055
200,300,"Weighted",0.883495145631068
300,300,"Target_Only",0.69889224572004
300,300,"Source1_Only",0.612286002014099
300,300,"Source2_Only",0.71460221550856
300,300,"Weighted",0.744209466263847
100,500,"Target_Only",0.691056910569106
100,500,"Source1_Only",0.652032520325203
100,500,"Source2_Only",0.780487804878049
100,500,"Weighted",0.744715447154472
200,500,"Target_Only",0.786315199102636
200,500,"Source1_Only",0.652271452607964
200,500,"Source2_Only",0.783510936623668
200,500,"Weighted",0.826135726303982
300,500,"Target_Only",0.837180544105524
300,500,"Source1_Only",0.733511953833471
300,500,"Source2_Only",0.764839241549876
300,500,"Weighted",0.847897774113768
100,1000,"Target_Only",0.702660406885759
100,1000,"Source1_Only",0.723004694835681
100,1000,"Source2_Only",0.769953051643192
100,1000,"Weighted",0.777777777777778
200,1000,"Target_Only",0.776847977684798
200,1000,"Source1_Only",0.728963272896327
200,1000,"Source2_Only",0.821943282194328
200,1000,"Weighted",0.833565783356578
300,1000,"Target_Only",0.780658209229638
300,1000,"Source1_Only",0.724949439235154
300,1000,"Source2_Only",0.791505791505791
300,1000,"Weighted",0.822026107740393
100,100,"Target_Only",0.765748031496063
100,100,"Source1_Only",0.681102362204724
100,100,"Source2_Only",0.850393700787402
100,100,"Weighted",0.846456692913386
200,100,"Target_Only",0.800165494414564
200,100,"Source1_Only",0.685146876292925
200,100,"Source2_Only",0.792718245759206
200,100,"Weighted",0.830368225072404
300,100,"Target_Only",0.78160237388724
300,100,"Source1_Only",0.66646884272997
300,100,"Source2_Only",0.736696340257171
300,100,"Weighted",0.808704253214639
100,300,"Target_Only",0.642599277978339
100,300,"Source1_Only",0.637184115523466
100,300,"Source2_Only",0.756317689530686
100,300,"Weighted",0.806859205776173
200,300,"Target_Only",0.744110854503464
200,300,"Source1_Only",0.748729792147806
200,300,"Source2_Only",0.757505773672055
200,300,"Weighted",0.804618937644342
300,300,"Target_Only",0.735070140280561
300,300,"Source1_Only",0.681563126252505
300,300,"Source2_Only",0.728456913827655
300,300,"Weighted",0.744288577154309
100,500,"Target_Only",0.787234042553192
100,500,"Source1_Only",0.764184397163121
100,500,"Source2_Only",0.776595744680851
100,500,"Weighted",0.815602836879433
200,500,"Target_Only",0.822862541332074
200,500,"Source1_Only",0.69674067076051
200,500,"Source2_Only",0.812470477090222
200,500,"Weighted",0.863013698630137
300,500,"Target_Only",0.788164493480441
300,500,"Source1_Only",0.627482447342026
300,500,"Source2_Only",0.74062186559679
300,500,"Weighted",0.81123370110331
100,1000,"Target_Only",0.783088235294118
100,1000,"Source1_Only",0.808823529411765
100,1000,"Source2_Only",0.830882352941176
100,1000,"Weighted",0.871323529411765
200,1000,"Target_Only",0.698022190062711
200,1000,"Source1_Only",0.675349734684033
200,1000,"Source2_Only",0.765557163531114
200,1000,"Weighted",0.77424023154848
300,1000,"Target_Only",0.777867855695176
300,1000,"Source1_Only",0.646128901499797
300,1000,"Source2_Only",0.792257802999595
300,1000,"Weighted",0.841305229023105
100,100,"Target_Only",0.838160136286201
100,100,"Source1_Only",0.613287904599659
100,100,"Source2_Only",0.805792163543441
100,100,"Weighted",0.862010221465077
200,100,"Target_Only",0.830072090628218
200,100,"Source1_Only",0.696704428424305
200,100,"Source2_Only",0.698249227600412
200,100,"Weighted",0.812564366632338
300,100,"Target_Only",0.788788788788789
300,100,"Source1_Only",0.645045045045045
300,100,"Source2_Only",0.771971971971972
300,100,"Weighted",0.802002002002002
100,300,"Target_Only",0.716566866267465
100,300,"Source1_Only",0.684630738522954
100,300,"Source2_Only",0.798403193612774
100,300,"Weighted",0.788423153692615
200,300,"Target_Only",0.725531028738026
200,300,"Source1_Only",0.658059142024157
200,300,"Source2_Only",0.78134110787172
200,300,"Weighted",0.792586422324032
300,300,"Target_Only",0.78096479791395
300,300,"Source1_Only",0.63102998696219
300,300,"Source2_Only",0.737722729248153
300,300,"Weighted",0.815297696653629
100,500,"Target_Only",0.747795414462081
100,500,"Source1_Only",0.747795414462081
100,500,"Source2_Only",0.825396825396825
100,500,"Weighted",0.862433862433862
200,500,"Target_Only",0.696025293586269
200,500,"Source1_Only",0.625112917795845
200,500,"Source2_Only",0.801716350496838
200,500,"Weighted",0.782746160794941
300,500,"Target_Only",0.772672552166934
300,500,"Source1_Only",0.697833065810594
300,500,"Source2_Only",0.742576243980738
300,500,"Weighted",0.814205457463884
100,1000,"Target_Only",0.779697624190065
100,1000,"Source1_Only",0.740820734341253
100,1000,"Source2_Only",0.881209503239741
100,1000,"Weighted",0.863930885529158
200,1000,"Target_Only",0.738461538461539
200,1000,"Source1_Only",0.664019851116625
200,1000,"Source2_Only",0.803473945409429
200,1000,"Weighted",0.80893300248139
300,1000,"Target_Only",0.789464057069691
300,1000,"Source1_Only",0.726541064569234
300,1000,"Source2_Only",0.758551307847082
300,1000,"Weighted",0.820559721968173
100,100,"Target_Only",0.712962962962963
100,100,"Source1_Only",0.531481481481481
100,100,"Source2_Only",0.72037037037037
100,100,"Weighted",0.738888888888889
200,100,"Target_Only",0.76496872207328
200,100,"Source1_Only",0.631367292225201
200,100,"Source2_Only",0.689454870420018
200,100,"Weighted",0.778820375335121
300,100,"Target_Only",0.747410695413232
300,100,"Source1_Only",0.655252589304587
300,100,"Source2_Only",0.694779116465863
300,100,"Weighted",0.778482350454449
100,300,"Target_Only",0.659863945578231
100,300,"Source1_Only",0.704081632653061
100,300,"Source2_Only",0.756802721088435
100,300,"Weighted",0.770408163265306
200,300,"Target_Only",0.752587481517989
200,300,"Source1_Only",0.669788072942336
200,300,"Source2_Only",0.809758501724988
200,300,"Weighted",0.832922621981272
300,300,"Target_Only",0.762340853249944
300,300,"Source1_Only",0.70560643287916
300,300,"Source2_Only",0.765691311145857
300,300,"Weighted",0.809693991512173
100,500,"Target_Only",0.751937984496124
100,500,"Source1_Only",0.711240310077519
100,500,"Source2_Only",0.724806201550388
100,500,"Weighted",0.852713178294574
200,500,"Target_Only",0.694817658349328
200,500,"Source1_Only",0.616122840690979
200,500,"Source2_Only",0.789347408829175
200,500,"Weighted",0.769193857965451
300,500,"Target_Only",0.767879548306148
300,500,"Source1_Only",0.714345462149728
300,500,"Source2_Only",0.824968632371393
300,500,"Weighted",0.82392304475115
100,1000,"Target_Only",0.746835443037975
100,1000,"Source1_Only",0.721518987341772
100,1000,"Source2_Only",0.759493670886076
100,1000,"Weighted",0.79746835443038
200,1000,"Target_Only",0.756983240223464
200,1000,"Source1_Only",0.738826815642458
200,1000,"Source2_Only",0.82122905027933
200,1000,"Weighted",0.830074487895717
300,1000,"Target_Only",0.772753182595478
300,1000,"Source1_Only",0.719551586547596
300,1000,"Source2_Only",0.804294128823865
300,1000,"Weighted",0.839065171955159
100,100,"Target_Only",0.711985688729875
100,100,"Source1_Only",0.572450805008945
100,100,"Source2_Only",0.73345259391771
100,100,"Weighted",0.75134168157424
200,100,"Target_Only",0.803978651140223
200,100,"Source1_Only",0.615720524017467
200,100,"Source2_Only",0.800582241630277
200,100,"Weighted",0.85201358563804
300,100,"Target_Only",0.73528209321341
300,100,"Source1_Only",0.595666394112837
300,100,"Source2_Only",0.71443172526574
300,100,"Weighted",0.736713000817661
100,300,"Target_Only",0.769102990033223
100,300,"Source1_Only",0.762458471760797
100,300,"Source2_Only",0.764119601328904
100,300,"Weighted",0.81063122923588
200,300,"Target_Only",0.742387626872886
200,300,"Source1_Only",0.662155630739488
200,300,"Source2_Only",0.768970517158047
200,300,"Weighted",0.795070082165297
300,300,"Target_Only",0.774061153293659
300,300,"Source1_Only",0.661194336137903
300,300,"Source2_Only",0.73753334701416
300,300,"Weighted",0.790272932485122
100,500,"Target_Only",0.714285714285714
100,500,"Source1_Only",0.628571428571429
100,500,"Source2_Only",0.797959183673469
100,500,"Weighted",0.773469387755102
200,500,"Target_Only",0.717863894139887
200,500,"Source1_Only",0.646975425330813
200,500,"Source2_Only",0.794423440453686
200,500,"Weighted",0.780718336483932
300,500,"Target_Only",0.770149953139644
300,500,"Source1_Only",0.605201499531396
300,500,"Source2_Only",0.802014995313964
300,500,"Weighted",0.808809746954077
100,1000,"Target_Only",0.805722891566265
100,1000,"Source1_Only",0.73644578313253
100,1000,"Source2_Only",0.805722891566265
100,1000,"Weighted",0.838855421686747
200,1000,"Target_Only",0.789105447276362
200,1000,"Source1_Only",0.758620689655172
200,1000,"Source2_Only",0.824087956021989
200,1000,"Weighted",0.848575712143928
300,1000,"Target_Only",0.791758107778591
300,1000,"Source1_Only",0.667642038527189
300,1000,"Source2_Only",0.801024140453548
300,1000,"Weighted",0.821994635454767
100,100,"Target_Only",0.716694772344013
100,100,"Source1_Only",0.661045531197302
100,100,"Source2_Only",0.763912310286678
100,100,"Weighted",0.784148397976391
200,100,"Target_Only",0.70250307755437
200,100,"Source1_Only",0.651210504718917
200,100,"Source2_Only",0.711940910956094
200,100,"Weighted",0.7443578169881
300,100,"Target_Only",0.695512082853855
300,100,"Source1_Only",0.644418872266973
300,100,"Source2_Only",0.67433831990794
300,100,"Weighted",0.742002301495972
100,300,"Target_Only",0.718120805369127
100,300,"Source1_Only",0.696308724832215
100,300,"Source2_Only",0.820469798657718
100,300,"Weighted",0.805369127516778
200,300,"Target_Only",0.723690310616597
200,300,"Source1_Only",0.723690310616597
200,300,"Source2_Only",0.803894297635605
200,300,"Weighted",0.828465461288827
300,300,"Target_Only",0.750989881214254
300,300,"Source1_Only",0.666300043994721
300,300,"Source2_Only",0.732512098548174
300,300,"Weighted",0.792784865816102
100,500,"Target_Only",0.652173913043478
100,500,"Source1_Only",0.735349716446125
100,500,"Source2_Only",0.780718336483932
100,500,"Weighted",0.792060491493384
200,500,"Target_Only",0.771944922547332
200,500,"Source1_Only",0.659638554216867
200,500,"Source2_Only",0.80249569707401
200,500,"Weighted",0.823580034423408
300,500,"Target_Only",0.766381766381766
300,500,"Source1_Only",0.722112645189568
300,500,"Source2_Only",0.79333771641464
300,500,"Weighted",0.816568047337278
100,1000,"Target_Only",0.745182012847966
100,1000,"Source1_Only",0.603854389721627
100,1000,"Source2_Only",0.826552462526767
100,1000,"Weighted",0.78372591006424
200,1000,"Target_Only",0.749733759318424
200,1000,"Source1_Only",0.701277955271566
200,1000,"Source2_Only",0.787539936102236
200,1000,"Weighted",0.812566560170394
300,1000,"Target_Only",0.81640545491553
300,1000,"Source1_Only",0.762263382861795
300,1000,"Source2_Only",0.809892122939141
300,1000,"Weighted",0.860777529004682
100,100,"Target_Only",0.728187919463087
100,100,"Source1_Only",0.62751677852349
100,100,"Source2_Only",0.766778523489933
100,100,"Weighted",0.800335570469799
200,100,"Target_Only",0.778821520068318
200,100,"Source1_Only",0.684884713919727
200,100,"Source2_Only",0.715200683176772
200,100,"Weighted",0.78736122971819
300,100,"Target_Only",0.780854260570938
300,100,"Source1_Only",0.657651856621593
300,100,"Source2_Only",0.756385490448594
300,100,"Weighted",0.810688989053445
100,300,"Target_Only",0.721723518850987
100,300,"Source1_Only",0.770197486535009
100,300,"Source2_Only",0.750448833034111
100,300,"Weighted",0.820466786355476
200,300,"Target_Only",0.686832740213523
200,300,"Source1_Only",0.668530757498729
200,300,"Source2_Only",0.797153024911032
200,300,"Weighted",0.796136248093543
300,300,"Target_Only",0.802707930367505
300,300,"Source1_Only",0.576617236191704
300,300,"Source2_Only",0.778422523103374
300,300,"Weighted",0.805716741886955
100,500,"Target_Only",0.694174757281553
100,500,"Source1_Only",0.66504854368932
100,500,"Source2_Only",0.786407766990291
100,500,"Weighted",0.79126213592233
200,500,"Target_Only",0.743016759776536
200,500,"Source1_Only",0.682423721529867
200,500,"Source2_Only",0.792006875805759
200,500,"Weighted",0.801461108723678
300,500,"Target_Only",0.74686330618534
300,500,"Source1_Only",0.683689192163768
300,500,"Source2_Only",0.7475236627779
300,500,"Weighted",0.792427911071979
100,1000,"Target_Only",0.755011135857461
100,1000,"Source1_Only",0.66369710467706
100,1000,"Source2_Only",0.804008908685969
100,1000,"Weighted",0.844097995545657
200,1000,"Target_Only",0.7875
200,1000,"Source1_Only",0.6885
200,1000,"Source2_Only",0.786
200,1000,"Weighted",0.8565
300,1000,"Target_Only",0.811475409836066
300,1000,"Source1_Only",0.682201405152225
300,1000,"Source2_Only",0.829976580796253
300,1000,"Weighted",0.852927400468384
100,100,"Target_Only",0.782816229116945
100,100,"Source1_Only",0.596658711217184
100,100,"Source2_Only",0.744630071599045
100,100,"Weighted",0.832935560859189
200,100,"Target_Only",0.818225190839695
200,100,"Source1_Only",0.655534351145038
200,100,"Source2_Only",0.698950381679389
200,100,"Weighted",0.812022900763359
300,100,"Target_Only",0.693821989528796
300,100,"Source1_Only",0.565026178010471
300,100,"Source2_Only",0.684816753926702
300,100,"Weighted",0.72
100,300,"Target_Only",0.788501026694045
100,300,"Source1_Only",0.702258726899384
100,300,"Source2_Only",0.763860369609856
100,300,"Weighted",0.827515400410678
200,300,"Target_Only",0.734742912061509
200,300,"Source1_Only",0.678039404132629
200,300,"Source2_Only",0.765497357039885
200,300,"Weighted",0.782316194137434
300,300,"Target_Only",0.785444630872483
300,300,"Source1_Only",0.618917785234899
300,300,"Source2_Only",0.764890939597315
300,300,"Weighted",0.812919463087248
100,500,"Target_Only",0.791946308724832
100,500,"Source1_Only",0.691275167785235
100,500,"Source2_Only",0.847874720357942
100,500,"Weighted",0.868008948545861
200,500,"Target_Only",0.773749426342359
200,500,"Source1_Only",0.695273061037173
200,500,"Source2_Only",0.718219366681964
200,500,"Weighted",0.804497475906379
300,500,"Target_Only",0.711656441717791
300,500,"Source1_Only",0.581288343558282
300,500,"Source2_Only",0.720201577563541
300,500,"Weighted",0.739702015775635
100,1000,"Target_Only",0.719047619047619
100,1000,"Source1_Only",0.719047619047619
100,1000,"Source2_Only",0.714285714285714
100,1000,"Weighted",0.742857142857143
200,1000,"Target_Only",0.747803617571059
200,1000,"Source1_Only",0.715245478036176
200,1000,"Source2_Only",0.729715762273902
200,1000,"Weighted",0.77984496124031
300,1000,"Target_Only",0.797594042390682
300,1000,"Source1_Only",0.707466106549551
300,1000,"Source2_Only",0.783845713194577
300,1000,"Weighted",0.840557571128509
100,100,"Target_Only",0.741293532338309
100,100,"Source1_Only",0.646766169154229
100,100,"Source2_Only",0.698175787728027
100,100,"Weighted",0.777777777777778
200,100,"Target_Only",0.808543489449305
200,100,"Source1_Only",0.666495110653628
200,100,"Source2_Only",0.667524446731858
200,100,"Weighted",0.791559444158518
300,100,"Target_Only",0.814477112020841
300,100,"Source1_Only",0.673799776702642
300,100,"Source2_Only",0.781540751767771
300,100,"Weighted",0.826758466691478
100,300,"Target_Only",0.606741573033708
100,300,"Source1_Only",0.619850187265918
100,300,"Source2_Only",0.758426966292135
100,300,"Weighted",0.750936329588015
200,300,"Target_Only",0.793259350595972
200,300,"Source1_Only",0.722975750102754
200,300,"Source2_Only",0.753390875462392
200,300,"Weighted",0.820797369502672
300,300,"Target_Only",0.710962783171521
300,300,"Source1_Only",0.578074433656958
300,300,"Source2_Only",0.789037216828479
300,300,"Weighted",0.784587378640777
100,500,"Target_Only",0.750677506775068
100,500,"Source1_Only",0.715447154471545
100,500,"Source2_Only",0.677506775067751
100,500,"Weighted",0.813008130081301
200,500,"Target_Only",0.69179600886918
200,500,"Source1_Only",0.690465631929047
200,500,"Source2_Only",0.76940133037694
200,500,"Weighted",0.795565410199557
300,500,"Target_Only",0.79518316130338
300,500,"Source1_Only",0.679417122040073
300,500,"Source2_Only",0.794171220400729
300,500,"Weighted",0.844768265533293
100,1000,"Target_Only",0.819599109131403
100,1000,"Source1_Only",0.66369710467706
100,1000,"Source2_Only",0.837416481069042
100,1000,"Weighted",0.875278396436526
200,1000,"Target_Only",0.798216799624589
200,1000,"Source1_Only",0.761614265603003
200,1000,"Source2_Only",0.781323322383857
200,1000,"Weighted",0.845612388549977
300,1000,"Target_Only",0.814722911497105
300,1000,"Source1_Only",0.703060380479735
300,1000,"Source2_Only",0.795078577336642
300,1000,"Weighted",0.844706368899917
100,100,"Target_Only",0.719354838709677
100,100,"Source1_Only",0.47741935483871
100,100,"Source2_Only",0.714516129032258
100,100,"Weighted",0.72258064516129
200,100,"Target_Only",0.751395448690425
200,100,"Source1_Only",0.638900815800773
200,100,"Source2_Only",0.734220695577501
200,100,"Weighted",0.777586947187634
300,100,"Target_Only",0.69575514665695
300,100,"Source1_Only",0.621789032610676
300,100,"Source2_Only",0.632537802878484
300,100,"Weighted",0.710329750409911
100,300,"Target_Only",0.733449477351916
100,300,"Source1_Only",0.655052264808362
100,300,"Source2_Only",0.81184668989547
100,300,"Weighted",0.827526132404181
200,300,"Target_Only",0.755922865013774
200,300,"Source1_Only",0.759779614325069
200,300,"Source2_Only",0.677134986225895
200,300,"Weighted",0.781818181818182
300,300,"Target_Only",0.772917124642779
300,300,"Source1_Only",0.705869421850956
300,300,"Source2_Only",0.781270608925039
300,300,"Weighted",0.80765003297428
100,500,"Target_Only",0.675182481751825
100,500,"Source1_Only",0.656934306569343
100,500,"Source2_Only",0.784671532846715
100,500,"Weighted",0.786496350364964
200,500,"Target_Only",0.696087786259542
200,500,"Source1_Only",0.593034351145038
200,500,"Source2_Only",0.692748091603053
200,500,"Weighted",0.756202290076336
300,500,"Target_Only",0.743695742042166
300,500,"Source1_Only",0.613269946258785
300,500,"Source2_Only",0.779454319966928
300,500,"Weighted",0.804878048780488
100,1000,"Target_Only",0.638775510204082
100,1000,"Source1_Only",0.702040816326531
100,1000,"Source2_Only",0.691836734693878
100,1000,"Weighted",0.718367346938775
200,1000,"Target_Only",0.787569178373776
200,1000,"Source1_Only",0.656449553001277
200,1000,"Source2_Only",0.81311196253725
200,1000,"Weighted",0.823329076202639
300,1000,"Target_Only",0.763221153846154
300,1000,"Source1_Only",0.653645833333333
300,1000,"Source2_Only",0.761418269230769
300,1000,"Weighted",0.786057692307692
100,100,"Target_Only",0.606164383561644
100,100,"Source1_Only",0.604452054794521
100,100,"Source2_Only",0.741438356164384
100,100,"Weighted",0.715753424657534
200,100,"Target_Only",0.74054820415879
200,100,"Source1_Only",0.679111531190926
200,100,"Source2_Only",0.698015122873346
200,100,"Weighted",0.785444234404537
300,100,"Target_Only",0.765163607342378
300,100,"Source1_Only",0.611532322426177
300,100,"Source2_Only",0.769952114924182
300,100,"Weighted",0.787709497206704
100,300,"Target_Only",0.747795414462081
100,300,"Source1_Only",0.728395061728395
100,300,"Source2_Only",0.776014109347443
100,300,"Weighted",0.837742504409171
200,300,"Target_Only",0.735857877512856
200,300,"Source1_Only",0.674614305750351
200,300,"Source2_Only",0.788218793828892
200,300,"Weighted",0.781673679289388
300,300,"Target_Only",0.778844008033921
300,300,"Source1_Only",0.632001785315778
300,300,"Source2_Only",0.725954028118724
300,300,"Weighted",0.784423119839322
100,500,"Target_Only",0.805491990846682
100,500,"Source1_Only",0.711670480549199
100,500,"Source2_Only",0.887871853546911
100,500,"Weighted",0.881006864988558
200,500,"Target_Only",0.787765957446809
200,500,"Source1_Only",0.71968085106383
200,500,"Source2_Only",0.803723404255319
200,500,"Weighted",0.841489361702128
300,500,"Target_Only",0.740626207962891
300,500,"Source1_Only",0.646888287591805
300,500,"Source2_Only",0.786045612678778
300,500,"Weighted",0.802667182064167
100,1000,"Target_Only",0.659300184162063
100,1000,"Source1_Only",0.76427255985267
100,1000,"Source2_Only",0.841620626151013
100,1000,"Weighted",0.839779005524862
200,1000,"Target_Only",0.72840053167922
200,1000,"Source1_Only",0.752769162605228
200,1000,"Source2_Only",0.684980062029242
200,1000,"Weighted",0.763402747009304
300,1000,"Target_Only",0.805189281156955
300,1000,"Source1_Only",0.679285410463633
300,1000,"Source2_Only",0.787962569119524
300,1000,"Weighted",0.827520204168439
100,100,"Target_Only",0.692192192192192
100,100,"Source1_Only",0.701201201201201
100,100,"Source2_Only",0.704204204204204
100,100,"Weighted",0.747747747747748
200,100,"Target_Only",0.711033274956217
200,100,"Source1_Only",0.636602451838879
200,100,"Source2_Only",0.702276707530648
200,100,"Weighted",0.764886164623468
300,100,"Target_Only",0.739231418918919
300,100,"Source1_Only",0.660684121621622
300,100,"Source2_Only",0.727407094594595
300,100,"Weighted",0.769003378378378
100,300,"Target_Only",0.694620253164557
100,300,"Source1_Only",0.799050632911392
100,300,"Source2_Only",0.819620253164557
100,300,"Weighted",0.841772151898734
200,300,"Target_Only",0.639372083156555
200,300,"Source1_Only",0.681798896902843
200,300,"Source2_Only",0.694102672889266
200,300,"Weighted",0.725074246924056
300,300,"Target_Only",0.84113475177305
300,300,"Source1_Only",0.733941236068896
300,300,"Source2_Only",0.787841945288754
300,300,"Weighted",0.854711246200608
100,500,"Target_Only",0.673249551166966
100,500,"Source1_Only",0.806104129263914
100,500,"Source2_Only",0.822262118491921
100,500,"Weighted",0.836624775583483
200,500,"Target_Only",0.778238819732596
200,500,"Source1_Only",0.711387736284002
200,500,"Source2_Only",0.771323190410327
200,500,"Weighted",0.809128630705394
300,500,"Target_Only",0.75448136958711
300,500,"Source1_Only",0.675730110775428
300,500,"Source2_Only",0.739174219536757
300,500,"Weighted",0.785699899295065
100,1000,"Target_Only",0.761821366024518
100,1000,"Source1_Only",0.763572679509632
100,1000,"Source2_Only",0.774080560420315
100,1000,"Weighted",0.809106830122592
200,1000,"Target_Only",0.755083996463307
200,1000,"Source1_Only",0.631299734748011
200,1000,"Source2_Only",0.771441202475685
200,1000,"Weighted",0.792219274977896
300,1000,"Target_Only",0.78838539375275
300,1000,"Source1_Only",0.709194896612407
300,1000,"Source2_Only",0.766388033435988
300,1000,"Weighted",0.814782226132864
100,100,"Target_Only",0.68641975308642
100,100,"Source1_Only",0.632098765432099
100,100,"Source2_Only",0.738271604938272
100,100,"Weighted",0.733333333333333
200,100,"Target_Only",0.769192422731805
200,100,"Source1_Only",0.571784646061815
200,100,"Source2_Only",0.73678963110668
200,100,"Weighted",0.780658025922233
300,100,"Target_Only",0.753945061367621
300,100,"Source1_Only",0.675043834015196
300,100,"Source2_Only",0.634132086499123
300,100,"Weighted",0.757451782583285
100,300,"Target_Only",0.658974358974359
100,300,"Source1_Only",0.758974358974359
100,300,"Source2_Only",0.674358974358974
100,300,"Weighted",0.758974358974359
200,300,"Target_Only",0.768591772151899
200,300,"Source1_Only",0.662974683544304
200,300,"Source2_Only",0.778481012658228
200,300,"Weighted",0.812104430379747
300,300,"Target_Only",0.818745003996803
300,300,"Source1_Only",0.666666666666667
300,300,"Source2_Only",0.784972022382094
300,300,"Weighted",0.835531574740208
100,500,"Target_Only",0.740594059405941
100,500,"Source1_Only",0.502970297029703
100,500,"Source2_Only",0.756435643564356
100,500,"Weighted",0.734653465346535
200,500,"Target_Only",0.713430282292558
200,500,"Source1_Only",0.686484174508127
200,500,"Source2_Only",0.772882805816938
200,500,"Weighted",0.795551753635586
300,500,"Target_Only",0.775862068965517
300,500,"Source1_Only",0.687952320136228
300,500,"Source2_Only",0.760749255002129
300,500,"Weighted",0.81843337590464
100,1000,"Target_Only",0.695422535211268
100,1000,"Source1_Only",0.698943661971831
100,1000,"Source2_Only",0.862676056338028
100,1000,"Weighted",0.779929577464789
200,1000,"Target_Only",0.745301681503462
200,1000,"Source1_Only",0.655786350148368
200,1000,"Source2_Only",0.817507418397626
200,1000,"Weighted",0.820969337289812
300,1000,"Target_Only",0.772706935123042
300,1000,"Source1_Only",0.697986577181208
300,1000,"Source2_Only",0.820805369127517
300,1000,"Weighted",0.814988814317673
100,100,"Target_Only",0.722222222222222
100,100,"Source1_Only",0.615497076023392
100,100,"Source2_Only",0.66374269005848
100,100,"Weighted",0.738304093567251
200,100,"Target_Only",0.735072976559045
200,100,"Source1_Only",0.669172932330827
200,100,"Source2_Only",0.680672268907563
200,100,"Weighted",0.783724015922158
300,100,"Target_Only",0.773004926108374
300,100,"Source1_Only",0.611034482758621
300,100,"Source2_Only",0.757044334975369
300,100,"Weighted",0.808669950738916
100,300,"Target_Only",0.732891832229581
100,300,"Source1_Only",0.708609271523179
100,300,"Source2_Only",0.662251655629139
100,300,"Weighted",0.794701986754967
200,300,"Target_Only",0.717889908256881
200,300,"Source1_Only",0.657798165137615
200,300,"Source2_Only",0.821559633027523
200,300,"Weighted",0.812385321100917
300,300,"Target_Only",0.779003348434115
300,300,"Source1_Only",0.656096119755761
300,300,"Source2_Only",0.785109316525507
300,300,"Weighted",0.840850896198542
100,500,"Target_Only",0.684
100,500,"Source1_Only",0.69
100,500,"Source2_Only",0.73
100,500,"Weighted",0.742
200,500,"Target_Only",0.760890151515151
200,500,"Source1_Only",0.695075757575758
200,500,"Source2_Only",0.754734848484849
200,500,"Weighted",0.810606060606061
300,500,"Target_Only",0.824439595318389
300,500,"Source1_Only",0.697877405276731
300,500,"Source2_Only",0.826423328704622
300,500,"Weighted",0.856774449513985
100,1000,"Target_Only",0.601694915254237
100,1000,"Source1_Only",0.549152542372881
100,1000,"Source2_Only",0.727118644067797
100,1000,"Weighted",0.725423728813559
200,1000,"Target_Only",0.755129958960328
200,1000,"Source1_Only",0.654354765161879
200,1000,"Source2_Only",0.82672138622891
200,1000,"Weighted",0.828089375284998
300,1000,"Target_Only",0.741279649192745
300,1000,"Source1_Only",0.593781144110026
300,1000,"Source2_Only",0.731712178592784
300,1000,"Weighted",0.768387482559298
100,100,"Target_Only",0.651416122004357
100,100,"Source1_Only",0.610021786492375
100,100,"Source2_Only",0.749455337690632
100,100,"Weighted",0.714596949891068
200,100,"Target_Only",0.798554652213189
200,100,"Source1_Only",0.602981029810298
200,100,"Source2_Only",0.778681120144535
200,100,"Weighted",0.806684733514002
300,100,"Target_Only",0.822269353128314
300,100,"Source1_Only",0.603817603393425
300,100,"Source2_Only",0.76033934252386
300,100,"Weighted",0.835630965005302
100,300,"Target_Only",0.755555555555556
100,300,"Source1_Only",0.565432098765432
100,300,"Source2_Only",0.790123456790123
100,300,"Weighted",0.787654320987654
200,300,"Target_Only",0.776329509906152
200,300,"Source1_Only",0.705943691345151
200,300,"Source2_Only",0.747653806047967
200,300,"Weighted",0.829509906152242
300,300,"Target_Only",0.731189199920588
300,300,"Source1_Only",0.667659321024419
300,300,"Source2_Only",0.7736748064324
300,300,"Weighted",0.774865991661703
100,500,"Target_Only",0.723684210526316
100,500,"Source1_Only",0.607142857142857
100,500,"Source2_Only",0.75
100,500,"Weighted",0.781954887218045
200,500,"Target_Only",0.675991861648016
200,500,"Source1_Only",0.681586978636826
200,500,"Source2_Only",0.762461851475076
200,500,"Weighted",0.788402848423194
300,500,"Target_Only",0.795694473193956
300,500,"Source1_Only",0.720140757607121
300,500,"Source2_Only",0.798178430966674
300,500,"Weighted",0.842268681432416
100,1000,"Target_Only",0.747252747252747
100,1000,"Source1_Only",0.685714285714286
100,1000,"Source2_Only",0.762637362637363
100,1000,"Weighted",0.810989010989011
200,1000,"Target_Only",0.816081741448245
200,1000,"Source1_Only",0.734784540204354
200,1000,"Source2_Only",0.776988005330964
200,1000,"Weighted",0.830741892492226
300,1000,"Target_Only",0.748865355521936
300,1000,"Source1_Only",0.740166414523449
300,1000,"Source2_Only",0.79500756429652
300,1000,"Weighted",0.824886535552194
100,100,"Target_Only",0.717267552182163
100,100,"Source1_Only",0.631878557874763
100,100,"Source2_Only",0.664136622390892
100,100,"Weighted",0.690702087286527
200,100,"Target_Only",0.809338521400778
200,100,"Source1_Only",0.584522265456118
200,100,"Source2_Only",0.741028966709901
200,100,"Weighted",0.801988759187203
300,100,"Target_Only",0.736127744510978
300,100,"Source1_Only",0.697604790419162
300,100,"Source2_Only",0.728942115768463
300,100,"Weighted",0.794211576846307
100,300,"Target_Only",0.78021978021978
100,300,"Source1_Only",0.741758241758242
100,300,"Source2_Only",0.756410256410256
100,300,"Weighted",0.811355311355311
200,300,"Target_Only",0.719214183037853
200,300,"Source1_Only",0.67225682798275
200,300,"Source2_Only",0.736942980354576
200,300,"Weighted",0.759942501197892
300,300,"Target_Only",0.763963963963964
300,300,"Source1_Only",0.711711711711712
300,300,"Source2_Only",0.756756756756757
300,300,"Weighted",0.803403403403403
100,500,"Target_Only",0.780911062906725
100,500,"Source1_Only",0.802603036876356
100,500,"Source2_Only",0.848156182212581
100,500,"Weighted",0.865509761388286
200,500,"Target_Only",0.736842105263158
200,500,"Source1_Only",0.637823371989295
200,500,"Source2_Only",0.745762711864407
200,500,"Weighted",0.801516503122212
300,500,"Target_Only",0.802607076350093
300,500,"Source1_Only",0.713390892161842
300,500,"Source2_Only",0.772134755374979
300,500,"Weighted",0.828169967834772
100,1000,"Target_Only",0.723021582733813
100,1000,"Source1_Only",0.755395683453237
100,1000,"Source2_Only",0.811151079136691
100,1000,"Weighted",0.827338129496403
200,1000,"Target_Only",0.732614555256065
200,1000,"Source1_Only",0.703504043126685
200,1000,"Source2_Only",0.835579514824798
200,1000,"Weighted",0.831266846361186
300,1000,"Target_Only",0.793751414987548
300,1000,"Source1_Only",0.697079465700702
300,1000,"Source2_Only",0.788770658818202
300,1000,"Weighted",0.851482906950419
100,100,"Target_Only",0.732786885245902
100,100,"Source1_Only",0.590163934426229
100,100,"Source2_Only",0.724590163934426
100,100,"Weighted",0.772131147540984
200,100,"Target_Only",0.739204064352244
200,100,"Source1_Only",0.670618120237087
200,100,"Source2_Only",0.735817104149026
200,100,"Weighted",0.793395427603726
300,100,"Target_Only",0.769247836698469
300,100,"Source1_Only",0.552030175282893
300,100,"Source2_Only",0.741513201686266
300,100,"Weighted",0.79254493010872
100,300,"Target_Only",0.659395973154362
100,300,"Source1_Only",0.689597315436242
100,300,"Source2_Only",0.721476510067114
100,300,"Weighted",0.743288590604027
200,300,"Target_Only",0.830702231899837
200,300,"Source1_Only",0.61295590636908
200,300,"Source2_Only",0.780620577027763
200,300,"Weighted",0.854109961894393
300,300,"Target_Only",0.780152971170818
300,300,"Source1_Only",0.675426554226319
300,300,"Source2_Only",0.750931555206903
300,300,"Weighted",0.799372425965876
100,500,"Target_Only",0.631090487238979
100,500,"Source1_Only",0.619489559164733
100,500,"Source2_Only",0.793503480278422
100,500,"Weighted",0.765661252900232
200,500,"Target_Only",0.775720164609053
200,500,"Source1_Only",0.705246913580247
200,500,"Source2_Only",0.743827160493827
200,500,"Weighted",0.787037037037037
300,500,"Target_Only",0.768236202238518
300,500,"Source1_Only",0.696256271709765
300,500,"Source2_Only",0.776920108066384
300,500,"Weighted",0.818216904670012
100,1000,"Target_Only",0.782229965156794
100,1000,"Source1_Only",0.747386759581881
100,1000,"Source2_Only",0.867595818815331
100,1000,"Weighted",0.869337979094077
200,1000,"Target_Only",0.801837270341207
200,1000,"Source1_Only",0.643482064741907
200,1000,"Source2_Only",0.804461942257218
200,1000,"Weighted",0.806649168853893
300,1000,"Target_Only",0.752678766673956
300,1000,"Source1_Only",0.72753116116335
300,1000,"Source2_Only",0.792477585829871
300,1000,"Weighted",0.810627596763613
100,100,"Target_Only",0.725609756097561
100,100,"Source1_Only",0.552845528455285
100,100,"Source2_Only",0.778455284552846
100,100,"Weighted",0.823170731707317
200,100,"Target_Only",0.795593635250918
200,100,"Source1_Only",0.716850265197878
200,100,"Source2_Only",0.741738066095471
200,100,"Weighted",0.813545491636067
300,100,"Target_Only",0.695615335733955
300,100,"Source1_Only",0.567676339758526
300,100,"Source2_Only",0.6975217115018
300,100,"Weighted",0.742851090870578
100,300,"Target_Only",0.773305084745763
100,300,"Source1_Only",0.675847457627119
100,300,"Source2_Only",0.864406779661017
100,300,"Weighted",0.879237288135593
200,300,"Target_Only",0.73686794305351
200,300,"Source1_Only",0.647029945999018
200,300,"Source2_Only",0.715758468335788
200,300,"Weighted",0.768777614138439
300,300,"Target_Only",0.803050782004248
300,300,"Source1_Only",0.710754972002317
300,300,"Source2_Only",0.80903649353157
300,300,"Weighted",0.840123575979919
100,500,"Target_Only",0.675
100,500,"Source1_Only",0.623076923076923
100,500,"Source2_Only",0.771153846153846
100,500,"Weighted",0.776923076923077
200,500,"Target_Only",0.741758241758242
200,500,"Source1_Only",0.731227106227106
200,500,"Source2_Only",0.752747252747253
200,500,"Weighted",0.805860805860806
300,500,"Target_Only",0.754966887417219
300,500,"Source1_Only",0.673891230182621
300,500,"Source2_Only",0.808950431466988
300,500,"Weighted",0.826811157936986
100,1000,"Target_Only",0.722689075630252
100,1000,"Source1_Only",0.676470588235294
100,1000,"Source2_Only",0.827731092436975
100,1000,"Weighted",0.798319327731092
200,1000,"Target_Only",0.721149897330595
200,1000,"Source1_Only",0.702669404517454
200,1000,"Source2_Only",0.79917864476386
200,1000,"Weighted",0.795893223819302
300,1000,"Target_Only",0.813940520446097
300,1000,"Source1_Only",0.654089219330855
300,1000,"Source2_Only",0.85185873605948
300,1000,"Weighted",0.848698884758364
100,100,"Target_Only",0.688109161793372
100,100,"Source1_Only",0.631578947368421
100,100,"Source2_Only",0.713450292397661
100,100,"Weighted",0.742690058479532
200,100,"Target_Only",0.795593061415846
200,100,"Source1_Only",0.618377871542429
200,100,"Source2_Only",0.722456633849039
200,100,"Weighted",0.802625410220347
300,100,"Target_Only",0.819148936170213
300,100,"Source1_Only",0.568484042553192
300,100,"Source2_Only",0.790558510638298
300,100,"Weighted",0.818927304964539
100,300,"Target_Only",0.659050966608084
100,300,"Source1_Only",0.511423550087873
100,300,"Source2_Only",0.797891036906854
100,300,"Weighted",0.741652021089631
200,300,"Target_Only",0.75
200,300,"Source1_Only",0.662060301507538
200,300,"Source2_Only",0.793132328308208
200,300,"Weighted",0.825376884422111
300,300,"Target_Only",0.803057553956835
300,300,"Source1_Only",0.709307553956835
300,300,"Source2_Only",0.786870503597122
300,300,"Weighted",0.830485611510791
100,500,"Target_Only",0.664220183486239
100,500,"Source1_Only",0.570642201834862
100,500,"Source2_Only",0.807339449541284
100,500,"Weighted",0.772477064220183
200,500,"Target_Only",0.792021515015688
200,500,"Source1_Only",0.612281488121918
200,500,"Source2_Only",0.768713581353653
200,500,"Weighted",0.805468399820708
300,500,"Target_Only",0.771407110665999
300,500,"Source1_Only",0.643465197796695
300,500,"Source2_Only",0.746619929894842
300,500,"Weighted",0.804707060590886
100,1000,"Target_Only",0.767485822306238
100,1000,"Source1_Only",0.761814744801512
100,1000,"Source2_Only",0.810964083175803
100,1000,"Weighted",0.829867674858223
200,1000,"Target_Only",0.767936665017318
200,1000,"Source1_Only",0.689262741217219
200,1000,"Source2_Only",0.821375556655121
200,1000,"Weighted",0.831271647699159
300,1000,"Target_Only",0.769919231608819
300,1000,"Source1_Only",0.653350796769264
300,1000,"Source2_Only",0.763807029032962
300,1000,"Weighted",0.828640034926872
100,100,"Target_Only",0.674868189806678
100,100,"Source1_Only",0.557117750439367
100,100,"Source2_Only",0.729349736379613
100,100,"Weighted",0.748681898066784
200,100,"Target_Only",0.742204899777283
200,100,"Source1_Only",0.652004454342984
200,100,"Source2_Only",0.674832962138085
200,100,"Weighted",0.752783964365256
300,100,"Target_Only",0.72041473006793
300,100,"Source1_Only",0.605827672506257
300,100,"Source2_Only",0.703074722917411
300,100,"Weighted",0.756167322130854
100,300,"Target_Only",0.741869918699187
100,300,"Source1_Only",0.784552845528455
100,300,"Source2_Only",0.695121951219512
100,300,"Weighted",0.810975609756098
200,300,"Target_Only",0.764484978540773
200,300,"Source1_Only",0.684549356223176
200,300,"Source2_Only",0.832081545064378
200,300,"Weighted",0.841738197424893
300,300,"Target_Only",0.840930674264008
300,300,"Source1_Only",0.636039886039886
300,300,"Source2_Only",0.772792022792023
300,300,"Weighted",0.833570750237417
100,500,"Target_Only",0.675548589341693
100,500,"Source1_Only",0.706896551724138
100,500,"Source2_Only",0.77742946708464
100,500,"Weighted",0.794670846394984
200,500,"Target_Only",0.748843663274746
200,500,"Source1_Only",0.596207215541166
200,500,"Source2_Only",0.783533765032377
200,500,"Weighted",0.798797409805735
300,500,"Target_Only",0.777777777777778
300,500,"Source1_Only",0.687772925764192
300,500,"Source2_Only",0.81756428918001
300,500,"Weighted",0.827510917030568
100,1000,"Target_Only",0.804828973843058
100,1000,"Source1_Only",0.774647887323944
100,1000,"Source2_Only",0.792756539235412
100,1000,"Weighted",0.841046277665996
200,1000,"Target_Only",0.76919795221843
200,1000,"Source1_Only",0.690273037542662
200,1000,"Source2_Only",0.780290102389078
200,1000,"Weighted",0.812713310580205
300,1000,"Target_Only",0.76869335347432
300,1000,"Source1_Only",0.712235649546828
300,1000,"Source2_Only",0.764728096676737
300,1000,"Weighted",0.802681268882175
100,100,"Target_Only",0.62987012987013
100,100,"Source1_Only",0.632034632034632
100,100,"Source2_Only",0.638528138528139
100,100,"Weighted",0.688311688311688
200,100,"Target_Only",0.754562920268972
200,100,"Source1_Only",0.659462055715658
200,100,"Source2_Only",0.752161383285303
200,100,"Weighted",0.781460134486071
300,100,"Target_Only",0.718868344842949
300,100,"Source1_Only",0.66874582312319
300,100,"Source2_Only",0.672755624860771
300,100,"Weighted",0.748050790822009
100,300,"Target_Only",0.698689956331878
100,300,"Source1_Only",0.679767103347889
100,300,"Source2_Only",0.775836972343523
100,300,"Weighted",0.803493449781659
200,300,"Target_Only",0.669987007362495
200,300,"Source1_Only",0.67821567778259
200,300,"Source2_Only",0.696405370290169
200,300,"Weighted",0.736682546556951
300,300,"Target_Only",0.768287614297589
300,300,"Source1_Only",0.652743142144638
300,300,"Source2_Only",0.755403158769742
300,300,"Weighted",0.803200332502078
100,500,"Target_Only",0.757518796992481
100,500,"Source1_Only",0.740601503759398
100,500,"Source2_Only",0.806390977443609
100,500,"Weighted",0.832706766917293
200,500,"Target_Only",0.793580026749888
200,500,"Source1_Only",0.700847079803834
200,500,"Source2_Only",0.789121711992867
200,500,"Weighted",0.823896567097637
300,500,"Target_Only",0.816890445611987
300,500,"Source1_Only",0.697217357462541
300,500,"Source2_Only",0.779723681650127
300,500,"Weighted",0.840435882467406
100,1000,"Target_Only",0.675422138836773
100,1000,"Source1_Only",0.682926829268293
100,1000,"Source2_Only",0.823639774859287
100,1000,"Weighted",0.795497185741088
200,1000,"Target_Only",0.744357638888889
200,1000,"Source1_Only",0.676215277777778
200,1000,"Source2_Only",0.800347222222222
200,1000,"Weighted",0.826388888888889
300,1000,"Target_Only",0.751072961373391
300,1000,"Source1_Only",0.703862660944206
300,1000,"Source2_Only",0.786020846106683
300,1000,"Weighted",0.817494379726139
100,100,"Target_Only",0.66988416988417
100,100,"Source1_Only",0.694980694980695
100,100,"Source2_Only",0.758687258687259
100,100,"Weighted",0.722007722007722
200,100,"Target_Only",0.725197177251972
200,100,"Source1_Only",0.643835616438356
200,100,"Source2_Only",0.71315898713159
200,100,"Weighted",0.75093399750934
300,100,"Target_Only",0.772764900662252
300,100,"Source1_Only",0.585057947019868
300,100,"Source2_Only",0.739652317880795
300,100,"Weighted",0.802773178807947
100,300,"Target_Only",0.787109375
100,300,"Source1_Only",0.70703125
100,300,"Source2_Only",0.76171875
100,300,"Weighted",0.81640625
200,300,"Target_Only",0.72401055408971
200,300,"Source1_Only",0.652242744063324
200,300,"Source2_Only",0.745646437994723
200,300,"Weighted",0.785224274406332
300,300,"Target_Only",0.759028511087645
300,300,"Source1_Only",0.670116156282999
300,300,"Source2_Only",0.768109820485744
300,300,"Weighted",0.814572333685322
100,500,"Target_Only",0.694945848375451
100,500,"Source1_Only",0.660649819494585
100,500,"Source2_Only",0.817689530685921
100,500,"Weighted",0.814079422382672
200,500,"Target_Only",0.700862460281434
200,500,"Source1_Only",0.700408533817522
200,500,"Source2_Only",0.768951429868361
200,500,"Weighted",0.765773944620971
300,500,"Target_Only",0.739869281045752
300,500,"Source1_Only",0.652505446623094
300,500,"Source2_Only",0.74640522875817
300,500,"Weighted",0.784749455337691
100,1000,"Target_Only",0.760450160771704
100,1000,"Source1_Only",0.696141479099678
100,1000,"Source2_Only",0.737942122186495
100,1000,"Weighted",0.813504823151125
200,1000,"Target_Only",0.74292343387471
200,1000,"Source1_Only",0.645475638051044
200,1000,"Source2_Only",0.785150812064965
200,1000,"Weighted",0.786542923433875
300,1000,"Target_Only",0.793439363817097
300,1000,"Source1_Only",0.660636182902585
300,1000,"Source2_Only",0.786679920477137
300,1000,"Weighted",0.809542743538767
100,100,"Target_Only",0.735124760076775
100,100,"Source1_Only",0.658349328214971
100,100,"Source2_Only",0.760076775431862
100,100,"Weighted",0.779270633397313
200,100,"Target_Only",0.82510460251046
200,100,"Source1_Only",0.617154811715481
200,100,"Source2_Only",0.710878661087866
200,100,"Weighted",0.782426778242678
300,100,"Target_Only",0.742293191394988
300,100,"Source1_Only",0.595919272565979
300,100,"Source2_Only",0.677312042581504
300,100,"Weighted",0.7507207806609
100,300,"Target_Only",0.729064039408867
100,300,"Source1_Only",0.660098522167488
100,300,"Source2_Only",0.683087027914614
100,300,"Weighted",0.793103448275862
200,300,"Target_Only",0.686211635364178
200,300,"Source1_Only",0.644525881814017
200,300,"Source2_Only",0.802565277141548
200,300,"Weighted",0.79340357306459
300,300,"Target_Only",0.794086589229145
300,300,"Source1_Only",0.738542766631468
300,300,"Source2_Only",0.741499472016895
300,300,"Weighted",0.81921858500528
100,500,"Target_Only",0.751491053677932
100,500,"Source1_Only",0.558648111332008
100,500,"Source2_Only",0.831013916500994
100,500,"Weighted",0.834990059642147
200,500,"Target_Only",0.795873573309921
200,500,"Source1_Only",0.644424934152766
200,500,"Source2_Only",0.82089552238806
200,500,"Weighted",0.854258121158911
300,500,"Target_Only",0.767182779456193
300,500,"Source1_Only",0.69070996978852
300,500,"Source2_Only",0.755853474320242
300,500,"Weighted",0.810422960725075
100,1000,"Target_Only",0.598019801980198
100,1000,"Source1_Only",0.617821782178218
100,1000,"Source2_Only",0.716831683168317
100,1000,"Weighted",0.677227722772277
200,1000,"Target_Only",0.760406582768635
200,1000,"Source1_Only",0.750242013552759
200,1000,"Source2_Only",0.77541142303969
200,1000,"Weighted",0.827686350435624
300,1000,"Target_Only",0.707929602531145
300,1000,"Source1_Only",0.69191220090963
300,1000,"Source2_Only",0.733043306308088
300,1000,"Weighted",0.757563772987938
100,100,"Target_Only",0.720430107526882
100,100,"Source1_Only",0.74347158218126
100,100,"Source2_Only",0.774193548387097
100,100,"Weighted",0.806451612903226
200,100,"Target_Only",0.708523908523909
200,100,"Source1_Only",0.743451143451143
200,100,"Source2_Only",0.75966735966736
200,100,"Weighted",0.782536382536382
300,100,"Target_Only",0.770259152612094
300,100,"Source1_Only",0.641711229946524
300,100,"Source2_Only",0.717605923488276
300,100,"Weighted",0.764294529000411
100,300,"Target_Only",0.736925515055468
100,300,"Source1_Only",0.683042789223455
100,300,"Source2_Only",0.801901743264659
100,300,"Weighted",0.863708399366086
200,300,"Target_Only",0.766317485898469
200,300,"Source1_Only",0.688960515713135
200,300,"Source2_Only",0.781224818694601
200,300,"Weighted",0.810233682514102
300,300,"Target_Only",0.760163392336121
300,300,"Source1_Only",0.695390001945147
300,300,"Source2_Only",0.748881540556312
300,300,"Weighted",0.803929196654347
100,500,"Target_Only",0.777604976671851
100,500,"Source1_Only",0.726283048211509
100,500,"Source2_Only",0.816485225505443
100,500,"Weighted",0.83203732503888
200,500,"Target_Only",0.792779426310584
200,500,"Source1_Only",0.758654797230465
200,500,"Source2_Only",0.692878338278932
200,500,"Weighted",0.807616221562809
300,500,"Target_Only",0.753125
300,500,"Source1_Only",0.632589285714286
300,500,"Source2_Only",0.767410714285714
300,500,"Weighted",0.795535714285714
100,1000,"Target_Only",0.686721991701245
100,1000,"Source1_Only",0.730290456431535
100,1000,"Source2_Only",0.782157676348548
100,1000,"Weighted",0.788381742738589
200,1000,"Target_Only",0.763358778625954
200,1000,"Source1_Only",0.665729208517477
200,1000,"Source2_Only",0.848131779831258
200,1000,"Weighted",0.812374447569305
300,1000,"Target_Only",0.75134168157424
300,1000,"Source1_Only",0.643609620353806
300,1000,"Source2_Only",0.791890280262373
300,1000,"Weighted",0.794076724309282
100,100,"Target_Only",0.690311418685121
100,100,"Source1_Only",0.667820069204152
100,100,"Source2_Only",0.71280276816609
100,100,"Weighted",0.761245674740484
200,100,"Target_Only",0.719407265774379
200,100,"Source1_Only",0.633843212237094
200,100,"Source2_Only",0.75
200,100,"Weighted",0.770554493307839
300,100,"Target_Only",0.791675381719306
300,100,"Source1_Only",0.659694624555532
300,100,"Source2_Only",0.738339259569128
300,100,"Weighted",0.820539636059402
100,300,"Target_Only",0.644182124789207
100,300,"Source1_Only",0.713322091062395
100,300,"Source2_Only",0.686340640809443
100,300,"Weighted",0.733558178752108
200,300,"Target_Only",0.800275482093664
200,300,"Source1_Only",0.706611570247934
200,300,"Source2_Only",0.817263544536272
200,300,"Weighted",0.859963269054178
300,300,"Target_Only",0.705284147557328
300,300,"Source1_Only",0.684147557328016
300,300,"Source2_Only",0.714057826520439
300,300,"Weighted",0.761116650049851
100,500,"Target_Only",0.62756052141527
100,500,"Source1_Only",0.705772811918063
100,500,"Source2_Only",0.74487895716946
100,500,"Weighted",0.759776536312849
200,500,"Target_Only",0.758421052631579
200,500,"Source1_Only",0.66578947368421
200,500,"Source2_Only",0.782631578947368
200,500,"Weighted",0.801578947368421
300,500,"Target_Only",0.744416873449132
300,500,"Source1_Only",0.661497105045492
300,500,"Source2_Only",0.767576509511993
300,500,"Weighted",0.808105872622002
100,1000,"Target_Only",0.730696798493409
100,1000,"Source1_Only",0.709981167608286
100,1000,"Source2_Only",0.807909604519774
100,1000,"Weighted",0.787193973634652
200,1000,"Target_Only",0.753114382785957
200,1000,"Source1_Only",0.718573046432616
200,1000,"Source2_Only",0.782559456398641
200,1000,"Weighted",0.815968289920725
300,1000,"Target_Only",0.752438799926376
300,1000,"Source1_Only",0.728695011963924
300,1000,"Source2_Only",0.779679734953065
300,1000,"Weighted",0.803975704030922
100,100,"Target_Only",0.771894093686354
100,100,"Source1_Only",0.655804480651731
100,100,"Source2_Only",0.759674134419552
100,100,"Weighted",0.810590631364562
200,100,"Target_Only",0.690578670492587
200,100,"Source1_Only",0.620277379244381
200,100,"Source2_Only",0.669057867049259
200,100,"Weighted",0.720229555236729
300,100,"Target_Only",0.752471083070452
300,100,"Source1_Only",0.63322818086225
300,100,"Source2_Only",0.766140904311251
300,100,"Weighted",0.791587802313354
100,300,"Target_Only",0.720173535791757
100,300,"Source1_Only",0.718004338394794
100,300,"Source2_Only",0.720173535791757
100,300,"Weighted",0.796095444685466
200,300,"Target_Only",0.819153881915388
200,300,"Source1_Only",0.695955369595537
200,300,"Source2_Only",0.802417480241748
200,300,"Weighted",0.865643886564389
300,300,"Target_Only",0.783347676419966
300,300,"Source1_Only",0.690834767641997
300,300,"Source2_Only",0.772375215146299
300,300,"Weighted",0.803141135972461
100,500,"Target_Only",0.733705772811918
100,500,"Source1_Only",0.702048417132216
100,500,"Source2_Only",0.664804469273743
100,500,"Weighted",0.767225325884544
200,500,"Target_Only",0.794796475031473
200,500,"Source1_Only",0.675618967687789
200,500,"Source2_Only",0.833403273185061
200,500,"Weighted",0.856903063365506
300,500,"Target_Only",0.791756118505796
300,500,"Source1_Only",0.720695577501073
300,500,"Source2_Only",0.785530270502361
300,500,"Weighted",0.846715328467153
100,1000,"Target_Only",0.801282051282051
100,1000,"Source1_Only",0.542735042735043
100,1000,"Source2_Only",0.833333333333333
100,1000,"Weighted",0.82051282051282
200,1000,"Target_Only",0.857445680975093
200,1000,"Source1_Only",0.749867514573397
200,1000,"Source2_Only",0.843137254901961
200,1000,"Weighted",0.89136195018548
300,1000,"Target_Only",0.764327108821636
300,1000,"Source1_Only",0.678042498390212
300,1000,"Source2_Only",0.739429062030479
300,1000,"Weighted",0.780424983902125
100,100,"Target_Only",0.762906309751434
100,100,"Source1_Only",0.722753346080306
100,100,"Source2_Only",0.720841300191205
100,100,"Weighted",0.780114722753346
200,100,"Target_Only",0.678796700630762
200,100,"Source1_Only",0.58030082484231
200,100,"Source2_Only",0.694323144104803
200,100,"Weighted",0.69771955361475
300,100,"Target_Only",0.788477034649476
300,100,"Source1_Only",0.654109589041096
300,100,"Source2_Only",0.665793714746172
300,100,"Weighted",0.786261079774375
100,300,"Target_Only",0.76320272572402
100,300,"Source1_Only",0.712095400340716
100,300,"Source2_Only",0.705281090289608
100,300,"Weighted",0.848381601362862
200,300,"Target_Only",0.738212180746562
200,300,"Source1_Only",0.697937131630648
200,300,"Source2_Only",0.706286836935167
200,300,"Weighted",0.783889980353635
300,300,"Target_Only",0.718983256001614
300,300,"Source1_Only",0.724228363929796
300,300,"Source2_Only",0.74541053056284
300,300,"Weighted",0.791607827314908
100,500,"Target_Only",0.723943661971831
100,500,"Source1_Only",0.707042253521127
100,500,"Source2_Only",0.76056338028169
100,500,"Weighted",0.828169014084507
200,500,"Target_Only",0.664759179780639
200,500,"Source1_Only",0.619456366237482
200,500,"Source2_Only",0.742012398664759
200,500,"Weighted",0.754411063423939
300,500,"Target_Only",0.708409321175279
300,500,"Source1_Only",0.598378926038501
300,500,"Source2_Only",0.769807497467072
300,500,"Weighted",0.773252279635258
100,1000,"Target_Only",0.741452991452991
100,1000,"Source1_Only",0.643162393162393
100,1000,"Source2_Only",0.82051282051282
100,1000,"Weighted",0.792735042735043
200,1000,"Target_Only",0.746478873239437
200,1000,"Source1_Only",0.705588368923217
200,1000,"Source2_Only",0.78691503861881
200,1000,"Weighted",0.796001817355747
300,1000,"Target_Only",0.793670886075949
300,1000,"Source1_Only",0.762869198312236
300,1000,"Source2_Only",0.810759493670886
300,1000,"Weighted",0.858227848101266
100,100,"Target_Only",0.753295668549906
100,100,"Source1_Only",0.809792843691149
100,100,"Source2_Only",0.75894538606403
100,100,"Weighted",0.843691148775894
200,100,"Target_Only",0.693753454947485
200,100,"Source1_Only",0.742399115533444
200,100,"Source2_Only",0.799889441680486
200,100,"Weighted",0.812050856826976
300,100,"Target_Only",0.79460242709654
300,100,"Source1_Only",0.628147074805289
300,100,"Source2_Only",0.75602245969933
300,100,"Weighted",0.812715087846405
100,300,"Target_Only",0.772194304857621
100,300,"Source1_Only",0.720268006700167
100,300,"Source2_Only",0.770519262981574
100,300,"Weighted",0.855946398659966
200,300,"Target_Only",0.762197802197802
200,300,"Source1_Only",0.603956043956044
200,300,"Source2_Only",0.747692307692308
200,300,"Weighted",0.764395604395604
300,300,"Target_Only",0.753881661770877
300,300,"Source1_Only",0.5841376416282
300,300,"Source2_Only",0.763323541754092
300,300,"Weighted",0.794376835921108
100,500,"Target_Only",0.572033898305085
100,500,"Source1_Only",0.519067796610169
100,500,"Source2_Only",0.722457627118644
100,500,"Weighted",0.648305084745763
200,500,"Target_Only",0.745079212674028
200,500,"Source1_Only",0.705232837253961
200,500,"Source2_Only",0.749399903984638
200,500,"Weighted",0.802688430148824
300,500,"Target_Only",0.747991780310106
300,500,"Source1_Only",0.670465159723519
300,500,"Source2_Only",0.725014010835046
300,500,"Weighted",0.783299084625444
100,1000,"Target_Only",0.779047619047619
100,1000,"Source1_Only",0.739047619047619
100,1000,"Source2_Only",0.771428571428571
100,1000,"Weighted",0.798095238095238
200,1000,"Target_Only",0.794207317073171
200,1000,"Source1_Only",0.703252032520325
200,1000,"Source2_Only",0.775406504065041
200,1000,"Weighted",0.834349593495935
300,1000,"Target_Only",0.77942238267148
300,1000,"Source1_Only",0.676353790613718
300,1000,"Source2_Only",0.796209386281588
300,1000,"Weighted",0.831949458483755
100,100,"Target_Only",0.818333333333333
100,100,"Source1_Only",0.64
100,100,"Source2_Only",0.845
100,100,"Weighted",0.866666666666667
200,100,"Target_Only",0.696078431372549
200,100,"Source1_Only",0.64572192513369
200,100,"Source2_Only",0.709447415329768
200,100,"Weighted",0.729946524064171
300,100,"Target_Only",0.769474637681159
300,100,"Source1_Only",0.66213768115942
300,100,"Source2_Only",0.647192028985507
300,100,"Weighted",0.779438405797101
100,300,"Target_Only",0.691935483870968
100,300,"Source1_Only",0.682258064516129
100,300,"Source2_Only",0.753225806451613
100,300,"Weighted",0.814516129032258
200,300,"Target_Only",0.77890540050743
200,300,"Source1_Only",0.694454512504531
200,300,"Source2_Only",0.808988764044944
200,300,"Weighted",0.82674882203697
300,300,"Target_Only",0.757021011025588
300,300,"Source1_Only",0.683378406490535
300,300,"Source2_Only",0.75431662159351
300,300,"Weighted",0.794674433118369
100,500,"Target_Only",0.631027253668763
100,500,"Source1_Only",0.666666666666667
100,500,"Source2_Only",0.742138364779874
100,500,"Weighted",0.712788259958071
200,500,"Target_Only",0.811529933481153
200,500,"Source1_Only",0.720177383592018
200,500,"Source2_Only",0.80709534368071
200,500,"Weighted",0.845676274944568
300,500,"Target_Only",0.745957918050941
300,500,"Source1_Only",0.614617940199336
300,500,"Source2_Only",0.841417497231451
300,500,"Weighted",0.818383167220377
100,1000,"Target_Only",0.738219895287958
100,1000,"Source1_Only",0.684118673647469
100,1000,"Source2_Only",0.881326352530541
100,1000,"Weighted",0.855148342059337
200,1000,"Target_Only",0.761037778789258
200,1000,"Source1_Only",0.692762858443332
200,1000,"Source2_Only",0.799271734182977
200,1000,"Weighted",0.824761037778789
300,1000,"Target_Only",0.741031841999194
300,1000,"Source1_Only",0.680169286577993
300,1000,"Source2_Only",0.747279322853688
300,1000,"Weighted",0.812777106005643
100,100,"Target_Only",0.613259668508287
100,100,"Source1_Only",0.559852670349908
100,100,"Source2_Only",0.646408839779006
100,100,"Weighted",0.714548802946593
200,100,"Target_Only",0.69106463878327
200,100,"Source1_Only",0.61787072243346
200,100,"Source2_Only",0.630703422053232
200,100,"Weighted",0.731939163498099
300,100,"Target_Only",0.81025
300,100,"Source1_Only",0.641
300,100,"Source2_Only",0.69525
300,100,"Weighted",0.81775
100,300,"Target_Only",0.660746003552398
100,300,"Source1_Only",0.753108348134991
100,300,"Source2_Only",0.701598579040853
100,300,"Weighted",0.717584369449378
200,300,"Target_Only",0.78055822906641
200,300,"Source1_Only",0.63041385948027
200,300,"Source2_Only",0.74446583253128
200,300,"Weighted",0.801251203079885
300,300,"Target_Only",0.757556541957303
300,300,"Source1_Only",0.700908898752906
300,300,"Source2_Only",0.757556541957303
300,300,"Weighted",0.818642993024731
100,500,"Target_Only",0.792660550458716
100,500,"Source1_Only",0.669724770642202
100,500,"Source2_Only",0.741284403669725
100,500,"Weighted",0.772477064220183
200,500,"Target_Only",0.666143380429095
200,500,"Source1_Only",0.646781789638933
200,500,"Source2_Only",0.692830978545264
200,500,"Weighted",0.714285714285714
300,500,"Target_Only",0.790631940238239
300,500,"Source1_Only",0.66040783363618
300,500,"Source2_Only",0.778114274177266
300,500,"Weighted",0.825964062184535
100,1000,"Target_Only",0.643002028397566
100,1000,"Source1_Only",0.63894523326572
100,1000,"Source2_Only",0.709939148073022
100,1000,"Weighted",0.703853955375254
200,1000,"Target_Only",0.717887725975262
200,1000,"Source1_Only",0.637963843958135
200,1000,"Source2_Only",0.814462416745956
200,1000,"Weighted",0.813510941960038
300,1000,"Target_Only",0.74043303121853
300,1000,"Source1_Only",0.575780463242699
300,1000,"Source2_Only",0.777190332326284
300,1000,"Weighted",0.787260825780463
100,100,"Target_Only",0.668421052631579
100,100,"Source1_Only",0.694736842105263
100,100,"Source2_Only",0.73859649122807
100,100,"Weighted",0.798245614035088
200,100,"Target_Only",0.791044776119403
200,100,"Source1_Only",0.683901918976546
200,100,"Source2_Only",0.745735607675906
200,100,"Weighted",0.782515991471215
300,100,"Target_Only",0.789462680326155
300,100,"Source1_Only",0.653773782145097
300,100,"Source2_Only",0.729667572653147
300,100,"Weighted",0.778172694961321
100,300,"Target_Only",0.632311977715877
100,300,"Source1_Only",0.520891364902507
100,300,"Source2_Only",0.727019498607242
100,300,"Weighted",0.674094707520891
200,300,"Target_Only",0.782994923857868
200,300,"Source1_Only",0.736040609137056
200,300,"Source2_Only",0.786802030456853
200,300,"Weighted",0.843062605752961
300,300,"Target_Only",0.831572652979868
300,300,"Source1_Only",0.662746661351405
300,300,"Source2_Only",0.806657364959139
300,300,"Weighted",0.843731313533984
100,500,"Target_Only",0.810084033613445
100,500,"Source1_Only",0.752941176470588
100,500,"Source2_Only",0.752941176470588
100,500,"Weighted",0.872268907563025
200,500,"Target_Only",0.779800606848721
200,500,"Source1_Only",0.589943649761595
200,500,"Source2_Only",0.777633289986996
200,500,"Weighted",0.804508019072388
300,500,"Target_Only",0.734032411820782
300,500,"Source1_Only",0.682554814108675
300,500,"Source2_Only",0.762631077216397
300,500,"Weighted",0.763584366062917
100,1000,"Target_Only",0.674846625766871
100,1000,"Source1_Only",0.615541922290389
100,1000,"Source2_Only",0.707566462167689
100,1000,"Weighted",0.69120654396728
200,1000,"Target_Only",0.819142689371697
200,1000,"Source1_Only",0.775689958896066
200,1000,"Source2_Only",0.806224310041104
200,1000,"Weighted",0.844392248972402
300,1000,"Target_Only",0.780362776025237
300,1000,"Source1_Only",0.711553627760252
300,1000,"Source2_Only",0.824723974763407
300,1000,"Weighted",0.830047318611987
100,100,"Target_Only",0.802744425385935
100,100,"Source1_Only",0.538593481989708
100,100,"Source2_Only",0.751286449399657
100,100,"Weighted",0.826758147512864
200,100,"Target_Only",0.709453197405005
200,100,"Source1_Only",0.687210379981464
200,100,"Source2_Only",0.676088971269694
200,100,"Weighted",0.736329935125116
300,100,"Target_Only",0.763245400133008
300,100,"Source1_Only",0.708712037242297
300,100,"Source2_Only",0.69651961870982
300,100,"Weighted",0.784970073154511
100,300,"Target_Only",0.711229946524064
100,300,"Source1_Only",0.734402852049911
100,300,"Source2_Only",0.768270944741533
100,300,"Weighted",0.796791443850267
200,300,"Target_Only",0.723599632690542
200,300,"Source1_Only",0.566115702479339
200,300,"Source2_Only",0.786042240587695
200,300,"Weighted",0.770431588613407
300,300,"Target_Only",0.835359351674131
300,300,"Source1_Only",0.691831947110258
300,300,"Source2_Only",0.784388995521433
300,300,"Weighted",0.839624653444231
100,500,"Target_Only",0.66779089376054
100,500,"Source1_Only",0.634064080944351
100,500,"Source2_Only",0.752107925801012
100,500,"Weighted",0.782462057335582
200,500,"Target_Only",0.650665399239544
200,500,"Source1_Only",0.606939163498099
200,500,"Source2_Only",0.783745247148289
200,500,"Weighted",0.778992395437262
300,500,"Target_Only",0.745032373297611
300,500,"Source1_Only",0.677829872739451
300,500,"Source2_Only",0.796383121232418
300,500,"Weighted",0.807099799062291
100,1000,"Target_Only",0.68046357615894
100,1000,"Source1_Only",0.718543046357616
100,1000,"Source2_Only",0.791390728476821
100,1000,"Weighted",0.799668874172185
200,1000,"Target_Only",0.723561239547467
200,1000,"Source1_Only",0.697491392031481
200,1000,"Source2_Only",0.690113133300541
200,1000,"Weighted",0.744220363994097
300,1000,"Target_Only",0.714972940469032
300,1000,"Source1_Only",0.733814391661656
300,1000,"Source2_Only",0.760272599719383
300,1000,"Weighted",0.792944477851273
100,100,"Target_Only",0.781163434903047
100,100,"Source1_Only",0.739612188365651
100,100,"Source2_Only",0.750692520775623
100,100,"Weighted",0.831024930747922
200,100,"Target_Only",0.860239852398524
200,100,"Source1_Only",0.729243542435424
200,100,"Source2_Only",0.745848708487085
200,100,"Weighted",0.872232472324723
300,100,"Target_Only",0.7580404685836
300,100,"Source1_Only",0.716506922257721
300,100,"Source2_Only",0.736102236421725
300,100,"Weighted",0.80937167199148
100,300,"Target_Only",0.652466367713004
100,300,"Source1_Only",0.596412556053812
100,300,"Source2_Only",0.728699551569507
100,300,"Weighted",0.70627802690583
200,300,"Target_Only",0.785350023180343
200,300,"Source1_Only",0.625405656003709
200,300,"Source2_Only",0.786277236903106
200,300,"Weighted",0.790913305516922
300,300,"Target_Only",0.763907139728427
300,300,"Source1_Only",0.64388961892247
300,300,"Source2_Only",0.752518615856329
300,300,"Weighted",0.80113885238721
100,500,"Target_Only",0.742911153119093
100,500,"Source1_Only",0.66351606805293
100,500,"Source2_Only",0.805293005671077
100,500,"Weighted",0.86578449905482
200,500,"Target_Only",0.770642201834862
200,500,"Source1_Only",0.660550458715596
200,500,"Source2_Only",0.74395329441201
200,500,"Weighted",0.814845704753962
300,500,"Target_Only",0.732737208147044
300,500,"Source1_Only",0.739940387481371
300,500,"Source2_Only",0.731743666169896
300,500,"Weighted",0.786388474913065
100,1000,"Target_Only",0.695560253699789
100,1000,"Source1_Only",0.758985200845666
100,1000,"Source2_Only",0.775898520084567
100,1000,"Weighted",0.773784355179704
200,1000,"Target_Only",0.74815157116451
200,1000,"Source1_Only",0.671441774491682
200,1000,"Source2_Only",0.800369685767098
200,1000,"Weighted",0.812846580406654
300,1000,"Target_Only",0.799387755102041
300,1000,"Source1_Only",0.749183673469388
300,1000,"Source2_Only",0.794081632653061
300,1000,"Weighted",0.836938775510204
100,100,"Target_Only",0.638783269961977
100,100,"Source1_Only",0.653992395437262
100,100,"Source2_Only",0.703422053231939
100,100,"Weighted",0.752851711026616
200,100,"Target_Only",0.716432380029084
200,100,"Source1_Only",0.665535627726612
200,100,"Source2_Only",0.718371303926321
200,100,"Weighted",0.752302472127969
300,100,"Target_Only",0.819141765895304
300,100,"Source1_Only",0.594697820714446
300,100,"Source2_Only",0.685688609301281
300,100,"Weighted",0.788362165805437
100,300,"Target_Only",0.7
100,300,"Source1_Only",0.781395348837209
100,300,"Source2_Only",0.665116279069767
100,300,"Weighted",0.818604651162791
200,300,"Target_Only",0.742418274911382
200,300,"Source1_Only",0.717605356439543
200,300,"Source2_Only",0.740055139818826
200,300,"Weighted",0.781803859787318
300,300,"Target_Only",0.728888888888889
300,300,"Source1_Only",0.659470899470899
300,300,"Source2_Only",0.72973544973545
300,300,"Weighted",0.783280423280423
100,500,"Target_Only",0.753747323340471
100,500,"Source1_Only",0.689507494646681
100,500,"Source2_Only",0.721627408993576
100,500,"Weighted",0.798715203426124
200,500,"Target_Only",0.744154057771664
200,500,"Source1_Only",0.754241173773498
200,500,"Source2_Only",0.696469509399358
200,500,"Weighted",0.766620816139386
300,500,"Target_Only",0.720649990870915
300,500,"Source1_Only",0.66551031586635
300,500,"Source2_Only",0.753697279532591
300,500,"Weighted",0.770129633010772
100,1000,"Target_Only",0.766528925619835
100,1000,"Source1_Only",0.700413223140496
100,1000,"Source2_Only",0.822314049586777
100,1000,"Weighted",0.832644628099174
200,1000,"Target_Only",0.706356311548791
200,1000,"Source1_Only",0.777081468218442
200,1000,"Source2_Only",0.820501342882722
200,1000,"Weighted",0.817367949865712
300,1000,"Target_Only",0.690265486725664
300,1000,"Source1_Only",0.664085545722714
300,1000,"Source2_Only",0.728429203539823
300,1000,"Weighted",0.728797935103245
100,100,"Target_Only",0.815175097276265
100,100,"Source1_Only",0.729571984435798
100,100,"Source2_Only",0.735408560311284
100,100,"Weighted",0.819066147859922
200,100,"Target_Only",0.751707317073171
200,100,"Source1_Only",0.604390243902439
200,100,"Source2_Only",0.743414634146341
200,100,"Weighted",0.765853658536585
300,100,"Target_Only",0.800124533001245
300,100,"Source1_Only",0.655043586550436
300,100,"Source2_Only",0.795350767953508
300,100,"Weighted",0.819634703196347
100,300,"Target_Only",0.733727810650888
100,300,"Source1_Only",0.719921104536489
100,300,"Source2_Only",0.790927021696253
100,300,"Weighted",0.777120315581854
200,300,"Target_Only",0.741483901073262
200,300,"Source1_Only",0.695753616425572
200,300,"Source2_Only",0.751749883341111
200,300,"Weighted",0.794213719085394
300,300,"Target_Only",0.808155885897951
300,300,"Source1_Only",0.697267979108076
300,300,"Source2_Only",0.751506629168341
300,300,"Weighted",0.832261952591402
100,500,"Target_Only",0.788927335640138
100,500,"Source1_Only",0.700692041522491
100,500,"Source2_Only",0.802768166089965
100,500,"Weighted",0.832179930795848
200,500,"Target_Only",0.732793522267207
200,500,"Source1_Only",0.669534412955466
200,500,"Source2_Only",0.775303643724696
200,500,"Weighted",0.813765182186235
300,500,"Target_Only",0.737017804154303
300,500,"Source1_Only",0.680823442136498
300,500,"Source2_Only",0.750556379821958
300,500,"Weighted",0.805637982195846
100,1000,"Target_Only",0.780575539568345
100,1000,"Source1_Only",0.764388489208633
100,1000,"Source2_Only",0.758992805755396
100,1000,"Weighted",0.834532374100719
200,1000,"Target_Only",0.781734394637621
200,1000,"Source1_Only",0.695014662756598
200,1000,"Source2_Only",0.713866778382907
200,1000,"Weighted",0.797653958944281
300,1000,"Target_Only",0.749258160237389
300,1000,"Source1_Only",0.626748622297584
300,1000,"Source2_Only",0.770029673590504
300,1000,"Weighted",0.799067401441289
100,100,"Target_Only",0.639925373134328
100,100,"Source1_Only",0.669776119402985
100,100,"Source2_Only",0.748134328358209
100,100,"Weighted",0.712686567164179
200,100,"Target_Only",0.774666666666667
200,100,"Source1_Only",0.671555555555556
200,100,"Source2_Only",0.722666666666667
200,100,"Weighted",0.832444444444444
300,100,"Target_Only",0.794892915980231
300,100,"Source1_Only",0.650535420098847
300,100,"Source2_Only",0.722199341021417
300,100,"Weighted",0.787685337726524
100,300,"Target_Only",0.685770750988142
100,300,"Source1_Only",0.557312252964427
100,300,"Source2_Only",0.790513833992095
100,300,"Weighted",0.721343873517787
200,300,"Target_Only",0.70806890299184
200,300,"Source1_Only",0.689029918404352
200,300,"Source2_Only",0.761559383499547
200,300,"Weighted",0.78105167724388
300,300,"Target_Only",0.764838892029395
300,300,"Source1_Only",0.645562464669305
300,300,"Source2_Only",0.784812511776898
300,300,"Weighted",0.808931599773884
100,500,"Target_Only",0.753588516746411
100,500,"Source1_Only",0.729665071770335
100,500,"Source2_Only",0.801435406698565
100,500,"Weighted",0.854066985645933
200,500,"Target_Only",0.748118811881188
200,500,"Source1_Only",0.706930693069307
200,500,"Source2_Only",0.703762376237624
200,500,"Weighted",0.764752475247525
300,500,"Target_Only",0.771354616048318
300,500,"Source1_Only",0.748058671268335
300,500,"Source2_Only",0.729508196721312
300,500,"Weighted",0.802415875754961
100,1000,"Target_Only",0.657352941176471
100,1000,"Source1_Only",0.494117647058824
100,1000,"Source2_Only",0.802941176470588
100,1000,"Weighted",0.744117647058824
200,1000,"Target_Only",0.799498746867168
200,1000,"Source1_Only",0.730325814536341
200,1000,"Source2_Only",0.780952380952381
200,1000,"Weighted",0.848621553884712
300,1000,"Target_Only",0.78784693019344
300,1000,"Source1_Only",0.697855340622372
300,1000,"Source2_Only",0.814129520605551
300,1000,"Weighted",0.839150546677881
100,100,"Target_Only",0.630824372759857
100,100,"Source1_Only",0.689964157706093
100,100,"Source2_Only",0.71326164874552
100,100,"Weighted",0.741935483870968
200,100,"Target_Only",0.735625704622322
200,100,"Source1_Only",0.637542277339346
200,100,"Source2_Only",0.79086809470124
200,100,"Weighted",0.777339346110485
300,100,"Target_Only",0.69608938547486
300,100,"Source1_Only",0.673556797020484
300,100,"Source2_Only",0.697765363128492
300,100,"Weighted",0.780074487895717
100,300,"Target_Only",0.633004926108374
100,300,"Source1_Only",0.630541871921182
100,300,"Source2_Only",0.763546798029557
100,300,"Weighted",0.699507389162562
200,300,"Target_Only",0.713956701980654
200,300,"Source1_Only",0.619530170428374
200,300,"Source2_Only",0.741133118378627
200,300,"Weighted",0.768309534776601
300,300,"Target_Only",0.760775862068966
300,300,"Source1_Only",0.625783699059561
300,300,"Source2_Only",0.705916927899687
300,300,"Weighted",0.758228840125392
100,500,"Target_Only",0.710775047258979
100,500,"Source1_Only",0.614366729678639
100,500,"Source2_Only",0.816635160680529
100,500,"Weighted",0.826086956521739
200,500,"Target_Only",0.729134664618536
200,500,"Source1_Only",0.696364567332309
200,500,"Source2_Only",0.780337941628264
200,500,"Weighted",0.804915514592934
300,500,"Target_Only",0.802114502294035
300,500,"Source1_Only",0.711948932774786
300,500,"Source2_Only",0.816676640734091
300,500,"Weighted",0.850388988629563
100,1000,"Target_Only",0.735294117647059
100,1000,"Source1_Only",0.6875
100,1000,"Source2_Only",0.755514705882353
100,1000,"Weighted",0.808823529411765
200,1000,"Target_Only",0.802926383173297
200,1000,"Source1_Only",0.761774119798811
200,1000,"Source2_Only",0.84453589391861
200,1000,"Weighted",0.838134430727023
300,1000,"Target_Only",0.80218818380744
300,1000,"Source1_Only",0.655579868708972
300,1000,"Source2_Only",0.823851203501094
300,1000,"Weighted",0.836542669584245
100,100,"Target_Only",0.838206627680312
100,100,"Source1_Only",0.730994152046784
100,100,"Source2_Only",0.617933723196881
100,100,"Weighted",0.797270955165692
200,100,"Target_Only",0.764220581849761
200,100,"Source1_Only",0.633521493703864
200,100,"Source2_Only",0.785931393834129
200,100,"Weighted",0.815023881893183
300,100,"Target_Only",0.733446519524618
300,100,"Source1_Only",0.664473684210526
300,100,"Source2_Only",0.656409168081494
300,100,"Weighted",0.753607809847199
100,300,"Target_Only",0.66869918699187
100,300,"Source1_Only",0.678861788617886
100,300,"Source2_Only",0.776422764227642
100,300,"Weighted",0.764227642276423
200,300,"Target_Only",0.739545454545455
200,300,"Source1_Only",0.63
200,300,"Source2_Only",0.781818181818182
200,300,"Weighted",0.826363636363636
300,300,"Target_Only",0.78889359898262
300,300,"Source1_Only",0.607036880033913
300,300,"Source2_Only",0.769605765154727
300,300,"Weighted",0.815387876218737
100,500,"Target_Only",0.757983193277311
100,500,"Source1_Only",0.704201680672269
100,500,"Source2_Only",0.86218487394958
100,500,"Weighted",0.894117647058823
200,500,"Target_Only",0.775205016883743
200,500,"Source1_Only",0.635793535938254
200,500,"Source2_Only",0.788712011577424
200,500,"Weighted",0.802219006271105
300,500,"Target_Only",0.744643552785353
300,500,"Source1_Only",0.639072847682119
300,500,"Source2_Only",0.707635372029607
300,500,"Weighted",0.780483054148812
100,1000,"Target_Only",0.791919191919192
100,1000,"Source1_Only",0.785858585858586
100,1000,"Source2_Only",0.8
100,1000,"Weighted",0.856565656565657
200,1000,"Target_Only",0.771716101694915
200,1000,"Source1_Only",0.761652542372881
200,1000,"Source2_Only",0.815677966101695
200,1000,"Weighted",0.845338983050848
300,1000,"Target_Only",0.791477608995857
300,1000,"Source1_Only",0.683566778457289
300,1000,"Source2_Only",0.819096468731505
300,1000,"Weighted",0.831327678043007
100,100,"Target_Only",0.819277108433735
100,100,"Source1_Only",0.795180722891566
100,100,"Source2_Only",0.732530120481928
100,100,"Weighted",0.840963855421687
200,100,"Target_Only",0.730724070450098
200,100,"Source1_Only",0.655577299412916
200,100,"Source2_Only",0.682191780821918
200,100,"Weighted",0.742465753424657
300,100,"Target_Only",0.734456478138789
300,100,"Source1_Only",0.645808263136783
300,100,"Source2_Only",0.737866024869635
300,100,"Weighted",0.783594063377457
100,300,"Target_Only",0.7203125
100,300,"Source1_Only",0.7
100,300,"Source2_Only",0.725
100,300,"Weighted",0.7765625
200,300,"Target_Only",0.741863575568435
200,300,"Source1_Only",0.708872046366473
200,300,"Source2_Only",0.778421756576014
200,300,"Weighted",0.832367365135979
300,300,"Target_Only",0.770780273211392
300,300,"Source1_Only",0.67862931234082
300,300,"Source2_Only",0.813382727483214
300,300,"Weighted",0.811993517017828
100,500,"Target_Only",0.686390532544379
100,500,"Source1_Only",0.617357001972387
100,500,"Source2_Only",0.871794871794872
100,500,"Weighted",0.857988165680473
200,500,"Target_Only",0.76557734204793
200,500,"Source1_Only",0.70718954248366
200,500,"Source2_Only",0.724183006535948
200,500,"Weighted",0.783442265795207
300,500,"Target_Only",0.760890151515151
300,500,"Source1_Only",0.580255681818182
300,500,"Source2_Only",0.763731060606061
300,500,"Weighted",0.795217803030303
100,1000,"Target_Only",0.652613827993255
100,1000,"Source1_Only",0.632377740303541
100,1000,"Source2_Only",0.703204047217538
100,1000,"Weighted",0.782462057335582
200,1000,"Target_Only",0.747740667976424
200,1000,"Source1_Only",0.663654223968566
200,1000,"Source2_Only",0.820825147347741
200,1000,"Weighted",0.805893909626719
300,1000,"Target_Only",0.767032106499608
300,1000,"Source1_Only",0.752153484729836
300,1000,"Source2_Only",0.726507439310885
300,1000,"Weighted",0.799138606108066
100,100,"Target_Only",0.633720930232558
100,100,"Source1_Only",0.643410852713178
100,100,"Source2_Only",0.767441860465116
100,100,"Weighted",0.771317829457364
200,100,"Target_Only",0.735512630014859
200,100,"Source1_Only",0.659237246161466
200,100,"Source2_Only",0.688954928182268
200,100,"Weighted",0.747894997523527
300,100,"Target_Only",0.800739371534196
300,100,"Source1_Only",0.700184842883549
300,100,"Source2_Only",0.73992606284658
300,100,"Weighted",0.799260628465804
100,300,"Target_Only",0.672097759674134
100,300,"Source1_Only",0.657841140529532
100,300,"Source2_Only",0.747454175152749
100,300,"Weighted",0.80040733197556
200,300,"Target_Only",0.734340293203021
200,300,"Source1_Only",0.720124389160373
200,300,"Source2_Only",0.693913816081741
200,300,"Weighted",0.759218125277654
300,300,"Target_Only",0.772062185642433
300,300,"Source1_Only",0.669181527206219
300,300,"Source2_Only",0.787608596250572
300,300,"Weighted",0.825560128029264
100,500,"Target_Only",0.623873873873874
100,500,"Source1_Only",0.551801801801802
100,500,"Source2_Only",0.72972972972973
100,500,"Weighted",0.713963963963964
200,500,"Target_Only",0.832014890646812
200,500,"Source1_Only",0.712424383434155
200,500,"Source2_Only",0.821312238250349
200,500,"Weighted",0.866449511400651
300,500,"Target_Only",0.795251661918329
300,500,"Source1_Only",0.67369420702754
300,500,"Source2_Only",0.795631528964862
300,500,"Weighted",0.828679962013295
100,1000,"Target_Only",0.645418326693227
100,1000,"Source1_Only",0.701195219123506
100,1000,"Source2_Only",0.824701195219123
100,1000,"Weighted",0.806772908366534
200,1000,"Target_Only",0.771616541353384
200,1000,"Source1_Only",0.738251879699248
200,1000,"Source2_Only",0.816259398496241
200,1000,"Weighted",0.837875939849624
300,1000,"Target_Only",0.73321414382201
300,1000,"Source1_Only",0.707191100516488
300,1000,"Source2_Only",0.769765593961065
300,1000,"Weighted",0.802145411203814
100,100,"Target_Only",0.707456978967495
100,100,"Source1_Only",0.688336520076482
100,100,"Source2_Only",0.67112810707457
100,100,"Weighted",0.764818355640535
200,100,"Target_Only",0.723117109272965
200,100,"Source1_Only",0.647801480191554
200,100,"Source2_Only",0.743143230300392
200,100,"Weighted",0.78014801915542
300,100,"Target_Only",0.799819494584838
300,100,"Source1_Only",0.686462093862816
300,100,"Source2_Only",0.757942238267148
300,100,"Weighted",0.844945848375451
100,300,"Target_Only",0.688013136288998
100,300,"Source1_Only",0.71264367816092
100,300,"Source2_Only",0.661740558292282
100,300,"Weighted",0.789819376026273
200,300,"Target_Only",0.820568927789934
200,300,"Source1_Only",0.666520787746171
200,300,"Source2_Only",0.816630196936543
200,300,"Weighted",0.850328227571116
300,300,"Target_Only",0.795649445722652
300,300,"Source1_Only",0.647981593808827
300,300,"Source2_Only",0.761137837272537
300,300,"Weighted",0.816565572056055
100,500,"Target_Only",0.57439446366782
100,500,"Source1_Only",0.619377162629758
100,500,"Source2_Only",0.76643598615917
100,500,"Weighted",0.685121107266436
200,500,"Target_Only",0.724700239808153
200,500,"Source1_Only",0.693525179856115
200,500,"Source2_Only",0.802398081534772
200,500,"Weighted",0.792805755395683
300,500,"Target_Only",0.729542593369702
300,500,"Source1_Only",0.659882501049098
300,500,"Source2_Only",0.782626940830885
300,500,"Weighted",0.804867813680235
100,1000,"Target_Only",0.708333333333333
100,1000,"Source1_Only",0.62719298245614
100,1000,"Source2_Only",0.837719298245614
100,1000,"Weighted",0.809210526315789
200,1000,"Target_Only",0.742913000977517
200,1000,"Source1_Only",0.69208211143695
200,1000,"Source2_Only",0.820136852394917
200,1000,"Weighted",0.785923753665689
300,1000,"Target_Only",0.819711062735009
300,1000,"Source1_Only",0.707500494755591
300,1000,"Source2_Only",0.814763506827627
300,1000,"Weighted",0.847219473580051
100,100,"Target_Only",0.653846153846154
100,100,"Source1_Only",0.762541806020067
100,100,"Source2_Only",0.744147157190636
100,100,"Weighted",0.797658862876254
200,100,"Target_Only",0.72449418854929
200,100,"Source1_Only",0.699526474386569
200,100,"Source2_Only",0.683168316831683
200,100,"Weighted",0.749892380542402
300,100,"Target_Only",0.784996925599508
300,100,"Source1_Only",0.747899159663866
300,100,"Source2_Only",0.813281410125026
300,100,"Weighted",0.830293092846895
100,300,"Target_Only",0.72463768115942
100,300,"Source1_Only",0.619565217391304
100,300,"Source2_Only",0.728260869565217
100,300,"Weighted",0.73731884057971
200,300,"Target_Only",0.667287110283853
200,300,"Source1_Only",0.724057701256398
200,300,"Source2_Only",0.806886924150768
200,300,"Weighted",0.785481619357841
300,300,"Target_Only",0.680810488676996
300,300,"Source1_Only",0.610011918951132
300,300,"Source2_Only",0.782598331346841
300,300,"Weighted",0.762336114421931
100,500,"Target_Only",0.745733788395904
100,500,"Source1_Only",0.643344709897611
100,500,"Source2_Only",0.784982935153584
100,500,"Weighted",0.805460750853242
200,500,"Target_Only",0.822332730560579
200,500,"Source1_Only",0.74502712477396
200,500,"Source2_Only",0.81871609403255
200,500,"Weighted",0.839059674502712
300,500,"Target_Only",0.752385082393755
300,500,"Source1_Only",0.650260190806591
300,500,"Source2_Only",0.789679098005204
300,500,"Weighted",0.796400693842151
100,1000,"Target_Only",0.644836272040302
100,1000,"Source1_Only",0.690176322418136
100,1000,"Source2_Only",0.670025188916877
100,1000,"Weighted",0.692695214105793
200,1000,"Target_Only",0.696105072463768
200,1000,"Source1_Only",0.632699275362319
200,1000,"Source2_Only",0.725996376811594
200,1000,"Weighted",0.768115942028986
300,1000,"Target_Only",0.694073455759599
300,1000,"Source1_Only",0.693030050083473
300,1000,"Source2_Only",0.746452420701169
300,1000,"Weighted",0.760225375626043
100,100,"Target_Only",0.722772277227723
100,100,"Source1_Only",0.655445544554455
100,100,"Source2_Only",0.702970297029703
100,100,"Weighted",0.730693069306931
200,100,"Target_Only",0.774770420492992
200,100,"Source1_Only",0.588690188496858
200,100,"Source2_Only",0.732721121314645
200,100,"Weighted",0.782503624939584
300,100,"Target_Only",0.779808529155788
300,100,"Source1_Only",0.607484769364665
300,100,"Source2_Only",0.701044386422977
300,100,"Weighted",0.772193211488251
100,300,"Target_Only",0.630239520958084
100,300,"Source1_Only",0.651197604790419
100,300,"Source2_Only",0.754491017964072
100,300,"Weighted",0.758982035928144
200,300,"Target_Only",0.71979313587212
200,300,"Source1_Only",0.67277856135402
200,300,"Source2_Only",0.764456981664316
200,300,"Weighted",0.777621062529384
300,300,"Target_Only",0.804369815901275
300,300,"Source1_Only",0.707869714748129
300,300,"Source2_Only",0.804774428484726
300,300,"Weighted",0.843010317620878
100,500,"Target_Only",0.587583148558758
100,500,"Source1_Only",0.676274944567627
100,500,"Source2_Only",0.844789356984479
100,500,"Weighted",0.824833702882483
200,500,"Target_Only",0.770905492330529
200,500,"Source1_Only",0.753587333003464
200,500,"Source2_Only",0.762988619495299
200,500,"Weighted",0.83424047501237
300,500,"Target_Only",0.725237717908082
300,500,"Source1_Only",0.692551505546751
300,500,"Source2_Only",0.760697305863708
300,500,"Weighted",0.789421553090333
100,1000,"Target_Only",0.73993288590604
100,1000,"Source1_Only",0.614093959731544
100,1000,"Source2_Only",0.832214765100671
100,1000,"Weighted",0.827181208053691
200,1000,"Target_Only",0.7451536643026
200,1000,"Source1_Only",0.752718676122931
200,1000,"Source2_Only",0.671394799054373
200,1000,"Weighted",0.771631205673759
300,1000,"Target_Only",0.817931034482759
300,1000,"Source1_Only",0.698620689655172
300,1000,"Source2_Only",0.831034482758621
300,1000,"Weighted",0.857931034482759
100,100,"Target_Only",0.695749440715884
100,100,"Source1_Only",0.655480984340045
100,100,"Source2_Only",0.740492170022371
100,100,"Weighted",0.823266219239374
200,100,"Target_Only",0.72822966507177
200,100,"Source1_Only",0.66555023923445
200,100,"Source2_Only",0.704306220095694
200,100,"Weighted",0.776076555023923
300,100,"Target_Only",0.772352430555556
300,100,"Source1_Only",0.719835069444444
300,100,"Source2_Only",0.774088541666667
300,100,"Weighted",0.804036458333333
100,300,"Target_Only",0.672101449275362
100,300,"Source1_Only",0.61231884057971
100,300,"Source2_Only",0.722826086956522
100,300,"Weighted",0.699275362318841
200,300,"Target_Only",0.774370709382151
200,300,"Source1_Only",0.541418764302059
200,300,"Source2_Only",0.810526315789474
200,300,"Weighted",0.79908466819222
300,300,"Target_Only",0.767467012762276
300,300,"Source1_Only",0.622755786285962
300,300,"Source2_Only",0.738697815271469
300,300,"Weighted",0.776335712740645
100,500,"Target_Only",0.786339754816112
100,500,"Source1_Only",0.746059544658494
100,500,"Source2_Only",0.838879159369527
100,500,"Weighted",0.852889667250438
200,500,"Target_Only",0.795180722891566
200,500,"Source1_Only",0.708333333333333
200,500,"Source2_Only",0.829819277108434
200,500,"Weighted",0.852409638554217
300,500,"Target_Only",0.751052315093205
300,500,"Source1_Only",0.67147724994989
300,500,"Source2_Only",0.742834235317699
300,500,"Weighted",0.789336540388855
100,1000,"Target_Only",0.604395604395604
100,1000,"Source1_Only",0.736263736263736
100,1000,"Source2_Only",0.754578754578755
100,1000,"Weighted",0.743589743589744
200,1000,"Target_Only",0.743656136716727
200,1000,"Source1_Only",0.717762817193164
200,1000,"Source2_Only",0.78612118073537
200,1000,"Weighted",0.800621439668566
300,1000,"Target_Only",0.808360128617363
300,1000,"Source1_Only",0.727116827438371
300,1000,"Source2_Only",0.771704180064309
300,1000,"Weighted",0.839228295819936
100,100,"Target_Only",0.797040169133192
100,100,"Source1_Only",0.632135306553911
100,100,"Source2_Only",0.714587737843552
100,100,"Weighted",0.771670190274842
200,100,"Target_Only",0.772486772486773
200,100,"Source1_Only",0.67965367965368
200,100,"Source2_Only",0.685906685906686
200,100,"Weighted",0.791726791726792
300,100,"Target_Only",0.789856496953018
300,100,"Source1_Only",0.632199724788677
300,100,"Source2_Only",0.766266954983291
300,100,"Weighted",0.813642618439159
100,300,"Target_Only",0.812636165577342
100,300,"Source1_Only",0.616557734204793
100,300,"Source2_Only",0.808278867102396
100,300,"Weighted",0.81917211328976
200,300,"Target_Only",0.770353733857383
200,300,"Source1_Only",0.705783267827063
200,300,"Source2_Only",0.709152161706906
200,300,"Weighted",0.810780460415497
300,300,"Target_Only",0.756660373400462
300,300,"Source1_Only",0.710090203482274
300,300,"Source2_Only",0.831340465701699
300,300,"Weighted",0.821690790853786
100,500,"Target_Only",0.761083743842365
100,500,"Source1_Only",0.564039408866995
100,500,"Source2_Only",0.847290640394089
100,500,"Weighted",0.83743842364532
200,500,"Target_Only",0.801822323462415
200,500,"Source1_Only",0.620159453302961
200,500,"Source2_Only",0.870159453302961
200,500,"Weighted",0.871867881548975
300,500,"Target_Only",0.712271341463415
300,500,"Source1_Only",0.611661585365854
300,500,"Source2_Only",0.721227134146341
300,500,"Weighted",0.746189024390244
100,1000,"Target_Only",0.673151750972763
100,1000,"Source1_Only",0.657587548638132
100,1000,"Source2_Only",0.78988326848249
100,1000,"Weighted",0.795719844357977
200,1000,"Target_Only",0.769837790442788
200,1000,"Source1_Only",0.70670758439281
200,1000,"Source2_Only",0.767645769399386
200,1000,"Weighted",0.791758000876808
300,1000,"Target_Only",0.762243989314337
300,1000,"Source1_Only",0.736420302760463
300,1000,"Source2_Only",0.802760463045414
300,1000,"Weighted",0.817898486197685
100,100,"Target_Only",0.747163695299838
100,100,"Source1_Only",0.635332252836305
100,100,"Source2_Only",0.696920583468395
100,100,"Weighted",0.747163695299838
200,100,"Target_Only",0.766636690647482
200,100,"Source1_Only",0.659622302158273
200,100,"Source2_Only",0.734262589928057
200,100,"Weighted",0.767086330935252
300,100,"Target_Only",0.733071029198592
300,100,"Source1_Only",0.657900186373991
300,100,"Source2_Only",0.640091116173121
300,100,"Weighted",0.731000207082212
100,300,"Target_Only",0.691652470187394
100,300,"Source1_Only",0.730834752981261
100,300,"Source2_Only",0.700170357751278
100,300,"Weighted",0.809199318568995
200,300,"Target_Only",0.783310281235592
200,300,"Source1_Only",0.623789764868603
200,300,"Source2_Only",0.766712770862148
200,300,"Weighted",0.817888427846934
300,300,"Target_Only",0.774311926605505
300,300,"Source1_Only",0.629561671763507
300,300,"Source2_Only",0.731090723751274
300,300,"Weighted",0.794903160040775
100,500,"Target_Only",0.703703703703704
100,500,"Source1_Only",0.757575757575758
100,500,"Source2_Only",0.750841750841751
100,500,"Weighted",0.806397306397306
200,500,"Target_Only",0.732649071358749
200,500,"Source1_Only",0.693548387096774
200,500,"Source2_Only",0.760508308895406
200,500,"Weighted",0.785923753665689
300,500,"Target_Only",0.750363901018923
300,500,"Source1_Only",0.691775836972343
300,500,"Source2_Only",0.742176128093159
300,500,"Weighted",0.78056768558952
100,1000,"Target_Only",0.76214405360134
100,1000,"Source1_Only",0.730318257956449
100,1000,"Source2_Only",0.753768844221105
100,1000,"Weighted",0.807370184254606
200,1000,"Target_Only",0.750639386189258
200,1000,"Source1_Only",0.706734867860188
200,1000,"Source2_Only",0.791986359761296
200,1000,"Weighted",0.803495311167945
300,1000,"Target_Only",0.757687576875769
300,1000,"Source1_Only",0.708733087330873
300,1000,"Source2_Only",0.7690036900369
300,1000,"Weighted",0.807872078720787
100,100,"Target_Only",0.769230769230769
100,100,"Source1_Only",0.615384615384615
100,100,"Source2_Only",0.789473684210526
100,100,"Weighted",0.783400809716599
200,100,"Target_Only",0.751970329160872
200,100,"Source1_Only",0.643486323597589
200,100,"Source2_Only",0.787668057487251
200,100,"Weighted",0.812239221140473
300,100,"Target_Only",0.719483568075117
300,100,"Source1_Only",0.630868544600939
300,100,"Source2_Only",0.70989827856025
300,100,"Weighted",0.775234741784038
100,300,"Target_Only",0.692449355432781
100,300,"Source1_Only",0.615101289134438
100,300,"Source2_Only",0.784530386740331
100,300,"Weighted",0.767955801104972
200,300,"Target_Only",0.785083415112856
200,300,"Source1_Only",0.643277723258096
200,300,"Source2_Only",0.78900883218842
200,300,"Weighted",0.820412168792934
300,300,"Target_Only",0.800742034046268
300,300,"Source1_Only",0.676342208642514
300,300,"Source2_Only",0.722610213880402
300,300,"Weighted",0.81230903535574
100,500,"Target_Only",0.618257261410788
100,500,"Source1_Only",0.738589211618257
100,500,"Source2_Only",0.778008298755187
100,500,"Weighted",0.780082987551867
200,500,"Target_Only",0.805781391147245
200,500,"Source1_Only",0.654471544715447
200,500,"Source2_Only",0.846883468834688
200,500,"Weighted",0.848238482384824
300,500,"Target_Only",0.724467622772707
300,500,"Source1_Only",0.734680573663624
300,500,"Source2_Only",0.708604954367666
300,500,"Weighted",0.758148631029987
100,1000,"Target_Only",0.671140939597315
100,1000,"Source1_Only",0.724832214765101
100,1000,"Source2_Only",0.812080536912752
100,1000,"Weighted",0.818791946308725
200,1000,"Target_Only",0.719768664563617
200,1000,"Source1_Only",0.686119873817035
200,1000,"Source2_Only",0.814931650893796
200,1000,"Weighted",0.811777076761304
300,1000,"Target_Only",0.758458068484724
300,1000,"Source1_Only",0.698175107648144
300,1000,"Source2_Only",0.771990978060283
300,1000,"Weighted",0.823046955095345
100,100,"Target_Only",0.634241245136187
100,100,"Source1_Only",0.614785992217899
100,100,"Source2_Only",0.680933852140078
100,100,"Weighted",0.717898832684825
200,100,"Target_Only",0.67013698630137
200,100,"Source1_Only",0.648219178082192
200,100,"Source2_Only",0.748493150684931
200,100,"Weighted",0.800547945205479
300,100,"Target_Only",0.719477337688853
300,100,"Source1_Only",0.572478562678644
300,100,"Source2_Only",0.677827684769294
300,100,"Weighted",0.717639853001225
100,300,"Target_Only",0.558983666061706
100,300,"Source1_Only",0.809437386569873
100,300,"Source2_Only",0.747731397459165
100,300,"Weighted",0.789473684210526
200,300,"Target_Only",0.704114655570966
200,300,"Source1_Only",0.70920018492834
200,300,"Source2_Only",0.80998613037448
200,300,"Weighted",0.796578825705039
300,300,"Target_Only",0.764935064935065
300,300,"Source1_Only",0.689424860853432
300,300,"Source2_Only",0.806122448979592
300,300,"Weighted",0.815769944341373
100,500,"Target_Only",0.745233968804159
100,500,"Source1_Only",0.755632582322357
100,500,"Source2_Only",0.785095320623917
100,500,"Weighted",0.811091854419411
200,500,"Target_Only",0.615036231884058
200,500,"Source1_Only",0.692934782608696
200,500,"Source2_Only",0.736865942028985
200,500,"Weighted",0.754076086956522
300,500,"Target_Only",0.773549164801102
300,500,"Source1_Only",0.694506629929396
300,500,"Source2_Only",0.776304460134321
300,500,"Weighted",0.820733597382469
100,1000,"Target_Only",0.645161290322581
100,1000,"Source1_Only",0.705882352941176
100,1000,"Source2_Only",0.808349146110057
100,1000,"Weighted",0.751423149905123
200,1000,"Target_Only",0.739454094292804
200,1000,"Source1_Only",0.593052109181141
200,1000,"Source2_Only",0.770057899090157
200,1000,"Weighted",0.80066170388751
300,1000,"Target_Only",0.824690321226118
300,1000,"Source1_Only",0.748687801805585
300,1000,"Source2_Only",0.81335292882637
300,1000,"Weighted",0.85471341591434
100,100,"Target_Only",0.658747300215983
100,100,"Source1_Only",0.693304535637149
100,100,"Source2_Only",0.751619870410367
100,100,"Weighted",0.730021598272138
200,100,"Target_Only",0.762752075919336
200,100,"Source1_Only",0.656583629893238
200,100,"Source2_Only",0.774614472123369
200,100,"Weighted",0.797746144721234
300,100,"Target_Only",0.774736842105263
300,100,"Source1_Only",0.724784688995215
300,100,"Source2_Only",0.745071770334928
300,100,"Weighted",0.803827751196172
100,300,"Target_Only",0.682242990654206
100,300,"Source1_Only",0.644859813084112
100,300,"Source2_Only",0.845794392523364
100,300,"Weighted",0.885514018691589
200,300,"Target_Only",0.825990209167779
200,300,"Source1_Only",0.628838451268358
200,300,"Source2_Only",0.791277258566978
200,300,"Weighted",0.847797062750334
300,300,"Target_Only",0.754892071817632
300,300,"Source1_Only",0.604196086342546
300,300,"Source2_Only",0.743998386120638
300,300,"Weighted",0.765382287673996
100,500,"Target_Only",0.535211267605634
100,500,"Source1_Only",0.788732394366197
100,500,"Source2_Only",0.746478873239437
100,500,"Weighted",0.807511737089202
200,500,"Target_Only",0.748148148148148
200,500,"Source1_Only",0.718082788671024
200,500,"Source2_Only",0.787363834422658
200,500,"Weighted",0.821786492374728
300,500,"Target_Only",0.78995057660626
300,500,"Source1_Only",0.664332784184514
300,500,"Source2_Only",0.802512355848435
300,500,"Weighted",0.818574958813839
100,1000,"Target_Only",0.699784017278618
100,1000,"Source1_Only",0.76889848812095
100,1000,"Source2_Only",0.691144708423326
100,1000,"Weighted",0.760259179265659
200,1000,"Target_Only",0.725524475524476
200,1000,"Source1_Only",0.688228438228438
200,1000,"Source2_Only",0.797202797202797
200,1000,"Weighted",0.807109557109557
300,1000,"Target_Only",0.805265546981389
300,1000,"Source1_Only",0.709714026327735
300,1000,"Source2_Only",0.830685428960508
300,1000,"Weighted",0.854289605083976
100,100,"Target_Only",0.677364864864865
100,100,"Source1_Only",0.559121621621622
100,100,"Source2_Only",0.717905405405405
100,100,"Weighted",0.758445945945946
200,100,"Target_Only",0.675231676495367
200,100,"Source1_Only",0.634793597304128
200,100,"Source2_Only",0.724936815501264
200,100,"Weighted",0.709351305812974
300,100,"Target_Only",0.775570583262891
300,100,"Source1_Only",0.60883347421809
300,100,"Source2_Only",0.715976331360947
300,100,"Weighted",0.77134404057481
100,300,"Target_Only",0.817504655493482
100,300,"Source1_Only",0.720670391061452
100,300,"Source2_Only",0.837988826815642
100,300,"Weighted",0.843575418994413
200,300,"Target_Only",0.760823653643083
200,300,"Source1_Only",0.671594508975713
200,300,"Source2_Only",0.748152059134108
200,300,"Weighted",0.808342133051742
300,300,"Target_Only",0.792806581212933
300,300,"Source1_Only",0.72431605127224
300,300,"Source2_Only",0.741343026592692
300,300,"Weighted",0.819207958676105
100,500,"Target_Only",0.709046454767726
100,500,"Source1_Only",0.755501222493888
100,500,"Source2_Only",0.691931540342298
100,500,"Weighted",0.762836185819071
200,500,"Target_Only",0.779259259259259
200,500,"Source1_Only",0.76
200,500,"Source2_Only",0.802469135802469
200,500,"Weighted",0.847407407407407
300,500,"Target_Only",0.763268931823229
300,500,"Source1_Only",0.633799689096158
300,500,"Source2_Only",0.784810126582278
300,500,"Weighted",0.809016211414612
100,1000,"Target_Only",0.8
100,1000,"Source1_Only",0.652747252747253
100,1000,"Source2_Only",0.87032967032967
100,1000,"Weighted",0.863736263736264
200,1000,"Target_Only",0.801126516464471
200,1000,"Source1_Only",0.705372616984402
200,1000,"Source2_Only",0.831455805892548
200,1000,"Weighted",0.858752166377816
300,1000,"Target_Only",0.800325998370008
300,1000,"Source1_Only",0.714343928280359
300,1000,"Source2_Only",0.7940097799511
300,1000,"Weighted",0.832314588427058
100,100,"Target_Only",0.85501066098081
100,100,"Source1_Only",0.791044776119403
100,100,"Source2_Only",0.842217484008529
100,100,"Weighted",0.88272921108742
200,100,"Target_Only",0.755771006463527
200,100,"Source1_Only",0.601569713758079
200,100,"Source2_Only",0.734995383194829
200,100,"Weighted",0.783471837488458
300,100,"Target_Only",0.736057982685726
300,100,"Source1_Only",0.629555063418562
300,100,"Source2_Only",0.734850010066438
300,100,"Weighted",0.755385544594322
100,300,"Target_Only",0.674468085106383
100,300,"Source1_Only",0.640425531914894
100,300,"Source2_Only",0.770212765957447
100,300,"Weighted",0.785106382978723
200,300,"Target_Only",0.823238566131026
200,300,"Source1_Only",0.736711990111248
200,300,"Source2_Only",0.840543881334981
200,300,"Weighted",0.861969509682736
300,300,"Target_Only",0.739716636197441
300,300,"Source1_Only",0.592321755027422
300,300,"Source2_Only",0.672303473491773
300,300,"Weighted",0.750457038391225
100,500,"Target_Only",0.778571428571429
100,500,"Source1_Only",0.658928571428571
100,500,"Source2_Only",0.707142857142857
100,500,"Weighted",0.798214285714286
200,500,"Target_Only",0.750118764845606
200,500,"Source1_Only",0.720190023752969
200,500,"Source2_Only",0.706413301662708
200,500,"Weighted",0.773396674584323
300,500,"Target_Only",0.759911894273128
300,500,"Source1_Only",0.627753303964758
300,500,"Source2_Only",0.769603524229075
300,500,"Weighted",0.786784140969163
100,1000,"Target_Only",0.60421052631579
100,1000,"Source1_Only",0.625263157894737
100,1000,"Source2_Only",0.76
100,1000,"Weighted",0.741052631578947
200,1000,"Target_Only",0.768382352941176
200,1000,"Source1_Only",0.699448529411765
200,1000,"Source2_Only",0.795036764705882
200,1000,"Weighted",0.821691176470588
300,1000,"Target_Only",0.764287254690533
300,1000,"Source1_Only",0.697649342247143
300,1000,"Source2_Only",0.716195816260513
300,1000,"Weighted",0.798361009273237
100,100,"Target_Only",0.762589928057554
100,100,"Source1_Only",0.685851318944844
100,100,"Source2_Only",0.772182254196643
100,100,"Weighted",0.84652278177458
200,100,"Target_Only",0.713114754098361
200,100,"Source1_Only",0.531876138433515
200,100,"Source2_Only",0.656193078324226
200,100,"Weighted",0.693533697632058
300,100,"Target_Only",0.827578051087985
300,100,"Source1_Only",0.661542100283822
300,100,"Source2_Only",0.805818353831599
300,100,"Weighted",0.843424787133396
100,300,"Target_Only",0.728464419475655
100,300,"Source1_Only",0.612359550561798
100,300,"Source2_Only",0.749063670411985
100,300,"Weighted",0.775280898876405
200,300,"Target_Only",0.734329797492768
200,300,"Source1_Only",0.623432979749277
200,300,"Source2_Only",0.765670202507232
200,300,"Weighted",0.782545805207329
300,300,"Target_Only",0.725623087013555
300,300,"Source1_Only",0.695233930913861
300,300,"Source2_Only",0.734368167905553
300,300,"Weighted",0.774376912986445
100,500,"Target_Only",0.603112840466926
100,500,"Source1_Only",0.562256809338521
100,500,"Source2_Only",0.766536964980545
100,500,"Weighted",0.780155642023346
200,500,"Target_Only",0.68270944741533
200,500,"Source1_Only",0.625222816399287
200,500,"Source2_Only",0.801247771836007
200,500,"Weighted",0.775401069518717
300,500,"Target_Only",0.772572572572573
300,500,"Source1_Only",0.690690690690691
300,500,"Source2_Only",0.803203203203203
300,500,"Weighted",0.828828828828829
100,1000,"Target_Only",0.707563025210084
100,1000,"Source1_Only",0.680672268907563
100,1000,"Source2_Only",0.798319327731092
100,1000,"Weighted",0.80672268907563
200,1000,"Target_Only",0.767602166420483
200,1000,"Source1_Only",0.733136386016741
200,1000,"Source2_Only",0.836533727227966
200,1000,"Weighted",0.845396356474643
300,1000,"Target_Only",0.765114931427468
300,1000,"Source1_Only",0.651535638400618
300,1000,"Source2_Only",0.741742321807997
300,1000,"Weighted",0.778443113772455
100,100,"Target_Only",0.768637532133676
100,100,"Source1_Only",0.748071979434447
100,100,"Source2_Only",0.732647814910026
100,100,"Weighted",0.802056555269923
200,100,"Target_Only",0.80784123910939
200,100,"Source1_Only",0.651984511132623
200,100,"Source2_Only",0.636011616650532
200,100,"Weighted",0.753630203291384
300,100,"Target_Only",0.791759964173757
300,100,"Source1_Only",0.673309449171518
300,100,"Source2_Only",0.723242274966413
300,100,"Weighted",0.80743394536498
100,300,"Target_Only",0.575809199318569
100,300,"Source1_Only",0.659284497444634
100,300,"Source2_Only",0.783645655877342
100,300,"Weighted",0.7206132879046
200,300,"Target_Only",0.776449756529438
200,300,"Source1_Only",0.745462594068172
200,300,"Source2_Only",0.791057990261178
200,300,"Weighted",0.828242585214697
300,300,"Target_Only",0.782311374515614
300,300,"Source1_Only",0.661727832231593
300,300,"Source2_Only",0.750854798267609
300,300,"Weighted",0.809209026669706
100,500,"Target_Only",0.703846153846154
100,500,"Source1_Only",0.519230769230769
100,500,"Source2_Only",0.807692307692308
100,500,"Weighted",0.775
200,500,"Target_Only",0.752502780867631
200,500,"Source1_Only",0.664071190211346
200,500,"Source2_Only",0.842046718576196
200,500,"Weighted",0.847608453837597
300,500,"Target_Only",0.736721873215306
300,500,"Source1_Only",0.691985532076908
300,500,"Source2_Only",0.71311631448696
300,500,"Weighted",0.782219683990101
100,1000,"Target_Only",0.623762376237624
100,1000,"Source1_Only",0.64950495049505
100,1000,"Source2_Only",0.716831683168317
100,1000,"Weighted",0.681188118811881
200,1000,"Target_Only",0.811550151975684
200,1000,"Source1_Only",0.705601389491967
200,1000,"Source2_Only",0.844984802431611
200,1000,"Weighted",0.851932262266609
300,1000,"Target_Only",0.799711518648259
300,1000,"Source1_Only",0.724294250978776
300,1000,"Source2_Only",0.754378734803214
300,1000,"Weighted",0.821759736245621
100,100,"Target_Only",0.652307692307692
100,100,"Source1_Only",0.743076923076923
100,100,"Source2_Only",0.690769230769231
100,100,"Weighted",0.752307692307692
200,100,"Target_Only",0.776951672862453
200,100,"Source1_Only",0.616635687732342
200,100,"Source2_Only",0.767193308550186
200,100,"Weighted",0.789033457249071
300,100,"Target_Only",0.78751345532831
300,100,"Source1_Only",0.730032292787944
300,100,"Source2_Only",0.779117330462863
300,100,"Weighted",0.826480086114101
100,300,"Target_Only",0.693023255813954
100,300,"Source1_Only",0.590697674418605
100,300,"Source2_Only",0.723255813953488
100,300,"Weighted",0.737209302325581
200,300,"Target_Only",0.651149747616377
200,300,"Source1_Only",0.676948962422883
200,300,"Source2_Only",0.606281547952888
200,300,"Weighted",0.689848569826136
300,300,"Target_Only",0.740516545601291
300,300,"Source1_Only",0.6727199354318
300,300,"Source2_Only",0.717514124293785
300,300,"Weighted",0.773204196933011
100,500,"Target_Only",0.666092943201377
100,500,"Source1_Only",0.566265060240964
100,500,"Source2_Only",0.790017211703959
100,500,"Weighted",0.757314974182444
200,500,"Target_Only",0.699584679280111
200,500,"Source1_Only",0.712967235809875
200,500,"Source2_Only",0.775265343793263
200,500,"Weighted",0.782187355791417
300,500,"Target_Only",0.749212350346566
300,500,"Source1_Only",0.624658685150179
300,500,"Source2_Only",0.77021634110481
300,500,"Weighted",0.77021634110481
100,1000,"Target_Only",0.754325259515571
100,1000,"Source1_Only",0.693771626297578
100,1000,"Source2_Only",0.832179930795848
100,1000,"Weighted",0.816608996539792
200,1000,"Target_Only",0.785165083672546
200,1000,"Source1_Only",0.736770691994573
200,1000,"Source2_Only",0.744911804613297
200,1000,"Weighted",0.810492989597467
300,1000,"Target_Only",0.751917680074836
300,1000,"Source1_Only",0.686248830682881
300,1000,"Source2_Only",0.750795135640786
300,1000,"Weighted",0.796632366697849
100,100,"Target_Only",0.725524475524476
100,100,"Source1_Only",0.788461538461538
100,100,"Source2_Only",0.732517482517482
100,100,"Weighted",0.788461538461538
200,100,"Target_Only",0.797527047913447
200,100,"Source1_Only",0.68160741885626
200,100,"Source2_Only",0.773312725399279
200,100,"Weighted",0.821741370427615
300,100,"Target_Only",0.773118054099392
300,100,"Source1_Only",0.567414552317048
300,100,"Source2_Only",0.750052421891382
300,100,"Weighted",0.792618997693437
100,300,"Target_Only",0.722
100,300,"Source1_Only",0.666
100,300,"Source2_Only",0.698
100,300,"Weighted",0.742
200,300,"Target_Only",0.734422002578427
200,300,"Source1_Only",0.559948431456811
200,300,"Source2_Only",0.778255264288784
200,300,"Weighted",0.790287924366137
300,300,"Target_Only",0.802631578947368
300,300,"Source1_Only",0.635756056808688
300,300,"Source2_Only",0.79281537176274
300,300,"Weighted",0.847953216374269
100,500,"Target_Only",0.755451713395639
100,500,"Source1_Only",0.686915887850467
100,500,"Source2_Only",0.761682242990654
100,500,"Weighted",0.809968847352025
200,500,"Target_Only",0.707234042553192
200,500,"Source1_Only",0.689787234042553
200,500,"Source2_Only",0.794468085106383
200,500,"Weighted",0.819148936170213
300,500,"Target_Only",0.785699481865285
300,500,"Source1_Only",0.733264248704663
300,500,"Source2_Only",0.791502590673575
300,500,"Weighted",0.830673575129534
100,1000,"Target_Only",0.731203007518797
100,1000,"Source1_Only",0.719924812030075
100,1000,"Source2_Only",0.733082706766917
100,1000,"Weighted",0.763157894736842
200,1000,"Target_Only",0.736139214892756
200,1000,"Source1_Only",0.649939295831647
200,1000,"Source2_Only",0.728045325779037
200,1000,"Weighted",0.759206798866856
300,1000,"Target_Only",0.732273391812865
300,1000,"Source1_Only",0.655884502923977
300,1000,"Source2_Only",0.726425438596491
300,1000,"Weighted",0.763340643274854
100,100,"Target_Only",0.75
100,100,"Source1_Only",0.586693548387097
100,100,"Source2_Only",0.709677419354839
100,100,"Weighted",0.784274193548387
200,100,"Target_Only",0.761378700839593
200,100,"Source1_Only",0.683605832965091
200,100,"Source2_Only",0.743261157755192
200,100,"Weighted",0.80468404772426
300,100,"Target_Only",0.775918177591818
300,100,"Source1_Only",0.653184565318456
300,100,"Source2_Only",0.720595072059507
300,100,"Weighted",0.778707577870758
100,300,"Target_Only",0.734133790737564
100,300,"Source1_Only",0.792452830188679
100,300,"Source2_Only",0.747855917667238
100,300,"Weighted",0.802744425385935
200,300,"Target_Only",0.703357182168409
200,300,"Source1_Only",0.62905888827738
200,300,"Source2_Only",0.686296092460099
200,300,"Weighted",0.739130434782609
300,300,"Target_Only",0.741558196566686
300,300,"Source1_Only",0.60743255989436
300,300,"Source2_Only",0.740426334653839
300,300,"Weighted",0.76796830786644
100,500,"Target_Only",0.669421487603306
100,500,"Source1_Only",0.710743801652893
100,500,"Source2_Only",0.822314049586777
100,500,"Weighted",0.801652892561983
200,500,"Target_Only",0.758980785296575
200,500,"Source1_Only",0.640350877192982
200,500,"Source2_Only",0.766081871345029
200,500,"Weighted",0.775271512113617
300,500,"Target_Only",0.786468433527257
300,500,"Source1_Only",0.716871363930187
300,500,"Source2_Only",0.797457444516268
300,500,"Weighted",0.829778065072183
100,1000,"Target_Only",0.609649122807018
100,1000,"Source1_Only",0.557017543859649
100,1000,"Source2_Only",0.728070175438597
100,1000,"Weighted",0.682017543859649
200,1000,"Target_Only",0.743861338468946
200,1000,"Source1_Only",0.727010110736639
200,1000,"Source2_Only",0.786230139624458
200,1000,"Weighted",0.815117958594126
300,1000,"Target_Only",0.820906432748538
300,1000,"Source1_Only",0.651559454191033
300,1000,"Source2_Only",0.780214424951267
300,1000,"Weighted",0.830409356725146
100,100,"Target_Only",0.789571694599628
100,100,"Source1_Only",0.664804469273743
100,100,"Source2_Only",0.726256983240223
100,100,"Weighted",0.778398510242086
200,100,"Target_Only",0.714285714285714
200,100,"Source1_Only",0.564411027568922
200,100,"Source2_Only",0.757393483709273
200,100,"Weighted",0.757894736842105
300,100,"Target_Only",0.779478335848243
300,100,"Source1_Only",0.528131062729036
300,100,"Source2_Only",0.760293166630739
300,100,"Weighted",0.81008838111662
100,300,"Target_Only",0.724719101123595
100,300,"Source1_Only",0.644194756554307
100,300,"Source2_Only",0.760299625468165
100,300,"Weighted",0.767790262172285
200,300,"Target_Only",0.778903730999539
200,300,"Source1_Only",0.534776600644864
200,300,"Source2_Only",0.831414094887149
200,300,"Weighted",0.829571625978812
300,300,"Target_Only",0.805054151624549
300,300,"Source1_Only",0.677411036616813
300,300,"Source2_Only",0.818205260443528
300,300,"Weighted",0.842186694172254
100,500,"Target_Only",0.727586206896552
100,500,"Source1_Only",0.593103448275862
100,500,"Source2_Only",0.762068965517241
100,500,"Weighted",0.774137931034483
200,500,"Target_Only",0.752713544124587
200,500,"Source1_Only",0.682397357243983
200,500,"Source2_Only",0.773006134969325
200,500,"Weighted",0.803680981595092
300,500,"Target_Only",0.73293829178586
300,500,"Source1_Only",0.655496526358807
300,500,"Source2_Only",0.748263179403351
300,500,"Weighted",0.775847977114835
100,1000,"Target_Only",0.76355748373102
100,1000,"Source1_Only",0.661605206073753
100,1000,"Source2_Only",0.780911062906725
100,1000,"Weighted",0.828633405639913
200,1000,"Target_Only",0.824912456228114
200,1000,"Source1_Only",0.591295647823912
200,1000,"Source2_Only",0.847423711855928
200,1000,"Weighted",0.851425712856428
300,1000,"Target_Only",0.744217381540534
300,1000,"Source1_Only",0.638670559173591
300,1000,"Source2_Only",0.805524365596227
300,1000,"Weighted",0.812485964518302
100,100,"Target_Only",0.678373382624769
100,100,"Source1_Only",0.652495378927911
100,100,"Source2_Only",0.746765249537893
100,100,"Weighted",0.78003696857671
200,100,"Target_Only",0.751052877866168
200,100,"Source1_Only",0.658867571361722
200,100,"Source2_Only",0.820308844174076
200,100,"Weighted",0.827328029948526
300,100,"Target_Only",0.758004158004158
300,100,"Source1_Only",0.651559251559252
300,100,"Source2_Only",0.723492723492724
300,100,"Weighted",0.771309771309771
100,300,"Target_Only",0.66859344894027
100,300,"Source1_Only",0.670520231213873
100,300,"Source2_Only",0.834296724470135
100,300,"Weighted",0.803468208092486
200,300,"Target_Only",0.780645161290323
200,300,"Source1_Only",0.752995391705069
200,300,"Source2_Only",0.772811059907834
200,300,"Weighted",0.853917050691244
300,300,"Target_Only",0.749207786328655
300,300,"Source1_Only",0.671344499773653
300,300,"Source2_Only",0.777274784970575
300,300,"Weighted",0.798325033952014
100,500,"Target_Only",0.753346080305927
100,500,"Source1_Only",0.701720841300191
100,500,"Source2_Only",0.772466539196941
100,500,"Weighted",0.818355640535373
200,500,"Target_Only",0.739636702375408
200,500,"Source1_Only",0.68048439683279
200,500,"Source2_Only",0.726129482999534
200,500,"Weighted",0.782021425244527
300,500,"Target_Only",0.781821646341463
300,500,"Source1_Only",0.710556402439024
300,500,"Source2_Only",0.792873475609756
300,500,"Weighted",0.836890243902439
100,1000,"Target_Only",0.692015209125475
100,1000,"Source1_Only",0.756653992395437
100,1000,"Source2_Only",0.865019011406844
100,1000,"Weighted",0.85361216730038
200,1000,"Target_Only",0.758620689655172
200,1000,"Source1_Only",0.654187192118227
200,1000,"Source2_Only",0.703448275862069
200,1000,"Weighted",0.780295566502463
300,1000,"Target_Only",0.762584327970939
300,1000,"Source1_Only",0.603009859885833
300,1000,"Source2_Only",0.782044628956928
300,1000,"Weighted",0.803061754021795
100,100,"Target_Only",0.696649029982363
100,100,"Source1_Only",0.599647266313933
100,100,"Source2_Only",0.731922398589065
100,100,"Weighted",0.728395061728395
200,100,"Target_Only",0.644742729306488
200,100,"Source1_Only",0.685906040268456
200,100,"Source2_Only",0.744519015659955
200,100,"Weighted",0.74586129753915
300,100,"Target_Only",0.750663129973475
300,100,"Source1_Only",0.655413551965276
300,100,"Source2_Only",0.699059561128527
300,100,"Weighted",0.77115987460815
100,300,"Target_Only",0.718579234972678
100,300,"Source1_Only",0.762295081967213
100,300,"Source2_Only",0.754098360655738
100,300,"Weighted",0.786885245901639
200,300,"Target_Only",0.772319319792159
200,300,"Source1_Only",0.712328767123288
200,300,"Source2_Only",0.806802078412848
200,300,"Weighted",0.853094000944733
300,300,"Target_Only",0.79943729903537
300,300,"Source1_Only",0.643890675241158
300,300,"Source2_Only",0.789590032154341
300,300,"Weighted",0.82395498392283
100,500,"Target_Only",0.773512476007677
100,500,"Source1_Only",0.740882917466411
100,500,"Source2_Only",0.694817658349328
100,500,"Weighted",0.817658349328215
200,500,"Target_Only",0.69735503560529
200,500,"Source1_Only",0.707019328585961
200,500,"Source2_Only",0.789928789420142
200,500,"Weighted",0.798067141403866
300,500,"Target_Only",0.784526112185687
300,500,"Source1_Only",0.734429400386847
300,500,"Source2_Only",0.747388781431335
300,500,"Weighted",0.815087040618956
100,1000,"Target_Only",0.668202764976959
100,1000,"Source1_Only",0.654377880184332
100,1000,"Source2_Only",0.794930875576037
100,1000,"Weighted",0.811059907834101
200,1000,"Target_Only",0.741075268817204
200,1000,"Source1_Only",0.658924731182796
200,1000,"Source2_Only",0.756129032258064
200,1000,"Weighted",0.796129032258065
300,1000,"Target_Only",0.798261949099938
300,1000,"Source1_Only",0.707221187668115
300,1000,"Source2_Only",0.820815228636458
300,1000,"Weighted",0.843368508172977
100,100,"Target_Only",0.740458015267176
100,100,"Source1_Only",0.574427480916031
100,100,"Source2_Only",0.730916030534351
100,100,"Weighted",0.784351145038168
200,100,"Target_Only",0.769487286369321
200,100,"Source1_Only",0.640683618174239
200,100,"Source2_Only",0.834097540641934
200,100,"Weighted",0.83659858274281
300,100,"Target_Only",0.771150592216582
300,100,"Source1_Only",0.618020304568528
300,100,"Source2_Only",0.653130287648054
300,100,"Weighted",0.750423011844332
100,300,"Target_Only",0.718377088305489
100,300,"Source1_Only",0.794749403341289
100,300,"Source2_Only",0.699284009546539
100,300,"Weighted",0.787589498806682
200,300,"Target_Only",0.719151036525173
200,300,"Source1_Only",0.647087857847976
200,300,"Source2_Only",0.781342546890424
200,300,"Weighted",0.788252714708786
300,300,"Target_Only",0.719253438113949
300,300,"Source1_Only",0.681925343811395
300,300,"Source2_Only",0.727504911591356
300,300,"Weighted",0.778781925343811
100,500,"Target_Only",0.754137115839243
100,500,"Source1_Only",0.621749408983452
100,500,"Source2_Only",0.825059101654846
100,500,"Weighted",0.848699763593381
200,500,"Target_Only",0.738043001316367
200,500,"Source1_Only",0.630539710399298
200,500,"Source2_Only",0.755594559017113
200,500,"Weighted",0.795963141728828
300,500,"Target_Only",0.81909073759668
300,500,"Source1_Only",0.668741746840219
300,500,"Source2_Only",0.797962648556876
300,500,"Weighted",0.849273721939257
100,1000,"Target_Only",0.741228070175439
100,1000,"Source1_Only",0.631578947368421
100,1000,"Source2_Only",0.820175438596491
100,1000,"Weighted",0.798245614035088
200,1000,"Target_Only",0.747139588100686
200,1000,"Source1_Only",0.703661327231121
200,1000,"Source2_Only",0.81350114416476
200,1000,"Weighted",0.804347826086957
300,1000,"Target_Only",0.776116303219107
300,1000,"Source1_Only",0.642159916926272
300,1000,"Source2_Only",0.786085150571132
300,1000,"Weighted",0.823883696780893
100,100,"Target_Only",0.726618705035971
100,100,"Source1_Only",0.696043165467626
100,100,"Source2_Only",0.757194244604317
100,100,"Weighted",0.800359712230216
200,100,"Target_Only",0.793263157894737
200,100,"Source1_Only",0.655157894736842
200,100,"Source2_Only",0.786947368421053
200,100,"Weighted",0.825684210526316
300,100,"Target_Only",0.755252697331062
300,100,"Source1_Only",0.692409615748628
300,100,"Source2_Only",0.789892106757524
300,100,"Weighted",0.831156539844785
100,300,"Target_Only",0.771381578947368
100,300,"Source1_Only",0.675986842105263
100,300,"Source2_Only",0.692434210526316
100,300,"Weighted",0.799342105263158
200,300,"Target_Only",0.756858526089295
200,300,"Source1_Only",0.711672942442173
200,300,"Source2_Only",0.835395373856912
200,300,"Weighted",0.848305540613233
300,300,"Target_Only",0.721045601984354
300,300,"Source1_Only",0.647586338485022
300,300,"Source2_Only",0.723335241366151
300,300,"Weighted",0.746613241747758
100,500,"Target_Only",0.692173913043478
100,500,"Source1_Only",0.695652173913043
100,500,"Source2_Only",0.704347826086957
100,500,"Weighted",0.732173913043478
200,500,"Target_Only",0.737335834896811
200,500,"Source1_Only",0.692776735459662
200,500,"Source2_Only",0.793621013133208
200,500,"Weighted",0.786116322701689
300,500,"Target_Only",0.719945355191257
300,500,"Source1_Only",0.734582357533177
300,500,"Source2_Only",0.784933645589383
300,500,"Weighted",0.791764246682279
100,1000,"Target_Only",0.686746987951807
100,1000,"Source1_Only",0.669535283993115
100,1000,"Source2_Only",0.826161790017212
100,1000,"Weighted",0.848537005163511
200,1000,"Target_Only",0.753012048192771
200,1000,"Source1_Only",0.74050046339203
200,1000,"Source2_Only",0.745597775718258
200,1000,"Weighted",0.803985171455051
300,1000,"Target_Only",0.786713939167755
300,1000,"Source1_Only",0.690240716551595
300,1000,"Source2_Only",0.792871804441127
300,1000,"Weighted",0.819369285314424
100,100,"Target_Only",0.640159045725646
100,100,"Source1_Only",0.675944333996024
100,100,"Source2_Only",0.592445328031809
100,100,"Weighted",0.68986083499006
200,100,"Target_Only",0.754154447702835
200,100,"Source1_Only",0.675464320625611
200,100,"Source2_Only",0.745845552297165
200,100,"Weighted",0.783479960899316
300,100,"Target_Only",0.733900364520049
300,100,"Source1_Only",0.700688537869583
300,100,"Source2_Only",0.689347914135277
300,100,"Weighted",0.75192385581207
100,300,"Target_Only",0.76678445229682
100,300,"Source1_Only",0.759717314487633
100,300,"Source2_Only",0.697879858657244
100,300,"Weighted",0.826855123674912
200,300,"Target_Only",0.819201435621355
200,300,"Source1_Only",0.67205024674742
200,300,"Source2_Only",0.80349932705249
200,300,"Weighted",0.871691341408704
300,300,"Target_Only",0.766973195069458
300,300,"Source1_Only",0.652122872236353
300,300,"Source2_Only",0.789473684210526
300,300,"Weighted",0.821756994717276
100,500,"Target_Only",0.739130434782609
100,500,"Source1_Only",0.631469979296066
100,500,"Source2_Only",0.772256728778468
100,500,"Weighted",0.826086956521739
200,500,"Target_Only",0.739352640545145
200,500,"Source1_Only",0.715076660988075
200,500,"Source2_Only",0.71763202725724
200,500,"Weighted",0.781942078364566
300,500,"Target_Only",0.790572792362769
300,500,"Source1_Only",0.628480509148767
300,500,"Source2_Only",0.804097056483691
300,500,"Weighted",0.81980906921241
100,1000,"Target_Only",0.587596899224806
100,1000,"Source1_Only",0.617054263565891
100,1000,"Source2_Only",0.789147286821705
100,1000,"Weighted",0.75968992248062
200,1000,"Target_Only",0.724859211584875
200,1000,"Source1_Only",0.701930812550282
200,1000,"Source2_Only",0.789219629927595
200,1000,"Weighted",0.820193081255028
300,1000,"Target_Only",0.793156478277586
300,1000,"Source1_Only",0.725874663590927
300,1000,"Source2_Only",0.78642829680892
300,1000,"Weighted",0.8319876970396
100,100,"Target_Only",0.666666666666667
100,100,"Source1_Only",0.709447415329768
100,100,"Source2_Only",0.736185383244207
100,100,"Weighted",0.775401069518717
200,100,"Target_Only",0.769418661455789
200,100,"Source1_Only",0.66780654616512
200,100,"Source2_Only",0.685393258426966
200,100,"Weighted",0.775280898876405
300,100,"Target_Only",0.691214728837302
300,100,"Source1_Only",0.561136682009206
300,100,"Source2_Only",0.727436461877126
300,100,"Weighted",0.725635381228737
100,300,"Target_Only",0.731123388581952
100,300,"Source1_Only",0.714548802946593
100,300,"Source2_Only",0.79926335174954
100,300,"Weighted",0.793738489871087
200,300,"Target_Only",0.71699604743083
200,300,"Source1_Only",0.63596837944664
200,300,"Source2_Only",0.752173913043478
200,300,"Weighted",0.760474308300395
300,300,"Target_Only",0.759501965923984
300,300,"Source1_Only",0.734600262123198
300,300,"Source2_Only",0.798165137614679
300,300,"Weighted",0.810834425513325
100,500,"Target_Only",0.67304347826087
100,500,"Source1_Only",0.76
100,500,"Source2_Only",0.709565217391304
100,500,"Weighted",0.758260869565217
200,500,"Target_Only",0.698536139066789
200,500,"Source1_Only",0.673376029277219
200,500,"Source2_Only",0.736505032021958
200,500,"Weighted",0.757090576395242
300,500,"Target_Only",0.748368522072937
300,500,"Source1_Only",0.64721689059501
300,500,"Source2_Only",0.774088291746641
300,500,"Weighted",0.786948176583493
100,1000,"Target_Only",0.652173913043478
100,1000,"Source1_Only",0.754347826086956
100,1000,"Source2_Only",0.767391304347826
100,1000,"Weighted",0.756521739130435
200,1000,"Target_Only",0.745879851143009
200,1000,"Source1_Only",0.671451355661882
200,1000,"Source2_Only",0.810738968633705
200,1000,"Weighted",0.796916533758639
300,1000,"Target_Only",0.813854567551144
300,1000,"Source1_Only",0.648369455134697
300,1000,"Source2_Only",0.807372898521369
300,1000,"Weighted",0.847680777800284
100,100,"Target_Only",0.690531177829099
100,100,"Source1_Only",0.517321016166282
100,100,"Source2_Only",0.722863741339492
100,100,"Weighted",0.732101616628176
200,100,"Target_Only",0.733433734939759
200,100,"Source1_Only",0.594377510040161
200,100,"Source2_Only",0.715361445783133
200,100,"Weighted",0.770582329317269
300,100,"Target_Only",0.80357877416701
300,100,"Source1_Only",0.602426984779926
300,100,"Source2_Only",0.693747429041547
300,100,"Weighted",0.792266556972439
100,300,"Target_Only",0.621928166351607
100,300,"Source1_Only",0.737240075614367
100,300,"Source2_Only",0.724007561436673
100,300,"Weighted",0.720226843100189
200,300,"Target_Only",0.737884534344711
200,300,"Source1_Only",0.663716814159292
200,300,"Source2_Only",0.775811209439528
200,300,"Weighted",0.790981879477455
300,300,"Target_Only",0.783239171374765
300,300,"Source1_Only",0.680790960451977
300,300,"Source2_Only",0.787758945386064
300,300,"Weighted",0.833145009416196
100,500,"Target_Only",0.766081871345029
100,500,"Source1_Only",0.775828460038986
100,500,"Source2_Only",0.855750487329435
100,500,"Weighted",0.875243664717349
200,500,"Target_Only",0.658442186744074
200,500,"Source1_Only",0.597000483792937
200,500,"Source2_Only",0.787614900822448
200,500,"Weighted",0.745041122399613
300,500,"Target_Only",0.764365256124722
300,500,"Source1_Only",0.69532293986637
300,500,"Source2_Only",0.795100222717149
300,500,"Weighted",0.834966592427617
100,1000,"Target_Only",0.674518201284797
100,1000,"Source1_Only",0.753747323340471
100,1000,"Source2_Only",0.796573875802998
100,1000,"Weighted",0.775160599571735
200,1000,"Target_Only",0.712549019607843
200,1000,"Source1_Only",0.723137254901961
200,1000,"Source2_Only",0.783137254901961
200,1000,"Weighted",0.815294117647059
300,1000,"Target_Only",0.793386434950519
300,1000,"Source1_Only",0.692976104272266
300,1000,"Source2_Only",0.796765628771422
300,1000,"Weighted",0.829109341057205
100,100,"Target_Only",0.740601503759398
100,100,"Source1_Only",0.697368421052632
100,100,"Source2_Only",0.798872180451128
100,100,"Weighted",0.81203007518797
200,100,"Target_Only",0.751439539347409
200,100,"Source1_Only",0.595009596928983
200,100,"Source2_Only",0.693857965451056
200,100,"Weighted",0.758637236084453
300,100,"Target_Only",0.817258883248731
300,100,"Source1_Only",0.703350253807107
300,100,"Source2_Only",0.691776649746193
300,100,"Weighted",0.832690355329949
100,300,"Target_Only",0.768072289156627
100,300,"Source1_Only",0.707831325301205
100,300,"Source2_Only",0.79066265060241
100,300,"Weighted",0.811746987951807
200,300,"Target_Only",0.742077035592394
200,300,"Source1_Only",0.661140906874695
200,300,"Source2_Only",0.689419795221843
200,300,"Weighted",0.759629449049244
300,300,"Target_Only",0.72478481571397
300,300,"Source1_Only",0.607592143014787
300,300,"Source2_Only",0.694327962922092
300,300,"Weighted",0.727212535864048
100,500,"Target_Only",0.689463955637708
100,500,"Source1_Only",0.709796672828096
100,500,"Source2_Only",0.792975970425139
100,500,"Weighted",0.804066543438078
200,500,"Target_Only",0.737254901960784
200,500,"Source1_Only",0.650544662309368
200,500,"Source2_Only",0.746840958605664
200,500,"Weighted",0.79520697167756
300,500,"Target_Only",0.785953177257525
300,500,"Source1_Only",0.727523116269919
300,500,"Source2_Only",0.79185520361991
300,500,"Weighted",0.831202046035806
100,1000,"Target_Only",0.63743676222597
100,1000,"Source1_Only",0.639123102866779
100,1000,"Source2_Only",0.799325463743676
100,1000,"Weighted",0.779089376053963
200,1000,"Target_Only",0.769089236430543
200,1000,"Source1_Only",0.692732290708372
200,1000,"Source2_Only",0.77736890524379
200,1000,"Weighted",0.815547378104876
300,1000,"Target_Only",0.788595271210014
300,1000,"Source1_Only",0.709782104775151
300,1000,"Source2_Only",0.771210013908206
300,1000,"Weighted",0.811080203987019
100,100,"Target_Only",0.737306843267108
100,100,"Source1_Only",0.644591611479029
100,100,"Source2_Only",0.622516556291391
100,100,"Weighted",0.730684326710817
200,100,"Target_Only",0.745803357314149
200,100,"Source1_Only",0.646043165467626
200,100,"Source2_Only",0.736690647482014
200,100,"Weighted",0.758752997601918
300,100,"Target_Only",0.756950477845352
300,100,"Source1_Only",0.674413553431798
300,100,"Source2_Only",0.678974804517811
300,100,"Weighted",0.770851433536056
100,300,"Target_Only",0.7893864013267
100,300,"Source1_Only",0.703150912106136
100,300,"Source2_Only",0.733001658374793
100,300,"Weighted",0.830845771144279
200,300,"Target_Only",0.696304231387252
200,300,"Source1_Only",0.679164434922335
200,300,"Source2_Only",0.773968934118907
200,300,"Weighted",0.760578468130691
300,300,"Target_Only",0.760627731426301
300,300,"Source1_Only",0.666468017481128
300,300,"Source2_Only",0.73083035359555
300,300,"Weighted",0.791617004370282
100,500,"Target_Only",0.727810650887574
100,500,"Source1_Only",0.810650887573964
100,500,"Source2_Only",0.814595660749507
100,500,"Weighted",0.838264299802761
200,500,"Target_Only",0.723976608187134
200,500,"Source1_Only",0.607017543859649
200,500,"Source2_Only",0.801754385964912
200,500,"Weighted",0.798245614035088
300,500,"Target_Only",0.712207587969334
300,500,"Source1_Only",0.746019264792609
300,500,"Source2_Only",0.766856693532534
300,500,"Weighted",0.807941812463141
100,1000,"Target_Only",0.746522411128284
100,1000,"Source1_Only",0.754250386398764
100,1000,"Source2_Only",0.868624420401855
100,1000,"Weighted",0.851622874806801
200,1000,"Target_Only",0.771922767497989
200,1000,"Source1_Only",0.733306516492357
200,1000,"Source2_Only",0.763475462590507
200,1000,"Weighted",0.817779565567176
300,1000,"Target_Only",0.79089522979743
300,1000,"Source1_Only",0.634937922021346
300,1000,"Source2_Only",0.807449357438467
300,1000,"Weighted",0.820954040514049
100,100,"Target_Only",0.698697068403909
100,100,"Source1_Only",0.669381107491857
100,100,"Source2_Only",0.662866449511401
100,100,"Weighted",0.716612377850163
200,100,"Target_Only",0.74315222272115
200,100,"Source1_Only",0.588235294117647
200,100,"Source2_Only",0.818140996856758
200,100,"Weighted",0.831162999550965
300,100,"Target_Only",0.75053949072076
300,100,"Source1_Only",0.618903754855416
300,100,"Source2_Only",0.714285714285714
300,100,"Weighted",0.783772119119551
100,300,"Target_Only",0.733962264150943
100,300,"Source1_Only",0.628301886792453
100,300,"Source2_Only",0.867924528301887
100,300,"Weighted",0.80188679245283
200,300,"Target_Only",0.757717492984097
200,300,"Source1_Only",0.694106641721235
200,300,"Source2_Only",0.769878391019645
200,300,"Weighted",0.805425631431244
300,300,"Target_Only",0.796868203566768
300,300,"Source1_Only",0.705306655067421
300,300,"Source2_Only",0.77511961722488
300,300,"Weighted",0.844062635928665
100,500,"Target_Only",0.717625899280576
100,500,"Source1_Only",0.611510791366906
100,500,"Source2_Only",0.784172661870504
100,500,"Weighted",0.755395683453237
200,500,"Target_Only",0.774653797733949
200,500,"Source1_Only",0.697859840537138
200,500,"Source2_Only",0.840537138061267
200,500,"Weighted",0.840117498950902
300,500,"Target_Only",0.805809280233833
300,500,"Source1_Only",0.682133723054439
300,500,"Source2_Only",0.842162952137377
300,500,"Weighted",0.856594811837779
100,1000,"Target_Only",0.735408560311284
100,1000,"Source1_Only",0.657587548638132
100,1000,"Source2_Only",0.778210116731518
100,1000,"Weighted",0.762645914396887
200,1000,"Target_Only",0.712212817412334
200,1000,"Source1_Only",0.733172108020959
200,1000,"Source2_Only",0.763804917372027
200,1000,"Weighted",0.780733575171302
300,1000,"Target_Only",0.74973600844773
300,1000,"Source1_Only",0.707074973600845
300,1000,"Source2_Only",0.723548046462513
300,1000,"Weighted",0.806335797254488
100,100,"Target_Only",0.751141552511416
100,100,"Source1_Only",0.703196347031963
100,100,"Source2_Only",0.664383561643836
100,100,"Weighted",0.776255707762557
200,100,"Target_Only",0.694376528117359
200,100,"Source1_Only",0.52078239608802
200,100,"Source2_Only",0.715566422167889
200,100,"Weighted",0.727383863080685
300,100,"Target_Only",0.801009676062263
300,100,"Source1_Only",0.634413125788809
300,100,"Source2_Only",0.759570887673538
300,100,"Weighted",0.813630626840555
100,300,"Target_Only",0.769423558897243
100,300,"Source1_Only",0.611528822055138
100,300,"Source2_Only",0.714285714285714
100,300,"Weighted",0.759398496240602
200,300,"Target_Only",0.719361483007209
200,300,"Source1_Only",0.624613800205973
200,300,"Source2_Only",0.769824922760041
200,300,"Weighted",0.8043254376931
300,300,"Target_Only",0.812400318979266
300,300,"Source1_Only",0.689792663476874
300,300,"Source2_Only",0.758971291866029
300,300,"Weighted",0.83133971291866
100,500,"Target_Only",0.735401459854015
100,500,"Source1_Only",0.678832116788321
100,500,"Source2_Only",0.79014598540146
100,500,"Weighted",0.819343065693431
200,500,"Target_Only",0.8011178388449
200,500,"Source1_Only",0.720540288775035
200,500,"Source2_Only",0.835118770377271
200,500,"Weighted",0.855146716348393
300,500,"Target_Only",0.757451564828614
300,500,"Source1_Only",0.674366616989568
300,500,"Source2_Only",0.793405365126677
300,500,"Weighted",0.820044709388972
100,1000,"Target_Only",0.701323251417769
100,1000,"Source1_Only",0.637051039697543
100,1000,"Source2_Only",0.850661625708885
100,1000,"Weighted",0.775047258979206
200,1000,"Target_Only",0.7946645109135
200,1000,"Source1_Only",0.7053354890865
200,1000,"Source2_Only",0.799514955537591
200,1000,"Weighted",0.832255456750202
300,1000,"Target_Only",0.767800632911392
300,1000,"Source1_Only",0.693037974683544
300,1000,"Source2_Only",0.746637658227848
300,1000,"Weighted",0.793710443037975
100,100,"Target_Only",0.653409090909091
100,100,"Source1_Only",0.744318181818182
100,100,"Source2_Only",0.630681818181818
100,100,"Weighted",0.776515151515151
200,100,"Target_Only",0.758526603001364
200,100,"Source1_Only",0.697589813551614
200,100,"Source2_Only",0.718508412914961
200,100,"Weighted",0.824465666211915
300,100,"Target_Only",0.733541620174068
300,100,"Source1_Only",0.732202633340772
300,100,"Source2_Only",0.640258870787771
300,100,"Weighted",0.752956929256862
100,300,"Target_Only",0.635782747603834
100,300,"Source1_Only",0.519169329073482
100,300,"Source2_Only",0.618210862619808
100,300,"Weighted",0.677316293929712
200,300,"Target_Only",0.809275911026976
200,300,"Source1_Only",0.650733554188358
200,300,"Source2_Only",0.783719829626124
200,300,"Weighted",0.830099384761003
300,300,"Target_Only",0.766824449475201
300,300,"Source1_Only",0.629553406050628
300,300,"Source2_Only",0.772998559374357
300,300,"Weighted",0.790080263428689
100,500,"Target_Only",0.69195751138088
100,500,"Source1_Only",0.684370257966616
100,500,"Source2_Only",0.767830045523521
100,500,"Weighted",0.754172989377845
200,500,"Target_Only",0.741977450130095
200,500,"Source1_Only",0.674327840416305
200,500,"Source2_Only",0.748482220294883
200,500,"Weighted",0.797918473547268
300,500,"Target_Only",0.758813029897367
300,500,"Source1_Only",0.661088799643016
300,500,"Source2_Only",0.803435966086568
300,500,"Weighted",0.818384649709951
100,1000,"Target_Only",0.784070796460177
100,1000,"Source1_Only",0.752212389380531
100,1000,"Source2_Only",0.902654867256637
100,1000,"Weighted",0.874336283185841
200,1000,"Target_Only",0.769154720711814
200,1000,"Source1_Only",0.66584280771132
200,1000,"Source2_Only",0.735541275333663
200,1000,"Weighted",0.799802273850717
300,1000,"Target_Only",0.788647114474929
300,1000,"Source1_Only",0.716367076631977
300,1000,"Source2_Only",0.803405865657521
300,1000,"Weighted",0.832923368022706
100,100,"Target_Only",0.720430107526882
100,100,"Source1_Only",0.597849462365591
100,100,"Source2_Only",0.825806451612903
100,100,"Weighted",0.810752688172043
200,100,"Target_Only",0.793103448275862
200,100,"Source1_Only",0.638659543467703
200,100,"Source2_Only",0.730451675570665
200,100,"Weighted",0.82904322486644
300,100,"Target_Only",0.755109358192901
300,100,"Source1_Only",0.598960200788813
300,100,"Source2_Only",0.714772319827895
300,100,"Weighted",0.781462889924704
100,300,"Target_Only",0.842105263157895
100,300,"Source1_Only",0.770175438596491
100,300,"Source2_Only",0.803508771929825
100,300,"Weighted",0.885964912280702
200,300,"Target_Only",0.799901429275505
200,300,"Source1_Only",0.705273533760473
200,300,"Source2_Only",0.7180877279448
200,300,"Weighted",0.797930014785609
300,300,"Target_Only",0.776665215498476
300,300,"Source1_Only",0.665433173704832
300,300,"Source2_Only",0.733565520243796
300,300,"Weighted",0.796909011754462
100,500,"Target_Only",0.538317757009346
100,500,"Source1_Only",0.590654205607477
100,500,"Source2_Only",0.642990654205607
100,500,"Weighted",0.620560747663551
200,500,"Target_Only",0.647205588822355
200,500,"Source1_Only",0.634231536926148
200,500,"Source2_Only",0.729540918163673
200,500,"Weighted",0.707085828343313
300,500,"Target_Only",0.671278732425798
300,500,"Source1_Only",0.636688239232314
300,500,"Source2_Only",0.756304396340103
300,500,"Weighted",0.75474224503459
100,1000,"Target_Only",0.719665271966527
100,1000,"Source1_Only",0.761506276150628
100,1000,"Source2_Only",0.79602510460251
100,1000,"Weighted",0.790794979079498
200,1000,"Target_Only",0.760394342048864
200,1000,"Source1_Only",0.733819117016717
200,1000,"Source2_Only",0.815259322760394
200,1000,"Weighted",0.819545649378483
300,1000,"Target_Only",0.767295597484277
300,1000,"Source1_Only",0.693789308176101
300,1000,"Source2_Only",0.714033018867924
300,1000,"Weighted",0.785180817610063
100,100,"Target_Only",0.687719298245614
100,100,"Source1_Only",0.582456140350877
100,100,"Source2_Only",0.714035087719298
100,100,"Weighted",0.745614035087719
200,100,"Target_Only",0.661931818181818
200,100,"Source1_Only",0.570549242424242
200,100,"Source2_Only",0.668560606060606
200,100,"Weighted",0.691761363636364
300,100,"Target_Only",0.762423988257496
300,100,"Source1_Only",0.669322709163347
300,100,"Source2_Only",0.750681484587964
300,100,"Weighted",0.790312434472636
100,300,"Target_Only",0.790286975717439
100,300,"Source1_Only",0.666666666666667
100,300,"Source2_Only",0.759381898454746
100,300,"Weighted",0.849889624724062
200,300,"Target_Only",0.725832012678288
200,300,"Source1_Only",0.713946117274168
200,300,"Source2_Only",0.744849445324881
200,300,"Weighted",0.799128367670364
300,300,"Target_Only",0.782999816412704
300,300,"Source1_Only",0.677804295942721
300,300,"Source2_Only",0.757848356893703
300,300,"Weighted",0.812006609142647
100,500,"Target_Only",0.684313725490196
100,500,"Source1_Only",0.73921568627451
100,500,"Source2_Only",0.790196078431373
100,500,"Weighted",0.811764705882353
200,500,"Target_Only",0.776771004942339
200,500,"Source1_Only",0.681219110378913
200,500,"Source2_Only",0.804365733113674
200,500,"Weighted",0.815897858319605
300,500,"Target_Only",0.751751751751752
300,500,"Source1_Only",0.719319319319319
300,500,"Source2_Only",0.801401401401401
300,500,"Weighted",0.812212212212212
100,1000,"Target_Only",0.73305954825462
100,1000,"Source1_Only",0.675564681724846
100,1000,"Source2_Only",0.823408624229979
100,1000,"Weighted",0.786447638603696
200,1000,"Target_Only",0.780592734225621
200,1000,"Source1_Only",0.713193116634799
200,1000,"Source2_Only",0.816921606118547
200,1000,"Weighted",0.86472275334608
300,1000,"Target_Only",0.779424585876199
300,1000,"Source1_Only",0.78792502179599
300,1000,"Source2_Only",0.746076721883174
300,1000,"Weighted",0.811900610287707
100,100,"Target_Only",0.797872340425532
100,100,"Source1_Only",0.827659574468085
100,100,"Source2_Only",0.780851063829787
100,100,"Weighted",0.851063829787234
200,100,"Target_Only",0.740017746228926
200,100,"Source1_Only",0.665483584738243
200,100,"Source2_Only",0.69698314108252
200,100,"Weighted",0.799911268855368
300,100,"Target_Only",0.787837039952765
300,100,"Source1_Only",0.694745128911632
300,100,"Source2_Only",0.744932099980319
300,100,"Weighted",0.804762841960244
100,300,"Target_Only",0.71195652173913
100,300,"Source1_Only",0.684782608695652
100,300,"Source2_Only",0.768115942028986
100,300,"Weighted",0.820652173913043
200,300,"Target_Only",0.706989247311828
200,300,"Source1_Only",0.698028673835125
200,300,"Source2_Only",0.730286738351254
200,300,"Weighted",0.792562724014337
300,300,"Target_Only",0.788860575172916
300,300,"Source1_Only",0.622861303239898
300,300,"Source2_Only",0.791772843101565
300,300,"Weighted",0.817619220968329
100,500,"Target_Only",0.680430879712747
100,500,"Source1_Only",0.599640933572711
100,500,"Source2_Only",0.761220825852783
100,500,"Weighted",0.734290843806104
200,500,"Target_Only",0.771118262268705
200,500,"Source1_Only",0.673773129525342
200,500,"Source2_Only",0.731295253419147
200,500,"Weighted",0.800080450522928
300,500,"Target_Only",0.762983425414365
300,500,"Source1_Only",0.720257826887661
300,500,"Source2_Only",0.774401473296501
300,500,"Weighted",0.820441988950276
100,1000,"Target_Only",0.725848563968668
100,1000,"Source1_Only",0.725848563968668
100,1000,"Source2_Only",0.754569190600522
100,1000,"Weighted",0.7911227154047
200,1000,"Target_Only",0.671536523929471
200,1000,"Source1_Only",0.637783375314861
200,1000,"Source2_Only",0.665994962216625
200,1000,"Weighted",0.744080604534005
300,1000,"Target_Only",0.752
300,1000,"Source1_Only",0.662857142857143
300,1000,"Source2_Only",0.786285714285714
300,1000,"Weighted",0.80952380952381
100,100,"Target_Only",0.792763157894737
100,100,"Source1_Only",0.680921052631579
100,100,"Source2_Only",0.784539473684211
100,100,"Weighted",0.830592105263158
200,100,"Target_Only",0.750656167979003
200,100,"Source1_Only",0.659842519685039
200,100,"Source2_Only",0.710236220472441
200,100,"Weighted",0.769553805774278
300,100,"Target_Only",0.787258912916423
300,100,"Source1_Only",0.613871030586402
300,100,"Source2_Only",0.758425871809858
300,100,"Weighted",0.779855834794467
100,300,"Target_Only",0.772466539196941
100,300,"Source1_Only",0.64244741873805
100,300,"Source2_Only",0.793499043977056
100,300,"Weighted",0.881453154875717
200,300,"Target_Only",0.743716337522442
200,300,"Source1_Only",0.728904847396768
200,300,"Source2_Only",0.726211849192101
200,300,"Weighted",0.797576301615799
300,300,"Target_Only",0.80677039529016
300,300,"Source1_Only",0.695752733389403
300,300,"Source2_Only",0.809293523969722
300,300,"Weighted",0.855761143818335
100,500,"Target_Only",0.623556581986143
100,500,"Source1_Only",0.672055427251732
100,500,"Source2_Only",0.660508083140878
100,500,"Weighted",0.775981524249423
200,500,"Target_Only",0.827998088867654
200,500,"Source1_Only",0.597706641184902
200,500,"Source2_Only",0.813664596273292
200,500,"Weighted",0.845676063067367
300,500,"Target_Only",0.785026269702277
300,500,"Source1_Only",0.696366024518389
300,500,"Source2_Only",0.801444833625219
300,500,"Weighted",0.845227670753065
100,1000,"Target_Only",0.678733031674208
100,1000,"Source1_Only",0.669683257918552
100,1000,"Source2_Only",0.726244343891403
100,1000,"Weighted",0.764705882352941
200,1000,"Target_Only",0.750915750915751
200,1000,"Source1_Only",0.664377289377289
200,1000,"Source2_Only",0.817307692307692
200,1000,"Weighted",0.840659340659341
300,1000,"Target_Only",0.771322620519159
300,1000,"Source1_Only",0.69406674907293
300,1000,"Source2_Only",0.791512154923774
300,1000,"Weighted",0.823032550473836
100,100,"Target_Only",0.600405679513185
100,100,"Source1_Only",0.464503042596349
100,100,"Source2_Only",0.801217038539554
100,100,"Weighted",0.778904665314402
200,100,"Target_Only",0.802225594334851
200,100,"Source1_Only",0.613555892766818
200,100,"Source2_Only",0.657056145675265
200,100,"Weighted",0.780475467880627
300,100,"Target_Only",0.740968975775606
300,100,"Source1_Only",0.614747131321717
300,100,"Source2_Only",0.687420314492138
300,100,"Weighted",0.756481087972801
100,300,"Target_Only",0.745762711864407
100,300,"Source1_Only",0.653483992467043
100,300,"Source2_Only",0.856873822975518
100,300,"Weighted",0.824858757062147
200,300,"Target_Only",0.770804911323329
200,300,"Source1_Only",0.662573897226012
200,300,"Source2_Only",0.797180536607549
200,300,"Weighted",0.803547066848568
300,300,"Target_Only",0.796639297307619
300,300,"Source1_Only",0.619438609891159
300,300,"Source2_Only",0.768760740882184
300,300,"Weighted",0.812297116669849
100,500,"Target_Only",0.738515901060071
100,500,"Source1_Only",0.743816254416961
100,500,"Source2_Only",0.786219081272085
100,500,"Weighted",0.802120141342756
200,500,"Target_Only",0.730217491901897
200,500,"Source1_Only",0.710319296621934
200,500,"Source2_Only",0.694123091161499
200,500,"Weighted",0.781582600647848
300,500,"Target_Only",0.771197552447553
300,500,"Source1_Only",0.653409090909091
300,500,"Source2_Only",0.813374125874126
300,500,"Weighted",0.822770979020979
100,1000,"Target_Only",0.748717948717949
100,1000,"Source1_Only",0.782905982905983
100,1000,"Source2_Only",0.791452991452992
100,1000,"Weighted",0.835897435897436
200,1000,"Target_Only",0.768776371308017
200,1000,"Source1_Only",0.725316455696203
200,1000,"Source2_Only",0.829957805907173
200,1000,"Weighted",0.839240506329114
300,1000,"Target_Only",0.772793316382129
300,1000,"Source1_Only",0.721758082092263
300,1000,"Source2_Only",0.825826371231384
300,1000,"Weighted",0.850889938249183
100,100,"Target_Only",0.677669902912621
100,100,"Source1_Only",0.598058252427184
100,100,"Source2_Only",0.578640776699029
100,100,"Weighted",0.664077669902913
200,100,"Target_Only",0.823395797842135
200,100,"Source1_Only",0.721749006246451
200,100,"Source2_Only",0.715502555366269
200,100,"Weighted",0.838727995457127
300,100,"Target_Only",0.722941822173436
300,100,"Source1_Only",0.684083424807903
300,100,"Source2_Only",0.740944017563117
300,100,"Weighted",0.772557628979144
100,300,"Target_Only",0.823024054982818
100,300,"Source1_Only",0.757731958762887
100,300,"Source2_Only",0.731958762886598
100,300,"Weighted",0.833333333333333
200,300,"Target_Only",0.72970297029703
200,300,"Source1_Only",0.727722772277228
200,300,"Source2_Only",0.741089108910891
200,300,"Weighted",0.81039603960396
300,300,"Target_Only",0.790032679738562
300,300,"Source1_Only",0.706495098039216
300,300,"Source2_Only",0.761233660130719
300,300,"Weighted",0.813316993464052
100,500,"Target_Only",0.750847457627119
100,500,"Source1_Only",0.650847457627119
100,500,"Source2_Only",0.764406779661017
100,500,"Weighted",0.832203389830508
200,500,"Target_Only",0.816191656340355
200,500,"Source1_Only",0.761255679471293
200,500,"Source2_Only",0.831061544816192
200,500,"Weighted",0.86575795125981
300,500,"Target_Only",0.835287334230252
300,500,"Source1_Only",0.675379588698828
300,500,"Source2_Only",0.82087257351528
300,500,"Weighted",0.852585047088218
100,1000,"Target_Only",0.727987421383648
100,1000,"Source1_Only",0.738993710691824
100,1000,"Source2_Only",0.682389937106918
100,1000,"Weighted",0.759433962264151
200,1000,"Target_Only",0.688011555127588
200,1000,"Source1_Only",0.716417910447761
200,1000,"Source2_Only",0.699566682715455
200,1000,"Weighted",0.743379874819451
300,1000,"Target_Only",0.776355271054211
300,1000,"Source1_Only",0.696739347869574
300,1000,"Source2_Only",0.82376475295059
300,1000,"Weighted",0.831366273254651
100,100,"Target_Only",0.652272727272727
100,100,"Source1_Only",0.638636363636364
100,100,"Source2_Only",0.570454545454545
100,100,"Weighted",0.693181818181818
200,100,"Target_Only",0.725856697819315
200,100,"Source1_Only",0.595534787123572
200,100,"Source2_Only",0.702492211838006
200,100,"Weighted",0.764797507788162
300,100,"Target_Only",0.842530922930542
300,100,"Source1_Only",0.668648905803996
300,100,"Source2_Only",0.796146527117031
300,100,"Weighted",0.849666983824929
100,300,"Target_Only",0.651911468812877
100,300,"Source1_Only",0.670020120724346
100,300,"Source2_Only",0.680080482897384
100,300,"Weighted",0.75251509054326
200,300,"Target_Only",0.73784355179704
200,300,"Source1_Only",0.613530655391121
200,300,"Source2_Only",0.74122621564482
200,300,"Weighted",0.775052854122622
300,300,"Target_Only",0.807473598700244
300,300,"Source1_Only",0.699025182778229
300,300,"Source2_Only",0.803411860276198
300,300,"Weighted",0.833265637692933
100,500,"Target_Only",0.717228464419476
100,500,"Source1_Only",0.642322097378277
100,500,"Source2_Only",0.795880149812734
100,500,"Weighted",0.808988764044944
200,500,"Target_Only",0.767292716445259
200,500,"Source1_Only",0.675675675675676
200,500,"Source2_Only",0.710490151168117
200,500,"Weighted",0.776912505726065
300,500,"Target_Only",0.753637245392823
300,500,"Source1_Only",0.675848690591659
300,500,"Source2_Only",0.763336566440349
300,500,"Weighted",0.804073714839961
100,1000,"Target_Only",0.769547325102881
100,1000,"Source1_Only",0.748971193415638
100,1000,"Source2_Only",0.810699588477366
100,1000,"Weighted",0.853909465020576
200,1000,"Target_Only",0.7663139329806
200,1000,"Source1_Only",0.759259259259259
200,1000,"Source2_Only",0.795414462081129
200,1000,"Weighted",0.82010582010582
300,1000,"Target_Only",0.798341013824885
300,1000,"Source1_Only",0.727557603686636
300,1000,"Source2_Only",0.816221198156682
300,1000,"Weighted",0.83963133640553
100,100,"Target_Only",0.732786885245902
100,100,"Source1_Only",0.773770491803279
100,100,"Source2_Only",0.768852459016393
100,100,"Weighted",0.813114754098361
200,100,"Target_Only",0.692581075077743
200,100,"Source1_Only",0.564193691692581
200,100,"Source2_Only",0.69213682807641
200,100,"Weighted",0.705908485117725
300,100,"Target_Only",0.798352214212152
300,100,"Source1_Only",0.725437693099897
300,100,"Source2_Only",0.773429454170958
300,100,"Weighted",0.8216271884655
100,300,"Target_Only",0.696324951644101
100,300,"Source1_Only",0.626692456479691
100,300,"Source2_Only",0.752417794970986
100,300,"Weighted",0.769825918762089
200,300,"Target_Only",0.712925170068027
200,300,"Source1_Only",0.633106575963719
200,300,"Source2_Only",0.745578231292517
200,300,"Weighted",0.732879818594104
300,300,"Target_Only",0.80088031859149
300,300,"Source1_Only",0.63676378117795
300,300,"Source2_Only",0.757493188010899
300,300,"Weighted",0.793753929993712
100,500,"Target_Only",0.788253477588872
100,500,"Source1_Only",0.717156105100464
100,500,"Source2_Only",0.768160741885626
100,500,"Weighted",0.846986089644513
200,500,"Target_Only",0.697642792384406
200,500,"Source1_Only",0.675430643699003
200,500,"Source2_Only",0.679510426110607
200,500,"Weighted",0.745240253853128
300,500,"Target_Only",0.726647796198949
300,500,"Source1_Only",0.672260412454509
300,500,"Source2_Only",0.694096239385362
300,500,"Weighted",0.751516376870198
100,1000,"Target_Only",0.723367697594502
100,1000,"Source1_Only",0.702749140893471
100,1000,"Source2_Only",0.77319587628866
100,1000,"Weighted",0.812714776632302
200,1000,"Target_Only",0.690193965517241
200,1000,"Source1_Only",0.660560344827586
200,1000,"Source2_Only",0.77801724137931
200,1000,"Weighted",0.773706896551724
300,1000,"Target_Only",0.783392744810233
300,1000,"Source1_Only",0.670371146990983
300,1000,"Source2_Only",0.814007129377228
300,1000,"Weighted",0.830153071922835
100,100,"Target_Only",0.656093489148581
100,100,"Source1_Only",0.67779632721202
100,100,"Source2_Only",0.686143572621035
100,100,"Weighted",0.752921535893155
200,100,"Target_Only",0.733396137541215
200,100,"Source1_Only",0.665096561469618
200,100,"Source2_Only",0.726801695713613
200,100,"Weighted",0.777673104097975
300,100,"Target_Only",0.716473509933775
300,100,"Source1_Only",0.570157284768212
300,100,"Source2_Only",0.733029801324503
300,100,"Weighted",0.743791390728477
100,300,"Target_Only",0.767716535433071
100,300,"Source1_Only",0.562992125984252
100,300,"Source2_Only",0.751968503937008
100,300,"Weighted",0.783464566929134
200,300,"Target_Only",0.759342301943199
200,300,"Source1_Only",0.716990533134031
200,300,"Source2_Only",0.806676631788739
200,300,"Weighted",0.835077229696064
300,300,"Target_Only",0.79611848825332
300,300,"Source1_Only",0.690091930541369
300,300,"Source2_Only",0.779775280898876
300,300,"Weighted",0.823289070480082
100,500,"Target_Only",0.810379241516966
100,500,"Source1_Only",0.74251497005988
100,500,"Source2_Only",0.826347305389222
100,500,"Weighted",0.842315369261477
200,500,"Target_Only",0.730052556139513
200,500,"Source1_Only",0.751075011944577
200,500,"Source2_Only",0.773053033922599
200,500,"Weighted",0.822264691829909
300,500,"Target_Only",0.782687651331719
300,500,"Source1_Only",0.659402744148507
300,500,"Source2_Only",0.77502017756255
300,500,"Weighted",0.807909604519774
100,1000,"Target_Only",0.597503900156006
100,1000,"Source1_Only",0.59594383775351
100,1000,"Source2_Only",0.717628705148206
100,1000,"Weighted",0.647425897035881
200,1000,"Target_Only",0.723273207215134
200,1000,"Source1_Only",0.670479542454905
200,1000,"Source2_Only",0.758029036515618
200,1000,"Weighted",0.772987241531016
300,1000,"Target_Only",0.792004749653671
300,1000,"Source1_Only",0.673065505640214
300,1000,"Source2_Only",0.775380961804868
300,1000,"Weighted",0.819711062735009
100,100,"Target_Only",0.691919191919192
100,100,"Source1_Only",0.580808080808081
100,100,"Source2_Only",0.67003367003367
100,100,"Weighted",0.691919191919192
200,100,"Target_Only",0.760397830018083
200,100,"Source1_Only",0.600361663652803
200,100,"Source2_Only",0.788878842676311
200,100,"Weighted",0.804701627486438
300,100,"Target_Only",0.753108348134991
300,100,"Source1_Only",0.613010657193606
300,100,"Source2_Only",0.689165186500888
300,100,"Weighted",0.776420959147424
100,300,"Target_Only",0.647266313932981
100,300,"Source1_Only",0.622574955908289
100,300,"Source2_Only",0.631393298059965
100,300,"Weighted",0.72310405643739
200,300,"Target_Only",0.776448942042318
200,300,"Source1_Only",0.654553817847286
200,300,"Source2_Only",0.729990800367985
200,300,"Weighted",0.80588776448942
300,300,"Target_Only",0.755053507728894
300,300,"Source1_Only",0.65953230281411
300,300,"Source2_Only",0.755251684502576
300,300,"Weighted",0.800237812128419
100,500,"Target_Only",0.799283154121864
100,500,"Source1_Only",0.6415770609319
100,500,"Source2_Only",0.874551971326165
100,500,"Weighted",0.879928315412186
200,500,"Target_Only",0.824543080939948
200,500,"Source1_Only",0.709660574412533
200,500,"Source2_Only",0.754046997389034
200,500,"Weighted",0.830287206266318
300,500,"Target_Only",0.773861386138614
300,500,"Source1_Only",0.681980198019802
300,500,"Source2_Only",0.796435643564356
300,500,"Weighted",0.821188118811881
100,1000,"Target_Only",0.715808170515098
100,1000,"Source1_Only",0.719360568383659
100,1000,"Source2_Only",0.797513321492007
100,1000,"Weighted",0.786856127886323
200,1000,"Target_Only",0.825840244434745
200,1000,"Source1_Only",0.727193365342645
200,1000,"Source2_Only",0.822348319511131
200,1000,"Weighted",0.870798777826277
300,1000,"Target_Only",0.727632446691581
300,1000,"Source1_Only",0.634205319850517
300,1000,"Source2_Only",0.761705869421851
300,1000,"Weighted",0.77181798197406
100,100,"Target_Only",0.591011235955056
100,100,"Source1_Only",0.656179775280899
100,100,"Source2_Only",0.68314606741573
100,100,"Weighted",0.676404494382022
200,100,"Target_Only",0.713235294117647
200,100,"Source1_Only",0.603466386554622
200,100,"Source2_Only",0.704831932773109
200,100,"Weighted",0.751050420168067
300,100,"Target_Only",0.784234752589183
300,100,"Source1_Only",0.597621787495205
300,100,"Source2_Only",0.687380130418105
300,100,"Weighted",0.763904871499808
100,300,"Target_Only",0.621107266435986
100,300,"Source1_Only",0.72318339100346
100,300,"Source2_Only",0.764705882352941
100,300,"Weighted",0.738754325259516
200,300,"Target_Only",0.764953664700927
200,300,"Source1_Only",0.761583824768324
200,300,"Source2_Only",0.772957034540859
200,300,"Weighted",0.807497893850042
300,300,"Target_Only",0.813173887473045
300,300,"Source1_Only",0.622819055087238
300,300,"Source2_Only",0.811997647520094
300,300,"Weighted",0.829053126837875
100,500,"Target_Only",0.661016949152542
100,500,"Source1_Only",0.623352165725047
100,500,"Source2_Only",0.779661016949152
100,500,"Weighted",0.794726930320151
200,500,"Target_Only",0.707211538461539
200,500,"Source1_Only",0.638942307692308
200,500,"Source2_Only",0.730769230769231
200,500,"Weighted",0.796153846153846
300,500,"Target_Only",0.770119602675857
300,500,"Source1_Only",0.645246300425704
300,500,"Source2_Only",0.764443543482668
300,500,"Weighted",0.805392256233529
100,1000,"Target_Only",0.747747747747748
100,1000,"Source1_Only",0.726126126126126
100,1000,"Source2_Only",0.742342342342342
100,1000,"Weighted",0.796396396396396
200,1000,"Target_Only",0.763280041258381
200,1000,"Source1_Only",0.715317173800928
200,1000,"Source2_Only",0.800412583806086
200,1000,"Weighted",0.81175863847344
300,1000,"Target_Only",0.779466888796335
300,1000,"Source1_Only",0.723656809662641
300,1000,"Source2_Only",0.771137026239067
300,1000,"Weighted",0.815285297792586
100,100,"Target_Only",0.720973782771536
100,100,"Source1_Only",0.5187265917603
100,100,"Source2_Only",0.698501872659176
100,100,"Weighted",0.745318352059925
200,100,"Target_Only",0.742309631870903
200,100,"Source1_Only",0.707009581442259
200,100,"Source2_Only",0.710539586485124
200,100,"Weighted",0.795763993948563
300,100,"Target_Only",0.750054288816504
300,100,"Source1_Only",0.633659066232356
300,100,"Source2_Only",0.765906623235614
300,100,"Weighted",0.773507057546146
100,300,"Target_Only",0.76171875
100,300,"Source1_Only",0.720703125
100,300,"Source2_Only",0.876953125
100,300,"Weighted",0.875
200,300,"Target_Only",0.791907514450867
200,300,"Source1_Only",0.695086705202312
200,300,"Source2_Only",0.657032755298651
200,300,"Weighted",0.769749518304432
300,300,"Target_Only",0.757910789172703
300,300,"Source1_Only",0.693290125810141
300,300,"Source2_Only",0.712161646969119
300,300,"Weighted",0.789935188715212
100,500,"Target_Only",0.665610142630745
100,500,"Source1_Only",0.667194928684628
100,500,"Source2_Only",0.759112519809826
100,500,"Weighted",0.779714738510301
200,500,"Target_Only",0.742448979591837
200,500,"Source1_Only",0.717959183673469
200,500,"Source2_Only",0.794285714285714
200,500,"Weighted",0.808163265306122
300,500,"Target_Only",0.81417004048583
300,500,"Source1_Only",0.706477732793522
300,500,"Source2_Only",0.777125506072875
300,500,"Weighted",0.847368421052632
100,1000,"Target_Only",0.742268041237113
100,1000,"Source1_Only",0.723367697594502
100,1000,"Source2_Only",0.84192439862543
100,1000,"Weighted",0.81786941580756
200,1000,"Target_Only",0.731619537275064
200,1000,"Source1_Only",0.740359897172236
200,1000,"Source2_Only",0.804627249357327
200,1000,"Weighted",0.82159383033419
300,1000,"Target_Only",0.774742592981719
300,1000,"Source1_Only",0.776633746585417
300,1000,"Source2_Only",0.765707081319605
300,1000,"Weighted",0.828745534776213
100,100,"Target_Only",0.770712909441233
100,100,"Source1_Only",0.747591522157996
100,100,"Source2_Only",0.736030828516378
100,100,"Weighted",0.778420038535645
200,100,"Target_Only",0.771025979744606
200,100,"Source1_Only",0.622633201232937
200,100,"Source2_Only",0.699251431087627
200,100,"Weighted",0.785116688683399
300,100,"Target_Only",0.783419888440085
300,100,"Source1_Only",0.655895364493172
300,100,"Source2_Only",0.766493556453164
300,100,"Weighted",0.826697441815734
100,300,"Target_Only",0.704845814977974
100,300,"Source1_Only",0.685022026431718
100,300,"Source2_Only",0.841409691629956
100,300,"Weighted",0.859030837004405
200,300,"Target_Only",0.677777777777778
200,300,"Source1_Only",0.645833333333333
200,300,"Source2_Only",0.733333333333333
200,300,"Weighted",0.74537037037037
300,300,"Target_Only",0.794476686011607
300,300,"Source1_Only",0.634980988593156
300,300,"Source2_Only",0.769061436862117
300,300,"Weighted",0.82689613768261
100,500,"Target_Only",0.622302158273381
100,500,"Source1_Only",0.70863309352518
100,500,"Source2_Only",0.827338129496403
100,500,"Weighted",0.809352517985612
200,500,"Target_Only",0.749114820435003
200,500,"Source1_Only",0.676277187658068
200,500,"Source2_Only",0.808295397066262
200,500,"Weighted",0.812341932220536
300,500,"Target_Only",0.823908836809288
300,500,"Source1_Only",0.74521608256289
300,500,"Source2_Only",0.790152655342937
300,500,"Weighted",0.848204687164051
100,1000,"Target_Only",0.774193548387097
100,1000,"Source1_Only",0.717267552182163
100,1000,"Source2_Only",0.825426944971537
100,1000,"Weighted",0.842504743833017
200,1000,"Target_Only",0.696558410082404
200,1000,"Source1_Only",0.685894328647601
200,1000,"Source2_Only",0.769268056228793
200,1000,"Weighted",0.766359670382937
300,1000,"Target_Only",0.745550847457627
300,1000,"Source1_Only",0.66228813559322
300,1000,"Source2_Only",0.790042372881356
300,1000,"Weighted",0.798093220338983
100,100,"Target_Only",0.830188679245283
100,100,"Source1_Only",0.797843665768194
100,100,"Source2_Only",0.814016172506739
100,100,"Weighted",0.881401617250674
200,100,"Target_Only",0.804634438673592
200,100,"Source1_Only",0.68797443068318
200,100,"Source2_Only",0.780663204155014
200,100,"Weighted",0.810227726727927
300,100,"Target_Only",0.770052260849807
300,100,"Source1_Only",0.603499204726199
300,100,"Source2_Only",0.710520336287207
300,100,"Weighted",0.789593274255851
100,300,"Target_Only",0.779935275080906
100,300,"Source1_Only",0.627831715210356
100,300,"Source2_Only",0.72168284789644
100,300,"Weighted",0.770226537216828
200,300,"Target_Only",0.791335101679929
200,300,"Source1_Only",0.67683465959328
200,300,"Source2_Only",0.804155614500442
200,300,"Weighted",0.843059239610964
300,300,"Target_Only",0.809513697175621
300,300,"Source1_Only",0.684646421745594
300,300,"Source2_Only",0.779995752813761
300,300,"Weighted",0.8360586111701
100,500,"Target_Only",0.829145728643216
100,500,"Source1_Only",0.743718592964824
100,500,"Source2_Only",0.781407035175879
100,500,"Weighted",0.836683417085427
200,500,"Target_Only",0.722351843210453
200,500,"Source1_Only",0.682221185254316
200,500,"Source2_Only",0.784414372375175
200,500,"Weighted",0.776481567895474
300,500,"Target_Only",0.745190420102081
300,500,"Source1_Only",0.664310954063604
300,500,"Source2_Only",0.795249312917157
300,500,"Weighted",0.816450726344719
100,1000,"Target_Only",0.660535117056856
100,1000,"Source1_Only",0.645484949832776
100,1000,"Source2_Only",0.697324414715719
100,1000,"Weighted",0.78428093645485
200,1000,"Target_Only",0.776233828461907
200,1000,"Source1_Only",0.750838524197412
200,1000,"Source2_Only",0.866315285098227
200,1000,"Weighted",0.893148059415429
300,1000,"Target_Only",0.740726202158979
300,1000,"Source1_Only",0.668302257114818
300,1000,"Source2_Only",0.752109911678116
300,1000,"Weighted",0.784690873405299
100,100,"Target_Only",0.681818181818182
100,100,"Source1_Only",0.645933014354067
100,100,"Source2_Only",0.645933014354067
100,100,"Weighted",0.717703349282297
200,100,"Target_Only",0.757421150278293
200,100,"Source1_Only",0.678107606679035
200,100,"Source2_Only",0.788033395176252
200,100,"Weighted",0.817254174397032
300,100,"Target_Only",0.766321656050955
300,100,"Source1_Only",0.601910828025478
300,100,"Source2_Only",0.741640127388535
300,100,"Weighted",0.780055732484076
100,300,"Target_Only",0.725338491295938
100,300,"Source1_Only",0.564796905222437
100,300,"Source2_Only",0.806576402321083
100,300,"Weighted",0.773694390715667
200,300,"Target_Only",0.64568661971831
200,300,"Source1_Only",0.617957746478873
200,300,"Source2_Only",0.726672535211268
200,300,"Weighted",0.758362676056338
300,300,"Target_Only",0.765588172273409
300,300,"Source1_Only",0.636597385901007
300,300,"Source2_Only",0.757231626312406
300,300,"Weighted",0.79901435611742
100,500,"Target_Only",0.842019543973941
100,500,"Source1_Only",0.661237785016287
100,500,"Source2_Only",0.778501628664495
100,500,"Weighted",0.855048859934853
200,500,"Target_Only",0.745116279069767
200,500,"Source1_Only",0.73953488372093
200,500,"Source2_Only",0.80046511627907
200,500,"Weighted",0.824651162790698
300,500,"Target_Only",0.796188898094449
300,500,"Source1_Only",0.674606462303231
300,500,"Source2_Only",0.784382767191384
300,500,"Weighted",0.813380281690141
100,1000,"Target_Only",0.751789976133652
100,1000,"Source1_Only",0.673031026252983
100,1000,"Source2_Only",0.782816229116945
100,1000,"Weighted",0.809069212410501
200,1000,"Target_Only",0.731081081081081
200,1000,"Source1_Only",0.711261261261261
200,1000,"Source2_Only",0.759459459459459
200,1000,"Weighted",0.791891891891892
300,1000,"Target_Only",0.822299651567944
300,1000,"Source1_Only",0.684976429596229
300,1000,"Source2_Only",0.849969255995081
300,1000,"Weighted",0.868005738880918
100,100,"Target_Only",0.714545454545455
100,100,"Source1_Only",0.607272727272727
100,100,"Source2_Only",0.64
100,100,"Weighted",0.72
200,100,"Target_Only",0.71993670886076
200,100,"Source1_Only",0.633966244725738
200,100,"Source2_Only",0.749472573839662
200,100,"Weighted",0.785864978902954
300,100,"Target_Only",0.739558276842335
300,100,"Source1_Only",0.692980537940083
300,100,"Source2_Only",0.74874261972447
300,100,"Weighted",0.781981193964575
100,300,"Target_Only",0.774311926605505
100,300,"Source1_Only",0.75045871559633
100,300,"Source2_Only",0.726605504587156
100,300,"Weighted",0.842201834862385
200,300,"Target_Only",0.770977295162883
200,300,"Source1_Only",0.68756169792695
200,300,"Source2_Only",0.787265547877591
200,300,"Weighted",0.82675222112537
300,300,"Target_Only",0.778580024067389
300,300,"Source1_Only",0.63678299237866
300,300,"Source2_Only",0.774769354191737
300,300,"Weighted",0.823906939430405
100,500,"Target_Only",0.703703703703704
100,500,"Source1_Only",0.800925925925926
100,500,"Source2_Only",0.675925925925926
100,500,"Weighted",0.770061728395062
200,500,"Target_Only",0.798949379178606
200,500,"Source1_Only",0.723018147086915
200,500,"Source2_Only",0.795606494746896
200,500,"Weighted",0.834288443170965
300,500,"Target_Only",0.774977895667551
300,500,"Source1_Only",0.733200707338638
300,500,"Source2_Only",0.776746242263484
300,500,"Weighted",0.819407603890362
100,1000,"Target_Only",0.60541586073501
100,1000,"Source1_Only",0.564796905222437
100,1000,"Source2_Only",0.729206963249516
100,1000,"Weighted",0.700193423597679
200,1000,"Target_Only",0.708507670850767
200,1000,"Source1_Only",0.646675964667596
200,1000,"Source2_Only",0.790330079033008
200,1000,"Weighted",0.786145978614598
300,1000,"Target_Only",0.775299539170507
300,1000,"Source1_Only",0.735115207373272
300,1000,"Source2_Only",0.793917050691244
300,1000,"Weighted",0.828387096774194
100,100,"Target_Only",0.676136363636364
100,100,"Source1_Only",0.689393939393939
100,100,"Source2_Only",0.693181818181818
100,100,"Weighted",0.714015151515151
200,100,"Target_Only",0.755150554675119
200,100,"Source1_Only",0.793977812995246
200,100,"Source2_Only",0.735736925515055
200,100,"Weighted",0.806259904912837
300,100,"Target_Only",0.779707495429616
300,100,"Source1_Only",0.636882998171846
300,100,"Source2_Only",0.699040219378428
300,100,"Weighted",0.790676416819013
100,300,"Target_Only",0.716
100,300,"Source1_Only",0.662
100,300,"Source2_Only",0.846
100,300,"Weighted",0.78
200,300,"Target_Only",0.690827190827191
200,300,"Source1_Only",0.635135135135135
200,300,"Source2_Only",0.766175266175266
200,300,"Weighted",0.771908271908272
300,300,"Target_Only",0.821270653944613
300,300,"Source1_Only",0.690947172445892
300,300,"Source2_Only",0.795205957644868
300,300,"Weighted",0.834768443099837
100,500,"Target_Only",0.709844559585492
100,500,"Source1_Only",0.706390328151986
100,500,"Source2_Only",0.810017271157168
100,500,"Weighted",0.827288428324698
200,500,"Target_Only",0.739064856711916
200,500,"Source1_Only",0.677727501256913
200,500,"Source2_Only",0.774258421317245
200,500,"Weighted",0.799899446958271
300,500,"Target_Only",0.811819281968536
300,500,"Source1_Only",0.753933037515127
300,500,"Source2_Only",0.789834610730133
300,500,"Weighted",0.847720855183542
100,1000,"Target_Only",0.817658349328215
100,1000,"Source1_Only",0.681381957773513
100,1000,"Source2_Only",0.706333973128599
100,1000,"Weighted",0.809980806142035
200,1000,"Target_Only",0.64403205398566
200,1000,"Source1_Only",0.590889919865036
200,1000,"Source2_Only",0.75411218894981
200,1000,"Weighted",0.761703922395614
300,1000,"Target_Only",0.791826825814283
300,1000,"Source1_Only",0.684806797491402
300,1000,"Source2_Only",0.788185312563221
300,1000,"Weighted",0.821565850697957
100,100,"Target_Only",0.728915662650602
100,100,"Source1_Only",0.676706827309237
100,100,"Source2_Only",0.624497991967871
100,100,"Weighted",0.740963855421687
200,100,"Target_Only",0.682517482517482
200,100,"Source1_Only",0.641491841491841
200,100,"Source2_Only",0.746386946386946
200,100,"Weighted",0.739393939393939
300,100,"Target_Only",0.742291762540267
300,100,"Source1_Only",0.639438564196963
300,100,"Source2_Only",0.658536585365854
300,100,"Weighted",0.762080073630925
100,300,"Target_Only",0.739273927392739
100,300,"Source1_Only",0.623762376237624
100,300,"Source2_Only",0.821782178217822
100,300,"Weighted",0.811881188118812
200,300,"Target_Only",0.723235156615241
200,300,"Source1_Only",0.689574567554932
200,300,"Source2_Only",0.708742402992052
200,300,"Weighted",0.768583450210379
300,300,"Target_Only",0.782782338584424
300,300,"Source1_Only",0.745728866208121
300,300,"Source2_Only",0.769913467938762
300,300,"Weighted",0.837807854448635
100,500,"Target_Only",0.494736842105263
100,500,"Source1_Only",0.52
100,500,"Source2_Only",0.654736842105263
100,500,"Weighted",0.63578947368421
200,500,"Target_Only",0.710512950736414
200,500,"Source1_Only",0.641442356526155
200,500,"Source2_Only",0.802437785678009
200,500,"Weighted",0.819705434230574
300,500,"Target_Only",0.753711612772015
300,500,"Source1_Only",0.689648159446817
300,500,"Source2_Only",0.711409395973154
300,500,"Weighted",0.794183445190157
100,1000,"Target_Only",0.76940133037694
100,1000,"Source1_Only",0.784922394678492
100,1000,"Source2_Only",0.811529933481153
100,1000,"Weighted",0.831485587583149
200,1000,"Target_Only",0.747100802854594
200,1000,"Source1_Only",0.755575379125781
200,1000,"Source2_Only",0.812221231043711
200,1000,"Weighted",0.834076717216771
300,1000,"Target_Only",0.768353670734147
300,1000,"Source1_Only",0.695339067813563
300,1000,"Source2_Only",0.82756551310262
300,1000,"Weighted",0.82256451290258
100,100,"Target_Only",0.732014388489209
100,100,"Source1_Only",0.656474820143885
100,100,"Source2_Only",0.767985611510791
100,100,"Weighted",0.796762589928057
200,100,"Target_Only",0.757745048247842
200,100,"Source1_Only",0.609954291518537
200,100,"Source2_Only",0.671406805485018
200,100,"Weighted",0.809547993905536
300,100,"Target_Only",0.749654218533887
300,100,"Source1_Only",0.557202133965619
300,100,"Source2_Only",0.769017980636238
300,100,"Weighted",0.79174076269512
100,300,"Target_Only",0.68
100,300,"Source1_Only",0.657391304347826
100,300,"Source2_Only",0.711304347826087
100,300,"Weighted",0.732173913043478
200,300,"Target_Only",0.756086142322097
200,300,"Source1_Only",0.694288389513109
200,300,"Source2_Only",0.783707865168539
200,300,"Weighted",0.812734082397004
300,300,"Target_Only",0.766136363636364
300,300,"Source1_Only",0.645909090909091
300,300,"Source2_Only",0.750227272727273
300,300,"Weighted",0.7925
100,500,"Target_Only",0.792607802874743
100,500,"Source1_Only",0.798767967145791
100,500,"Source2_Only",0.737166324435318
100,500,"Weighted",0.827515400410678
200,500,"Target_Only",0.748296422487223
200,500,"Source1_Only",0.626916524701874
200,500,"Source2_Only",0.781516183986371
200,500,"Weighted",0.808773424190801
300,500,"Target_Only",0.726324401718143
300,500,"Source1_Only",0.640826344855799
300,500,"Source2_Only",0.778073225608509
300,500,"Weighted",0.789322969932502
100,1000,"Target_Only",0.618867924528302
100,1000,"Source1_Only",0.581132075471698
100,1000,"Source2_Only",0.724528301886793
100,1000,"Weighted",0.69433962264151
200,1000,"Target_Only",0.778445883441258
200,1000,"Source1_Only",0.726641998149861
200,1000,"Source2_Only",0.780758556891767
200,1000,"Weighted",0.82377428307123
300,1000,"Target_Only",0.798497893387067
300,1000,"Source1_Only",0.749404652866825
300,1000,"Source2_Only",0.783293643524455
300,1000,"Weighted",0.833485986444404
100,100,"Target_Only",0.75
100,100,"Source1_Only",0.642045454545455
100,100,"Source2_Only",0.770833333333333
100,100,"Weighted",0.821969696969697
200,100,"Target_Only",0.7545
200,100,"Source1_Only",0.5915
200,100,"Source2_Only",0.7865
200,100,"Weighted",0.777
300,100,"Target_Only",0.776060245739199
300,100,"Source1_Only",0.586008719778042
300,100,"Source2_Only",0.729885057471264
300,100,"Weighted",0.793301625049544
100,300,"Target_Only",0.706720977596741
100,300,"Source1_Only",0.757637474541752
100,300,"Source2_Only",0.75152749490835
100,300,"Weighted",0.788187372708758
200,300,"Target_Only",0.797488226059655
200,300,"Source1_Only",0.658294086865515
200,300,"Source2_Only",0.713762428048142
200,300,"Weighted",0.809000523286238
300,300,"Target_Only",0.72274500803305
300,300,"Source1_Only",0.666513656185449
300,300,"Source2_Only",0.768648152398439
300,300,"Weighted",0.784714252926325
100,500,"Target_Only",0.714285714285714
100,500,"Source1_Only",0.669387755102041
100,500,"Source2_Only",0.795918367346939
100,500,"Weighted",0.816326530612245
200,500,"Target_Only",0.844670050761421
200,500,"Source1_Only",0.744162436548223
200,500,"Source2_Only",0.84010152284264
200,500,"Weighted",0.873604060913706
300,500,"Target_Only",0.715429079590929
300,500,"Source1_Only",0.723654957759004
300,500,"Source2_Only",0.701200533570476
300,500,"Weighted",0.756558470431303
100,1000,"Target_Only",0.745980707395498
100,1000,"Source1_Only",0.77491961414791
100,1000,"Source2_Only",0.726688102893891
100,1000,"Weighted",0.823151125401929
200,1000,"Target_Only",0.72812353766963
200,1000,"Source1_Only",0.72812353766963
200,1000,"Source2_Only",0.775854000935891
200,1000,"Weighted",0.820308844174076
300,1000,"Target_Only",0.753833897629954
300,1000,"Source1_Only",0.655048795060745
300,1000,"Source2_Only",0.77275443138817
300,1000,"Weighted",0.800637323242382
100,100,"Target_Only",0.576237623762376
100,100,"Source1_Only",0.499009900990099
100,100,"Source2_Only",0.8
100,100,"Weighted",0.720792079207921
200,100,"Target_Only",0.715923566878981
200,100,"Source1_Only",0.591082802547771
200,100,"Source2_Only",0.810615711252654
200,100,"Weighted",0.786836518046709
300,100,"Target_Only",0.815398886827458
300,100,"Source1_Only",0.654730983302412
300,100,"Source2_Only",0.753432282003711
300,100,"Weighted",0.814471243042672
100,300,"Target_Only",0.747663551401869
100,300,"Source1_Only",0.654205607476635
100,300,"Source2_Only",0.768224299065421
100,300,"Weighted",0.814953271028037
200,300,"Target_Only",0.713387241689128
200,300,"Source1_Only",0.65318957771788
200,300,"Source2_Only",0.776729559748428
200,300,"Weighted",0.783917340521114
300,300,"Target_Only",0.795574701390249
300,300,"Source1_Only",0.704719013119248
300,300,"Source2_Only",0.767378108478559
300,300,"Weighted",0.820638339533973
100,500,"Target_Only",0.701923076923077
100,500,"Source1_Only",0.75
100,500,"Source2_Only",0.769230769230769
100,500,"Weighted",0.834935897435897
200,500,"Target_Only",0.801147227533461
200,500,"Source1_Only",0.723709369024857
200,500,"Source2_Only",0.805449330783939
200,500,"Weighted",0.841300191204589
300,500,"Target_Only",0.692492160118059
300,500,"Source1_Only",0.71591957203468
300,500,"Source2_Only",0.782881387197934
300,500,"Weighted",0.794318391440694
100,1000,"Target_Only",0.695364238410596
100,1000,"Source1_Only",0.685430463576159
100,1000,"Source2_Only",0.822847682119205
100,1000,"Weighted",0.798013245033113
200,1000,"Target_Only",0.753067484662577
200,1000,"Source1_Only",0.67280163599182
200,1000,"Source2_Only",0.763292433537832
200,1000,"Weighted",0.787321063394683
300,1000,"Target_Only",0.757918095622352
300,1000,"Source1_Only",0.624167843453702
300,1000,"Source2_Only",0.826507968529352
300,1000,"Weighted",0.808351825701029
100,100,"Target_Only",0.69844020797227
100,100,"Source1_Only",0.670710571923744
100,100,"Source2_Only",0.741767764298094
100,100,"Weighted",0.745233968804159
200,100,"Target_Only",0.79073756432247
200,100,"Source1_Only",0.65008576329331
200,100,"Source2_Only",0.752572898799314
200,100,"Weighted",0.786878216123499
300,100,"Target_Only",0.777349603939199
300,100,"Source1_Only",0.612074502247913
300,100,"Source2_Only",0.751016912866624
300,100,"Weighted",0.798116035110255
100,300,"Target_Only",0.6
100,300,"Source1_Only",0.673118279569892
100,300,"Source2_Only",0.776344086021505
100,300,"Weighted",0.778494623655914
200,300,"Target_Only",0.778558052434457
200,300,"Source1_Only",0.667134831460674
200,300,"Source2_Only",0.794007490636704
200,300,"Weighted",0.818820224719101
300,300,"Target_Only",0.750245821042281
300,300,"Source1_Only",0.604719764011799
300,300,"Source2_Only",0.75811209439528
300,300,"Weighted",0.777581120943953
100,500,"Target_Only",0.636165577342048
100,500,"Source1_Only",0.686274509803922
100,500,"Source2_Only",0.823529411764706
100,500,"Weighted",0.814814814814815
200,500,"Target_Only",0.733398917855386
200,500,"Source1_Only",0.668470241023119
200,500,"Source2_Only",0.730939498278406
200,500,"Weighted",0.756517461878996
300,500,"Target_Only",0.748375116063138
300,500,"Source1_Only",0.64828226555246
300,500,"Source2_Only",0.773816155988858
300,500,"Weighted",0.794800371402043
100,1000,"Target_Only",0.56
100,1000,"Source1_Only",0.677333333333333
100,1000,"Source2_Only",0.746666666666667
100,1000,"Weighted",0.722666666666667
200,1000,"Target_Only",0.687309201918884
200,1000,"Source1_Only",0.665067597034453
200,1000,"Source2_Only",0.754470126471871
200,1000,"Weighted",0.776711731356302
300,1000,"Target_Only",0.782036163522013
300,1000,"Source1_Only",0.673152515723271
300,1000,"Source2_Only",0.764347484276729
300,1000,"Weighted",0.809158805031447
100,100,"Target_Only",0.782258064516129
100,100,"Source1_Only",0.672043010752688
100,100,"Source2_Only",0.685483870967742
100,100,"Weighted",0.81989247311828
200,100,"Target_Only",0.773816155988858
200,100,"Source1_Only",0.652367688022284
200,100,"Source2_Only",0.792200557103064
200,100,"Weighted",0.802785515320334
300,100,"Target_Only",0.79871912168344
300,100,"Source1_Only",0.689844464775846
300,100,"Source2_Only",0.707593778591034
300,100,"Weighted",0.79615736505032
100,300,"Target_Only",0.703703703703704
100,300,"Source1_Only",0.522045855379189
100,300,"Source2_Only",0.768959435626102
100,300,"Weighted",0.756613756613757
200,300,"Target_Only",0.656066945606695
200,300,"Source1_Only",0.635146443514644
200,300,"Source2_Only",0.752301255230126
200,300,"Weighted",0.761087866108787
300,300,"Target_Only",0.83918315252074
300,300,"Source1_Only",0.66411401829398
300,300,"Source2_Only",0.808125930653053
300,300,"Weighted",0.865773239736226
100,500,"Target_Only",0.801612903225806
100,500,"Source1_Only",0.719354838709677
100,500,"Source2_Only",0.758064516129032
100,500,"Weighted",0.833870967741935
200,500,"Target_Only",0.764482029598309
200,500,"Source1_Only",0.674841437632135
200,500,"Source2_Only",0.739957716701903
200,500,"Weighted",0.809725158562368
300,500,"Target_Only",0.785021097046414
300,500,"Source1_Only",0.757594936708861
300,500,"Source2_Only",0.75464135021097
300,500,"Weighted",0.838185654008439
100,1000,"Target_Only",0.838815789473684
100,1000,"Source1_Only",0.794407894736842
100,1000,"Source2_Only",0.789473684210526
100,1000,"Weighted",0.860197368421053
200,1000,"Target_Only",0.781012091356919
200,1000,"Source1_Only",0.670846394984326
200,1000,"Source2_Only",0.778325123152709
200,1000,"Weighted",0.824003582624272
300,1000,"Target_Only",0.739657333890514
300,1000,"Source1_Only",0.722106142916841
300,1000,"Source2_Only",0.74968658587547
300,1000,"Weighted",0.795236105307146
100,100,"Target_Only",0.618303571428571
100,100,"Source1_Only",0.560267857142857
100,100,"Source2_Only",0.560267857142857
100,100,"Weighted",0.625
200,100,"Target_Only",0.788179669030733
200,100,"Source1_Only",0.695035460992908
200,100,"Source2_Only",0.779669030732861
200,100,"Weighted",0.824113475177305
300,100,"Target_Only",0.751918649270913
300,100,"Source1_Only",0.635072908672295
300,100,"Source2_Only",0.688411358403684
300,100,"Weighted",0.760744435917114
100,300,"Target_Only",0.714859437751004
100,300,"Source1_Only",0.690763052208835
100,300,"Source2_Only",0.646586345381526
100,300,"Weighted",0.742971887550201
200,300,"Target_Only",0.832214765100671
200,300,"Source1_Only",0.778523489932886
200,300,"Source2_Only",0.816210635002581
200,300,"Weighted",0.868869385647909
300,300,"Target_Only",0.76508466491772
300,300,"Source1_Only",0.645361316479847
300,300,"Source2_Only",0.775816837586454
300,300,"Weighted",0.818030050083473
100,500,"Target_Only",0.755639097744361
100,500,"Source1_Only",0.763157894736842
100,500,"Source2_Only",0.81203007518797
100,500,"Weighted",0.857142857142857
200,500,"Target_Only",0.720581942661532
200,500,"Source1_Only",0.65596919127086
200,500,"Source2_Only",0.78262729995721
200,500,"Weighted",0.802310654685494
300,500,"Target_Only",0.801895917972528
300,500,"Source1_Only",0.761849487328303
300,500,"Source2_Only",0.791062100986651
300,500,"Weighted",0.852389243567421
100,1000,"Target_Only",0.747680890538033
100,1000,"Source1_Only",0.716141001855288
100,1000,"Source2_Only",0.836734693877551
100,1000,"Weighted",0.794063079777366
200,1000,"Target_Only",0.845057471264368
200,1000,"Source1_Only",0.785747126436782
200,1000,"Source2_Only",0.83264367816092
200,1000,"Weighted",0.884597701149425
300,1000,"Target_Only",0.834718731877054
300,1000,"Source1_Only",0.73458341387976
300,1000,"Source2_Only",0.842064566015852
300,1000,"Weighted",0.879760293833366
100,100,"Target_Only",0.801084990958409
100,100,"Source1_Only",0.795660036166365
100,100,"Source2_Only",0.831826401446655
100,100,"Weighted",0.864376130198915
200,100,"Target_Only",0.752086811352254
200,100,"Source1_Only",0.642737896494157
200,100,"Source2_Only",0.731636060100167
200,100,"Weighted",0.766277128547579
300,100,"Target_Only",0.823750784026761
300,100,"Source1_Only",0.605268659836922
300,100,"Source2_Only",0.754129207610286
300,100,"Weighted",0.829813924315283
100,300,"Target_Only",0.771084337349398
100,300,"Source1_Only",0.70223752151463
100,300,"Source2_Only",0.820998278829604
100,300,"Weighted",0.817555938037866
200,300,"Target_Only",0.736660929432014
200,300,"Source1_Only",0.604130808950086
200,300,"Source2_Only",0.67512908777969
200,300,"Weighted",0.746127366609294
300,300,"Target_Only",0.739690721649485
300,300,"Source1_Only",0.605670103092783
300,300,"Source2_Only",0.770222045995242
300,300,"Weighted",0.765860428231562
100,500,"Target_Only",0.573359073359073
100,500,"Source1_Only",0.693050193050193
100,500,"Source2_Only",0.727799227799228
100,500,"Weighted",0.693050193050193
200,500,"Target_Only",0.734405458089669
200,500,"Source1_Only",0.701267056530214
200,500,"Source2_Only",0.805555555555556
200,500,"Weighted",0.824561403508772
300,500,"Target_Only",0.782833505687694
300,500,"Source1_Only",0.747052740434333
300,500,"Source2_Only",0.755532574974147
300,500,"Weighted",0.81282316442606
100,1000,"Target_Only",0.737417943107221
100,1000,"Source1_Only",0.700218818380744
100,1000,"Source2_Only",0.741794310722101
100,1000,"Weighted",0.796498905908096
200,1000,"Target_Only",0.716227697536109
200,1000,"Source1_Only",0.671197960917587
200,1000,"Source2_Only",0.709855564995752
200,1000,"Weighted",0.744265080713679
300,1000,"Target_Only",0.792530345471522
300,1000,"Source1_Only",0.685340802987862
300,1000,"Source2_Only",0.778898225957049
300,1000,"Weighted",0.818674136321195
100,100,"Target_Only",0.797916666666667
100,100,"Source1_Only",0.695833333333333
100,100,"Source2_Only",0.75
100,100,"Weighted",0.822916666666667
200,100,"Target_Only",0.742839352428393
200,100,"Source1_Only",0.631382316313823
200,100,"Source2_Only",0.645703611457036
200,100,"Weighted",0.726027397260274
300,100,"Target_Only",0.809152872444012
300,100,"Source1_Only",0.665628042843233
300,100,"Source2_Only",0.708471275559883
300,100,"Weighted",0.806621226874391
100,300,"Target_Only",0.697855750487329
100,300,"Source1_Only",0.582846003898636
100,300,"Source2_Only",0.799220272904483
100,300,"Weighted",0.760233918128655
200,300,"Target_Only",0.705234159779614
200,300,"Source1_Only",0.67722681359045
200,300,"Source2_Only",0.826446280991736
200,300,"Weighted",0.808080808080808
300,300,"Target_Only",0.782967548302382
300,300,"Source1_Only",0.678296754830238
300,300,"Source2_Only",0.78071656349653
300,300,"Weighted",0.833614706434065
100,500,"Target_Only",0.651539708265802
100,500,"Source1_Only",0.708265802269044
100,500,"Source2_Only",0.828200972447326
100,500,"Weighted",0.852512155591572
200,500,"Target_Only",0.759124087591241
200,500,"Source1_Only",0.716187204808931
200,500,"Source2_Only",0.733791326749678
200,500,"Weighted",0.77844568484328
300,500,"Target_Only",0.759590792838875
300,500,"Source1_Only",0.652721958348557
300,500,"Source2_Only",0.744610887833394
300,500,"Weighted",0.781695286810376
100,1000,"Target_Only",0.704379562043796
100,1000,"Source1_Only",0.720802919708029
100,1000,"Source2_Only",0.771897810218978
100,1000,"Weighted",0.828467153284671
200,1000,"Target_Only",0.733050847457627
200,1000,"Source1_Only",0.713983050847458
200,1000,"Source2_Only",0.775953389830508
200,1000,"Weighted",0.808262711864407
300,1000,"Target_Only",0.793175633242621
300,1000,"Source1_Only",0.703370316097969
300,1000,"Source2_Only",0.762403181913335
300,1000,"Weighted",0.822482729746703
100,100,"Target_Only",0.781190019193858
100,100,"Source1_Only",0.614203454894434
100,100,"Source2_Only",0.792706333973129
100,100,"Weighted",0.802303262955854
200,100,"Target_Only",0.842342342342342
200,100,"Source1_Only",0.660660660660661
200,100,"Source2_Only",0.794294294294294
200,100,"Weighted",0.850850850850851
300,100,"Target_Only",0.812823674475956
300,100,"Source1_Only",0.714180024660912
300,100,"Source2_Only",0.713686806411837
300,100,"Weighted",0.837731196054254
100,300,"Target_Only",0.712809917355372
100,300,"Source1_Only",0.752066115702479
100,300,"Source2_Only",0.867768595041322
100,300,"Weighted",0.894628099173554
200,300,"Target_Only",0.760879961740794
200,300,"Source1_Only",0.65662362505978
200,300,"Source2_Only",0.717360114777618
200,300,"Weighted",0.781444285031086
300,300,"Target_Only",0.799221958072185
300,300,"Source1_Only",0.652690728333694
300,300,"Source2_Only",0.783661119515885
300,300,"Weighted",0.815215042143938
100,500,"Target_Only",0.762183235867446
100,500,"Source1_Only",0.721247563352826
100,500,"Source2_Only",0.756335282651072
100,500,"Weighted",0.851851851851852
200,500,"Target_Only",0.735084838533114
200,500,"Source1_Only",0.593869731800766
200,500,"Source2_Only",0.755336617405583
200,500,"Weighted",0.757525998905309
300,500,"Target_Only",0.722123192711428
300,500,"Source1_Only",0.617151911269558
300,500,"Source2_Only",0.730441671618142
300,500,"Weighted",0.755595167359873
100,1000,"Target_Only",0.731218697829716
100,1000,"Source1_Only",0.709515859766277
100,1000,"Source2_Only",0.806343906510851
100,1000,"Weighted",0.826377295492488
200,1000,"Target_Only",0.73026973026973
200,1000,"Source1_Only",0.66033966033966
200,1000,"Source2_Only",0.762237762237762
200,1000,"Weighted",0.755744255744256
300,1000,"Target_Only",0.741042345276873
300,1000,"Source1_Only",0.704048394602141
300,1000,"Source2_Only",0.812005583992555
300,1000,"Weighted",0.808282922289437
100,100,"Target_Only",0.674057649667406
100,100,"Source1_Only",0.600886917960089
100,100,"Source2_Only",0.82039911308204
100,100,"Weighted",0.800443458980044
200,100,"Target_Only",0.770447356529598
200,100,"Source1_Only",0.621780388612743
200,100,"Source2_Only",0.688657930411206
200,100,"Weighted",0.777225485765929
300,100,"Target_Only",0.754863813229572
300,100,"Source1_Only",0.660505836575875
300,100,"Source2_Only",0.757587548638132
300,100,"Weighted",0.789494163424125
100,300,"Target_Only",0.561363636363636
100,300,"Source1_Only",0.629545454545455
100,300,"Source2_Only",0.740909090909091
100,300,"Weighted",0.711363636363636
200,300,"Target_Only",0.785352372178719
200,300,"Source1_Only",0.643021649009673
200,300,"Source2_Only",0.809304467987103
200,300,"Weighted",0.81437125748503
300,300,"Target_Only",0.743647234678625
300,300,"Source1_Only",0.620702541106129
300,300,"Source2_Only",0.772795216741405
300,300,"Weighted",0.796711509715994
100,500,"Target_Only",0.733913043478261
100,500,"Source1_Only",0.692173913043478
100,500,"Source2_Only",0.76695652173913
100,500,"Weighted",0.805217391304348
200,500,"Target_Only",0.729632945389436
200,500,"Source1_Only",0.603401969561325
200,500,"Source2_Only",0.711727842435094
200,500,"Weighted",0.754700089525515
300,500,"Target_Only",0.73852544132918
300,500,"Source1_Only",0.645690550363448
300,500,"Source2_Only",0.812668743509865
300,500,"Weighted",0.804361370716511
100,1000,"Target_Only",0.689320388349515
100,1000,"Source1_Only",0.702912621359223
100,1000,"Source2_Only",0.807766990291262
100,1000,"Weighted",0.825242718446602
200,1000,"Target_Only",0.784816247582205
200,1000,"Source1_Only",0.742746615087041
200,1000,"Source2_Only",0.746615087040619
200,1000,"Weighted",0.817698259187621
300,1000,"Target_Only",0.778270509977827
300,1000,"Source1_Only",0.734327756500705
300,1000,"Source2_Only",0.773835920177384
300,1000,"Weighted",0.808506349526305
100,100,"Target_Only",0.740365111561866
100,100,"Source1_Only",0.732251521298174
100,100,"Source2_Only",0.718052738336714
100,100,"Weighted",0.780933062880325
200,100,"Target_Only",0.780883678990081
200,100,"Source1_Only",0.705139765554554
200,100,"Source2_Only",0.711451758340848
200,100,"Weighted",0.793507664562669
300,100,"Target_Only",0.859823399558499
300,100,"Source1_Only",0.728256070640177
300,100,"Source2_Only",0.694260485651214
300,100,"Weighted",0.829801324503311
100,300,"Target_Only",0.671028037383178
100,300,"Source1_Only",0.669158878504673
100,300,"Source2_Only",0.760747663551402
100,300,"Weighted",0.796261682242991
200,300,"Target_Only",0.81922525107604
200,300,"Source1_Only",0.648015303682449
200,300,"Source2_Only",0.855093256814921
200,300,"Weighted",0.868962219033955
300,300,"Target_Only",0.747532894736842
300,300,"Source1_Only",0.616776315789474
300,300,"Source2_Only",0.704564144736842
300,300,"Weighted",0.750205592105263
100,500,"Target_Only",0.613636363636364
100,500,"Source1_Only",0.716783216783217
100,500,"Source2_Only",0.793706293706294
100,500,"Weighted",0.762237762237762
200,500,"Target_Only",0.769458128078818
200,500,"Source1_Only",0.701477832512315
200,500,"Source2_Only",0.749261083743842
200,500,"Weighted",0.812807881773399
300,500,"Target_Only",0.730103168754606
300,500,"Source1_Only",0.676676492262343
300,500,"Source2_Only",0.796057479734709
300,500,"Weighted",0.795689019896831
100,1000,"Target_Only",0.720073664825046
100,1000,"Source1_Only",0.666666666666667
100,1000,"Source2_Only",0.826887661141805
100,1000,"Weighted",0.85451197053407
200,1000,"Target_Only",0.754276178556529
200,1000,"Source1_Only",0.671672924488945
200,1000,"Source2_Only",0.800166875260743
200,1000,"Weighted",0.803921568627451
300,1000,"Target_Only",0.723743359215366
300,1000,"Source1_Only",0.677155700858194
300,1000,"Source2_Only",0.704536166734777
300,1000,"Weighted",0.765018389865141
100,100,"Target_Only",0.691056910569106
100,100,"Source1_Only",0.626016260162602
100,100,"Source2_Only",0.768292682926829
100,100,"Weighted",0.764227642276423
200,100,"Target_Only",0.752099160335866
200,100,"Source1_Only",0.668932427029188
200,100,"Source2_Only",0.738104758096761
200,100,"Weighted",0.806077568972411
300,100,"Target_Only",0.754287003610108
300,100,"Source1_Only",0.600406137184116
300,100,"Source2_Only",0.737364620938628
300,100,"Weighted",0.763312274368231
100,300,"Target_Only",0.711500974658869
100,300,"Source1_Only",0.674463937621832
100,300,"Source2_Only",0.83625730994152
100,300,"Weighted",0.83625730994152
200,300,"Target_Only",0.744045041143352
200,300,"Source1_Only",0.651797314854916
200,300,"Source2_Only",0.714595062797748
200,300,"Weighted",0.790385448245994
300,300,"Target_Only",0.80209324452902
300,300,"Source1_Only",0.636917221693625
300,300,"Source2_Only",0.76650808753568
300,300,"Weighted",0.803044719314938
100,500,"Target_Only",0.768959435626102
100,500,"Source1_Only",0.686067019400353
100,500,"Source2_Only",0.790123456790123
100,500,"Weighted",0.814814814814815
200,500,"Target_Only",0.717310087173101
200,500,"Source1_Only",0.688667496886675
200,500,"Source2_Only",0.798671647986716
200,500,"Weighted",0.788293897882939
300,500,"Target_Only",0.749354611593523
300,500,"Source1_Only",0.682234217319878
300,500,"Source2_Only",0.758038019244309
300,500,"Weighted",0.808965031682704
100,1000,"Target_Only",0.762088974854932
100,1000,"Source1_Only",0.588007736943907
100,1000,"Source2_Only",0.822050290135397
100,1000,"Weighted",0.882011605415861
200,1000,"Target_Only",0.75359911406423
200,1000,"Source1_Only",0.703211517165006
200,1000,"Source2_Only",0.788482834994463
200,1000,"Weighted",0.829457364341085
300,1000,"Target_Only",0.76928895612708
300,1000,"Source1_Only",0.705559757942511
300,1000,"Source2_Only",0.809190620272315
300,1000,"Weighted",0.823184568835098
100,100,"Target_Only",0.747068676716918
100,100,"Source1_Only",0.698492462311558
100,100,"Source2_Only",0.780569514237856
100,100,"Weighted",0.790619765494137
200,100,"Target_Only",0.775447570332481
200,100,"Source1_Only",0.575447570332481
200,100,"Source2_Only",0.819437340153453
200,100,"Weighted",0.823529411764706
300,100,"Target_Only",0.801884900741929
300,100,"Source1_Only",0.676559053539202
300,100,"Source2_Only",0.706637256867856
300,100,"Weighted",0.796270302787247
100,300,"Target_Only",0.743145743145743
100,300,"Source1_Only",0.75036075036075
100,300,"Source2_Only",0.725829725829726
100,300,"Weighted",0.787878787878788
200,300,"Target_Only",0.797704447632712
200,300,"Source1_Only",0.630320420851267
200,300,"Source2_Only",0.858919177427068
200,300,"Weighted",0.857006217120995
300,300,"Target_Only",0.757716049382716
300,300,"Source1_Only",0.583553791887125
300,300,"Source2_Only",0.733906525573192
300,300,"Weighted",0.768077601410935
100,500,"Target_Only",0.720670391061452
100,500,"Source1_Only",0.713221601489758
100,500,"Source2_Only",0.80633147113594
100,500,"Weighted",0.793296089385475
200,500,"Target_Only",0.732791327913279
200,500,"Source1_Only",0.619512195121951
200,500,"Source2_Only",0.73550135501355
200,500,"Weighted",0.760433604336043
300,500,"Target_Only",0.814707705019624
300,500,"Source1_Only",0.623424912208221
300,500,"Source2_Only",0.809336913860773
300,500,"Weighted",0.865936789919438
100,1000,"Target_Only",0.794594594594595
100,1000,"Source1_Only",0.74954954954955
100,1000,"Source2_Only",0.758558558558559
100,1000,"Weighted",0.821621621621622
200,1000,"Target_Only",0.719908466819222
200,1000,"Source1_Only",0.712128146453089
200,1000,"Source2_Only",0.844393592677346
200,1000,"Weighted",0.832951945080092
300,1000,"Target_Only",0.799013095464035
300,1000,"Source1_Only",0.722717783260581
300,1000,"Source2_Only",0.78382994875688
300,1000,"Weighted",0.841905484911748
100,100,"Target_Only",0.632113821138211
100,100,"Source1_Only",0.646341463414634
100,100,"Source2_Only",0.823170731707317
100,100,"Weighted",0.772357723577236
200,100,"Target_Only",0.743524631792788
200,100,"Source1_Only",0.659725749111224
200,100,"Source2_Only",0.760792280345353
200,100,"Weighted",0.798882681564246
300,100,"Target_Only",0.783909440064686
300,100,"Source1_Only",0.625429553264605
300,100,"Source2_Only",0.723266626238124
300,100,"Weighted",0.791186577723873
100,300,"Target_Only",0.749510763209393
100,300,"Source1_Only",0.726027397260274
100,300,"Source2_Only",0.737769080234834
100,300,"Weighted",0.855185909980431
200,300,"Target_Only",0.602649006622517
200,300,"Source1_Only",0.573951434878587
200,300,"Source2_Only",0.767328918322296
200,300,"Weighted",0.733333333333333
300,300,"Target_Only",0.760491071428571
300,300,"Source1_Only",0.693973214285714
300,300,"Source2_Only",0.7390625
300,300,"Weighted",0.814285714285714
100,500,"Target_Only",0.741880341880342
100,500,"Source1_Only",0.683760683760684
100,500,"Source2_Only",0.818803418803419
100,500,"Weighted",0.806837606837607
200,500,"Target_Only",0.764595103578154
200,500,"Source1_Only",0.707156308851224
200,500,"Source2_Only",0.772598870056497
200,500,"Weighted",0.810734463276836
300,500,"Target_Only",0.766025042048215
300,500,"Source1_Only",0.657073444216034
300,500,"Source2_Only",0.757428518034012
300,500,"Weighted",0.798542328536722
100,1000,"Target_Only",0.747641509433962
100,1000,"Source1_Only",0.627358490566038
100,1000,"Source2_Only",0.860849056603774
100,1000,"Weighted",0.865566037735849
200,1000,"Target_Only",0.798698047070606
200,1000,"Source1_Only",0.737606409614422
200,1000,"Source2_Only",0.762143214822233
200,1000,"Weighted",0.803204807210816
300,1000,"Target_Only",0.746501723788278
300,1000,"Source1_Only",0.700669235449199
300,1000,"Source2_Only",0.80450212938552
300,1000,"Weighted",0.825998783208274
100,100,"Target_Only",0.513321492007105
100,100,"Source1_Only",0.687388987566607
100,100,"Source2_Only",0.676731793960924
100,100,"Weighted",0.698046181172291
200,100,"Target_Only",0.764
200,100,"Source1_Only",0.571555555555556
200,100,"Source2_Only",0.751555555555556
200,100,"Weighted",0.778222222222222
300,100,"Target_Only",0.721153846153846
300,100,"Source1_Only",0.672880690737834
300,100,"Source2_Only",0.720761381475667
300,100,"Weighted",0.778846153846154
100,300,"Target_Only",0.74954954954955
100,300,"Source1_Only",0.724324324324324
100,300,"Source2_Only",0.72972972972973
100,300,"Weighted",0.816216216216216
200,300,"Target_Only",0.787623762376238
200,300,"Source1_Only",0.716831683168317
200,300,"Source2_Only",0.738118811881188
200,300,"Weighted",0.815841584158416
300,300,"Target_Only",0.696991795806746
300,300,"Source1_Only",0.644484958979034
300,300,"Source2_Only",0.70154968094804
300,300,"Weighted",0.754421148587056
100,500,"Target_Only",0.643805309734513
100,500,"Source1_Only",0.630530973451327
100,500,"Source2_Only",0.849557522123894
100,500,"Weighted",0.871681415929204
200,500,"Target_Only",0.7243947858473
200,500,"Source1_Only",0.699255121042831
200,500,"Source2_Only",0.785381750465549
200,500,"Weighted",0.8012104283054
300,500,"Target_Only",0.728677621283255
300,500,"Source1_Only",0.64906103286385
300,500,"Source2_Only",0.760954616588419
300,500,"Weighted",0.767214397496088
100,1000,"Target_Only",0.693415637860082
100,1000,"Source1_Only",0.703703703703704
100,1000,"Source2_Only",0.911522633744856
100,1000,"Weighted",0.89917695473251
200,1000,"Target_Only",0.779605263157895
200,1000,"Source1_Only",0.703477443609023
200,1000,"Source2_Only",0.754229323308271
200,1000,"Weighted",0.796052631578947
300,1000,"Target_Only",0.757422615287429
300,1000,"Source1_Only",0.631080227416298
300,1000,"Source2_Only",0.831543482838492
300,1000,"Weighted",0.815118972415245
100,100,"Target_Only",0.702886247877759
100,100,"Source1_Only",0.594227504244482
100,100,"Source2_Only",0.645161290322581
100,100,"Weighted",0.66723259762309
200,100,"Target_Only",0.769828064337216
200,100,"Source1_Only",0.633943427620632
200,100,"Source2_Only",0.717138103161398
200,100,"Weighted",0.800887409872435
300,100,"Target_Only",0.788324147785262
300,100,"Source1_Only",0.586650336803429
300,100,"Source2_Only",0.729740763421106
300,100,"Weighted",0.795876709532558
100,300,"Target_Only",0.75717017208413
100,300,"Source1_Only",0.695984703632887
100,300,"Source2_Only",0.764818355640535
100,300,"Weighted",0.803059273422562
200,300,"Target_Only",0.719283631820075
200,300,"Source1_Only",0.654727197001249
200,300,"Source2_Only",0.715951686797168
200,300,"Weighted",0.777176176593086
300,300,"Target_Only",0.738389182833627
300,300,"Source1_Only",0.7074270037233
300,300,"Source2_Only",0.784636488340192
300,300,"Weighted",0.795806388398981
100,500,"Target_Only",0.694942903752039
100,500,"Source1_Only",0.629690048939641
100,500,"Source2_Only",0.756933115823817
100,500,"Weighted",0.778140293637847
200,500,"Target_Only",0.796825396825397
200,500,"Source1_Only",0.681632653061224
200,500,"Source2_Only",0.812698412698413
200,500,"Weighted",0.845804988662131
300,500,"Target_Only",0.726250484683986
300,500,"Source1_Only",0.729352462194649
300,500,"Source2_Only",0.73962776269872
300,500,"Weighted",0.775106630476929
100,1000,"Target_Only",0.557377049180328
100,1000,"Source1_Only",0.595081967213115
100,1000,"Source2_Only",0.8
100,1000,"Weighted",0.739344262295082
200,1000,"Target_Only",0.714222419140452
200,1000,"Source1_Only",0.649091714665485
200,1000,"Source2_Only",0.716437749224634
200,1000,"Weighted",0.76517501107665
300,1000,"Target_Only",0.700906344410876
300,1000,"Source1_Only",0.686016400517911
300,1000,"Source2_Only",0.746655157531291
300,1000,"Weighted",0.77924039706517
100,100,"Target_Only",0.75
100,100,"Source1_Only",0.742248062015504
100,100,"Source2_Only",0.643410852713178
100,100,"Weighted",0.757751937984496
200,100,"Target_Only",0.728886964053703
200,100,"Source1_Only",0.646167171935903
200,100,"Source2_Only",0.769597228237332
200,100,"Weighted",0.783022953659593
300,100,"Target_Only",0.777531262605889
300,100,"Source1_Only",0.679306171843485
300,100,"Source2_Only",0.690601048810004
300,100,"Weighted",0.792456635740218
100,300,"Target_Only",0.688172043010753
100,300,"Source1_Only",0.491039426523298
100,300,"Source2_Only",0.817204301075269
100,300,"Weighted",0.745519713261649
200,300,"Target_Only",0.7145659637077
200,300,"Source1_Only",0.58116723884257
200,300,"Source2_Only",0.792545365375184
200,300,"Weighted",0.794507111329083
300,300,"Target_Only",0.745150639702848
300,300,"Source1_Only",0.694387123400743
300,300,"Source2_Only",0.737309120924474
300,300,"Weighted",0.775484936029715
100,500,"Target_Only",0.775684931506849
100,500,"Source1_Only",0.767123287671233
100,500,"Source2_Only",0.794520547945206
100,500,"Weighted",0.849315068493151
200,500,"Target_Only",0.792482380579483
200,500,"Source1_Only",0.673844949099452
200,500,"Source2_Only",0.770164447924824
200,500,"Weighted",0.815974941268598
300,500,"Target_Only",0.796875
300,500,"Source1_Only",0.701722756410256
300,500,"Source2_Only",0.78926282051282
300,500,"Weighted",0.831129807692308
100,1000,"Target_Only",0.793181818181818
100,1000,"Source1_Only",0.736363636363636
100,1000,"Source2_Only",0.777272727272727
100,1000,"Weighted",0.806818181818182
200,1000,"Target_Only",0.737874097007224
200,1000,"Source1_Only",0.645510835913313
200,1000,"Source2_Only",0.75593395252838
200,1000,"Weighted",0.787409700722394
300,1000,"Target_Only",0.730301665916254
300,1000,"Source1_Only",0.717694732102656
300,1000,"Source2_Only",0.756866276452049
300,1000,"Weighted",0.80031517334534
100,100,"Target_Only",0.784722222222222
100,100,"Source1_Only",0.532407407407407
100,100,"Source2_Only",0.740740740740741
100,100,"Weighted",0.810185185185185
200,100,"Target_Only",0.775254865616311
200,100,"Source1_Only",0.701112140871177
200,100,"Source2_Only",0.764596848934198
200,100,"Weighted",0.815569972196478
300,100,"Target_Only",0.714061887974931
300,100,"Source1_Only",0.660007833920877
300,100,"Source2_Only",0.669604386995691
300,100,"Weighted",0.733254994124559
100,300,"Target_Only",0.738819320214669
100,300,"Source1_Only",0.651162790697674
100,300,"Source2_Only",0.799642218246869
100,300,"Weighted",0.813953488372093
200,300,"Target_Only",0.815134099616858
200,300,"Source1_Only",0.692049808429119
200,300,"Source2_Only",0.834770114942529
200,300,"Weighted",0.863505747126437
300,300,"Target_Only",0.73730407523511
300,300,"Source1_Only",0.712434691745037
300,300,"Source2_Only",0.738975966562173
300,300,"Weighted",0.793312434691745
100,500,"Target_Only",0.745519713261649
100,500,"Source1_Only",0.652329749103943
100,500,"Source2_Only",0.777777777777778
100,500,"Weighted",0.792114695340502
200,500,"Target_Only",0.779368421052632
200,500,"Source1_Only",0.747789473684211
200,500,"Source2_Only",0.789894736842105
200,500,"Weighted",0.841263157894737
300,500,"Target_Only",0.836409395973154
300,500,"Source1_Only",0.723993288590604
300,500,"Source2_Only",0.781459731543624
300,500,"Weighted",0.855704697986577
100,1000,"Target_Only",0.58135593220339
100,1000,"Source1_Only",0.659322033898305
100,1000,"Source2_Only",0.857627118644068
100,1000,"Weighted",0.823728813559322
200,1000,"Target_Only",0.752969121140143
200,1000,"Source1_Only",0.675059382422803
200,1000,"Source2_Only",0.77624703087886
200,1000,"Weighted",0.809026128266033
300,1000,"Target_Only",0.780424856065118
300,1000,"Source1_Only",0.69049037125273
300,1000,"Source2_Only",0.771888028588446
300,1000,"Weighted",0.827873734365694
100,100,"Target_Only",0.691652470187394
100,100,"Source1_Only",0.669505962521295
100,100,"Source2_Only",0.65076660988075
100,100,"Weighted",0.746166950596252
200,100,"Target_Only",0.781326781326781
200,100,"Source1_Only",0.671253071253071
200,100,"Source2_Only",0.728746928746929
200,100,"Weighted",0.785257985257985
300,100,"Target_Only",0.759330511735283
300,100,"Source1_Only",0.590034628703347
300,100,"Source2_Only",0.608310888803386
300,100,"Weighted",0.729318968834167
100,300,"Target_Only",0.691810344827586
100,300,"Source1_Only",0.717672413793103
100,300,"Source2_Only",0.709051724137931
100,300,"Weighted",0.743534482758621
200,300,"Target_Only",0.801550387596899
200,300,"Source1_Only",0.645478036175711
200,300,"Source2_Only",0.84031007751938
200,300,"Weighted",0.841860465116279
300,300,"Target_Only",0.746695557963164
300,300,"Source1_Only",0.607367280606717
300,300,"Source2_Only",0.720476706392199
300,300,"Weighted",0.790465872156013
100,500,"Target_Only",0.784671532846715
100,500,"Source1_Only",0.731751824817518
100,500,"Source2_Only",0.835766423357664
100,500,"Weighted",0.843065693430657
200,500,"Target_Only",0.734047508150908
200,500,"Source1_Only",0.660456450861667
200,500,"Source2_Only",0.823940381928272
200,500,"Weighted",0.803912435957149
300,500,"Target_Only",0.749313186813187
300,500,"Source1_Only",0.660027472527473
300,500,"Source2_Only",0.755494505494505
300,500,"Weighted",0.813873626373626
100,1000,"Target_Only",0.724820143884892
100,1000,"Source1_Only",0.68705035971223
100,1000,"Source2_Only",0.757194244604317
100,1000,"Weighted",0.800359712230216
200,1000,"Target_Only",0.771032504780115
200,1000,"Source1_Only",0.722753346080306
200,1000,"Source2_Only",0.795889101338432
200,1000,"Weighted",0.817877629063098
300,1000,"Target_Only",0.800078400627205
300,1000,"Source1_Only",0.720893767150137
300,1000,"Source2_Only",0.823206585652685
300,1000,"Weighted",0.831634653077225
100,100,"Target_Only",0.669611307420495
100,100,"Source1_Only",0.6113074204947
100,100,"Source2_Only",0.662544169611307
100,100,"Weighted",0.704946996466431
200,100,"Target_Only",0.778361804643014
200,100,"Source1_Only",0.656592203241349
200,100,"Source2_Only",0.732369689005694
200,100,"Weighted",0.791064388961892
300,100,"Target_Only",0.756228124356599
300,100,"Source1_Only",0.682314185711344
300,100,"Source2_Only",0.731315626930204
300,100,"Weighted",0.812023883055384
100,300,"Target_Only",0.666136724960254
100,300,"Source1_Only",0.661367249602544
100,300,"Source2_Only",0.750397456279809
100,300,"Weighted",0.750397456279809
200,300,"Target_Only",0.742417383431417
200,300,"Source1_Only",0.642824807605251
200,300,"Source2_Only",0.786328655500226
200,300,"Weighted",0.808963331824355
300,300,"Target_Only",0.768548387096774
300,300,"Source1_Only",0.685685483870968
300,300,"Source2_Only",0.7875
300,300,"Weighted",0.811290322580645
100,500,"Target_Only",0.74025974025974
100,500,"Source1_Only",0.655844155844156
100,500,"Source2_Only",0.82034632034632
100,500,"Weighted",0.898268398268398
200,500,"Target_Only",0.797479356801391
200,500,"Source1_Only",0.723598435462842
200,500,"Source2_Only",0.755323772272925
200,500,"Weighted",0.806171229900043
300,500,"Target_Only",0.726929196499602
300,500,"Source1_Only",0.618337311058075
300,500,"Source2_Only",0.794152744630072
300,500,"Weighted",0.79315831344471
100,1000,"Target_Only",0.797153024911032
100,1000,"Source1_Only",0.774021352313167
100,1000,"Source2_Only",0.873665480427046
100,1000,"Weighted",0.884341637010676
200,1000,"Target_Only",0.763352149370387
200,1000,"Source1_Only",0.67867998263135
200,1000,"Source2_Only",0.792878853669127
200,1000,"Weighted",0.803300043421624
300,1000,"Target_Only",0.731552441427633
300,1000,"Source1_Only",0.658200131377272
300,1000,"Source2_Only",0.739873001970659
300,1000,"Weighted",0.784979198598643
100,100,"Target_Only",0.593247588424437
100,100,"Source1_Only",0.572347266881029
100,100,"Source2_Only",0.610932475884244
100,100,"Weighted",0.686495176848875
200,100,"Target_Only",0.766726137377342
200,100,"Source1_Only",0.586083853702052
200,100,"Source2_Only",0.752007136485281
200,100,"Weighted",0.811329170383586
300,100,"Target_Only",0.78266073871409
300,100,"Source1_Only",0.667920656634747
300,100,"Source2_Only",0.706395348837209
300,100,"Weighted",0.801299589603283
100,300,"Target_Only",0.607445008460237
100,300,"Source1_Only",0.66497461928934
100,300,"Source2_Only",0.774957698815567
100,300,"Weighted",0.756345177664975
200,300,"Target_Only",0.733190578158458
200,300,"Source1_Only",0.724197002141328
200,300,"Source2_Only",0.761456102783726
200,300,"Weighted",0.830406852248394
300,300,"Target_Only",0.756031128404669
300,300,"Source1_Only",0.746692607003891
300,300,"Source2_Only",0.679961089494163
300,300,"Weighted",0.789105058365759
100,500,"Target_Only",0.666095890410959
100,500,"Source1_Only",0.678082191780822
100,500,"Source2_Only",0.76541095890411
100,500,"Weighted",0.785958904109589
200,500,"Target_Only",0.688372093023256
200,500,"Source1_Only",0.70077519379845
200,500,"Source2_Only",0.748837209302326
200,500,"Weighted",0.734883720930233
300,500,"Target_Only",0.761363636363636
300,500,"Source1_Only",0.68597027972028
300,500,"Source2_Only",0.749125874125874
300,500,"Weighted",0.772945804195804
100,1000,"Target_Only",0.552083333333333
100,1000,"Source1_Only",0.663194444444444
100,1000,"Source2_Only",0.743055555555556
100,1000,"Weighted",0.736111111111111
200,1000,"Target_Only",0.684316691880988
200,1000,"Source1_Only",0.685325264750378
200,1000,"Source2_Only",0.771053958648512
200,1000,"Weighted",0.763993948562784
300,1000,"Target_Only",0.740963855421687
300,1000,"Source1_Only",0.712592304702682
300,1000,"Source2_Only",0.771278663039254
300,1000,"Weighted",0.809949475320637
100,100,"Target_Only",0.728260869565217
100,100,"Source1_Only",0.646739130434783
100,100,"Source2_Only",0.638586956521739
100,100,"Weighted",0.744565217391304
200,100,"Target_Only",0.747858017135863
200,100,"Source1_Only",0.584659322725418
200,100,"Source2_Only",0.698898408812729
200,100,"Weighted",0.753569971440228
300,100,"Target_Only",0.771434546214973
300,100,"Source1_Only",0.648264324550397
300,100,"Source2_Only",0.752613969050606
300,100,"Weighted",0.805102467586784
100,300,"Target_Only",0.765714285714286
100,300,"Source1_Only",0.683809523809524
100,300,"Source2_Only",0.739047619047619
100,300,"Weighted",0.782857142857143
200,300,"Target_Only",0.695054945054945
200,300,"Source1_Only",0.725274725274725
200,300,"Source2_Only",0.792124542124542
200,300,"Weighted",0.819139194139194
300,300,"Target_Only",0.776536312849162
300,300,"Source1_Only",0.734237829209896
300,300,"Source2_Only",0.737430167597765
300,300,"Weighted",0.795690343176377
100,500,"Target_Only",0.782472613458529
100,500,"Source1_Only",0.77151799687011
100,500,"Source2_Only",0.834115805946792
100,500,"Weighted",0.843505477308294
200,500,"Target_Only",0.745197168857432
200,500,"Source1_Only",0.622345803842265
200,500,"Source2_Only",0.761880687563195
200,500,"Weighted",0.789686552072801
300,500,"Target_Only",0.751499571550985
300,500,"Source1_Only",0.6426735218509
300,500,"Source2_Only",0.744001713796058
300,500,"Weighted",0.800985432733505
100,1000,"Target_Only",0.750511247443763
100,1000,"Source1_Only",0.797546012269939
100,1000,"Source2_Only",0.848670756646217
100,1000,"Weighted",0.840490797546012
200,1000,"Target_Only",0.725756910925845
200,1000,"Source1_Only",0.634050021939447
200,1000,"Source2_Only",0.81483106625713
200,1000,"Weighted",0.826678367705134
300,1000,"Target_Only",0.762802130274478
300,1000,"Source1_Only",0.704219582138468
300,1000,"Source2_Only",0.793527242933224
300,1000,"Weighted",0.821794346579271
100,100,"Target_Only",0.655518394648829
100,100,"Source1_Only",0.675585284280936
100,100,"Source2_Only",0.745819397993311
100,100,"Weighted",0.760869565217391
200,100,"Target_Only",0.77481736140954
200,100,"Source1_Only",0.547486033519553
200,100,"Source2_Only",0.720240653201547
200,100,"Weighted",0.794155565105286
300,100,"Target_Only",0.797194140705591
300,100,"Source1_Only",0.590055704559521
300,100,"Source2_Only",0.747885289870023
300,100,"Weighted",0.781926965133072
100,300,"Target_Only",0.677704194260486
100,300,"Source1_Only",0.721854304635762
100,300,"Source2_Only",0.726269315673289
100,300,"Weighted",0.801324503311258
200,300,"Target_Only",0.791882963662105
200,300,"Source1_Only",0.716375648890986
200,300,"Source2_Only",0.788579518640868
200,300,"Weighted",0.837659273242095
300,300,"Target_Only",0.789081885856079
300,300,"Source1_Only",0.6404052936311
300,300,"Source2_Only",0.759511993382961
300,300,"Weighted",0.804590570719603
100,500,"Target_Only",0.791762013729977
100,500,"Source1_Only",0.622425629290618
100,500,"Source2_Only",0.764302059496567
100,500,"Weighted",0.835240274599542
200,500,"Target_Only",0.742175856929955
200,500,"Source1_Only",0.657228017883756
200,500,"Source2_Only",0.758072528564332
200,500,"Weighted",0.763537009438649
300,500,"Target_Only",0.751939567170274
300,500,"Source1_Only",0.592690894242548
300,500,"Source2_Only",0.742547978766844
300,500,"Weighted",0.776031033074724
100,1000,"Target_Only",0.794117647058824
100,1000,"Source1_Only",0.662745098039216
100,1000,"Source2_Only",0.852941176470588
100,1000,"Weighted",0.886274509803922
200,1000,"Target_Only",0.774703557312253
200,1000,"Source1_Only",0.759387351778656
200,1000,"Source2_Only",0.778656126482213
200,1000,"Weighted",0.842885375494071
300,1000,"Target_Only",0.807640362724291
300,1000,"Source1_Only",0.712521705575921
300,1000,"Source2_Only",0.817866100713872
300,1000,"Weighted",0.84449160717731
100,100,"Target_Only",0.764423076923077
100,100,"Source1_Only",0.723557692307692
100,100,"Source2_Only",0.877403846153846
100,100,"Weighted",0.899038461538462
200,100,"Target_Only",0.714678899082569
200,100,"Source1_Only",0.655045871559633
200,100,"Source2_Only",0.772018348623853
200,100,"Weighted",0.76697247706422
300,100,"Target_Only",0.798533306172337
300,100,"Source1_Only",0.631696883275616
300,100,"Source2_Only",0.777958851089835
300,100,"Weighted",0.836219189244245
100,300,"Target_Only",0.683301343570058
100,300,"Source1_Only",0.687140115163148
100,300,"Source2_Only",0.660268714011516
100,300,"Weighted",0.758157389635317
200,300,"Target_Only",0.740429505135388
200,300,"Source1_Only",0.57609710550887
200,300,"Source2_Only",0.778711484593838
200,300,"Weighted",0.797852474323063
300,300,"Target_Only",0.825521371051001
300,300,"Source1_Only",0.750154862688416
300,300,"Source2_Only",0.811686970885815
300,300,"Weighted",0.860830064009911
100,500,"Target_Only",0.628336755646817
100,500,"Source1_Only",0.683778234086242
100,500,"Source2_Only",0.665297741273101
100,500,"Weighted",0.753593429158111
200,500,"Target_Only",0.704803022126282
200,500,"Source1_Only",0.581759309228278
200,500,"Source2_Only",0.768483540205073
200,500,"Weighted",0.779816513761468
300,500,"Target_Only",0.776676007760293
300,500,"Source1_Only",0.629877128691528
300,500,"Source2_Only",0.776891571459366
300,500,"Weighted",0.820435438672128
100,1000,"Target_Only",0.62843295638126
100,1000,"Source1_Only",0.563812600969305
100,1000,"Source2_Only",0.768982229402262
100,1000,"Weighted",0.723747980613893
200,1000,"Target_Only",0.772403982930299
200,1000,"Source1_Only",0.791844476055002
200,1000,"Source2_Only",0.745376955903272
200,1000,"Weighted",0.829302987197724
300,1000,"Target_Only",0.76895152679906
300,1000,"Source1_Only",0.619261157377749
300,1000,"Source2_Only",0.77642536835362
300,1000,"Weighted",0.779201366645313
100,100,"Target_Only",0.635897435897436
100,100,"Source1_Only",0.593162393162393
100,100,"Source2_Only",0.622222222222222
100,100,"Weighted",0.68034188034188
200,100,"Target_Only",0.754680748919827
200,100,"Source1_Only",0.694671147383581
200,100,"Source2_Only",0.744119059049448
200,100,"Weighted",0.814690350456073
300,100,"Target_Only",0.714535561601244
300,100,"Source1_Only",0.693354061406918
300,100,"Source2_Only",0.71725612125923
300,100,"Weighted",0.793626117372717
100,300,"Target_Only",0.892778993435449
100,300,"Source1_Only",0.783369803063457
100,300,"Source2_Only",0.816192560175055
100,300,"Weighted",0.934354485776805
200,300,"Target_Only",0.720283257460799
200,300,"Source1_Only",0.672230652503794
200,300,"Source2_Only",0.6848760748609
200,300,"Weighted",0.772382397572079
300,300,"Target_Only",0.783701777199827
300,300,"Source1_Only",0.672301690507152
300,300,"Source2_Only",0.73146944083225
300,300,"Weighted",0.810576506285219
100,500,"Target_Only",0.570915619389587
100,500,"Source1_Only",0.763016157989228
100,500,"Source2_Only",0.754039497307002
100,500,"Weighted",0.73967684021544
200,500,"Target_Only",0.696471725471242
200,500,"Source1_Only",0.671338811019816
200,500,"Source2_Only",0.726437892701788
200,500,"Weighted",0.774770420492992
300,500,"Target_Only",0.791648254529386
300,500,"Source1_Only",0.628811312417145
300,500,"Source2_Only",0.762262483429076
300,500,"Weighted",0.795625276182059
100,1000,"Target_Only",0.763736263736264
100,1000,"Source1_Only",0.6996336996337
100,1000,"Source2_Only",0.811355311355311
100,1000,"Weighted",0.798534798534799
200,1000,"Target_Only",0.770017793594306
200,1000,"Source1_Only",0.691725978647687
200,1000,"Source2_Only",0.810053380782918
200,1000,"Weighted",0.818060498220641
300,1000,"Target_Only",0.791306182738974
300,1000,"Source1_Only",0.714074699303651
300,1000,"Source2_Only",0.778856298797215
300,1000,"Weighted",0.830554969402828
100,100,"Target_Only",0.801470588235294
100,100,"Source1_Only",0.666666666666667
100,100,"Source2_Only",0.720588235294118
100,100,"Weighted",0.806372549019608
200,100,"Target_Only",0.74075723830735
200,100,"Source1_Only",0.674387527839644
200,100,"Source2_Only",0.766592427616926
200,100,"Weighted",0.798218262806236
300,100,"Target_Only",0.770696843359142
300,100,"Source1_Only",0.644629739924558
300,100,"Source2_Only",0.721461187214612
300,100,"Weighted",0.786976374826285
100,300,"Target_Only",0.676148796498906
100,300,"Source1_Only",0.595185995623632
100,300,"Source2_Only",0.774617067833698
100,300,"Weighted",0.772428884026258
200,300,"Target_Only",0.698096502877379
200,300,"Source1_Only",0.68747233289066
200,300,"Source2_Only",0.741035856573705
200,300,"Weighted",0.771137671536078
300,300,"Target_Only",0.798534072900158
300,300,"Source1_Only",0.6479793977813
300,300,"Source2_Only",0.7763470681458
300,300,"Weighted",0.826465927099842
100,500,"Target_Only",0.766932270916335
100,500,"Source1_Only",0.729083665338645
100,500,"Source2_Only",0.808764940239044
100,500,"Weighted",0.862549800796813
200,500,"Target_Only",0.751180358829084
200,500,"Source1_Only",0.754957507082153
200,500,"Source2_Only",0.796033994334278
200,500,"Weighted",0.818224740321058
300,500,"Target_Only",0.790746338060916
300,500,"Source1_Only",0.695419669844222
300,500,"Source2_Only",0.828877005347594
300,500,"Weighted",0.846082306440363
100,1000,"Target_Only",0.695564516129032
100,1000,"Source1_Only",0.69758064516129
100,1000,"Source2_Only",0.731854838709677
100,1000,"Weighted",0.772177419354839
200,1000,"Target_Only",0.7455919395466
200,1000,"Source1_Only",0.66095717884131
200,1000,"Source2_Only",0.752141057934509
200,1000,"Weighted",0.798488664987406
300,1000,"Target_Only",0.76894724717807
300,1000,"Source1_Only",0.742225293711126
300,1000,"Source2_Only",0.702603086846349
300,1000,"Weighted",0.79751209398756
100,100,"Target_Only",0.610603290676417
100,100,"Source1_Only",0.705667276051188
100,100,"Source2_Only",0.70018281535649
100,100,"Weighted",0.705667276051188
200,100,"Target_Only",0.774452164617851
200,100,"Source1_Only",0.699625868519508
200,100,"Source2_Only",0.672367717797969
200,100,"Weighted",0.749331908070551
300,100,"Target_Only",0.766041666666667
300,100,"Source1_Only",0.642916666666667
300,100,"Source2_Only",0.743541666666667
300,100,"Weighted",0.797291666666667
100,300,"Target_Only",0.818030050083473
100,300,"Source1_Only",0.656093489148581
100,300,"Source2_Only",0.853088480801335
100,300,"Weighted",0.846410684474123
200,300,"Target_Only",0.750386797318205
200,300,"Source1_Only",0.710675605982465
200,300,"Source2_Only",0.812790097988654
200,300,"Weighted",0.8308406395049
300,300,"Target_Only",0.770526315789474
300,300,"Source1_Only",0.658947368421053
300,300,"Source2_Only",0.731578947368421
300,300,"Weighted",0.790736842105263
100,500,"Target_Only",0.769406392694064
100,500,"Source1_Only",0.643835616438356
100,500,"Source2_Only",0.872146118721461
100,500,"Weighted",0.865296803652968
200,500,"Target_Only",0.822596153846154
200,500,"Source1_Only",0.714903846153846
200,500,"Source2_Only",0.864423076923077
200,500,"Weighted",0.867788461538462
300,500,"Target_Only",0.75751148815836
300,500,"Source1_Only",0.678685047720042
300,500,"Source2_Only",0.75326970661011
300,500,"Weighted",0.794096854012018
100,1000,"Target_Only",0.759226713532513
100,1000,"Source1_Only",0.759226713532513
100,1000,"Source2_Only",0.797891036906854
100,1000,"Weighted",0.864674868189807
200,1000,"Target_Only",0.747003424657534
200,1000,"Source1_Only",0.728167808219178
200,1000,"Source2_Only",0.8125
200,1000,"Weighted",0.842037671232877
300,1000,"Target_Only",0.782924802658912
300,1000,"Source1_Only",0.718737017033652
300,1000,"Source2_Only",0.781055255504778
300,1000,"Weighted",0.815538014125467
100,100,"Target_Only",0.699421965317919
100,100,"Source1_Only",0.69364161849711
100,100,"Source2_Only",0.747591522157996
100,100,"Weighted",0.797687861271676
200,100,"Target_Only",0.704265402843602
200,100,"Source1_Only",0.622748815165877
200,100,"Source2_Only",0.722274881516588
200,100,"Weighted",0.769668246445498
300,100,"Target_Only",0.765647445105684
300,100,"Source1_Only",0.62979683972912
300,100,"Source2_Only",0.695464806074287
300,100,"Weighted",0.769751693002257
100,300,"Target_Only",0.723327305605787
100,300,"Source1_Only",0.665461121157324
100,300,"Source2_Only",0.790235081374322
100,300,"Weighted",0.806509945750452
200,300,"Target_Only",0.764705882352941
200,300,"Source1_Only",0.69636678200692
200,300,"Source2_Only",0.783737024221453
200,300,"Weighted",0.81401384083045
300,300,"Target_Only",0.775182481751825
300,300,"Source1_Only",0.656934306569343
300,300,"Source2_Only",0.831908237747654
300,300,"Weighted",0.835870698644421
100,500,"Target_Only",0.71536523929471
100,500,"Source1_Only",0.662468513853904
100,500,"Source2_Only",0.904282115869018
100,500,"Weighted",0.871536523929471
200,500,"Target_Only",0.698742956220199
200,500,"Source1_Only",0.653662765496316
200,500,"Source2_Only",0.812310359774599
200,500,"Weighted",0.810143042912874
300,500,"Target_Only",0.727876538386404
300,500,"Source1_Only",0.673959757765189
300,500,"Source2_Only",0.760500097675327
300,500,"Weighted",0.780035163117796
100,1000,"Target_Only",0.68904593639576
100,1000,"Source1_Only",0.708480565371025
100,1000,"Source2_Only",0.715547703180212
100,1000,"Weighted",0.742049469964664
200,1000,"Target_Only",0.677132146204311
200,1000,"Source1_Only",0.671040299906279
200,1000,"Source2_Only",0.76991565135895
200,1000,"Weighted",0.739925023430178
300,1000,"Target_Only",0.709962168978562
300,1000,"Source1_Only",0.715636822194199
300,1000,"Source2_Only",0.746952501050862
300,1000,"Weighted",0.775325767129046
100,100,"Target_Only",0.765880217785844
100,100,"Source1_Only",0.673321234119782
100,100,"Source2_Only",0.800362976406534
100,100,"Weighted",0.82032667876588
200,100,"Target_Only",0.752638243984804
200,100,"Source1_Only",0.577036724356269
200,100,"Source2_Only",0.640354579991558
200,100,"Weighted",0.7298438159561
300,100,"Target_Only",0.757696335078534
300,100,"Source1_Only",0.685445026178011
300,100,"Source2_Only",0.695916230366492
300,100,"Weighted",0.807958115183246
100,300,"Target_Only",0.790598290598291
100,300,"Source1_Only",0.700854700854701
100,300,"Source2_Only",0.754273504273504
100,300,"Weighted",0.844017094017094
200,300,"Target_Only",0.748474280732345
200,300,"Source1_Only",0.557977332170881
200,300,"Source2_Only",0.757628596338274
200,300,"Weighted",0.785963382737576
300,300,"Target_Only",0.792358471694339
300,300,"Source1_Only",0.724544908981796
300,300,"Source2_Only",0.793158631726345
300,300,"Weighted",0.848569713942789
100,500,"Target_Only",0.598650927487352
100,500,"Source1_Only",0.602023608768971
100,500,"Source2_Only",0.780775716694772
100,500,"Weighted",0.709949409780776
200,500,"Target_Only",0.792227979274611
200,500,"Source1_Only",0.658031088082902
200,500,"Source2_Only",0.775129533678756
200,500,"Weighted",0.825388601036269
300,500,"Target_Only",0.71825226000861
300,500,"Source1_Only",0.653465346534653
300,500,"Source2_Only",0.800904003443823
300,500,"Weighted",0.774214377959535
100,1000,"Target_Only",0.709864603481625
100,1000,"Source1_Only",0.682785299806576
100,1000,"Source2_Only",0.843326885880077
100,1000,"Weighted",0.820116054158607
200,1000,"Target_Only",0.694957563654518
200,1000,"Source1_Only",0.695456814777833
200,1000,"Source2_Only",0.773339990014978
200,1000,"Weighted",0.778332501248128
300,1000,"Target_Only",0.767210505372065
300,1000,"Source1_Only",0.694588141663351
300,1000,"Source2_Only",0.794269797055312
300,1000,"Weighted",0.831277357739753
100,100,"Target_Only",0.806988352745424
100,100,"Source1_Only",0.627287853577371
100,100,"Source2_Only",0.768718801996672
100,100,"Weighted",0.831946755407654
200,100,"Target_Only",0.717031500266951
200,100,"Source1_Only",0.623598505072077
200,100,"Source2_Only",0.764014949279231
200,100,"Weighted",0.778964228510411
300,100,"Target_Only",0.709331289519065
300,100,"Source1_Only",0.614677141214792
300,100,"Source2_Only",0.666027974707798
300,100,"Weighted",0.712588618509293
100,300,"Target_Only",0.748148148148148
100,300,"Source1_Only",0.690740740740741
100,300,"Source2_Only",0.827777777777778
100,300,"Weighted",0.822222222222222
200,300,"Target_Only",0.772321428571429
200,300,"Source1_Only",0.652901785714286
200,300,"Source2_Only",0.8046875
200,300,"Weighted",0.847098214285714
300,300,"Target_Only",0.765888606424775
300,300,"Source1_Only",0.735382482089207
300,300,"Source2_Only",0.737462445112087
300,300,"Weighted",0.794776981742547
100,500,"Target_Only",0.699596774193548
100,500,"Source1_Only",0.592741935483871
100,500,"Source2_Only",0.788306451612903
100,500,"Weighted",0.800403225806452
200,500,"Target_Only",0.712226871222687
200,500,"Source1_Only",0.616922361692236
200,500,"Source2_Only",0.718270571827057
200,500,"Weighted",0.754532775453278
300,500,"Target_Only",0.746111210441623
300,500,"Source1_Only",0.62149114965135
300,500,"Source2_Only",0.744144466297157
300,500,"Weighted",0.790273556231003
100,1000,"Target_Only",0.628230616302187
100,1000,"Source1_Only",0.747514910536779
100,1000,"Source2_Only",0.797216699801193
100,1000,"Weighted",0.783300198807157
200,1000,"Target_Only",0.748020493712157
200,1000,"Source1_Only",0.754541220307406
200,1000,"Source2_Only",0.768514205868654
200,1000,"Weighted",0.806707033069399
300,1000,"Target_Only",0.792249730893434
300,1000,"Source1_Only",0.716684607104413
300,1000,"Source2_Only",0.794617868675996
300,1000,"Weighted",0.83681377825619
100,100,"Target_Only",0.701570680628272
100,100,"Source1_Only",0.649214659685864
100,100,"Source2_Only",0.684118673647469
100,100,"Weighted",0.797556719022688
200,100,"Target_Only",0.811573409851746
200,100,"Source1_Only",0.710186513629842
200,100,"Source2_Only",0.702534672405548
200,100,"Weighted",0.823051171688187
300,100,"Target_Only",0.805837049047426
300,100,"Source1_Only",0.725172274017025
300,100,"Source2_Only",0.745034454803405
300,100,"Weighted",0.826915281718687
100,300,"Target_Only",0.669724770642202
100,300,"Source1_Only",0.655045871559633
100,300,"Source2_Only",0.765137614678899
100,300,"Weighted",0.781651376146789
200,300,"Target_Only",0.805963085660199
200,300,"Source1_Only",0.567439659252248
200,300,"Source2_Only",0.824893516327496
200,300,"Weighted",0.844770468528159
300,300,"Target_Only",0.764038348659754
300,300,"Source1_Only",0.625317941694385
300,300,"Source2_Only",0.752885932302876
300,300,"Weighted",0.782625709254549
100,500,"Target_Only",0.723728813559322
100,500,"Source1_Only",0.650847457627119
100,500,"Source2_Only",0.798305084745763
100,500,"Weighted",0.786440677966102
200,500,"Target_Only",0.746147260273973
200,500,"Source1_Only",0.680222602739726
200,500,"Source2_Only",0.757705479452055
200,500,"Weighted",0.805222602739726
300,500,"Target_Only",0.802938808373591
300,500,"Source1_Only",0.697463768115942
300,500,"Source2_Only",0.808977455716586
300,500,"Weighted",0.84158615136876
100,1000,"Target_Only",0.816283924843424
100,1000,"Source1_Only",0.722338204592902
100,1000,"Source2_Only",0.784968684759916
100,1000,"Weighted",0.864300626304802
200,1000,"Target_Only",0.758774097874444
200,1000,"Source1_Only",0.697973306969847
200,1000,"Source2_Only",0.75185368264953
200,1000,"Weighted",0.809194265941671
300,1000,"Target_Only",0.744795682343871
300,1000,"Source1_Only",0.69834232845027
300,1000,"Source2_Only",0.804163454124904
300,1000,"Weighted",0.819390902081727
100,100,"Target_Only",0.867684478371501
100,100,"Source1_Only",0.83206106870229
100,100,"Source2_Only",0.778625954198473
100,100,"Weighted",0.893129770992366
200,100,"Target_Only",0.732595666205625
200,100,"Source1_Only",0.722452743199631
200,100,"Source2_Only",0.671277086214846
200,100,"Weighted",0.77501152604887
300,100,"Target_Only",0.738137082601054
300,100,"Source1_Only",0.694395625854325
300,100,"Source2_Only",0.668228861550478
300,100,"Weighted",0.750634641671549
100,300,"Target_Only",0.691151919866444
100,300,"Source1_Only",0.684474123539232
100,300,"Source2_Only",0.706176961602671
100,300,"Weighted",0.734557595993322
200,300,"Target_Only",0.680755842864247
200,300,"Source1_Only",0.64395822973645
200,300,"Source2_Only",0.779214321233217
200,300,"Weighted",0.763799104922924
300,300,"Target_Only",0.760435168738899
300,300,"Source1_Only",0.689387211367673
300,300,"Source2_Only",0.719804618117229
300,300,"Weighted",0.793516873889876
100,500,"Target_Only",0.75809199318569
100,500,"Source1_Only",0.649063032367973
100,500,"Source2_Only",0.766609880749574
100,500,"Weighted",0.804088586030664
200,500,"Target_Only",0.757462686567164
200,500,"Source1_Only",0.660914179104478
200,500,"Source2_Only",0.77705223880597
200,500,"Weighted",0.826958955223881
300,500,"Target_Only",0.775825117873982
300,500,"Source1_Only",0.708101157308187
300,500,"Source2_Only",0.819117016716674
300,500,"Weighted",0.843334762108873
100,1000,"Target_Only",0.835740072202166
100,1000,"Source1_Only",0.649819494584838
100,1000,"Source2_Only",0.82129963898917
100,1000,"Weighted",0.86101083032491
200,1000,"Target_Only",0.713444553483808
200,1000,"Source1_Only",0.663395485770363
200,1000,"Source2_Only",0.763984298331698
200,1000,"Weighted",0.811579980372915
300,1000,"Target_Only",0.7679047814488
300,1000,"Source1_Only",0.679458239277652
300,1000,"Source2_Only",0.713113072029551
300,1000,"Weighted",0.801354401805869
100,100,"Target_Only",0.7152466367713
100,100,"Source1_Only",0.589686098654709
100,100,"Source2_Only",0.688340807174888
100,100,"Weighted",0.753363228699552
200,100,"Target_Only",0.765711645101664
200,100,"Source1_Only",0.686229205175601
200,100,"Source2_Only",0.713493530499076
200,100,"Weighted",0.791589648798521
300,100,"Target_Only",0.751740139211137
300,100,"Source1_Only",0.569500105462982
300,100,"Source2_Only",0.730014764817549
300,100,"Weighted",0.770723476059903
100,300,"Target_Only",0.711038961038961
100,300,"Source1_Only",0.691558441558442
100,300,"Source2_Only",0.797077922077922
100,300,"Weighted",0.839285714285714
200,300,"Target_Only",0.761037778789258
200,300,"Source1_Only",0.661356395084206
200,300,"Source2_Only",0.791989076012745
200,300,"Weighted",0.836140191169777
300,300,"Target_Only",0.799758502716844
300,300,"Source1_Only",0.706178305494063
300,300,"Source2_Only",0.831153149527068
300,300,"Weighted",0.856711611994365
100,500,"Target_Only",0.835164835164835
100,500,"Source1_Only",0.626373626373626
100,500,"Source2_Only",0.773626373626374
100,500,"Weighted",0.89010989010989
200,500,"Target_Only",0.77842850170815
200,500,"Source1_Only",0.756954612005857
200,500,"Source2_Only",0.800878477306003
200,500,"Weighted",0.858467545143973
300,500,"Target_Only",0.770690014592454
300,500,"Source1_Only",0.728788826349802
300,500,"Source2_Only",0.773400041692725
300,500,"Weighted",0.813216593704399
100,1000,"Target_Only",0.723327305605787
100,1000,"Source1_Only",0.650994575045208
100,1000,"Source2_Only",0.840867992766727
100,1000,"Weighted",0.810126582278481
200,1000,"Target_Only",0.761802575107296
200,1000,"Source1_Only",0.660944206008584
200,1000,"Source2_Only",0.795278969957081
200,1000,"Weighted",0.801287553648069
300,1000,"Target_Only",0.785112070738227
300,1000,"Source1_Only",0.712728768250051
300,1000,"Source2_Only",0.794159983549249
300,1000,"Weighted",0.839399547604359
100,100,"Target_Only",0.817447495961228
100,100,"Source1_Only",0.765751211631664
100,100,"Source2_Only",0.741518578352181
100,100,"Weighted",0.835218093699515
200,100,"Target_Only",0.79064039408867
200,100,"Source1_Only",0.708374384236453
200,100,"Source2_Only",0.715270935960591
200,100,"Weighted",0.817241379310345
300,100,"Target_Only",0.786574531095755
300,100,"Source1_Only",0.589141164856861
300,100,"Source2_Only",0.729516288252715
300,100,"Weighted",0.785192497532083
100,300,"Target_Only",0.635514018691589
100,300,"Source1_Only",0.757009345794392
100,300,"Source2_Only",0.613707165109034
100,300,"Weighted",0.772585669781931
200,300,"Target_Only",0.716628701594533
200,300,"Source1_Only",0.649202733485194
200,300,"Source2_Only",0.780410022779043
200,300,"Weighted",0.796355353075171
300,300,"Target_Only",0.811600619880452
300,300,"Source1_Only",0.651095860084127
300,300,"Source2_Only",0.744077927828205
300,300,"Weighted",0.81137923400487
100,500,"Target_Only",0.611451942740286
100,500,"Source1_Only",0.625766871165644
100,500,"Source2_Only",0.803680981595092
100,500,"Weighted",0.79959100204499
200,500,"Target_Only",0.741408934707904
200,500,"Source1_Only",0.655068728522337
200,500,"Source2_Only",0.755584192439863
200,500,"Weighted",0.81872852233677
300,500,"Target_Only",0.723574070469145
300,500,"Source1_Only",0.670624878333658
300,500,"Source2_Only",0.76017130620985
300,500,"Weighted",0.771461942768153
100,1000,"Target_Only",0.750642673521851
100,1000,"Source1_Only",0.737789203084833
100,1000,"Source2_Only",0.776349614395887
100,1000,"Weighted",0.804627249357327
200,1000,"Target_Only",0.752145381120646
200,1000,"Source1_Only",0.638566380615851
200,1000,"Source2_Only",0.765270065623423
200,1000,"Weighted",0.802624936900555
300,1000,"Target_Only",0.73820395738204
300,1000,"Source1_Only",0.698059360730594
300,1000,"Source2_Only",0.751331811263318
300,1000,"Weighted",0.801750380517504
100,100,"Target_Only",0.689189189189189
100,100,"Source1_Only",0.635135135135135
100,100,"Source2_Only",0.717905405405405
100,100,"Weighted",0.726351351351351
200,100,"Target_Only",0.684449958643507
200,100,"Source1_Only",0.6095947063689
200,100,"Source2_Only",0.747725392886683
200,100,"Weighted",0.758478081058726
300,100,"Target_Only",0.740817091454273
300,100,"Source1_Only",0.639617691154423
300,100,"Source2_Only",0.709332833583208
300,100,"Weighted",0.775862068965517
100,300,"Target_Only",0.785840707964602
100,300,"Source1_Only",0.814159292035398
100,300,"Source2_Only",0.817699115044248
100,300,"Weighted",0.876106194690266
200,300,"Target_Only",0.785532994923858
200,300,"Source1_Only",0.668358714043993
200,300,"Source2_Only",0.754653130287648
200,300,"Weighted",0.817681895093063
300,300,"Target_Only",0.797788645545397
300,300,"Source1_Only",0.683393578566872
300,300,"Source2_Only",0.762492026366149
300,300,"Weighted",0.83032107165639
100,500,"Target_Only",0.730693069306931
100,500,"Source1_Only",0.663366336633663
100,500,"Source2_Only",0.81980198019802
100,500,"Weighted",0.82970297029703
200,500,"Target_Only",0.736668044646548
200,500,"Source1_Only",0.669284828441505
200,500,"Source2_Only",0.746176105828855
200,500,"Weighted",0.789582472095907
300,500,"Target_Only",0.787103377686796
300,500,"Source1_Only",0.728761514841351
300,500,"Source2_Only",0.802047082906858
300,500,"Weighted",0.859774820880246
100,1000,"Target_Only",0.681895093062606
100,1000,"Source1_Only",0.715736040609137
100,1000,"Source2_Only",0.842639593908629
100,1000,"Weighted",0.812182741116751
200,1000,"Target_Only",0.755059678256357
200,1000,"Source1_Only",0.701089776855215
200,1000,"Source2_Only",0.751427088738972
200,1000,"Weighted",0.80747275557862
300,1000,"Target_Only",0.780345572354212
300,1000,"Source1_Only",0.736069114470842
300,1000,"Source2_Only",0.838012958963283
300,1000,"Weighted",0.841684665226782
100,100,"Target_Only",0.782608695652174
100,100,"Source1_Only",0.579130434782609
100,100,"Source2_Only",0.791304347826087
100,100,"Weighted",0.80695652173913
200,100,"Target_Only",0.688806316767301
200,100,"Source1_Only",0.577798420808175
200,100,"Source2_Only",0.709242916860195
200,100,"Weighted",0.805387830933581
300,100,"Target_Only",0.790463525835866
300,100,"Source1_Only",0.614741641337386
300,100,"Source2_Only",0.680091185410334
300,100,"Weighted",0.773366261398176
100,300,"Target_Only",0.730357142857143
100,300,"Source1_Only",0.717857142857143
100,300,"Source2_Only",0.817857142857143
100,300,"Weighted",0.857142857142857
200,300,"Target_Only",0.784341303328645
200,300,"Source1_Only",0.654946085325832
200,300,"Source2_Only",0.841068917018284
200,300,"Weighted",0.842006563525551
300,300,"Target_Only",0.76827058586672
300,300,"Source1_Only",0.669216831085162
300,300,"Source2_Only",0.791020736863298
300,300,"Weighted",0.814374874169519
100,500,"Target_Only",0.584830339321357
100,500,"Source1_Only",0.481037924151697
100,500,"Source2_Only",0.770459081836327
100,500,"Weighted",0.652694610778443
200,500,"Target_Only",0.817589576547231
200,500,"Source1_Only",0.706840390879479
200,500,"Source2_Only",0.815262912982783
200,500,"Weighted",0.840856212191717
300,500,"Target_Only",0.782785134557881
300,500,"Source1_Only",0.670226398974797
300,500,"Source2_Only",0.772960273387441
300,500,"Weighted",0.812473302007689
100,1000,"Target_Only",0.767535070140281
100,1000,"Source1_Only",0.703406813627255
100,1000,"Source2_Only",0.69939879759519
100,1000,"Weighted",0.801603206412826
200,1000,"Target_Only",0.802475247524753
200,1000,"Source1_Only",0.712376237623762
200,1000,"Source2_Only",0.767821782178218
200,1000,"Weighted",0.84009900990099
300,1000,"Target_Only",0.762362944730365
300,1000,"Source1_Only",0.682926829268293
300,1000,"Source2_Only",0.755426269859029
300,1000,"Weighted",0.798388901320206
100,100,"Target_Only",0.617117117117117
100,100,"Source1_Only",0.612612612612613
100,100,"Source2_Only",0.68018018018018
100,100,"Weighted",0.698198198198198
200,100,"Target_Only",0.7860765329645
200,100,"Source1_Only",0.674043337943753
200,100,"Source2_Only",0.718764407561088
200,100,"Weighted",0.800368833563854
300,100,"Target_Only",0.759718069201196
300,100,"Source1_Only",0.624305852199915
300,100,"Source2_Only",0.687953865869287
300,100,"Weighted",0.770824434002563
100,300,"Target_Only",0.754658385093168
100,300,"Source1_Only",0.692546583850932
100,300,"Source2_Only",0.739130434782609
100,300,"Weighted",0.81832298136646
200,300,"Target_Only",0.748815165876777
200,300,"Source1_Only",0.709004739336493
200,300,"Source2_Only",0.758767772511848
200,300,"Weighted",0.813270142180095
300,300,"Target_Only",0.813487475915222
300,300,"Source1_Only",0.641425818882466
300,300,"Source2_Only",0.812138728323699
300,300,"Weighted",0.835067437379576
100,500,"Target_Only",0.735655737704918
100,500,"Source1_Only",0.770491803278688
100,500,"Source2_Only",0.817622950819672
100,500,"Weighted",0.85655737704918
200,500,"Target_Only",0.776862906545904
200,500,"Source1_Only",0.697406340057637
200,500,"Source2_Only",0.785920131741457
200,500,"Weighted",0.826265953067106
300,500,"Target_Only",0.748569005723977
300,500,"Source1_Only",0.707017171931312
300,500,"Source2_Only",0.753232987068052
300,500,"Weighted",0.800084799660801
100,1000,"Target_Only",0.470308788598575
100,1000,"Source1_Only",0.672209026128266
100,1000,"Source2_Only",0.724465558194774
100,1000,"Weighted",0.786223277909739
200,1000,"Target_Only",0.701890989988877
200,1000,"Source1_Only",0.647942157953281
200,1000,"Source2_Only",0.775305895439377
200,1000,"Weighted",0.768631813125695
300,1000,"Target_Only",0.742636884759834
300,1000,"Source1_Only",0.707649733148844
300,1000,"Source2_Only",0.79778612373987
300,1000,"Weighted",0.820517888910852
100,100,"Target_Only",0.707119741100324
100,100,"Source1_Only",0.661812297734628
100,100,"Source2_Only",0.63915857605178
100,100,"Weighted",0.729773462783172
200,100,"Target_Only",0.740537848605578
200,100,"Source1_Only",0.564741035856574
200,100,"Source2_Only",0.675796812749004
200,100,"Weighted",0.73406374501992
300,100,"Target_Only",0.781109751121991
300,100,"Source1_Only",0.68359853121175
300,100,"Source2_Only",0.781313749490004
300,100,"Weighted",0.807017543859649
100,300,"Target_Only",0.50197628458498
100,300,"Source1_Only",0.535573122529644
100,300,"Source2_Only",0.743083003952569
100,300,"Weighted",0.650197628458498
200,300,"Target_Only",0.747010119595216
200,300,"Source1_Only",0.701931922723091
200,300,"Source2_Only",0.735970561177553
200,300,"Weighted",0.782888684452622
300,300,"Target_Only",0.807046632124352
300,300,"Source1_Only",0.683316062176166
300,300,"Source2_Only",0.775336787564767
300,300,"Weighted",0.82300518134715
100,500,"Target_Only",0.67578125
100,500,"Source1_Only",0.6796875
100,500,"Source2_Only",0.78515625
100,500,"Weighted",0.828125
200,500,"Target_Only",0.801025163094129
200,500,"Source1_Only",0.721808014911463
200,500,"Source2_Only",0.816402609506058
200,500,"Weighted",0.842031686859273
300,500,"Target_Only",0.768245125348189
300,500,"Source1_Only",0.680965645311049
300,500,"Source2_Only",0.793314763231198
300,500,"Weighted",0.810027855153203
100,1000,"Target_Only",0.668582375478927
100,1000,"Source1_Only",0.726053639846743
100,1000,"Source2_Only",0.695402298850575
100,1000,"Weighted",0.773946360153257
200,1000,"Target_Only",0.662660588479072
200,1000,"Source1_Only",0.701616245337754
200,1000,"Source2_Only",0.7882304185661
200,1000,"Weighted",0.782842934106921
300,1000,"Target_Only",0.797399041752225
300,1000,"Source1_Only",0.796030116358659
300,1000,"Source2_Only",0.808806753365275
300,1000,"Weighted",0.861054072553046
100,100,"Target_Only",0.68860353130016
100,100,"Source1_Only",0.775280898876405
100,100,"Source2_Only",0.703049759229534
100,100,"Weighted",0.788121990369181
200,100,"Target_Only",0.78125
200,100,"Source1_Only",0.699652777777778
200,100,"Source2_Only",0.761574074074074
200,100,"Weighted",0.818287037037037
300,100,"Target_Only",0.762827571019599
300,100,"Source1_Only",0.682448799823827
300,100,"Source2_Only",0.716141818982603
300,100,"Weighted",0.786170447038097
100,300,"Target_Only",0.730483271375465
100,300,"Source1_Only",0.585501858736059
100,300,"Source2_Only",0.743494423791822
100,300,"Weighted",0.762081784386617
200,300,"Target_Only",0.658200602668963
200,300,"Source1_Only",0.654326302195437
200,300,"Source2_Only",0.748600947051227
200,300,"Weighted",0.749031424881619
300,300,"Target_Only",0.706482593037215
300,300,"Source1_Only",0.668067226890756
300,300,"Source2_Only",0.738295318127251
300,300,"Weighted",0.772308923569428
100,500,"Target_Only",0.811363636363636
100,500,"Source1_Only",0.695454545454545
100,500,"Source2_Only",0.8
100,500,"Weighted",0.872727272727273
200,500,"Target_Only",0.72425678586816
200,500,"Source1_Only",0.731581214993537
200,500,"Source2_Only",0.798362774666092
200,500,"Weighted",0.81473502800517
300,500,"Target_Only",0.785896889646357
300,500,"Source1_Only",0.703877290157648
300,500,"Source2_Only",0.73924158500213
300,500,"Weighted",0.805922454196847
100,1000,"Target_Only",0.673357664233577
100,1000,"Source1_Only",0.680656934306569
100,1000,"Source2_Only",0.784671532846715
100,1000,"Weighted",0.822992700729927
200,1000,"Target_Only",0.692043222003929
200,1000,"Source1_Only",0.637033398821218
200,1000,"Source2_Only",0.753929273084479
200,1000,"Weighted",0.770628683693517
300,1000,"Target_Only",0.783256880733945
300,1000,"Source1_Only",0.714831804281346
300,1000,"Source2_Only",0.769686544342508
300,1000,"Weighted",0.810015290519878
100,100,"Target_Only",0.654450261780105
100,100,"Source1_Only",0.628272251308901
100,100,"Source2_Only",0.675392670157068
100,100,"Weighted",0.708551483420593
200,100,"Target_Only",0.723000824402308
200,100,"Source1_Only",0.653338829348722
200,100,"Source2_Only",0.680131904369332
200,100,"Weighted",0.71805441055235
300,100,"Target_Only",0.802662307333022
300,100,"Source1_Only",0.671181690798692
300,100,"Source2_Only",0.746146660439047
300,100,"Weighted",0.810602522185894
100,300,"Target_Only",0.652610441767068
100,300,"Source1_Only",0.520080321285141
100,300,"Source2_Only",0.801204819277108
100,300,"Weighted",0.730923694779116
200,300,"Target_Only",0.673636363636364
200,300,"Source1_Only",0.653636363636364
200,300,"Source2_Only",0.735909090909091
200,300,"Weighted",0.765454545454545
300,300,"Target_Only",0.745703669298653
300,300,"Source1_Only",0.657454714352067
300,300,"Source2_Only",0.745935903390618
300,300,"Weighted",0.80585229911751
100,500,"Target_Only",0.781629116117851
100,500,"Source1_Only",0.642980935875217
100,500,"Source2_Only",0.826689774696707
100,500,"Weighted",0.849220103986135
200,500,"Target_Only",0.71359649122807
200,500,"Source1_Only",0.714912280701754
200,500,"Source2_Only",0.72280701754386
200,500,"Weighted",0.782894736842105
300,500,"Target_Only",0.797136038186158
300,500,"Source1_Only",0.692124105011933
300,500,"Source2_Only",0.729008461705359
300,500,"Weighted",0.82837925797353
100,1000,"Target_Only",0.713607594936709
100,1000,"Source1_Only",0.631329113924051
100,1000,"Source2_Only",0.843354430379747
100,1000,"Weighted",0.840189873417722
200,1000,"Target_Only",0.78826895565093
200,1000,"Source1_Only",0.758226037195994
200,1000,"Source2_Only",0.777777777777778
200,1000,"Weighted",0.826418693371483
300,1000,"Target_Only",0.823810513193434
300,1000,"Source1_Only",0.706835653438604
300,1000,"Source2_Only",0.819031788905049
300,1000,"Weighted",0.865364637440266
100,100,"Target_Only",0.785714285714286
100,100,"Source1_Only",0.801393728222997
100,100,"Source2_Only",0.752613240418119
100,100,"Weighted",0.841463414634146
200,100,"Target_Only",0.717031738936075
200,100,"Source1_Only",0.635672776039338
200,100,"Source2_Only",0.62136790344211
200,100,"Weighted",0.741171211443898
300,100,"Target_Only",0.772473651580905
300,100,"Source1_Only",0.636288489357305
300,100,"Source2_Only",0.71750361644968
300,100,"Weighted",0.785079561892953
100,300,"Target_Only",0.721153846153846
100,300,"Source1_Only",0.596153846153846
100,300,"Source2_Only",0.706730769230769
100,300,"Weighted",0.767628205128205
200,300,"Target_Only",0.700930438635357
200,300,"Source1_Only",0.64599025254763
200,300,"Source2_Only",0.729286663712893
200,300,"Weighted",0.758529020824103
300,300,"Target_Only",0.808839538428043
300,300,"Source1_Only",0.775092532114087
300,300,"Source2_Only",0.791639451338994
300,300,"Weighted",0.848465055519268
100,500,"Target_Only",0.75
100,500,"Source1_Only",0.748188405797101
100,500,"Source2_Only",0.809782608695652
100,500,"Weighted",0.851449275362319
200,500,"Target_Only",0.71900826446281
200,500,"Source1_Only",0.616115702479339
200,500,"Source2_Only",0.734710743801653
200,500,"Weighted",0.76404958677686
300,500,"Target_Only",0.800036961744594
300,500,"Source1_Only",0.742007022731473
300,500,"Source2_Only",0.756791720569211
300,500,"Weighted",0.831639253372759
100,1000,"Target_Only",0.734774066797642
100,1000,"Source1_Only",0.701375245579568
100,1000,"Source2_Only",0.870333988212181
100,1000,"Weighted",0.844793713163065
200,1000,"Target_Only",0.763644773358002
200,1000,"Source1_Only",0.675300647548566
200,1000,"Source2_Only",0.820536540240518
200,1000,"Weighted",0.84736355226642
300,1000,"Target_Only",0.810687655343828
300,1000,"Source1_Only",0.75
300,1000,"Source2_Only",0.812137531068766
300,1000,"Weighted",0.851077050538525
100,100,"Target_Only",0.757314974182444
100,100,"Source1_Only",0.683304647160069
100,100,"Source2_Only",0.70223752151463
100,100,"Weighted",0.796901893287435
200,100,"Target_Only",0.787170561909498
200,100,"Source1_Only",0.683242168075584
200,100,"Source2_Only",0.591248135256092
200,100,"Weighted",0.787667826951765
300,100,"Target_Only",0.76461005905111
300,100,"Source1_Only",0.631236000814498
300,100,"Source2_Only",0.744451231928324
300,100,"Weighted",0.805538586845856
100,300,"Target_Only",0.778716216216216
100,300,"Source1_Only",0.626689189189189
100,300,"Source2_Only",0.810810810810811
100,300,"Weighted",0.853040540540541
200,300,"Target_Only",0.794132029339853
200,300,"Source1_Only",0.78679706601467
200,300,"Source2_Only",0.730562347188264
200,300,"Weighted",0.845965770171149
300,300,"Target_Only",0.81633060491116
300,300,"Source1_Only",0.679776402475544
300,300,"Source2_Only",0.76761828708325
300,300,"Weighted",0.830305450189659
100,500,"Target_Only",0.709323583180987
100,500,"Source1_Only",0.643510054844607
100,500,"Source2_Only",0.795246800731261
100,500,"Weighted",0.769652650822669
200,500,"Target_Only",0.737185056472633
200,500,"Source1_Only",0.721112076455256
200,500,"Source2_Only",0.763249348392702
200,500,"Weighted",0.790616854908775
300,500,"Target_Only",0.774630285357217
300,500,"Source1_Only",0.710268694022079
300,500,"Source2_Only",0.76275775880025
300,500,"Weighted",0.812955634242866
100,1000,"Target_Only",0.701492537313433
100,1000,"Source1_Only",0.66334991708126
100,1000,"Source2_Only",0.767827529021559
100,1000,"Weighted",0.791044776119403
200,1000,"Target_Only",0.675074818298418
200,1000,"Source1_Only",0.709277469003848
200,1000,"Source2_Only",0.695168875587858
200,1000,"Weighted",0.737494655835827
300,1000,"Target_Only",0.734866352201258
300,1000,"Source1_Only",0.736831761006289
300,1000,"Source2_Only",0.784001572327044
300,1000,"Weighted",0.816823899371069
100,100,"Target_Only",0.758687258687259
100,100,"Source1_Only",0.666023166023166
100,100,"Source2_Only",0.774131274131274
100,100,"Weighted",0.78957528957529
200,100,"Target_Only",0.697198755002223
200,100,"Source1_Only",0.593152512227657
200,100,"Source2_Only",0.685193419297466
200,100,"Weighted",0.726100489106269
300,100,"Target_Only",0.786961583236321
300,100,"Source1_Only",0.669615832363213
300,100,"Source2_Only",0.733410942956927
300,100,"Weighted",0.810710128055879
100,300,"Target_Only",0.715835140997831
100,300,"Source1_Only",0.817787418655098
100,300,"Source2_Only",0.746203904555315
100,300,"Weighted",0.822125813449024
200,300,"Target_Only",0.798011748757343
200,300,"Source1_Only",0.676909173068233
200,300,"Source2_Only",0.785359240849526
200,300,"Weighted",0.816990510619069
300,300,"Target_Only",0.778807180081065
300,300,"Source1_Only",0.699864890947693
300,300,"Source2_Only",0.781509361127195
300,300,"Weighted",0.813549507817024
100,500,"Target_Only",0.673745173745174
100,500,"Source1_Only",0.567567567567568
100,500,"Source2_Only",0.806949806949807
100,500,"Weighted",0.810810810810811
200,500,"Target_Only",0.752289156626506
200,500,"Source1_Only",0.665060240963855
200,500,"Source2_Only",0.750361445783132
200,500,"Weighted",0.782650602409639
300,500,"Target_Only",0.727430179692574
300,500,"Source1_Only",0.684563758389262
300,500,"Source2_Only",0.771162589305044
300,500,"Weighted",0.782853431478675
100,1000,"Target_Only",0.675977653631285
100,1000,"Source1_Only",0.662942271880819
100,1000,"Source2_Only",0.84171322160149
100,1000,"Weighted",0.793296089385475
200,1000,"Target_Only",0.731963087248322
200,1000,"Source1_Only",0.683724832214765
200,1000,"Source2_Only",0.74244966442953
200,1000,"Weighted",0.780620805369127
300,1000,"Target_Only",0.719448222265397
300,1000,"Source1_Only",0.613172721973965
300,1000,"Source2_Only",0.760637264425879
300,1000,"Weighted",0.759665824752283
100,100,"Target_Only",0.743119266055046
100,100,"Source1_Only",0.631192660550459
100,100,"Source2_Only",0.818348623853211
100,100,"Weighted",0.829357798165138
200,100,"Target_Only",0.769194974406701
200,100,"Source1_Only",0.711028385295486
200,100,"Source2_Only",0.729641693811075
200,100,"Weighted",0.815262912982783
300,100,"Target_Only",0.722497145032356
300,100,"Source1_Only",0.709173962695089
300,100,"Source2_Only",0.678340312143129
300,100,"Weighted",0.78283212790255
100,300,"Target_Only",0.739961759082218
100,300,"Source1_Only",0.726577437858509
100,300,"Source2_Only",0.806883365200765
100,300,"Weighted",0.845124282982792
200,300,"Target_Only",0.667635658914729
200,300,"Source1_Only",0.652131782945736
200,300,"Source2_Only",0.677325581395349
200,300,"Weighted",0.691860465116279
300,300,"Target_Only",0.779317476732161
300,300,"Source1_Only",0.654188210961737
300,300,"Source2_Only",0.758634953464323
300,300,"Weighted",0.807859358841779
100,500,"Target_Only",0.723707664884135
100,500,"Source1_Only",0.714795008912656
100,500,"Source2_Only",0.805704099821747
100,500,"Weighted",0.828877005347594
200,500,"Target_Only",0.752365052865888
200,500,"Source1_Only",0.696160267111853
200,500,"Source2_Only",0.7590428491931
200,500,"Weighted",0.800779076238175
300,500,"Target_Only",0.774121921679451
300,500,"Source1_Only",0.694388373031893
300,500,"Source2_Only",0.796931772305208
300,500,"Weighted",0.8304400484457
100,1000,"Target_Only",0.670611439842209
100,1000,"Source1_Only",0.678500986193294
100,1000,"Source2_Only",0.779092702169625
100,1000,"Weighted",0.785009861932939
200,1000,"Target_Only",0.767392458842273
200,1000,"Source1_Only",0.690918746680828
200,1000,"Source2_Only",0.76048858204992
200,1000,"Weighted",0.802442910249602
300,1000,"Target_Only",0.722808441558442
300,1000,"Source1_Only",0.68161525974026
300,1000,"Source2_Only",0.757711038961039
300,1000,"Weighted",0.788149350649351
100,100,"Target_Only",0.805993690851735
100,100,"Source1_Only",0.742902208201893
100,100,"Source2_Only",0.812302839116719
100,100,"Weighted",0.856466876971609
200,100,"Target_Only",0.643473260494537
200,100,"Source1_Only",0.591719378953422
200,100,"Source2_Only",0.739505462909718
200,100,"Weighted",0.713628522139161
300,100,"Target_Only",0.778210116731518
300,100,"Source1_Only",0.670862897688258
300,100,"Source2_Only",0.680476081483177
300,100,"Weighted",0.767910276951247
100,300,"Target_Only",0.745490981963928
100,300,"Source1_Only",0.67935871743487
100,300,"Source2_Only",0.657314629258517
100,300,"Weighted",0.751503006012024
200,300,"Target_Only",0.721264367816092
200,300,"Source1_Only",0.636015325670498
200,300,"Source2_Only",0.68007662835249
200,300,"Weighted",0.719827586206897
300,300,"Target_Only",0.828363636363636
300,300,"Source1_Only",0.694060606060606
300,300,"Source2_Only",0.824
300,300,"Weighted",0.871272727272727
100,500,"Target_Only",0.665207877461707
100,500,"Source1_Only",0.689277899343545
100,500,"Source2_Only",0.792122538293217
100,500,"Weighted",0.811816192560175
200,500,"Target_Only",0.744375299186213
200,500,"Source1_Only",0.697462900909526
200,500,"Source2_Only",0.82910483484921
200,500,"Weighted",0.826711345141216
300,500,"Target_Only",0.795127353266888
300,500,"Source1_Only",0.716057585825028
300,500,"Source2_Only",0.761904761904762
300,500,"Weighted",0.814396456256921
100,1000,"Target_Only",0.683823529411765
100,1000,"Source1_Only",0.740808823529412
100,1000,"Source2_Only",0.795955882352941
100,1000,"Weighted",0.832720588235294
200,1000,"Target_Only",0.778178075141534
200,1000,"Source1_Only",0.679876479670612
200,1000,"Source2_Only",0.748327328872877
200,1000,"Weighted",0.7874420998456
300,1000,"Target_Only",0.702262634806513
300,1000,"Source1_Only",0.684711355466272
300,1000,"Source2_Only",0.753859166842884
300,1000,"Weighted",0.775216747726792
100,100,"Target_Only",0.644688644688645
100,100,"Source1_Only",0.584249084249084
100,100,"Source2_Only",0.833333333333333
100,100,"Weighted",0.805860805860806
200,100,"Target_Only",0.747540983606557
200,100,"Source1_Only",0.616393442622951
200,100,"Source2_Only",0.655269320843091
200,100,"Weighted",0.740515222482436
300,100,"Target_Only",0.775732788002727
300,100,"Source1_Only",0.753010679391047
300,100,"Source2_Only",0.754601226993865
300,100,"Weighted",0.807543740059077
100,300,"Target_Only",0.698175787728027
100,300,"Source1_Only",0.704809286898839
100,300,"Source2_Only",0.772802653399668
100,300,"Weighted",0.777777777777778
200,300,"Target_Only",0.781415503129514
200,300,"Source1_Only",0.718343765045739
200,300,"Source2_Only",0.78960038517092
200,300,"Weighted",0.826673086181993
300,300,"Target_Only",0.797205670844463
300,300,"Source1_Only",0.661393055270187
300,300,"Source2_Only",0.788370659543867
300,300,"Weighted",0.826587220053421
100,500,"Target_Only",0.774744027303754
100,500,"Source1_Only",0.755972696245734
100,500,"Source2_Only",0.805460750853242
100,500,"Weighted",0.83617747440273
200,500,"Target_Only",0.747582205029014
200,500,"Source1_Only",0.664893617021277
200,500,"Source2_Only",0.735493230174081
200,500,"Weighted",0.800773694390716
300,500,"Target_Only",0.769678714859438
300,500,"Source1_Only",0.681325301204819
300,500,"Source2_Only",0.788152610441767
300,500,"Weighted",0.817871485943775
100,1000,"Target_Only",0.79664570230608
100,1000,"Source1_Only",0.683438155136268
100,1000,"Source2_Only",0.849056603773585
100,1000,"Weighted",0.878406708595388
200,1000,"Target_Only",0.749675184062365
200,1000,"Source1_Only",0.714595062797748
200,1000,"Source2_Only",0.76396708531832
200,1000,"Weighted",0.776526634906886
300,1000,"Target_Only",0.766394221630869
300,1000,"Source1_Only",0.661471203193309
300,1000,"Source2_Only",0.76924539061015
300,1000,"Weighted",0.819235886713553
100,100,"Target_Only",0.707253886010363
100,100,"Source1_Only",0.792746113989637
100,100,"Source2_Only",0.709844559585492
100,100,"Weighted",0.795336787564767
200,100,"Target_Only",0.78328668532587
200,100,"Source1_Only",0.682526989204318
200,100,"Source2_Only",0.716113554578169
200,100,"Weighted",0.817273090763694
300,100,"Target_Only",0.727777777777778
300,100,"Source1_Only",0.639111111111111
300,100,"Source2_Only",0.737333333333333
300,100,"Weighted",0.768888888888889
100,300,"Target_Only",0.645161290322581
100,300,"Source1_Only",0.640067911714771
100,300,"Source2_Only",0.814940577249575
100,300,"Weighted",0.748726655348047
200,300,"Target_Only",0.72717788210746
200,300,"Source1_Only",0.577464788732394
200,300,"Source2_Only",0.716744913928013
200,300,"Weighted",0.755346896191967
300,300,"Target_Only",0.775410476935106
300,300,"Source1_Only",0.634480062548866
300,300,"Source2_Only",0.776192337763878
300,300,"Weighted",0.802189210320563
100,500,"Target_Only",0.729349736379613
100,500,"Source1_Only",0.775043936731107
100,500,"Source2_Only",0.840070298769771
100,500,"Weighted",0.845342706502636
200,500,"Target_Only",0.699504950495049
200,500,"Source1_Only",0.725247524752475
200,500,"Source2_Only",0.721782178217822
200,500,"Weighted",0.792574257425743
300,500,"Target_Only",0.729494614747307
300,500,"Source1_Only",0.692419221209611
300,500,"Source2_Only",0.778997514498757
300,500,"Weighted",0.796188898094449
100,1000,"Target_Only",0.692307692307692
100,1000,"Source1_Only",0.688888888888889
100,1000,"Source2_Only",0.72991452991453
100,1000,"Weighted",0.796581196581197
200,1000,"Target_Only",0.752297794117647
200,1000,"Source1_Only",0.664522058823529
200,1000,"Source2_Only",0.761488970588235
200,1000,"Weighted",0.798253676470588
300,1000,"Target_Only",0.759396803961287
300,1000,"Source1_Only",0.763673193787981
300,1000,"Source2_Only",0.776502363268062
300,1000,"Weighted",0.836596893990547
100,100,"Target_Only",0.772727272727273
100,100,"Source1_Only",0.570909090909091
100,100,"Source2_Only",0.732727272727273
100,100,"Weighted",0.781818181818182
200,100,"Target_Only",0.772929652715939
200,100,"Source1_Only",0.653606411398041
200,100,"Source2_Only",0.716384683882458
200,100,"Weighted",0.780053428317008
300,100,"Target_Only",0.767806578087563
300,100,"Source1_Only",0.611195817904596
300,100,"Source2_Only",0.757569157046395
300,100,"Weighted",0.809191897190155
100,300,"Target_Only",0.805825242718447
100,300,"Source1_Only",0.6957928802589
100,300,"Source2_Only",0.838187702265372
100,300,"Weighted",0.828478964401294
200,300,"Target_Only",0.765250544662309
200,300,"Source1_Only",0.651416122004357
200,300,"Source2_Only",0.717320261437909
200,300,"Weighted",0.793572984749455
300,300,"Target_Only",0.773072747014115
300,300,"Source1_Only",0.624972855591748
300,300,"Source2_Only",0.76742671009772
300,300,"Weighted",0.794788273615635
100,500,"Target_Only",0.737945492662474
100,500,"Source1_Only",0.70230607966457
100,500,"Source2_Only",0.679245283018868
100,500,"Weighted",0.830188679245283
200,500,"Target_Only",0.695170580416482
200,500,"Source1_Only",0.664155959237926
200,500,"Source2_Only",0.7766947275144
200,500,"Weighted",0.800177226406735
300,500,"Target_Only",0.800817380081738
300,500,"Source1_Only",0.722305872230587
300,500,"Source2_Only",0.823617982361798
300,500,"Weighted",0.859539685953969
100,1000,"Target_Only",0.561433447098976
100,1000,"Source1_Only",0.578498293515358
100,1000,"Source2_Only",0.745733788395904
100,1000,"Weighted",0.725255972696246
200,1000,"Target_Only",0.690629011553273
200,1000,"Source1_Only",0.738125802310655
200,1000,"Source2_Only",0.802738553701327
200,1000,"Weighted",0.801026957637997
300,1000,"Target_Only",0.796326905417815
300,1000,"Source1_Only",0.669237832874196
300,1000,"Source2_Only",0.786776859504132
300,1000,"Weighted",0.834159779614325
100,100,"Target_Only",0.66504854368932
100,100,"Source1_Only",0.572815533980582
100,100,"Source2_Only",0.73462783171521
100,100,"Weighted",0.729773462783172
200,100,"Target_Only",0.791247484909457
200,100,"Source1_Only",0.633299798792757
200,100,"Source2_Only",0.770623742454728
200,100,"Weighted",0.845573440643863
300,100,"Target_Only",0.766390354182366
300,100,"Source1_Only",0.598907309721176
300,100,"Source2_Only",0.723813112283346
300,100,"Weighted",0.769781461944235
100,300,"Target_Only",0.646362098138748
100,300,"Source1_Only",0.780033840947546
100,300,"Source2_Only",0.808798646362098
100,300,"Weighted",0.820642978003384
200,300,"Target_Only",0.801080108010801
200,300,"Source1_Only",0.59000900090009
200,300,"Source2_Only",0.765526552655265
200,300,"Weighted",0.812331233123312
300,300,"Target_Only",0.821562734785875
300,300,"Source1_Only",0.702103681442524
300,300,"Source2_Only",0.790570999248685
300,300,"Weighted",0.841096919609316
100,500,"Target_Only",0.58712715855573
100,500,"Source1_Only",0.69701726844584
100,500,"Source2_Only",0.755102040816326
100,500,"Weighted",0.729984301412873
200,500,"Target_Only",0.718437351119581
200,500,"Source1_Only",0.639828489757027
200,500,"Source2_Only",0.800857551214864
200,500,"Weighted",0.814197236779419
300,500,"Target_Only",0.770864621325896
300,500,"Source1_Only",0.652864192233426
300,500,"Source2_Only",0.809053851104913
300,500,"Weighted",0.837373954087106
100,1000,"Target_Only",0.719465648854962
100,1000,"Source1_Only",0.656488549618321
100,1000,"Source2_Only",0.780534351145038
100,1000,"Weighted",0.809160305343511
200,1000,"Target_Only",0.766524520255863
200,1000,"Source1_Only",0.743070362473348
200,1000,"Source2_Only",0.808102345415778
200,1000,"Weighted",0.849147121535181
300,1000,"Target_Only",0.727829391891892
300,1000,"Source1_Only",0.687711148648649
300,1000,"Source2_Only",0.799831081081081
300,1000,"Weighted",0.814822635135135
100,100,"Target_Only",0.720136518771331
100,100,"Source1_Only",0.616040955631399
100,100,"Source2_Only",0.778156996587031
100,100,"Weighted",0.798634812286689
200,100,"Target_Only",0.747621432148222
200,100,"Source1_Only",0.609914872308463
200,100,"Source2_Only",0.809714571857787
200,100,"Weighted",0.792188282423635
300,100,"Target_Only",0.759792166266986
300,100,"Source1_Only",0.614508393285372
300,100,"Source2_Only",0.728816946442846
300,100,"Weighted",0.775779376498801
100,300,"Target_Only",0.825159914712154
100,300,"Source1_Only",0.79317697228145
100,300,"Source2_Only",0.805970149253731
100,300,"Weighted",0.857142857142857
200,300,"Target_Only",0.668503603221704
200,300,"Source1_Only",0.658329800763035
200,300,"Source2_Only",0.768545994065282
200,300,"Weighted",0.74692666384061
300,300,"Target_Only",0.745729303547963
300,300,"Source1_Only",0.678931230836618
300,300,"Source2_Only",0.765440210249671
300,300,"Weighted",0.807709154621113
100,500,"Target_Only",0.785854616895874
100,500,"Source1_Only",0.823182711198428
100,500,"Source2_Only",0.756385068762279
100,500,"Weighted",0.834970530451866
200,500,"Target_Only",0.722252010723861
200,500,"Source1_Only",0.778552278820375
200,500,"Source2_Only",0.753351206434316
200,500,"Weighted",0.821983914209115
300,500,"Target_Only",0.716595593461265
300,500,"Source1_Only",0.704690831556503
300,500,"Source2_Only",0.779495380241649
300,500,"Weighted",0.774520255863539
100,1000,"Target_Only",0.654223968565815
100,1000,"Source1_Only",0.679764243614931
100,1000,"Source2_Only",0.927308447937132
100,1000,"Weighted",0.870333988212181
200,1000,"Target_Only",0.766233766233766
200,1000,"Source1_Only",0.749858836815359
200,1000,"Source2_Only",0.850931677018633
200,1000,"Weighted",0.87012987012987
300,1000,"Target_Only",0.780923994038748
300,1000,"Source1_Only",0.671758569299553
300,1000,"Source2_Only",0.804769001490313
300,1000,"Weighted",0.821348733233979
100,100,"Target_Only",0.661319073083779
100,100,"Source1_Only",0.67379679144385
100,100,"Source2_Only",0.787878787878788
100,100,"Weighted",0.795008912655971
200,100,"Target_Only",0.730905861456483
200,100,"Source1_Only",0.579928952042629
200,100,"Source2_Only",0.738010657193606
200,100,"Weighted",0.762433392539964
300,100,"Target_Only",0.769415882739007
300,100,"Source1_Only",0.711660468168891
300,100,"Source2_Only",0.659593086851892
300,100,"Weighted",0.7836359658718
100,300,"Target_Only",0.561368209255533
100,300,"Source1_Only",0.756539235412475
100,300,"Source2_Only",0.617706237424547
100,300,"Weighted",0.766599597585513
200,300,"Target_Only",0.747440273037543
200,300,"Source1_Only",0.747440273037543
200,300,"Source2_Only",0.71282301316431
200,300,"Weighted",0.792296440760605
300,300,"Target_Only",0.753067484662577
300,300,"Source1_Only",0.649731595092025
300,300,"Source2_Only",0.747699386503067
300,300,"Weighted",0.782975460122699
100,500,"Target_Only",0.748275862068966
100,500,"Source1_Only",0.679310344827586
100,500,"Source2_Only",0.724137931034483
100,500,"Weighted",0.8
200,500,"Target_Only",0.717277486910995
200,500,"Source1_Only",0.677772489290814
200,500,"Source2_Only",0.773441218467396
200,500,"Weighted",0.777724892908139
300,500,"Target_Only",0.755225080385852
300,500,"Source1_Only",0.621382636655949
300,500,"Source2_Only",0.753617363344051
300,500,"Weighted",0.783762057877814
100,1000,"Target_Only",0.722113502935421
100,1000,"Source1_Only",0.712328767123288
100,1000,"Source2_Only",0.886497064579256
100,1000,"Weighted",0.880626223091977
200,1000,"Target_Only",0.678410117434508
200,1000,"Source1_Only",0.653116531165312
200,1000,"Source2_Only",0.746160794941283
200,1000,"Weighted",0.754742547425474
300,1000,"Target_Only",0.831974637681159
300,1000,"Source1_Only",0.729166666666667
300,1000,"Source2_Only",0.800498188405797
300,1000,"Weighted",0.850769927536232
100,100,"Target_Only",0.742424242424242
100,100,"Source1_Only",0.634199134199134
100,100,"Source2_Only",0.720779220779221
100,100,"Weighted",0.751082251082251
200,100,"Target_Only",0.789903110657828
200,100,"Source1_Only",0.531871494135645
200,100,"Source2_Only",0.76185619581846
200,100,"Weighted",0.799592044875064
300,100,"Target_Only",0.720059561795363
300,100,"Source1_Only",0.618804509678792
300,100,"Source2_Only",0.67070835992342
300,100,"Weighted",0.744947883429058
100,300,"Target_Only",0.771900826446281
100,300,"Source1_Only",0.591735537190083
100,300,"Source2_Only",0.697520661157025
100,300,"Weighted",0.788429752066116
200,300,"Target_Only",0.795958600295712
200,300,"Source1_Only",0.657959586002957
200,300,"Source2_Only",0.7466732380483
200,300,"Weighted",0.811729916214884
300,300,"Target_Only",0.820187426786412
300,300,"Source1_Only",0.702850449043342
300,300,"Source2_Only",0.814916048418586
300,300,"Weighted",0.852401405700898
100,500,"Target_Only",0.697542533081285
100,500,"Source1_Only",0.67296786389414
100,500,"Source2_Only",0.763705103969754
100,500,"Weighted",0.799621928166352
200,500,"Target_Only",0.786339754816112
200,500,"Source1_Only",0.694103911266783
200,500,"Source2_Only",0.798015178050204
200,500,"Weighted",0.816112084063047
300,500,"Target_Only",0.8110668940686
300,500,"Source1_Only",0.70380898237635
300,500,"Source2_Only",0.811635398900891
300,500,"Weighted",0.856926283873413
100,1000,"Target_Only",0.516831683168317
100,1000,"Source1_Only",0.663366336633663
100,1000,"Source2_Only",0.823762376237624
100,1000,"Weighted",0.76039603960396
200,1000,"Target_Only",0.737704918032787
200,1000,"Source1_Only",0.683650863978733
200,1000,"Source2_Only",0.800620292423571
200,1000,"Weighted",0.826761187416925
300,1000,"Target_Only",0.756140350877193
300,1000,"Source1_Only",0.689254385964912
300,1000,"Source2_Only",0.82390350877193
300,1000,"Weighted",0.812719298245614
100,100,"Target_Only",0.66403162055336
100,100,"Source1_Only",0.679841897233202
100,100,"Source2_Only",0.739130434782609
100,100,"Weighted",0.717391304347826
200,100,"Target_Only",0.71526677231907
200,100,"Source1_Only",0.690438457474908
200,100,"Source2_Only",0.694136291600634
200,100,"Weighted",0.754358161648177
300,100,"Target_Only",0.746987951807229
300,100,"Source1_Only",0.65417921686747
300,100,"Source2_Only",0.730421686746988
300,100,"Weighted",0.763177710843373
100,300,"Target_Only",0.749559082892416
100,300,"Source1_Only",0.604938271604938
100,300,"Source2_Only",0.81305114638448
100,300,"Weighted",0.837742504409171
200,300,"Target_Only",0.746423927178153
200,300,"Source1_Only",0.645860424794105
200,300,"Source2_Only",0.76853055916775
200,300,"Weighted",0.791504117902037
300,300,"Target_Only",0.78768762236241
300,300,"Source1_Only",0.671524907548401
300,300,"Source2_Only",0.765716771807701
300,300,"Weighted",0.814444202740918
100,500,"Target_Only",0.573875802997859
100,500,"Source1_Only",0.659528907922912
100,500,"Source2_Only",0.798715203426124
100,500,"Weighted",0.755888650963597
200,500,"Target_Only",0.810066476733143
200,500,"Source1_Only",0.717948717948718
200,500,"Source2_Only",0.815764482431149
200,500,"Weighted",0.841405508072175
300,500,"Target_Only",0.796189252836652
300,500,"Source1_Only",0.700492399914365
300,500,"Source2_Only",0.751659173624492
300,500,"Weighted",0.823806465424963
100,1000,"Target_Only",0.79136690647482
100,1000,"Source1_Only",0.681654676258993
100,1000,"Source2_Only",0.841726618705036
100,1000,"Weighted",0.857913669064748
200,1000,"Target_Only",0.804347826086957
200,1000,"Source1_Only",0.624893435635124
200,1000,"Source2_Only",0.76768968456948
200,1000,"Weighted",0.815004262574595
300,1000,"Target_Only",0.738207103927833
300,1000,"Source1_Only",0.662657395226461
300,1000,"Source2_Only",0.781807930840068
300,1000,"Weighted",0.775230219883481
100,100,"Target_Only",0.616580310880829
100,100,"Source1_Only",0.751295336787565
100,100,"Source2_Only",0.625215889464594
100,100,"Weighted",0.740932642487047
200,100,"Target_Only",0.788022813688213
200,100,"Source1_Only",0.653041825095057
200,100,"Source2_Only",0.742395437262357
200,100,"Weighted",0.812262357414449
300,100,"Target_Only",0.803197010587503
300,100,"Source1_Only",0.655802366618227
300,100,"Source2_Only",0.732198463774133
300,100,"Weighted",0.806726178119161
100,300,"Target_Only",0.538333333333333
100,300,"Source1_Only",0.641666666666667
100,300,"Source2_Only",0.633333333333333
100,300,"Weighted",0.695
200,300,"Target_Only",0.729631315430132
200,300,"Source1_Only",0.640873918980428
200,300,"Source2_Only",0.801547564861174
200,300,"Weighted",0.773782430587164
300,300,"Target_Only",0.822822230981474
300,300,"Source1_Only",0.718171068190776
300,300,"Source2_Only",0.748718959400867
300,300,"Weighted",0.844698462751281
100,500,"Target_Only",0.771084337349398
100,500,"Source1_Only",0.791164658634538
100,500,"Source2_Only",0.805220883534137
100,500,"Weighted",0.839357429718876
200,500,"Target_Only",0.735087719298246
200,500,"Source1_Only",0.670614035087719
200,500,"Source2_Only",0.714473684210526
200,500,"Weighted",0.777631578947368
300,500,"Target_Only",0.758681318681319
300,500,"Source1_Only",0.647472527472527
300,500,"Source2_Only",0.801098901098901
300,500,"Weighted",0.805494505494506
100,1000,"Target_Only",0.717532467532467
100,1000,"Source1_Only",0.733766233766234
100,1000,"Source2_Only",0.782467532467533
100,1000,"Weighted",0.839285714285714
200,1000,"Target_Only",0.829236739974127
200,1000,"Source1_Only",0.686071582578698
200,1000,"Source2_Only",0.795601552393273
200,1000,"Weighted",0.844329452350151
300,1000,"Target_Only",0.811139564660691
300,1000,"Source1_Only",0.716175842936406
300,1000,"Source2_Only",0.779342723004695
300,1000,"Weighted",0.824583866837388
100,100,"Target_Only",0.619546247818499
100,100,"Source1_Only",0.647469458987784
100,100,"Source2_Only",0.724258289703316
100,100,"Weighted",0.769633507853403
200,100,"Target_Only",0.77826941986234
200,100,"Source1_Only",0.694198623402163
200,100,"Source2_Only",0.746312684365782
200,100,"Weighted",0.829891838741396
300,100,"Target_Only",0.864984506418769
300,100,"Source1_Only",0.661354581673307
300,100,"Source2_Only",0.828906595838867
300,100,"Weighted",0.879592740150509
100,300,"Target_Only",0.714285714285714
100,300,"Source1_Only",0.760141093474427
100,300,"Source2_Only",0.760141093474427
100,300,"Weighted",0.811287477954145
200,300,"Target_Only",0.708022797018851
200,300,"Source1_Only",0.705392371766769
200,300,"Source2_Only",0.813678211310829
200,300,"Weighted",0.819377466023674
300,300,"Target_Only",0.748980780430984
300,300,"Source1_Only",0.663948747815958
300,300,"Source2_Only",0.779072024849544
300,300,"Weighted",0.801397786837507
100,500,"Target_Only",0.788732394366197
100,500,"Source1_Only",0.748490945674044
100,500,"Source2_Only",0.754527162977867
100,500,"Weighted",0.849094567404427
200,500,"Target_Only",0.724520255863539
200,500,"Source1_Only",0.762046908315565
200,500,"Source2_Only",0.732196162046908
200,500,"Weighted",0.778251599147121
300,500,"Target_Only",0.774225526641884
300,500,"Source1_Only",0.711276332094176
300,500,"Source2_Only",0.802230483271375
300,500,"Weighted",0.821313506815366
100,1000,"Target_Only",0.848537005163511
100,1000,"Source1_Only",0.791738382099828
100,1000,"Source2_Only",0.750430292598967
100,1000,"Weighted",0.85025817555938
200,1000,"Target_Only",0.740339302544769
200,1000,"Source1_Only",0.65315739868049
200,1000,"Source2_Only",0.736098020735156
200,1000,"Weighted",0.800188501413761
300,1000,"Target_Only",0.766210229561015
300,1000,"Source1_Only",0.654651631091422
300,1000,"Source2_Only",0.793797825211438
300,1000,"Weighted",0.814538864277084
100,100,"Target_Only",0.717348927875244
100,100,"Source1_Only",0.541910331384016
100,100,"Source2_Only",0.678362573099415
100,100,"Weighted",0.734892787524366
200,100,"Target_Only",0.756680731364276
200,100,"Source1_Only",0.733239568682607
200,100,"Source2_Only",0.766526019690577
200,100,"Weighted",0.827941865916549
300,100,"Target_Only",0.732814526588846
300,100,"Source1_Only",0.6779074794639
300,100,"Source2_Only",0.707306528318202
300,100,"Weighted",0.772157371379161
100,300,"Target_Only",0.612052730696798
100,300,"Source1_Only",0.638418079096045
100,300,"Source2_Only",0.60075329566855
100,300,"Weighted",0.655367231638418
200,300,"Target_Only",0.750556792873051
200,300,"Source1_Only",0.700445434298441
200,300,"Source2_Only",0.763919821826281
200,300,"Weighted",0.782850779510022
300,300,"Target_Only",0.762219551282051
300,300,"Source1_Only",0.660857371794872
300,300,"Source2_Only",0.771634615384615
300,300,"Weighted",0.801883012820513
100,500,"Target_Only",0.713684210526316
100,500,"Source1_Only",0.768421052631579
100,500,"Source2_Only",0.791578947368421
100,500,"Weighted",0.783157894736842
200,500,"Target_Only",0.682687591956842
200,500,"Source1_Only",0.674350171652771
200,500,"Source2_Only",0.773908778813144
200,500,"Weighted",0.779794016674841
300,500,"Target_Only",0.805487396832478
300,500,"Source1_Only",0.662948918135177
300,500,"Source2_Only",0.819763551193397
300,500,"Weighted",0.839170198527772
100,1000,"Target_Only",0.675874769797422
100,1000,"Source1_Only",0.806629834254144
100,1000,"Source2_Only",0.806629834254144
100,1000,"Weighted",0.825046040515654
200,1000,"Target_Only",0.679690854443967
200,1000,"Source1_Only",0.689136968656076
200,1000,"Source2_Only",0.753112924001717
200,1000,"Weighted",0.750536711034779
300,1000,"Target_Only",0.775905260760647
300,1000,"Source1_Only",0.675700296060123
300,1000,"Source2_Only",0.845365520382601
300,1000,"Weighted",0.849464814393077
100,100,"Target_Only",0.830152671755725
100,100,"Source1_Only",0.75
100,100,"Source2_Only",0.74618320610687
100,100,"Weighted",0.83206106870229
200,100,"Target_Only",0.793001478560867
200,100,"Source1_Only",0.606209955643174
200,100,"Source2_Only",0.759487432232627
200,100,"Weighted",0.8171513060621
300,100,"Target_Only",0.791991570073762
300,100,"Source1_Only",0.714436248682824
300,100,"Source2_Only",0.704741833508957
300,100,"Weighted",0.829504741833509
100,300,"Target_Only",0.668845315904139
100,300,"Source1_Only",0.570806100217865
100,300,"Source2_Only",0.869281045751634
100,300,"Weighted",0.836601307189543
200,300,"Target_Only",0.79147358665431
200,300,"Source1_Only",0.689063948100093
200,300,"Source2_Only",0.784522706209453
200,300,"Weighted",0.822057460611678
300,300,"Target_Only",0.777879761358421
300,300,"Source1_Only",0.748508490133089
300,300,"Source2_Only",0.773749426342359
300,300,"Weighted",0.827673244607618
100,500,"Target_Only",0.622061482820977
100,500,"Source1_Only",0.701627486437613
100,500,"Source2_Only",0.748643761301989
100,500,"Weighted",0.746835443037975
200,500,"Target_Only",0.712121212121212
200,500,"Source1_Only",0.638591800356506
200,500,"Source2_Only",0.773618538324421
200,500,"Weighted",0.777629233511586
300,500,"Target_Only",0.793096320793716
300,500,"Source1_Only",0.700496072757338
300,500,"Source2_Only",0.818106655642828
300,500,"Weighted",0.85283174865647
100,1000,"Target_Only",0.714031971580817
100,1000,"Source1_Only",0.648312611012433
100,1000,"Source2_Only",0.738898756660746
100,1000,"Weighted",0.785079928952043
200,1000,"Target_Only",0.796661608497724
200,1000,"Source1_Only",0.718765806777946
200,1000,"Source2_Only",0.807789580171978
200,1000,"Weighted",0.832068791097623
300,1000,"Target_Only",0.814353868492014
300,1000,"Source1_Only",0.637419622484962
300,1000,"Source2_Only",0.832607342874922
300,1000,"Weighted",0.861854387056627
100,100,"Target_Only",0.563573883161512
100,100,"Source1_Only",0.604810996563574
100,100,"Source2_Only",0.694158075601375
100,100,"Weighted",0.716494845360825
200,100,"Target_Only",0.719130434782609
200,100,"Source1_Only",0.569565217391304
200,100,"Source2_Only",0.73695652173913
200,100,"Weighted",0.75304347826087
300,100,"Target_Only",0.76937618147448
300,100,"Source1_Only",0.64461247637051
300,100,"Source2_Only",0.689771056500735
300,100,"Weighted",0.76853602184415
100,300,"Target_Only",0.695652173913043
100,300,"Source1_Only",0.699604743083004
100,300,"Source2_Only",0.762845849802372
100,300,"Weighted",0.760869565217391
200,300,"Target_Only",0.827905106554081
200,300,"Source1_Only",0.734620024125452
200,300,"Source2_Only",0.843184559710495
200,300,"Weighted",0.870526739043024
300,300,"Target_Only",0.714952432238377
300,300,"Source1_Only",0.652306587686232
300,300,"Source2_Only",0.689822294022617
300,300,"Weighted",0.758391671154191
100,500,"Target_Only",0.775092936802974
100,500,"Source1_Only",0.730483271375465
100,500,"Source2_Only",0.70817843866171
100,500,"Weighted",0.823420074349442
200,500,"Target_Only",0.790453460620525
200,500,"Source1_Only",0.663007159904535
200,500,"Source2_Only",0.760381861575179
200,500,"Weighted",0.806682577565632
300,500,"Target_Only",0.701259227095093
300,500,"Source1_Only",0.699956578376031
300,500,"Source2_Only",0.733608336951802
300,500,"Weighted",0.760095527572731
100,1000,"Target_Only",0.63894523326572
100,1000,"Source1_Only",0.742393509127789
100,1000,"Source2_Only",0.663286004056795
100,1000,"Weighted",0.701825557809331
200,1000,"Target_Only",0.706168042739194
200,1000,"Source1_Only",0.679941719281205
200,1000,"Source2_Only",0.792132102962603
200,1000,"Weighted",0.77804759592035
300,1000,"Target_Only",0.736367363673637
300,1000,"Source1_Only",0.724477244772448
300,1000,"Source2_Only",0.831078310783108
300,1000,"Weighted",0.834768347683477
100,100,"Target_Only",0.544776119402985
100,100,"Source1_Only",0.544776119402985
100,100,"Source2_Only",0.649253731343284
100,100,"Weighted",0.655223880597015
200,100,"Target_Only",0.773519163763066
200,100,"Source1_Only",0.660029865604778
200,100,"Source2_Only",0.738675958188153
200,100,"Weighted",0.800398208063713
300,100,"Target_Only",0.777433713953938
300,100,"Source1_Only",0.620669634217147
300,100,"Source2_Only",0.738339461970196
300,100,"Weighted",0.782272111476679
100,300,"Target_Only",0.683185840707965
100,300,"Source1_Only",0.669026548672566
100,300,"Source2_Only",0.755752212389381
100,300,"Weighted",0.741592920353982
200,300,"Target_Only",0.70541958041958
200,300,"Source1_Only",0.636363636363636
200,300,"Source2_Only",0.760926573426573
200,300,"Weighted",0.73513986013986
300,300,"Target_Only",0.824173510212676
300,300,"Source1_Only",0.709412507896399
300,300,"Source2_Only",0.780164245104233
300,300,"Weighted",0.823120656980417
100,500,"Target_Only",0.733887733887734
100,500,"Source1_Only",0.667359667359667
100,500,"Source2_Only",0.875259875259875
100,500,"Weighted",0.873180873180873
200,500,"Target_Only",0.662456445993031
200,500,"Source1_Only",0.631968641114983
200,500,"Source2_Only",0.805313588850174
200,500,"Weighted",0.807491289198606
300,500,"Target_Only",0.783371913580247
300,500,"Source1_Only",0.685185185185185
300,500,"Source2_Only",0.81616512345679
300,500,"Weighted",0.820023148148148
100,1000,"Target_Only",0.681901279707495
100,1000,"Source1_Only",0.723948811700183
100,1000,"Source2_Only",0.819012797074954
100,1000,"Weighted",0.855575868372943
200,1000,"Target_Only",0.801860974274767
200,1000,"Source1_Only",0.777230432402846
200,1000,"Source2_Only",0.79584017515052
200,1000,"Weighted",0.857142857142857
300,1000,"Target_Only",0.784269238041218
300,1000,"Source1_Only",0.755908489317451
300,1000,"Source2_Only",0.785970882964644
300,1000,"Weighted",0.824730572887124
100,100,"Target_Only",0.55205047318612
100,100,"Source1_Only",0.533123028391167
100,100,"Source2_Only",0.763406940063092
100,100,"Weighted",0.709779179810726
200,100,"Target_Only",0.682396389002872
200,100,"Source1_Only",0.62330734509643
200,100,"Source2_Only",0.72958555601149
200,100,"Weighted",0.763643824374231
300,100,"Target_Only",0.759366302718904
300,100,"Source1_Only",0.67116249197174
300,100,"Source2_Only",0.761721258831085
300,100,"Weighted",0.789552558338686
100,300,"Target_Only",0.647058823529412
100,300,"Source1_Only",0.68762677484787
100,300,"Source2_Only",0.787018255578093
100,300,"Weighted",0.724137931034483
200,300,"Target_Only",0.743871513102282
200,300,"Source1_Only",0.658918005071851
200,300,"Source2_Only",0.703296703296703
200,300,"Weighted",0.777683854606932
300,300,"Target_Only",0.791143574526364
300,300,"Source1_Only",0.708057521113901
300,300,"Source2_Only",0.721524766035152
300,300,"Weighted",0.80757817849806
100,500,"Target_Only",0.689737470167064
100,500,"Source1_Only",0.68019093078759
100,500,"Source2_Only",0.66109785202864
100,500,"Weighted",0.718377088305489
200,500,"Target_Only",0.770405727923628
200,500,"Source1_Only",0.714558472553699
200,500,"Source2_Only",0.74653937947494
200,500,"Weighted",0.810023866348449
300,500,"Target_Only",0.824658545588778
300,500,"Source1_Only",0.674234034699151
300,500,"Source2_Only",0.785898855666298
300,500,"Weighted",0.839055001845699
100,1000,"Target_Only",0.727078891257996
100,1000,"Source1_Only",0.754797441364605
100,1000,"Source2_Only",0.829424307036247
100,1000,"Weighted",0.850746268656716
200,1000,"Target_Only",0.671758569299553
200,1000,"Source1_Only",0.695230998509687
200,1000,"Source2_Only",0.690014903129657
200,1000,"Weighted",0.724664679582712
300,1000,"Target_Only",0.675364077669903
300,1000,"Source1_Only",0.688511326860841
300,1000,"Source2_Only",0.780339805825243
300,1000,"Weighted",0.768406148867314
100,100,"Target_Only",0.728421052631579
100,100,"Source1_Only",0.728421052631579
100,100,"Source2_Only",0.787368421052632
100,100,"Weighted",0.852631578947368
200,100,"Target_Only",0.849015317286652
200,100,"Source1_Only",0.660831509846827
200,100,"Source2_Only",0.700218818380744
200,100,"Weighted",0.819474835886215
300,100,"Target_Only",0.786347350556289
300,100,"Source1_Only",0.65491231378465
300,100,"Source2_Only",0.718461248349991
300,100,"Weighted",0.789175938148218
100,300,"Target_Only",0.737096774193548
100,300,"Source1_Only",0.632258064516129
100,300,"Source2_Only",0.824193548387097
100,300,"Weighted",0.816129032258065
200,300,"Target_Only",0.671668137687555
200,300,"Source1_Only",0.662842012356575
200,300,"Source2_Only",0.675639894086496
200,300,"Weighted",0.716681376875552
300,300,"Target_Only",0.828913260219342
300,300,"Source1_Only",0.6580259222333
300,300,"Source2_Only",0.810169491525424
300,300,"Weighted",0.848255234297109
100,500,"Target_Only",0.592128801431127
100,500,"Source1_Only",0.626118067978533
100,500,"Source2_Only",0.878354203935599
100,500,"Weighted",0.762075134168157
200,500,"Target_Only",0.7125
200,500,"Source1_Only",0.717708333333333
200,500,"Source2_Only",0.789583333333333
200,500,"Weighted",0.827083333333333
300,500,"Target_Only",0.816609735269001
300,500,"Source1_Only",0.67933390264731
300,500,"Source2_Only",0.842869342442357
300,500,"Weighted",0.85269000853971
100,1000,"Target_Only",0.696869851729819
100,1000,"Source1_Only",0.794069192751236
100,1000,"Source2_Only",0.810543657331137
100,1000,"Weighted",0.823723228995058
200,1000,"Target_Only",0.845628415300546
200,1000,"Source1_Only",0.731785063752277
200,1000,"Source2_Only",0.856102003642987
200,1000,"Weighted",0.89936247723133
300,1000,"Target_Only",0.73580089342693
300,1000,"Source1_Only",0.69091682620719
300,1000,"Source2_Only",0.752605828547118
300,1000,"Weighted",0.790895554137418
100,100,"Target_Only",0.8582995951417
100,100,"Source1_Only",0.744939271255061
100,100,"Source2_Only",0.789473684210526
100,100,"Weighted",0.856275303643725
200,100,"Target_Only",0.805851063829787
200,100,"Source1_Only",0.643173758865248
200,100,"Source2_Only",0.793882978723404
200,100,"Weighted",0.831560283687943
300,100,"Target_Only",0.799835085549371
300,100,"Source1_Only",0.703153988868275
300,100,"Source2_Only",0.788703360131932
300,100,"Weighted",0.832405689548547
100,300,"Target_Only",0.698275862068966
100,300,"Source1_Only",0.627586206896552
100,300,"Source2_Only",0.744827586206896
100,300,"Weighted",0.76551724137931
200,300,"Target_Only",0.73947110675808
200,300,"Source1_Only",0.646425073457395
200,300,"Source2_Only",0.742899118511263
200,300,"Weighted",0.769833496571988
300,300,"Target_Only",0.780629637056347
300,300,"Source1_Only",0.698415881291358
300,300,"Source2_Only",0.783035893322639
300,300,"Weighted",0.821335472227792
100,500,"Target_Only",0.742320819112628
100,500,"Source1_Only",0.75938566552901
100,500,"Source2_Only",0.880546075085324
100,500,"Weighted",0.84641638225256
200,500,"Target_Only",0.764894592117324
200,500,"Source1_Only",0.715857011915674
200,500,"Source2_Only",0.78230980751604
200,500,"Weighted",0.807974335472044
300,500,"Target_Only",0.781916087054072
300,500,"Source1_Only",0.625084137312093
300,500,"Source2_Only",0.773165806596365
300,500,"Weighted",0.800538478797397
100,1000,"Target_Only",0.684542586750789
100,1000,"Source1_Only",0.623028391167192
100,1000,"Source2_Only",0.810725552050473
100,1000,"Weighted",0.760252365930599
200,1000,"Target_Only",0.778543307086614
200,1000,"Source1_Only",0.694389763779528
200,1000,"Source2_Only",0.785433070866142
200,1000,"Weighted",0.828248031496063
300,1000,"Target_Only",0.798986114172361
300,1000,"Source1_Only",0.676658584968041
300,1000,"Source2_Only",0.795900374696936
300,1000,"Weighted",0.831165968701785
100,100,"Target_Only",0.617173524150268
100,100,"Source1_Only",0.542039355992844
100,100,"Source2_Only",0.677996422182469
100,100,"Weighted",0.631484794275492
200,100,"Target_Only",0.779580152671756
200,100,"Source1_Only",0.694179389312977
200,100,"Source2_Only",0.67986641221374
200,100,"Weighted",0.783874045801527
300,100,"Target_Only",0.826868905742145
300,100,"Source1_Only",0.721776814734561
300,100,"Source2_Only",0.747562296858072
300,100,"Weighted",0.828385698808234
100,300,"Target_Only",0.692307692307692
100,300,"Source1_Only",0.658777120315582
100,300,"Source2_Only",0.751479289940828
100,300,"Weighted",0.785009861932939
200,300,"Target_Only",0.81332125056638
200,300,"Source1_Only",0.724512913457182
200,300,"Source2_Only",0.773901223380154
200,300,"Weighted",0.836882646125963
300,300,"Target_Only",0.741964087785413
300,300,"Source1_Only",0.641099534471292
300,300,"Source2_Only",0.765462203502549
300,300,"Weighted",0.782531589448016
100,500,"Target_Only",0.703703703703704
100,500,"Source1_Only",0.452674897119342
100,500,"Source2_Only",0.818930041152263
100,500,"Weighted",0.767489711934156
200,500,"Target_Only",0.776415645067134
200,500,"Source1_Only",0.67600700525394
200,500,"Source2_Only",0.768242848803269
200,500,"Weighted",0.827787507297139
300,500,"Target_Only",0.723567393058918
300,500,"Source1_Only",0.691686844229217
300,500,"Source2_Only",0.749596448748991
300,500,"Weighted",0.775827280064568
100,1000,"Target_Only",0.723270440251572
100,1000,"Source1_Only",0.70230607966457
100,1000,"Source2_Only",0.805031446540881
100,1000,"Weighted",0.792452830188679
200,1000,"Target_Only",0.728331780055918
200,1000,"Source1_Only",0.668219944082013
200,1000,"Source2_Only",0.775396085740913
200,1000,"Weighted",0.790773532152843
300,1000,"Target_Only",0.771254288982082
300,1000,"Source1_Only",0.686237133053755
300,1000,"Source2_Only",0.808616088448342
300,1000,"Weighted",0.816050324056424
100,100,"Target_Only",0.746102449888641
100,100,"Source1_Only",0.634743875278396
100,100,"Source2_Only",0.757238307349666
100,100,"Weighted",0.77728285077951
200,100,"Target_Only",0.820638820638821
200,100,"Source1_Only",0.638329238329238
200,100,"Source2_Only",0.736117936117936
200,100,"Weighted",0.855036855036855
300,100,"Target_Only",0.751661333989663
300,100,"Source1_Only",0.642628599556978
300,100,"Source2_Only",0.698990893428501
300,100,"Weighted",0.760029534826483
100,300,"Target_Only",0.864600326264274
100,300,"Source1_Only",0.699836867862969
100,300,"Source2_Only",0.800978792822186
100,300,"Weighted",0.876019575856444
200,300,"Target_Only",0.7339264051759
200,300,"Source1_Only",0.696724625960372
200,300,"Source2_Only",0.742418115649009
200,300,"Weighted",0.792155276991508
300,300,"Target_Only",0.75131926121372
300,300,"Source1_Only",0.670844327176781
300,300,"Source2_Only",0.680958663148637
300,300,"Weighted",0.767810026385224
100,500,"Target_Only",0.684
100,500,"Source1_Only",0.78
100,500,"Source2_Only",0.716
100,500,"Weighted",0.764
200,500,"Target_Only",0.688733011836914
200,500,"Source1_Only",0.582200789127576
200,500,"Source2_Only",0.781674704077159
200,500,"Weighted",0.757124068391057
300,500,"Target_Only",0.786419455815073
300,500,"Source1_Only",0.644594269202986
300,500,"Source2_Only",0.760895738020708
300,500,"Weighted",0.793883939320973
100,1000,"Target_Only",0.709219858156028
100,1000,"Source1_Only",0.796099290780142
100,1000,"Source2_Only",0.808510638297872
100,1000,"Weighted",0.831560283687943
200,1000,"Target_Only",0.750847457627119
200,1000,"Source1_Only",0.708898305084746
200,1000,"Source2_Only",0.759322033898305
200,1000,"Weighted",0.789830508474576
300,1000,"Target_Only",0.796075257940522
300,1000,"Source1_Only",0.706048958122598
300,1000,"Source2_Only",0.781306898644548
300,1000,"Weighted",0.818733562613797
100,100,"Target_Only",0.727858293075684
100,100,"Source1_Only",0.669887278582931
100,100,"Source2_Only",0.753623188405797
100,100,"Weighted",0.789049919484702
200,100,"Target_Only",0.765225933202358
200,100,"Source1_Only",0.637524557956778
200,100,"Source2_Only",0.677799607072691
200,100,"Weighted",0.759332023575638
300,100,"Target_Only",0.792810040416933
300,100,"Source1_Only",0.750904062965327
300,100,"Source2_Only",0.752605828547118
300,100,"Weighted",0.822378217400553
100,300,"Target_Only",0.765391014975042
100,300,"Source1_Only",0.527454242928453
100,300,"Source2_Only",0.80865224625624
100,300,"Weighted",0.797004991680532
200,300,"Target_Only",0.790100824931256
200,300,"Source1_Only",0.713565536205316
200,300,"Source2_Only",0.795142071494042
200,300,"Weighted",0.840971585701192
300,300,"Target_Only",0.796292004634994
300,300,"Source1_Only",0.714020857473928
300,300,"Source2_Only",0.754113557358053
300,300,"Weighted",0.825028968713789
100,500,"Target_Only",0.705982905982906
100,500,"Source1_Only",0.668376068376068
100,500,"Source2_Only",0.635897435897436
100,500,"Weighted",0.694017094017094
200,500,"Target_Only",0.723842195540309
200,500,"Source1_Only",0.723842195540309
200,500,"Source2_Only",0.745283018867924
200,500,"Weighted",0.821612349914237
300,500,"Target_Only",0.761934938741022
300,500,"Source1_Only",0.697507393324884
300,500,"Source2_Only",0.776721588508661
300,500,"Weighted",0.800802703844529
100,1000,"Target_Only",0.673144876325088
100,1000,"Source1_Only",0.719081272084806
100,1000,"Source2_Only",0.761484098939929
100,1000,"Weighted",0.76678445229682
200,1000,"Target_Only",0.689972899728997
200,1000,"Source1_Only",0.74579945799458
200,1000,"Source2_Only",0.788617886178862
200,1000,"Weighted",0.818428184281843
300,1000,"Target_Only",0.711635750421585
300,1000,"Source1_Only",0.761804384485666
300,1000,"Source2_Only",0.758010118043845
300,1000,"Weighted",0.79279089376054
100,100,"Target_Only",0.548828125
100,100,"Source1_Only",0.630859375
100,100,"Source2_Only",0.59375
100,100,"Weighted",0.611328125
200,100,"Target_Only",0.648346738159071
200,100,"Source1_Only",0.563002680965147
200,100,"Source2_Only",0.639857015192136
200,100,"Weighted",0.652815013404826
300,100,"Target_Only",0.760808776080878
300,100,"Source1_Only",0.627231662723166
300,100,"Source2_Only",0.712626371262637
300,100,"Weighted",0.782533878253388
100,300,"Target_Only",0.684300341296928
100,300,"Source1_Only",0.674061433447099
100,300,"Source2_Only",0.781569965870307
100,300,"Weighted",0.771331058020478
200,300,"Target_Only",0.767413931144916
200,300,"Source1_Only",0.620096076861489
200,300,"Source2_Only",0.674539631705364
200,300,"Weighted",0.771016813450761
300,300,"Target_Only",0.789771655029251
300,300,"Source1_Only",0.600113228911115
300,300,"Source2_Only",0.766559728250613
300,300,"Weighted",0.815436874882053
100,500,"Target_Only",0.587866108786611
100,500,"Source1_Only",0.723849372384937
100,500,"Source2_Only",0.820083682008368
100,500,"Weighted",0.801255230125523
200,500,"Target_Only",0.826853291861068
200,500,"Source1_Only",0.742353551062727
200,500,"Source2_Only",0.824261275272162
200,500,"Weighted",0.866251944012442
300,500,"Target_Only",0.767295597484277
300,500,"Source1_Only",0.682599580712788
300,500,"Source2_Only",0.757651991614256
300,500,"Weighted",0.7958071278826
100,1000,"Target_Only",0.732269503546099
100,1000,"Source1_Only",0.640070921985816
100,1000,"Source2_Only",0.75531914893617
100,1000,"Weighted",0.765957446808511
200,1000,"Target_Only",0.756410256410256
200,1000,"Source1_Only",0.714497041420118
200,1000,"Source2_Only",0.755424063116371
200,1000,"Weighted",0.792406311637081
300,1000,"Target_Only",0.811357243319269
300,1000,"Source1_Only",0.694092827004219
300,1000,"Source2_Only",0.788853727144866
300,1000,"Weighted",0.854957805907173
100,100,"Target_Only",0.638095238095238
100,100,"Source1_Only",0.783333333333333
100,100,"Source2_Only",0.676190476190476
100,100,"Weighted",0.726190476190476
200,100,"Target_Only",0.746393671475105
200,100,"Source1_Only",0.618427175430433
200,100,"Source2_Only",0.712424383434155
200,100,"Weighted",0.757096323871568
300,100,"Target_Only",0.74855760282896
300,100,"Source1_Only",0.612320863577145
300,100,"Source2_Only",0.712451144611949
300,100,"Weighted",0.757305043737205
100,300,"Target_Only",0.735887096774194
100,300,"Source1_Only",0.627016129032258
100,300,"Source2_Only",0.681451612903226
100,300,"Weighted",0.810483870967742
200,300,"Target_Only",0.812938816449348
200,300,"Source1_Only",0.704112337011033
200,300,"Source2_Only",0.835005015045135
200,300,"Weighted",0.844533600802407
300,300,"Target_Only",0.769901440485216
300,300,"Source1_Only",0.517247915087187
300,300,"Source2_Only",0.760614101592115
300,300,"Weighted",0.790561031084155
100,500,"Target_Only",0.533333333333333
100,500,"Source1_Only",0.676190476190476
100,500,"Source2_Only",0.750476190476191
100,500,"Weighted",0.68
200,500,"Target_Only",0.78628841607565
200,500,"Source1_Only",0.674704491725768
200,500,"Source2_Only",0.808510638297872
200,500,"Weighted",0.85531914893617
300,500,"Target_Only",0.766278568348426
300,500,"Source1_Only",0.683268650280293
300,500,"Source2_Only",0.780508840017249
300,500,"Weighted",0.79991375592928
100,1000,"Target_Only",0.774891774891775
100,1000,"Source1_Only",0.720779220779221
100,1000,"Source2_Only",0.846320346320346
100,1000,"Weighted",0.863636363636364
200,1000,"Target_Only",0.693450998606595
200,1000,"Source1_Only",0.662331630283326
200,1000,"Source2_Only",0.737575476079888
200,1000,"Weighted",0.772410589874594
300,1000,"Target_Only",0.778410245984956
300,1000,"Source1_Only",0.739174628989632
300,1000,"Source2_Only",0.806261435251067
300,1000,"Weighted",0.832892864403334
100,100,"Target_Only",0.683301343570058
100,100,"Source1_Only",0.706333973128599
100,100,"Source2_Only",0.690978886756238
100,100,"Weighted",0.72552783109405
200,100,"Target_Only",0.724078091106291
200,100,"Source1_Only",0.701952277657267
200,100,"Source2_Only",0.742733188720174
200,100,"Weighted",0.803470715835141
300,100,"Target_Only",0.722894122639508
300,100,"Source1_Only",0.731805643963505
300,100,"Source2_Only",0.744748567791216
300,100,"Weighted",0.787184383619775
100,300,"Target_Only",0.727858293075684
100,300,"Source1_Only",0.7085346215781
100,300,"Source2_Only",0.673107890499195
100,300,"Weighted",0.774557165861514
200,300,"Target_Only",0.761290322580645
200,300,"Source1_Only",0.647146401985112
200,300,"Source2_Only",0.770719602977668
200,300,"Weighted",0.793548387096774
300,300,"Target_Only",0.796203796203796
300,300,"Source1_Only",0.684315684315684
300,300,"Source2_Only",0.781818181818182
300,300,"Weighted",0.823976023976024
100,500,"Target_Only",0.783400809716599
100,500,"Source1_Only",0.736842105263158
100,500,"Source2_Only",0.874493927125506
100,500,"Weighted",0.854251012145749
200,500,"Target_Only",0.806978798586572
200,500,"Source1_Only",0.693462897526502
200,500,"Source2_Only",0.801236749116608
200,500,"Weighted",0.830388692579505
300,500,"Target_Only",0.857209957726632
300,500,"Source1_Only",0.740018788163457
300,500,"Source2_Only",0.829732268670737
300,500,"Weighted",0.877407233442931
100,1000,"Target_Only",0.627184466019417
100,1000,"Source1_Only",0.619417475728155
100,1000,"Source2_Only",0.768932038834951
100,1000,"Weighted",0.772815533980582
200,1000,"Target_Only",0.811233885819521
200,1000,"Source1_Only",0.696132596685083
200,1000,"Source2_Only",0.795580110497238
200,1000,"Weighted",0.857274401473296
300,1000,"Target_Only",0.798723404255319
300,1000,"Source1_Only",0.703404255319149
300,1000,"Source2_Only",0.788085106382979
300,1000,"Weighted",0.809148936170213
100,100,"Target_Only",0.791139240506329
100,100,"Source1_Only",0.620253164556962
100,100,"Source2_Only",0.774261603375527
100,100,"Weighted",0.812236286919831
200,100,"Target_Only",0.844607843137255
200,100,"Source1_Only",0.688725490196078
200,100,"Source2_Only",0.798529411764706
200,100,"Weighted",0.859313725490196
300,100,"Target_Only",0.718969555035129
300,100,"Source1_Only",0.565680221417926
300,100,"Source2_Only",0.701724505003193
300,100,"Weighted",0.752395145837769
100,300,"Target_Only",0.706744868035191
100,300,"Source1_Only",0.636363636363636
100,300,"Source2_Only",0.695014662756598
100,300,"Weighted",0.730205278592375
200,300,"Target_Only",0.770218228498075
200,300,"Source1_Only",0.713735558408216
200,300,"Source2_Only",0.734702610183997
200,300,"Weighted",0.799315361574668
300,300,"Target_Only",0.763427881713941
300,300,"Source1_Only",0.697847515590424
300,300,"Source2_Only",0.739086702876685
300,300,"Weighted",0.80004023335345
100,500,"Target_Only",0.816725978647687
100,500,"Source1_Only",0.743772241992882
100,500,"Source2_Only",0.814946619217082
100,500,"Weighted",0.873665480427046
200,500,"Target_Only",0.726491405460061
200,500,"Source1_Only",0.624368048533873
200,500,"Source2_Only",0.773003033367037
200,500,"Weighted",0.773508594539939
300,500,"Target_Only",0.727713382507903
300,500,"Source1_Only",0.667017913593256
300,500,"Source2_Only",0.781664910432034
300,500,"Weighted",0.791780821917808
100,1000,"Target_Only",0.690095846645367
100,1000,"Source1_Only",0.677316293929712
100,1000,"Source2_Only",0.797124600638978
100,1000,"Weighted",0.797124600638978
200,1000,"Target_Only",0.752100840336134
200,1000,"Source1_Only",0.717226890756303
200,1000,"Source2_Only",0.752100840336134
200,1000,"Weighted",0.789075630252101
300,1000,"Target_Only",0.721856725146199
300,1000,"Source1_Only",0.686951754385965
300,1000,"Source2_Only",0.764071637426901
300,1000,"Weighted",0.766447368421053
100,100,"Target_Only",0.756302521008403
100,100,"Source1_Only",0.633613445378151
100,100,"Source2_Only",0.838655462184874
100,100,"Weighted",0.831932773109244
200,100,"Target_Only",0.83910472972973
200,100,"Source1_Only",0.653293918918919
200,100,"Source2_Only",0.724239864864865
200,100,"Weighted",0.828125
300,100,"Target_Only",0.799410029498525
300,100,"Source1_Only",0.718657817109145
300,100,"Source2_Only",0.773045722713864
300,100,"Weighted",0.831305309734513
100,300,"Target_Only",0.618473895582329
100,300,"Source1_Only",0.708835341365462
100,300,"Source2_Only",0.686746987951807
100,300,"Weighted",0.726907630522088
200,300,"Target_Only",0.7478184991274
200,300,"Source1_Only",0.663612565445026
200,300,"Source2_Only",0.81151832460733
200,300,"Weighted",0.821989528795811
300,300,"Target_Only",0.776934429685853
300,300,"Source1_Only",0.726122707147375
300,300,"Source2_Only",0.777356103731815
300,300,"Weighted",0.832173729706936
100,500,"Target_Only",0.741880341880342
100,500,"Source1_Only",0.661538461538462
100,500,"Source2_Only",0.777777777777778
100,500,"Weighted",0.805128205128205
200,500,"Target_Only",0.703755868544601
200,500,"Source1_Only",0.645070422535211
200,500,"Source2_Only",0.756338028169014
200,500,"Weighted",0.790610328638498
300,500,"Target_Only",0.842787046123651
300,500,"Source1_Only",0.727379784102061
300,500,"Source2_Only",0.817271835132483
300,500,"Weighted",0.866732090284593
100,1000,"Target_Only",0.592844974446337
100,1000,"Source1_Only",0.543441226575809
100,1000,"Source2_Only",0.65076660988075
100,1000,"Weighted",0.695059625212947
200,1000,"Target_Only",0.7860513896172
200,1000,"Source1_Only",0.627163083377032
200,1000,"Source2_Only",0.845306764551652
200,1000,"Weighted",0.833770319874148
300,1000,"Target_Only",0.802238805970149
300,1000,"Source1_Only",0.67226368159204
300,1000,"Source2_Only",0.802031509121061
300,1000,"Weighted",0.832089552238806
100,100,"Target_Only",0.701013513513513
100,100,"Source1_Only",0.673986486486487
100,100,"Source2_Only",0.731418918918919
100,100,"Weighted",0.782094594594595
200,100,"Target_Only",0.837480954799391
200,100,"Source1_Only",0.672930421533773
200,100,"Source2_Only",0.766378872524124
200,100,"Weighted",0.841543930929406
300,100,"Target_Only",0.790001968116512
300,100,"Source1_Only",0.620743948041724
300,100,"Source2_Only",0.726431804762842
300,100,"Weighted",0.812832119661484
100,300,"Target_Only",0.732142857142857
100,300,"Source1_Only",0.748214285714286
100,300,"Source2_Only",0.767857142857143
100,300,"Weighted",0.825
200,300,"Target_Only",0.767397521448999
200,300,"Source1_Only",0.656816015252622
200,300,"Source2_Only",0.721163012392755
200,300,"Weighted",0.790276453765491
300,300,"Target_Only",0.756266872348631
300,300,"Source1_Only",0.658889317392981
300,300,"Source2_Only",0.749903586579252
300,300,"Weighted",0.770150404936367
100,500,"Target_Only",0.772983114446529
100,500,"Source1_Only",0.774859287054409
100,500,"Source2_Only",0.73921200750469
100,500,"Weighted",0.784240150093809
200,500,"Target_Only",0.758456201214224
200,500,"Source1_Only",0.656981786643539
200,500,"Source2_Only",0.790112749349523
200,500,"Weighted",0.794449262792715
300,500,"Target_Only",0.831338902686837
300,500,"Source1_Only",0.765635583653195
300,500,"Source2_Only",0.789342966809664
300,500,"Weighted",0.852336870625423
100,1000,"Target_Only",0.685920577617328
100,1000,"Source1_Only",0.727436823104693
100,1000,"Source2_Only",0.850180505415162
100,1000,"Weighted",0.853790613718411
200,1000,"Target_Only",0.728736789129341
200,1000,"Source1_Only",0.695520885757423
200,1000,"Source2_Only",0.689984901862104
200,1000,"Weighted",0.74584801207851
300,1000,"Target_Only",0.779343560470924
300,1000,"Source1_Only",0.718872636460935
300,1000,"Source2_Only",0.794862647163753
300,1000,"Weighted",0.814841241526935
100,100,"Target_Only",0.666666666666667
100,100,"Source1_Only",0.546747967479675
100,100,"Source2_Only",0.766260162601626
100,100,"Weighted",0.745934959349594
200,100,"Target_Only",0.731212540341171
200,100,"Source1_Only",0.704011065006916
200,100,"Source2_Only",0.680497925311203
200,100,"Weighted",0.758875057630244
300,100,"Target_Only",0.730850168350168
300,100,"Source1_Only",0.651725589225589
300,100,"Source2_Only",0.780723905723906
300,100,"Weighted",0.783249158249158
100,300,"Target_Only",0.645569620253165
100,300,"Source1_Only",0.705244122965642
100,300,"Source2_Only",0.74502712477396
100,300,"Weighted",0.74502712477396
200,300,"Target_Only",0.773712084737602
200,300,"Source1_Only",0.709677419354839
200,300,"Source2_Only",0.754935002407318
200,300,"Weighted",0.830524795377949
300,300,"Target_Only",0.792873515315691
300,300,"Source1_Only",0.613044384246718
300,300,"Source2_Only",0.758699729110231
300,300,"Weighted",0.803500729318608
100,500,"Target_Only",0.612727272727273
100,500,"Source1_Only",0.732727272727273
100,500,"Source2_Only",0.772727272727273
100,500,"Weighted",0.834545454545454
200,500,"Target_Only",0.848872180451128
200,500,"Source1_Only",0.62218045112782
200,500,"Source2_Only",0.819924812030075
200,500,"Weighted",0.866165413533835
300,500,"Target_Only",0.74500884508466
300,500,"Source1_Only",0.714177407126611
300,500,"Source2_Only",0.748546878948699
300,500,"Weighted",0.793783169067475
100,1000,"Target_Only",0.763765541740675
100,1000,"Source1_Only",0.690941385435169
100,1000,"Source2_Only",0.870337477797513
100,1000,"Weighted",0.859680284191829
200,1000,"Target_Only",0.726676752395361
200,1000,"Source1_Only",0.776096822995461
200,1000,"Source2_Only",0.789712556732224
200,1000,"Weighted",0.80887544125063
300,1000,"Target_Only",0.727073277753401
300,1000,"Source1_Only",0.675076788064941
300,1000,"Source2_Only",0.806494076349276
300,1000,"Weighted",0.826239578762615
100,100,"Target_Only",0.664047151277014
100,100,"Source1_Only",0.650294695481336
100,100,"Source2_Only",0.764243614931238
100,100,"Weighted",0.738703339882122
200,100,"Target_Only",0.815026153114598
200,100,"Source1_Only",0.607703281027104
200,100,"Source2_Only",0.733713742272943
200,100,"Weighted",0.803613884926296
300,100,"Target_Only",0.787688442211055
300,100,"Source1_Only",0.659338358458961
300,100,"Source2_Only",0.725502512562814
300,100,"Weighted",0.782453936348409
100,300,"Target_Only",0.587242026266417
100,300,"Source1_Only",0.664165103189493
100,300,"Source2_Only",0.797373358348968
100,300,"Weighted",0.784240150093809
200,300,"Target_Only",0.74468085106383
200,300,"Source1_Only",0.648719062092922
200,300,"Source2_Only",0.79244463742944
200,300,"Weighted",0.818931828050369
300,300,"Target_Only",0.755851493139629
300,300,"Source1_Only",0.672518159806295
300,300,"Source2_Only",0.733454398708636
300,300,"Weighted",0.796610169491525
100,500,"Target_Only",0.683409436834094
100,500,"Source1_Only",0.485540334855403
100,500,"Source2_Only",0.707762557077626
100,500,"Weighted",0.756468797564688
200,500,"Target_Only",0.73607626693427
200,500,"Source1_Only",0.67686904164576
200,500,"Source2_Only",0.824385348720522
200,500,"Weighted",0.824887104867035
300,500,"Target_Only",0.785917785917786
300,500,"Source1_Only",0.5997150997151
300,500,"Source2_Only",0.789173789173789
300,500,"Weighted",0.820716320716321
100,1000,"Target_Only",0.555956678700361
100,1000,"Source1_Only",0.702166064981949
100,1000,"Source2_Only",0.817689530685921
100,1000,"Weighted",0.732851985559567
200,1000,"Target_Only",0.800666032350143
200,1000,"Source1_Only",0.707421503330162
200,1000,"Source2_Only",0.79686013320647
200,1000,"Weighted",0.83872502378687
300,1000,"Target_Only",0.792530268828237
300,1000,"Source1_Only",0.715165195977837
300,1000,"Source2_Only",0.807715986045557
300,1000,"Weighted",0.840139544428483
100,100,"Target_Only",0.710806697108067
100,100,"Source1_Only",0.642313546423135
100,100,"Source2_Only",0.710806697108067
100,100,"Weighted",0.741248097412481
200,100,"Target_Only",0.660573122529644
200,100,"Source1_Only",0.589920948616601
200,100,"Source2_Only",0.659584980237154
200,100,"Weighted",0.682806324110672
300,100,"Target_Only",0.73419740777667
300,100,"Source1_Only",0.597008973080758
300,100,"Source2_Only",0.677966101694915
300,100,"Weighted",0.726620139581256
100,300,"Target_Only",0.793918918918919
100,300,"Source1_Only",0.658783783783784
100,300,"Source2_Only",0.83277027027027
100,300,"Weighted",0.837837837837838
200,300,"Target_Only",0.756950294860994
200,300,"Source1_Only",0.579191238416175
200,300,"Source2_Only",0.828559393428812
200,300,"Weighted",0.82055602358888
300,300,"Target_Only",0.769799825935596
300,300,"Source1_Only",0.66035683202785
300,300,"Source2_Only",0.767841601392515
300,300,"Weighted",0.813533507397737
100,500,"Target_Only",0.723367697594502
100,500,"Source1_Only",0.719931271477663
100,500,"Source2_Only",0.793814432989691
100,500,"Weighted",0.823024054982818
200,500,"Target_Only",0.713756613756614
200,500,"Source1_Only",0.635449735449735
200,500,"Source2_Only",0.66031746031746
200,500,"Weighted",0.717989417989418
300,500,"Target_Only",0.805042773525439
300,500,"Source1_Only",0.693156235929761
300,500,"Source2_Only",0.766321476812247
300,500,"Weighted",0.824628545700135
100,1000,"Target_Only",0.675247524752475
100,1000,"Source1_Only",0.603960396039604
100,1000,"Source2_Only",0.706930693069307
100,1000,"Weighted",0.758415841584158
200,1000,"Target_Only",0.711171662125341
200,1000,"Source1_Only",0.640326975476839
200,1000,"Source2_Only",0.758401453224341
200,1000,"Weighted",0.783378746594005
300,1000,"Target_Only",0.797845373891001
300,1000,"Source1_Only",0.640684410646388
300,1000,"Source2_Only",0.775876637093367
300,1000,"Weighted",0.819391634980989
100,100,"Target_Only",0.598
100,100,"Source1_Only",0.654
100,100,"Source2_Only",0.656
100,100,"Weighted",0.678
200,100,"Target_Only",0.77325289089995
200,100,"Source1_Only",0.706385118149824
200,100,"Source2_Only",0.686777275012569
200,100,"Weighted",0.806938159879336
300,100,"Target_Only",0.731837606837607
300,100,"Source1_Only",0.651923076923077
300,100,"Source2_Only",0.661752136752137
300,100,"Weighted",0.737606837606838
100,300,"Target_Only",0.620192307692308
100,300,"Source1_Only",0.657051282051282
100,300,"Source2_Only",0.677884615384615
100,300,"Weighted",0.743589743589744
200,300,"Target_Only",0.769299419901829
200,300,"Source1_Only",0.650602409638554
200,300,"Source2_Only",0.806782686300759
200,300,"Weighted",0.813029897367247
300,300,"Target_Only",0.766025641025641
300,300,"Source1_Only",0.714003944773176
300,300,"Source2_Only",0.66543392504931
300,300,"Weighted",0.768244575936884
100,500,"Target_Only",0.743859649122807
100,500,"Source1_Only",0.726315789473684
100,500,"Source2_Only",0.791228070175439
100,500,"Weighted",0.833333333333333
200,500,"Target_Only",0.786554621848739
200,500,"Source1_Only",0.706302521008403
200,500,"Source2_Only",0.779831932773109
200,500,"Weighted",0.83655462184874
300,500,"Target_Only",0.759072772183165
300,500,"Source1_Only",0.625118753562607
300,500,"Source2_Only",0.738552156564697
300,500,"Weighted",0.773513205396162
100,1000,"Target_Only",0.647810218978102
100,1000,"Source1_Only",0.625912408759124
100,1000,"Source2_Only",0.779197080291971
100,1000,"Weighted",0.755474452554745
200,1000,"Target_Only",0.808762886597938
200,1000,"Source1_Only",0.760309278350515
200,1000,"Source2_Only",0.817525773195876
200,1000,"Weighted",0.851030927835052
300,1000,"Target_Only",0.813665855636658
300,1000,"Source1_Only",0.721613949716139
300,1000,"Source2_Only",0.740673154906732
300,1000,"Weighted",0.829683698296837
100,100,"Target_Only",0.561076604554865
100,100,"Source1_Only",0.559006211180124
100,100,"Source2_Only",0.677018633540373
100,100,"Weighted",0.660455486542443
200,100,"Target_Only",0.767495219885277
200,100,"Source1_Only",0.641300191204589
200,100,"Source2_Only",0.75717017208413
200,100,"Weighted",0.813001912045889
300,100,"Target_Only",0.791414523449319
300,100,"Source1_Only",0.676437216338881
300,100,"Source2_Only",0.662065052950076
300,100,"Weighted",0.761157337367625
100,300,"Target_Only",0.65625
100,300,"Source1_Only",0.552734375
100,300,"Source2_Only",0.724609375
100,300,"Weighted",0.724609375
200,300,"Target_Only",0.756041951664387
200,300,"Source1_Only",0.63702690378477
200,300,"Source2_Only",0.777017783857729
200,300,"Weighted",0.803921568627451
300,300,"Target_Only",0.75160789532047
300,300,"Source1_Only",0.656908405411399
300,300,"Source2_Only",0.771124417831005
300,300,"Weighted",0.782656908405411
100,500,"Target_Only",0.628517823639775
100,500,"Source1_Only",0.632270168855535
100,500,"Source2_Only",0.722326454033771
100,500,"Weighted",0.727954971857411
200,500,"Target_Only",0.765119549929677
200,500,"Source1_Only",0.634317862165963
200,500,"Source2_Only",0.795593061415846
200,500,"Weighted",0.835443037974684
300,500,"Target_Only",0.781312569521691
300,500,"Source1_Only",0.694994438264739
300,500,"Source2_Only",0.815572858731924
300,500,"Weighted",0.82313681868743
100,1000,"Target_Only",0.853763440860215
100,1000,"Source1_Only",0.875268817204301
100,1000,"Source2_Only",0.703225806451613
100,1000,"Weighted",0.860215053763441
200,1000,"Target_Only",0.787083333333333
200,1000,"Source1_Only",0.78
200,1000,"Source2_Only",0.797083333333333
200,1000,"Weighted",0.839583333333333
300,1000,"Target_Only",0.753783841398423
300,1000,"Source1_Only",0.671285440204647
300,1000,"Source2_Only",0.758260498827542
300,1000,"Weighted",0.781709656789597
100,100,"Target_Only",0.677631578947368
100,100,"Source1_Only",0.720394736842105
100,100,"Source2_Only",0.728618421052632
100,100,"Weighted",0.800986842105263
200,100,"Target_Only",0.660933660933661
200,100,"Source1_Only",0.611793611793612
200,100,"Source2_Only",0.725307125307125
200,100,"Weighted",0.742506142506143
300,100,"Target_Only",0.764121663563004
300,100,"Source1_Only",0.572522242913304
300,100,"Source2_Only",0.792675356921167
300,100,"Weighted",0.813780260707635
100,300,"Target_Only",0.681159420289855
100,300,"Source1_Only",0.65424430641822
100,300,"Source2_Only",0.821946169772257
100,300,"Weighted",0.788819875776398
200,300,"Target_Only",0.789763346175014
200,300,"Source1_Only",0.587231700605394
200,300,"Source2_Only",0.796367638965327
200,300,"Weighted",0.835443037974684
300,300,"Target_Only",0.835532794957652
300,300,"Source1_Only",0.704943864486902
300,300,"Source2_Only",0.796730352570416
300,300,"Weighted",0.852865865668702
100,500,"Target_Only",0.696132596685083
100,500,"Source1_Only",0.61878453038674
100,500,"Source2_Only",0.70902394106814
100,500,"Weighted",0.749539594843462
200,500,"Target_Only",0.723504273504273
200,500,"Source1_Only",0.631196581196581
200,500,"Source2_Only",0.747435897435897
200,500,"Weighted",0.761111111111111
300,500,"Target_Only",0.790687554395126
300,500,"Source1_Only",0.740861618798956
300,500,"Source2_Only",0.792210617928634
300,500,"Weighted",0.836814621409922
100,1000,"Target_Only",0.770434782608696
100,1000,"Source1_Only",0.742608695652174
100,1000,"Source2_Only",0.855652173913043
100,1000,"Weighted",0.866086956521739
200,1000,"Target_Only",0.739695087521175
200,1000,"Source1_Only",0.787690570299266
200,1000,"Source2_Only",0.760022586109543
200,1000,"Weighted",0.800677583286279
300,1000,"Target_Only",0.7622
300,1000,"Source1_Only",0.7236
300,1000,"Source2_Only",0.7792
300,1000,"Weighted",0.826
100,100,"Target_Only",0.759075907590759
100,100,"Source1_Only",0.704620462046205
100,100,"Source2_Only",0.744224422442244
100,100,"Weighted",0.826732673267327
200,100,"Target_Only",0.744375299186213
200,100,"Source1_Only",0.675921493537578
200,100,"Source2_Only",0.740067017711824
200,100,"Weighted",0.764001914791766
300,100,"Target_Only",0.765728800312622
300,100,"Source1_Only",0.622118014849551
300,100,"Source2_Only",0.76905041031653
300,100,"Weighted",0.793278624462681
100,300,"Target_Only",0.77317880794702
100,300,"Source1_Only",0.630794701986755
100,300,"Source2_Only",0.76158940397351
100,300,"Weighted",0.812913907284768
200,300,"Target_Only",0.808365758754864
200,300,"Source1_Only",0.739785992217899
200,300,"Source2_Only",0.732003891050584
200,300,"Weighted",0.833171206225681
300,300,"Target_Only",0.721151716500554
300,300,"Source1_Only",0.66312292358804
300,300,"Source2_Only",0.758582502768549
300,300,"Weighted",0.801107419712071
100,500,"Target_Only",0.753022452504318
100,500,"Source1_Only",0.730569948186528
100,500,"Source2_Only",0.823834196891192
100,500,"Weighted",0.822107081174439
200,500,"Target_Only",0.775401069518717
200,500,"Source1_Only",0.74623237724842
200,500,"Source2_Only",0.758872143898882
200,500,"Weighted",0.81866796305299
300,500,"Target_Only",0.786022020105314
300,500,"Source1_Only",0.666108185734801
300,500,"Source2_Only",0.793202489229296
300,500,"Weighted",0.822642412637626
100,1000,"Target_Only",0.648393194706994
100,1000,"Source1_Only",0.631379962192817
100,1000,"Source2_Only",0.703213610586011
100,1000,"Weighted",0.701323251417769
200,1000,"Target_Only",0.728877679697352
200,1000,"Source1_Only",0.679697351828499
200,1000,"Source2_Only",0.764606977721732
200,1000,"Weighted",0.798234552332913
300,1000,"Target_Only",0.766156982670744
300,1000,"Source1_Only",0.746788990825688
300,1000,"Source2_Only",0.776554536187564
300,1000,"Weighted",0.817329255861366
100,100,"Target_Only",0.634840871021776
100,100,"Source1_Only",0.69179229480737
100,100,"Source2_Only",0.74036850921273
100,100,"Weighted",0.725293132328308
200,100,"Target_Only",0.732734153263955
200,100,"Source1_Only",0.654210028382214
200,100,"Source2_Only",0.720435193945128
200,100,"Weighted",0.751182592242195
300,100,"Target_Only",0.770181043663472
300,100,"Source1_Only",0.629392971246006
300,100,"Source2_Only",0.769968051118211
300,100,"Weighted",0.787220447284345
100,300,"Target_Only",0.675302245250432
100,300,"Source1_Only",0.690846286701209
100,300,"Source2_Only",0.765112262521589
100,300,"Weighted",0.784110535405872
200,300,"Target_Only",0.75604297224709
200,300,"Source1_Only",0.657117278424351
200,300,"Source2_Only",0.739480752014324
200,300,"Weighted",0.78692927484333
300,300,"Target_Only",0.774012518886251
300,300,"Source1_Only",0.681847614936326
300,300,"Source2_Only",0.752428232246924
300,300,"Weighted",0.788689833800993
100,500,"Target_Only",0.827464788732394
100,500,"Source1_Only",0.59330985915493
100,500,"Source2_Only",0.778169014084507
100,500,"Weighted",0.811619718309859
200,500,"Target_Only",0.767980295566502
200,500,"Source1_Only",0.710344827586207
200,500,"Source2_Only",0.773399014778325
200,500,"Weighted",0.814778325123153
300,500,"Target_Only",0.746613877891227
300,500,"Source1_Only",0.60200041675349
300,500,"Source2_Only",0.767659929151907
300,500,"Weighted",0.786413836215878
100,1000,"Target_Only",0.582150101419878
100,1000,"Source1_Only",0.683569979716024
100,1000,"Source2_Only",0.77079107505071
100,1000,"Weighted",0.77079107505071
200,1000,"Target_Only",0.797757654161276
200,1000,"Source1_Only",0.693402328589909
200,1000,"Source2_Only",0.797757654161276
200,1000,"Weighted",0.834842604570936
300,1000,"Target_Only",0.780286667975653
300,1000,"Source1_Only",0.666404869428628
300,1000,"Source2_Only",0.813076772040055
300,1000,"Weighted",0.819752601610053
100,100,"Target_Only",0.694
100,100,"Source1_Only",0.672
100,100,"Source2_Only",0.674
100,100,"Weighted",0.766
200,100,"Target_Only",0.813776722090261
200,100,"Source1_Only",0.631828978622328
200,100,"Source2_Only",0.633729216152019
200,100,"Weighted",0.778147268408551
300,100,"Target_Only",0.752229546335789
300,100,"Source1_Only",0.627181077937185
300,100,"Source2_Only",0.669057774331136
300,100,"Weighted",0.764831329972858
100,300,"Target_Only",0.771863117870722
100,300,"Source1_Only",0.739543726235741
100,300,"Source2_Only",0.863117870722433
100,300,"Weighted",0.880228136882129
200,300,"Target_Only",0.729819563152897
200,300,"Source1_Only",0.58309591642925
200,300,"Source2_Only",0.665242165242165
200,300,"Weighted",0.739791073124406
300,300,"Target_Only",0.758957654723127
300,300,"Source1_Only",0.677332822379766
300,300,"Source2_Only",0.774861084498946
300,300,"Weighted",0.809542057865491
100,500,"Target_Only",0.619834710743802
100,500,"Source1_Only",0.721074380165289
100,500,"Source2_Only",0.857438016528926
100,500,"Weighted",0.785123966942149
200,500,"Target_Only",0.689287445467765
200,500,"Source1_Only",0.667474551623849
200,500,"Source2_Only",0.707707222491517
200,500,"Weighted",0.729520116335434
300,500,"Target_Only",0.743374272786038
300,500,"Source1_Only",0.717086834733894
300,500,"Source2_Only",0.746175393234217
300,500,"Weighted",0.788407670760612
100,1000,"Target_Only",0.639344262295082
100,1000,"Source1_Only",0.739526411657559
100,1000,"Source2_Only",0.806921675774135
100,1000,"Weighted",0.781420765027322
200,1000,"Target_Only",0.744069912609238
200,1000,"Source1_Only",0.721181856013317
200,1000,"Source2_Only",0.75572201414898
200,1000,"Weighted",0.789013732833957
300,1000,"Target_Only",0.754142409314823
300,1000,"Source1_Only",0.677787729511867
300,1000,"Source2_Only",0.804299149126735
300,1000,"Weighted",0.830497089117779
100,100,"Target_Only",0.731404958677686
100,100,"Source1_Only",0.75
100,100,"Source2_Only",0.789256198347107
100,100,"Weighted",0.81198347107438
200,100,"Target_Only",0.69703670942061
200,100,"Source1_Only",0.563025210084034
200,100,"Source2_Only",0.703228659885007
200,100,"Weighted",0.766917293233083
300,100,"Target_Only",0.73618433899629
300,100,"Source1_Only",0.579964850615114
300,100,"Source2_Only",0.684631907830502
300,100,"Weighted",0.75610232376489
100,300,"Target_Only",0.621880998080614
100,300,"Source1_Only",0.652591170825336
100,300,"Source2_Only",0.777351247600768
100,300,"Weighted",0.702495201535509
200,300,"Target_Only",0.694017998941239
200,300,"Source1_Only",0.69348861831657
200,300,"Source2_Only",0.739544732662785
200,300,"Weighted",0.755955532027528
300,300,"Target_Only",0.788609647344953
300,300,"Source1_Only",0.679975678962302
300,300,"Source2_Only",0.805229023104986
300,300,"Weighted",0.830158086745034
100,500,"Target_Only",0.672064777327935
100,500,"Source1_Only",0.59919028340081
100,500,"Source2_Only",0.811740890688259
100,500,"Weighted",0.746963562753036
200,500,"Target_Only",0.688548155246766
200,500,"Source1_Only",0.667944417824629
200,500,"Source2_Only",0.821274556780067
200,500,"Weighted",0.800191662673694
300,500,"Target_Only",0.765179392824287
300,500,"Source1_Only",0.691582336706532
300,500,"Source2_Only",0.786338546458142
300,500,"Weighted",0.821757129714811
100,1000,"Target_Only",0.749502982107356
100,1000,"Source1_Only",0.662027833001988
100,1000,"Source2_Only",0.850894632206759
100,1000,"Weighted",0.815109343936382
200,1000,"Target_Only",0.844423168980373
200,1000,"Source1_Only",0.676400191479177
200,1000,"Source2_Only",0.813786500718047
200,1000,"Weighted",0.874581139301101
300,1000,"Target_Only",0.734183806300443
300,1000,"Source1_Only",0.702421244467587
300,1000,"Source2_Only",0.767248112470711
300,1000,"Weighted",0.791720906014059
100,100,"Target_Only",0.683794466403162
100,100,"Source1_Only",0.719367588932806
100,100,"Source2_Only",0.725296442687747
100,100,"Weighted",0.790513833992095
200,100,"Target_Only",0.761987041036717
200,100,"Source1_Only",0.632397408207343
200,100,"Source2_Only",0.765010799136069
200,100,"Weighted",0.790928725701944
300,100,"Target_Only",0.84472049689441
300,100,"Source1_Only",0.652395740905058
300,100,"Source2_Only",0.762422360248447
300,100,"Weighted",0.842724046140195
100,300,"Target_Only",0.706896551724138
100,300,"Source1_Only",0.674137931034483
100,300,"Source2_Only",0.746551724137931
100,300,"Weighted",0.73448275862069
200,300,"Target_Only",0.800751879699248
200,300,"Source1_Only",0.647556390977444
200,300,"Source2_Only",0.796052631578947
200,300,"Weighted",0.845864661654135
300,300,"Target_Only",0.721082854799016
300,300,"Source1_Only",0.718826907301066
300,300,"Source2_Only",0.764356029532404
300,300,"Weighted",0.802091878589007
100,500,"Target_Only",0.787878787878788
100,500,"Source1_Only",0.7825311942959
100,500,"Source2_Only",0.796791443850267
100,500,"Weighted",0.83065953654189
200,500,"Target_Only",0.767864693446089
200,500,"Source1_Only",0.754334038054968
200,500,"Source2_Only",0.764059196617336
200,500,"Weighted",0.817758985200846
300,500,"Target_Only",0.74542206342117
300,500,"Source1_Only",0.642697632871818
300,500,"Source2_Only",0.76552032157213
300,500,"Weighted",0.798124162572577
100,1000,"Target_Only",0.671201814058957
100,1000,"Source1_Only",0.659863945578231
100,1000,"Source2_Only",0.705215419501134
100,1000,"Weighted",0.752834467120181
200,1000,"Target_Only",0.699905926622766
200,1000,"Source1_Only",0.626999059266228
200,1000,"Source2_Only",0.811853245531515
200,1000,"Weighted",0.792568203198495
300,1000,"Target_Only",0.768794326241135
300,1000,"Source1_Only",0.717325227963526
300,1000,"Source2_Only",0.770618034447822
300,1000,"Weighted",0.81661600810537
100,100,"Target_Only",0.623574144486692
100,100,"Source1_Only",0.634980988593156
100,100,"Source2_Only",0.728136882129278
100,100,"Weighted",0.766159695817491
200,100,"Target_Only",0.770765472312704
200,100,"Source1_Only",0.647394136807818
200,100,"Source2_Only",0.673452768729642
200,100,"Weighted",0.769951140065147
300,100,"Target_Only",0.731712658782304
300,100,"Source1_Only",0.684844502847131
300,100,"Source2_Only",0.686377573368375
300,100,"Weighted",0.75383267630311
100,300,"Target_Only",0.66044142614601
100,300,"Source1_Only",0.694397283531409
100,300,"Source2_Only",0.731748726655348
100,300,"Weighted",0.787775891341256
200,300,"Target_Only",0.856589147286822
200,300,"Source1_Only",0.725359911406423
200,300,"Source2_Only",0.840531561461794
200,300,"Weighted",0.87984496124031
300,300,"Target_Only",0.781590954175759
300,300,"Source1_Only",0.65859948422932
300,300,"Source2_Only",0.82146399523904
300,300,"Weighted",0.830985915492958
100,500,"Target_Only",0.576146788990826
100,500,"Source1_Only",0.612844036697248
100,500,"Source2_Only",0.834862385321101
100,500,"Weighted",0.779816513761468
200,500,"Target_Only",0.782367447595561
200,500,"Source1_Only",0.715166461159063
200,500,"Source2_Only",0.784217016029593
200,500,"Weighted",0.816276202219482
300,500,"Target_Only",0.771916790490342
300,500,"Source1_Only",0.578751857355126
300,500,"Source2_Only",0.775260029717682
300,500,"Weighted",0.794576523031204
100,1000,"Target_Only",0.736961451247165
100,1000,"Source1_Only",0.854875283446712
100,1000,"Source2_Only",0.789115646258503
100,1000,"Weighted",0.80952380952381
200,1000,"Target_Only",0.718515245249669
200,1000,"Source1_Only",0.665046398585948
200,1000,"Source2_Only",0.7870083959346
200,1000,"Weighted",0.770216526734423
300,1000,"Target_Only",0.803257328990228
300,1000,"Source1_Only",0.716612377850163
300,1000,"Source2_Only",0.829098805646037
300,1000,"Weighted",0.858197611292074
100,100,"Target_Only",0.627376425855513
100,100,"Source1_Only",0.634980988593156
100,100,"Source2_Only",0.629277566539924
100,100,"Weighted",0.650190114068441
200,100,"Target_Only",0.796725014116318
200,100,"Source1_Only",0.61038961038961
200,100,"Source2_Only",0.737436476566911
200,100,"Weighted",0.796160361377753
300,100,"Target_Only",0.743882244710212
300,100,"Source1_Only",0.666789328426863
300,100,"Source2_Only",0.73670653173873
300,100,"Weighted",0.790064397424103
100,300,"Target_Only",0.776068376068376
100,300,"Source1_Only",0.736752136752137
100,300,"Source2_Only",0.801709401709402
100,300,"Weighted",0.832478632478632
200,300,"Target_Only",0.825282631038027
200,300,"Source1_Only",0.769270298047277
200,300,"Source2_Only",0.746659815005139
200,300,"Weighted",0.86125385405961
300,300,"Target_Only",0.756186984417965
300,300,"Source1_Only",0.638863428047663
300,300,"Source2_Only",0.759853345554537
300,300,"Weighted",0.792300641613199
100,500,"Target_Only",0.649373881932022
100,500,"Source1_Only",0.622540250447227
100,500,"Source2_Only",0.720930232558139
100,500,"Weighted",0.70304114490161
200,500,"Target_Only",0.778806108283202
200,500,"Source1_Only",0.732993984266543
200,500,"Source2_Only",0.796853308653401
200,500,"Weighted",0.837112447940768
300,500,"Target_Only",0.736573821227016
300,500,"Source1_Only",0.644456581103222
300,500,"Source2_Only",0.698525395958493
300,500,"Weighted",0.761696704897142
100,1000,"Target_Only",0.79
100,1000,"Source1_Only",0.644
100,1000,"Source2_Only",0.832
100,1000,"Weighted",0.854
200,1000,"Target_Only",0.845483723062815
200,1000,"Source1_Only",0.79825767996332
200,1000,"Source2_Only",0.780375974323705
200,1000,"Weighted",0.873452544704264
300,1000,"Target_Only",0.795296523517382
300,1000,"Source1_Only",0.623926380368098
300,1000,"Source2_Only",0.804703476482618
300,1000,"Weighted",0.824948875255624
100,100,"Target_Only",0.616838487972509
100,100,"Source1_Only",0.733676975945017
100,100,"Source2_Only",0.737113402061856
100,100,"Weighted",0.807560137457045
200,100,"Target_Only",0.75584307178631
200,100,"Source1_Only",0.724123539232053
200,100,"Source2_Only",0.70575959933222
200,100,"Weighted",0.793823038397329
300,100,"Target_Only",0.763629710940359
300,100,"Source1_Only",0.587998536406879
300,100,"Source2_Only",0.744603000365898
300,100,"Weighted",0.770215879985364
100,300,"Target_Only",0.689075630252101
100,300,"Source1_Only",0.532773109243697
100,300,"Source2_Only",0.685714285714286
100,300,"Weighted",0.690756302521008
200,300,"Target_Only",0.730935875216638
200,300,"Source1_Only",0.668977469670711
200,300,"Source2_Only",0.73050259965338
200,300,"Weighted",0.786395147313692
300,300,"Target_Only",0.772188734150904
300,300,"Source1_Only",0.697360216171274
300,300,"Source2_Only",0.769278736229474
300,300,"Weighted",0.79297443358969
100,500,"Target_Only",0.720399429386591
100,500,"Source1_Only",0.629101283880171
100,500,"Source2_Only",0.805991440798859
100,500,"Weighted",0.834522111269615
200,500,"Target_Only",0.819488100583745
200,500,"Source1_Only",0.717108217332735
200,500,"Source2_Only",0.81275258194881
200,500,"Weighted",0.852716659182757
300,500,"Target_Only",0.786851354145131
300,500,"Source1_Only",0.712011577424023
300,500,"Source2_Only",0.816208393632417
300,500,"Weighted",0.848873268554889
100,1000,"Target_Only",0.725173210161663
100,1000,"Source1_Only",0.739030023094688
100,1000,"Source2_Only",0.808314087759815
100,1000,"Weighted",0.879907621247113
200,1000,"Target_Only",0.684593023255814
200,1000,"Source1_Only",0.670542635658915
200,1000,"Source2_Only",0.729651162790698
200,1000,"Weighted",0.781492248062015
300,1000,"Target_Only",0.73821001886397
300,1000,"Source1_Only",0.734856424229721
300,1000,"Source2_Only",0.793334730664431
300,1000,"Weighted",0.806749109201425
100,100,"Target_Only",0.624373956594324
100,100,"Source1_Only",0.746243739565943
100,100,"Source2_Only",0.714524207011686
100,100,"Weighted",0.764607679465776
200,100,"Target_Only",0.797576301615799
200,100,"Source1_Only",0.699281867145422
200,100,"Source2_Only",0.797576301615799
200,100,"Weighted",0.844254937163375
300,100,"Target_Only",0.749950149551346
300,100,"Source1_Only",0.659421734795613
300,100,"Source2_Only",0.72382851445663
300,100,"Weighted",0.773479561316052
100,300,"Target_Only",0.62962962962963
100,300,"Source1_Only",0.701525054466231
100,300,"Source2_Only",0.673202614379085
100,300,"Weighted",0.727668845315904
200,300,"Target_Only",0.778414517669532
200,300,"Source1_Only",0.674785100286533
200,300,"Source2_Only",0.76647564469914
200,300,"Weighted",0.807545367717287
300,300,"Target_Only",0.745601324777479
300,300,"Source1_Only",0.668184640861105
300,300,"Source2_Only",0.746015317739598
300,300,"Weighted",0.777892775822811
100,500,"Target_Only",0.819085487077535
100,500,"Source1_Only",0.701789264413519
100,500,"Source2_Only",0.781312127236581
100,500,"Weighted",0.846918489065606
200,500,"Target_Only",0.785538612887359
200,500,"Source1_Only",0.676340383669454
200,500,"Source2_Only",0.799803246433842
200,500,"Weighted",0.824889326119036
300,500,"Target_Only",0.781971153846154
300,500,"Source1_Only",0.669711538461538
300,500,"Source2_Only",0.8
300,500,"Weighted",0.832932692307692
100,1000,"Target_Only",0.65
100,1000,"Source1_Only",0.722222222222222
100,1000,"Source2_Only",0.809259259259259
100,1000,"Weighted",0.775925925925926
200,1000,"Target_Only",0.712087912087912
200,1000,"Source1_Only",0.694505494505494
200,1000,"Source2_Only",0.767472527472527
200,1000,"Weighted",0.774945054945055
300,1000,"Target_Only",0.743760757314974
300,1000,"Source1_Only",0.621772805507745
300,1000,"Source2_Only",0.753872633390706
300,1000,"Weighted",0.780765920826162
100,100,"Target_Only",0.514806378132118
100,100,"Source1_Only",0.608200455580866
100,100,"Source2_Only",0.640091116173121
100,100,"Weighted",0.646924829157175
200,100,"Target_Only",0.705581395348837
200,100,"Source1_Only",0.671627906976744
200,100,"Source2_Only",0.724186046511628
200,100,"Weighted",0.782325581395349
300,100,"Target_Only",0.77205040091638
300,100,"Source1_Only",0.729209621993127
300,100,"Source2_Only",0.730126002290951
300,100,"Weighted",0.799770904925544
100,300,"Target_Only",0.762352941176471
100,300,"Source1_Only",0.668235294117647
100,300,"Source2_Only",0.694117647058824
100,300,"Weighted",0.807058823529412
200,300,"Target_Only",0.764758497316637
200,300,"Source1_Only",0.691860465116279
200,300,"Source2_Only",0.708855098389982
200,300,"Weighted",0.762075134168157
300,300,"Target_Only",0.767982368262873
300,300,"Source1_Only",0.611300340613104
300,300,"Source2_Only",0.770587056702064
300,300,"Weighted",0.799038268883991
100,500,"Target_Only",0.70479704797048
100,500,"Source1_Only",0.601476014760148
100,500,"Source2_Only",0.767527675276753
100,500,"Weighted",0.745387453874539
200,500,"Target_Only",0.810694529809465
200,500,"Source1_Only",0.639213275968039
200,500,"Source2_Only",0.80639213275968
200,500,"Weighted",0.847572218807621
300,500,"Target_Only",0.778328050713154
300,500,"Source1_Only",0.716719492868463
300,500,"Source2_Only",0.772781299524564
300,500,"Weighted",0.83419175911252
100,1000,"Target_Only",0.773940345368917
100,1000,"Source1_Only",0.777080062794348
100,1000,"Source2_Only",0.819466248037677
100,1000,"Weighted",0.841444270015699
200,1000,"Target_Only",0.729923922231615
200,1000,"Source1_Only",0.703296703296703
200,1000,"Source2_Only",0.756973795435334
200,1000,"Weighted",0.795012679628064
300,1000,"Target_Only",0.738849646821393
300,1000,"Source1_Only",0.629868819374369
300,1000,"Source2_Only",0.739455095862765
300,1000,"Weighted",0.769727547931382
100,100,"Target_Only",0.719928186714542
100,100,"Source1_Only",0.601436265709156
100,100,"Source2_Only",0.770197486535009
100,100,"Weighted",0.81149012567325
200,100,"Target_Only",0.772879731672257
200,100,"Source1_Only",0.658840440824149
200,100,"Source2_Only",0.742692860565405
200,100,"Weighted",0.846669861044562
300,100,"Target_Only",0.808543689320388
300,100,"Source1_Only",0.681747572815534
300,100,"Source2_Only",0.721165048543689
300,100,"Weighted",0.815533980582524
100,300,"Target_Only",0.706806282722513
100,300,"Source1_Only",0.589877835951134
100,300,"Source2_Only",0.846422338568935
100,300,"Weighted",0.818499127399651
200,300,"Target_Only",0.697545159796202
200,300,"Source1_Only",0.643353404353868
200,300,"Source2_Only",0.815192218619731
200,300,"Weighted",0.801760074108383
300,300,"Target_Only",0.783888775301574
300,300,"Source1_Only",0.632794929462278
300,300,"Source2_Only",0.728685340421182
300,300,"Weighted",0.785115518298916
100,500,"Target_Only",0.773109243697479
100,500,"Source1_Only",0.739495798319328
100,500,"Source2_Only",0.846638655462185
100,500,"Weighted",0.84453781512605
200,500,"Target_Only",0.773584905660377
200,500,"Source1_Only",0.66871434839842
200,500,"Source2_Only",0.856954804738921
200,500,"Weighted",0.877139096094778
300,500,"Target_Only",0.834460112033997
300,500,"Source1_Only",0.715665443306934
300,500,"Source2_Only",0.81668920224068
300,500,"Weighted",0.850299401197605
100,1000,"Target_Only",0.758680555555556
100,1000,"Source1_Only",0.680555555555556
100,1000,"Source2_Only",0.814236111111111
100,1000,"Weighted",0.819444444444444
200,1000,"Target_Only",0.670004551661356
200,1000,"Source1_Only",0.670004551661356
200,1000,"Source2_Only",0.70368684569868
200,1000,"Weighted",0.729631315430132
300,1000,"Target_Only",0.77969524508904
300,1000,"Source1_Only",0.641637598678171
300,1000,"Source2_Only",0.785753625849091
300,1000,"Weighted",0.812190196438406
100,100,"Target_Only",0.598023064250412
100,100,"Source1_Only",0.520593080724876
100,100,"Source2_Only",0.680395387149918
100,100,"Weighted",0.667215815485997
200,100,"Target_Only",0.692727272727273
200,100,"Source1_Only",0.609090909090909
200,100,"Source2_Only",0.738636363636364
200,100,"Weighted",0.781363636363636
300,100,"Target_Only",0.767530811729707
300,100,"Source1_Only",0.64747131321717
300,100,"Source2_Only",0.739694007649809
300,100,"Weighted",0.80407989800255
100,300,"Target_Only",0.807920792079208
100,300,"Source1_Only",0.689108910891089
100,300,"Source2_Only",0.792079207920792
100,300,"Weighted",0.8
200,300,"Target_Only",0.752024291497976
200,300,"Source1_Only",0.699898785425101
200,300,"Source2_Only",0.745951417004049
200,300,"Weighted",0.774291497975709
300,300,"Target_Only",0.793975670978953
300,300,"Source1_Only",0.653407993821201
300,300,"Source2_Only",0.736435605329214
300,300,"Weighted",0.79262405869859
100,500,"Target_Only",0.747787610619469
100,500,"Source1_Only",0.661504424778761
100,500,"Source2_Only",0.842920353982301
100,500,"Weighted",0.836283185840708
200,500,"Target_Only",0.794238683127572
200,500,"Source1_Only",0.703703703703704
200,500,"Source2_Only",0.803383630544124
200,500,"Weighted",0.850480109739369
300,500,"Target_Only",0.783115856069593
300,500,"Source1_Only",0.705417160933175
300,500,"Source2_Only",0.766113088177145
300,500,"Weighted",0.813562672993278
100,1000,"Target_Only",0.751677852348993
100,1000,"Source1_Only",0.80089485458613
100,1000,"Source2_Only",0.695749440715884
100,1000,"Weighted",0.760626398210291
200,1000,"Target_Only",0.791120080726539
200,1000,"Source1_Only",0.731584258324924
200,1000,"Source2_Only",0.79364278506559
200,1000,"Weighted",0.82744702320888
300,1000,"Target_Only",0.753920619554695
300,1000,"Source1_Only",0.704549854791868
300,1000,"Source2_Only",0.731848983543078
300,1000,"Weighted",0.787608906098741
100,100,"Target_Only",0.728194726166329
100,100,"Source1_Only",0.707910750507099
100,100,"Source2_Only",0.679513184584179
100,100,"Weighted",0.73630831643002
200,100,"Target_Only",0.728550654386815
200,100,"Source1_Only",0.629665535627727
200,100,"Source2_Only",0.739214735821619
200,100,"Weighted",0.758603974793989
300,100,"Target_Only",0.767341040462428
300,100,"Source1_Only",0.723162675474814
300,100,"Source2_Only",0.680222956234517
300,100,"Weighted",0.769199009083402
100,300,"Target_Only",0.726720647773279
100,300,"Source1_Only",0.690283400809717
100,300,"Source2_Only",0.763157894736842
100,300,"Weighted",0.779352226720648
200,300,"Target_Only",0.716361931551805
200,300,"Source1_Only",0.588842006563526
200,300,"Source2_Only",0.789029535864979
200,300,"Weighted",0.813408345053915
300,300,"Target_Only",0.753084040092521
300,300,"Source1_Only",0.692945258288358
300,300,"Source2_Only",0.777949113338473
300,300,"Weighted",0.822667694680031
100,500,"Target_Only",0.752016129032258
100,500,"Source1_Only",0.727822580645161
100,500,"Source2_Only",0.671370967741935
100,500,"Weighted",0.762096774193548
200,500,"Target_Only",0.735839068290101
200,500,"Source1_Only",0.689782953943886
200,500,"Source2_Only",0.788777130757014
200,500,"Weighted",0.814187400741133
300,500,"Target_Only",0.716633266533066
300,500,"Source1_Only",0.636472945891784
300,500,"Source2_Only",0.729859719438878
300,500,"Weighted",0.769939879759519
100,1000,"Target_Only",0.512152777777778
100,1000,"Source1_Only",0.576388888888889
100,1000,"Source2_Only",0.769097222222222
100,1000,"Weighted",0.685763888888889
200,1000,"Target_Only",0.767287234042553
200,1000,"Source1_Only",0.690159574468085
200,1000,"Source2_Only",0.838209219858156
200,1000,"Weighted",0.838652482269504
300,1000,"Target_Only",0.793390191897655
300,1000,"Source1_Only",0.671002132196162
300,1000,"Source2_Only",0.828997867803838
300,1000,"Weighted",0.831982942430704
100,100,"Target_Only",0.664165103189493
100,100,"Source1_Only",0.590994371482176
100,100,"Source2_Only",0.666041275797373
100,100,"Weighted",0.681050656660413
200,100,"Target_Only",0.822292323869611
200,100,"Source1_Only",0.615667718191377
200,100,"Source2_Only",0.75446898002103
200,100,"Weighted",0.867507886435331
300,100,"Target_Only",0.789944610140605
300,100,"Source1_Only",0.67959096719216
300,100,"Source2_Only",0.757988922028121
300,100,"Weighted",0.81955688112484
100,300,"Target_Only",0.68099173553719
100,300,"Source1_Only",0.669421487603306
100,300,"Source2_Only",0.712396694214876
100,300,"Weighted",0.778512396694215
200,300,"Target_Only",0.729530818767249
200,300,"Source1_Only",0.614075436982521
200,300,"Source2_Only",0.705151793928243
200,300,"Weighted",0.769549218031279
300,300,"Target_Only",0.744857594936709
300,300,"Source1_Only",0.744462025316456
300,300,"Source2_Only",0.714200949367089
300,300,"Weighted",0.76681170886076
100,500,"Target_Only",0.7521815008726
100,500,"Source1_Only",0.769633507853403
100,500,"Source2_Only",0.717277486910995
100,500,"Weighted",0.795811518324607
200,500,"Target_Only",0.796680497925311
200,500,"Source1_Only",0.740145228215768
200,500,"Source2_Only",0.801348547717842
200,500,"Weighted",0.828838174273859
300,500,"Target_Only",0.751771760857714
300,500,"Source1_Only",0.68326367435944
300,500,"Source2_Only",0.737961112120662
300,500,"Weighted",0.786480101762675
100,1000,"Target_Only",0.731922398589065
100,1000,"Source1_Only",0.624338624338624
100,1000,"Source2_Only",0.855379188712522
100,1000,"Weighted",0.846560846560847
200,1000,"Target_Only",0.715165876777251
200,1000,"Source1_Only",0.666824644549763
200,1000,"Source2_Only",0.73175355450237
200,1000,"Weighted",0.737914691943128
300,1000,"Target_Only",0.785820105820106
300,1000,"Source1_Only",0.671957671957672
300,1000,"Source2_Only",0.769417989417989
300,1000,"Weighted",0.811005291005291
100,100,"Target_Only",0.591891891891892
100,100,"Source1_Only",0.613513513513513
100,100,"Source2_Only",0.813513513513514
100,100,"Weighted",0.764864864864865
200,100,"Target_Only",0.739671478347437
200,100,"Source1_Only",0.600796416127427
200,100,"Source2_Only",0.751119960179194
200,100,"Weighted",0.775510204081633
300,100,"Target_Only",0.810225303292894
300,100,"Source1_Only",0.599870017331023
300,100,"Source2_Only",0.762781629116118
300,100,"Weighted",0.819324090121317
100,300,"Target_Only",0.730693069306931
100,300,"Source1_Only",0.762376237623762
100,300,"Source2_Only",0.746534653465347
100,300,"Weighted",0.796039603960396
200,300,"Target_Only",0.804482594182165
200,300,"Source1_Only",0.63519313304721
200,300,"Source2_Only",0.812589413447783
200,300,"Weighted",0.849308536003815
300,300,"Target_Only",0.778239929947461
300,300,"Source1_Only",0.69330122591944
300,300,"Source2_Only",0.768607705779335
300,300,"Weighted",0.830341506129597
100,500,"Target_Only",0.69831223628692
100,500,"Source1_Only",0.751054852320675
100,500,"Source2_Only",0.864978902953586
100,500,"Weighted",0.850210970464135
200,500,"Target_Only",0.706022187004754
200,500,"Source1_Only",0.663629160063391
200,500,"Source2_Only",0.72662440570523
200,500,"Weighted",0.765055467511886
300,500,"Target_Only",0.755869520049865
300,500,"Source1_Only",0.691045086224808
300,500,"Source2_Only",0.753168501973821
300,500,"Weighted",0.798462497402867
100,1000,"Target_Only",0.705679862306368
100,1000,"Source1_Only",0.703958691910499
100,1000,"Source2_Only",0.87263339070568
100,1000,"Weighted",0.838209982788296
200,1000,"Target_Only",0.75656035526847
200,1000,"Source1_Only",0.749697214372224
200,1000,"Source2_Only",0.754541784416633
200,1000,"Weighted",0.821154622527251
300,1000,"Target_Only",0.774159663865546
300,1000,"Source1_Only",0.705252100840336
300,1000,"Source2_Only",0.772478991596639
300,1000,"Weighted",0.821638655462185
100,100,"Target_Only",0.675465838509317
100,100,"Source1_Only",0.599378881987578
100,100,"Source2_Only",0.636645962732919
100,100,"Weighted",0.736024844720497
200,100,"Target_Only",0.780632411067194
200,100,"Source1_Only",0.650856389986825
200,100,"Source2_Only",0.756258234519104
200,100,"Weighted",0.822573561703996
300,100,"Target_Only",0.726723095525998
300,100,"Source1_Only",0.711608222490931
300,100,"Source2_Only",0.667069729947602
300,100,"Weighted",0.771060056428859
100,300,"Target_Only",0.657794676806084
100,300,"Source1_Only",0.64828897338403
100,300,"Source2_Only",0.775665399239544
100,300,"Weighted",0.771863117870722
200,300,"Target_Only",0.714285714285714
200,300,"Source1_Only",0.599096555618295
200,300,"Source2_Only",0.763975155279503
200,300,"Weighted",0.754376058723885
300,300,"Target_Only",0.798920377867746
300,300,"Source1_Only",0.697705802968961
300,300,"Source2_Only",0.823886639676113
300,300,"Weighted",0.866846603688709
100,500,"Target_Only",0.681381957773513
100,500,"Source1_Only",0.702495201535509
100,500,"Source2_Only",0.727447216890595
100,500,"Weighted",0.756238003838772
200,500,"Target_Only",0.779404818138876
200,500,"Source1_Only",0.749173358526216
200,500,"Source2_Only",0.795937647614549
200,500,"Weighted",0.826169107227208
300,500,"Target_Only",0.77002438566873
300,500,"Source1_Only",0.622772462952542
300,500,"Source2_Only",0.78671918964547
300,500,"Weighted",0.804351903957982
100,1000,"Target_Only",0.720647773279352
100,1000,"Source1_Only",0.686234817813765
100,1000,"Source2_Only",0.799595141700405
100,1000,"Weighted",0.801619433198381
200,1000,"Target_Only",0.719111111111111
200,1000,"Source1_Only",0.603111111111111
200,1000,"Source2_Only",0.779555555555556
200,1000,"Weighted",0.793777777777778
300,1000,"Target_Only",0.786641929499072
300,1000,"Source1_Only",0.695037105751391
300,1000,"Source2_Only",0.750231910946197
300,1000,"Weighted",0.820964749536178
100,100,"Target_Only",0.72992700729927
100,100,"Source1_Only",0.727493917274939
100,100,"Source2_Only",0.725060827250608
100,100,"Weighted",0.807785888077859
200,100,"Target_Only",0.75
200,100,"Source1_Only",0.645030425963489
200,100,"Source2_Only",0.711967545638945
200,100,"Weighted",0.759634888438134
300,100,"Target_Only",0.686449691554988
300,100,"Source1_Only",0.634120399914912
300,100,"Source2_Only",0.673899170389279
300,100,"Weighted",0.709848968304616
100,300,"Target_Only",0.866171003717472
100,300,"Source1_Only",0.737918215613383
100,300,"Source2_Only",0.79182156133829
100,300,"Weighted",0.890334572490706
200,300,"Target_Only",0.730472516875603
200,300,"Source1_Only",0.699132111861138
200,300,"Source2_Only",0.796046287367406
200,300,"Weighted",0.829315332690453
300,300,"Target_Only",0.761382799325464
300,300,"Source1_Only",0.668001686340641
300,300,"Source2_Only",0.795109612141653
300,300,"Weighted",0.807546374367622
100,500,"Target_Only",0.618055555555556
100,500,"Source1_Only",0.736111111111111
100,500,"Source2_Only",0.817708333333333
100,500,"Weighted",0.800347222222222
200,500,"Target_Only",0.748171368861024
200,500,"Source1_Only",0.672413793103448
200,500,"Source2_Only",0.72884012539185
200,500,"Weighted",0.778474399164054
300,500,"Target_Only",0.806724422442244
300,500,"Source1_Only",0.6996699669967
300,500,"Source2_Only",0.771658415841584
300,500,"Weighted",0.832714521452145
100,1000,"Target_Only",0.819105691056911
100,1000,"Source1_Only",0.717479674796748
100,1000,"Source2_Only",0.847560975609756
100,1000,"Weighted",0.896341463414634
200,1000,"Target_Only",0.745835113199487
200,1000,"Source1_Only",0.66211020931226
200,1000,"Source2_Only",0.78983340452798
200,1000,"Weighted",0.815890645023494
300,1000,"Target_Only",0.757684210526316
300,1000,"Source1_Only",0.790736842105263
300,1000,"Source2_Only",0.762526315789474
300,1000,"Weighted",0.821684210526316
100,100,"Target_Only",0.67378640776699
100,100,"Source1_Only",0.724271844660194
100,100,"Source2_Only",0.730097087378641
100,100,"Weighted",0.747572815533981
200,100,"Target_Only",0.708080808080808
200,100,"Source1_Only",0.613636363636364
200,100,"Source2_Only",0.763636363636364
200,100,"Weighted",0.773737373737374
300,100,"Target_Only",0.787131689717378
300,100,"Source1_Only",0.630787733012628
300,100,"Source2_Only",0.760072158749248
300,100,"Weighted",0.812387251954299
100,300,"Target_Only",0.688288288288288
100,300,"Source1_Only",0.65045045045045
100,300,"Source2_Only",0.693693693693694
100,300,"Weighted",0.754954954954955
200,300,"Target_Only",0.780440097799511
200,300,"Source1_Only",0.570171149144254
200,300,"Source2_Only",0.757457212713937
200,300,"Weighted",0.827872860635697
300,300,"Target_Only",0.708878048780488
300,300,"Source1_Only",0.717463414634146
300,300,"Source2_Only",0.736585365853659
300,300,"Weighted",0.793951219512195
100,500,"Target_Only",0.733606557377049
100,500,"Source1_Only",0.700819672131147
100,500,"Source2_Only",0.807377049180328
100,500,"Weighted",0.846311475409836
200,500,"Target_Only",0.749887133182844
200,500,"Source1_Only",0.715124153498871
200,500,"Source2_Only",0.779232505643341
200,500,"Weighted",0.821218961625282
300,500,"Target_Only",0.797018582805799
300,500,"Source1_Only",0.729426179293445
300,500,"Source2_Only",0.831529507861956
300,500,"Weighted",0.852971206861344
100,1000,"Target_Only",0.831730769230769
100,1000,"Source1_Only",0.728365384615385
100,1000,"Source2_Only",0.841346153846154
100,1000,"Weighted",0.894230769230769
200,1000,"Target_Only",0.756672597864769
200,1000,"Source1_Only",0.697508896797153
200,1000,"Source2_Only",0.737099644128114
200,1000,"Weighted",0.822953736654804
300,1000,"Target_Only",0.719390991753013
300,1000,"Source1_Only",0.637978430957919
300,1000,"Source2_Only",0.735462042715162
300,1000,"Weighted",0.761683231127088
100,100,"Target_Only",0.82089552238806
100,100,"Source1_Only",0.706467661691542
100,100,"Source2_Only",0.772802653399668
100,100,"Weighted",0.860696517412935
200,100,"Target_Only",0.773917182294146
200,100,"Source1_Only",0.646834840552118
200,100,"Source2_Only",0.784864350309377
200,100,"Weighted",0.817705854355069
300,100,"Target_Only",0.761354581673307
300,100,"Source1_Only",0.716733067729084
300,100,"Source2_Only",0.709561752988048
300,100,"Weighted",0.805179282868526
100,300,"Target_Only",0.721311475409836
100,300,"Source1_Only",0.586520947176685
100,300,"Source2_Only",0.692167577413479
100,300,"Weighted",0.765027322404372
200,300,"Target_Only",0.758401453224341
200,300,"Source1_Only",0.622161671207993
200,300,"Source2_Only",0.782470481380563
200,300,"Weighted",0.797910990009083
300,300,"Target_Only",0.800422589320015
300,300,"Source1_Only",0.692086054552439
300,300,"Source2_Only",0.795620437956204
300,300,"Weighted",0.835382251248559
100,500,"Target_Only",0.762773722627737
100,500,"Source1_Only",0.52007299270073
100,500,"Source2_Only",0.717153284671533
100,500,"Weighted",0.81021897810219
200,500,"Target_Only",0.731687242798354
200,500,"Source1_Only",0.680658436213992
200,500,"Source2_Only",0.770781893004115
200,500,"Weighted",0.777777777777778
300,500,"Target_Only",0.758078602620087
300,500,"Source1_Only",0.615502183406114
300,500,"Source2_Only",0.828165938864629
300,500,"Weighted",0.809825327510917
100,1000,"Target_Only",0.754273504273504
100,1000,"Source1_Only",0.715811965811966
100,1000,"Source2_Only",0.784188034188034
100,1000,"Weighted",0.873931623931624
200,1000,"Target_Only",0.706201901312811
200,1000,"Source1_Only",0.628791308284292
200,1000,"Source2_Only",0.756450882752377
200,1000,"Weighted",0.790402897238569
300,1000,"Target_Only",0.777017783857729
300,1000,"Source1_Only",0.751025991792066
300,1000,"Source2_Only",0.794345645234838
300,1000,"Weighted",0.836525307797538
100,100,"Target_Only",0.735349716446125
100,100,"Source1_Only",0.659735349716446
100,100,"Source2_Only",0.66351606805293
100,100,"Weighted",0.737240075614367
200,100,"Target_Only",0.74109131403118
200,100,"Source1_Only",0.552338530066815
200,100,"Source2_Only",0.798997772828508
200,100,"Weighted",0.794543429844098
300,100,"Target_Only",0.744750349976668
300,100,"Source1_Only",0.599626691553896
300,100,"Source2_Only",0.684787680821279
300,100,"Weighted",0.728184787680821
100,300,"Target_Only",0.70990990990991
100,300,"Source1_Only",0.643243243243243
100,300,"Source2_Only",0.742342342342342
100,300,"Weighted",0.765765765765766
200,300,"Target_Only",0.687058823529412
200,300,"Source1_Only",0.510588235294118
200,300,"Source2_Only",0.742588235294118
200,300,"Weighted",0.741176470588235
300,300,"Target_Only",0.819051580698835
300,300,"Source1_Only",0.654950083194676
300,300,"Source2_Only",0.783901830282862
300,300,"Weighted",0.836314475873544
100,500,"Target_Only",0.677799607072691
100,500,"Source1_Only",0.597249508840864
100,500,"Source2_Only",0.819253438113949
100,500,"Weighted",0.742632612966601
200,500,"Target_Only",0.761006289308176
200,500,"Source1_Only",0.688050314465409
200,500,"Source2_Only",0.791194968553459
200,500,"Weighted",0.819287211740042
300,500,"Target_Only",0.794337396775462
300,500,"Source1_Only",0.684427841132521
300,500,"Source2_Only",0.758552890287063
300,500,"Weighted",0.816555249705073
100,1000,"Target_Only",0.624775583482944
100,1000,"Source1_Only",0.718132854578097
100,1000,"Source2_Only",0.833034111310592
100,1000,"Weighted",0.825852782764811
200,1000,"Target_Only",0.793920429146178
200,1000,"Source1_Only",0.672329012069736
200,1000,"Source2_Only",0.799284756370139
200,1000,"Weighted",0.828341528833259
300,1000,"Target_Only",0.761517615176152
300,1000,"Source1_Only",0.641114982578397
300,1000,"Source2_Only",0.790940766550523
300,1000,"Weighted",0.799651567944251
100,100,"Target_Only",0.634686346863469
100,100,"Source1_Only",0.643911439114391
100,100,"Source2_Only",0.723247232472325
100,100,"Weighted",0.749077490774908
200,100,"Target_Only",0.758559359715429
200,100,"Source1_Only",0.672743441529569
200,100,"Source2_Only",0.624277456647399
200,100,"Weighted",0.771009337483326
300,100,"Target_Only",0.806248689452715
300,100,"Source1_Only",0.635982386244496
300,100,"Source2_Only",0.695533654854267
300,100,"Weighted",0.79869993709373
100,300,"Target_Only",0.798
100,300,"Source1_Only",0.696
100,300,"Source2_Only",0.77
100,300,"Weighted",0.844
200,300,"Target_Only",0.815518176885513
200,300,"Source1_Only",0.595767769940315
200,300,"Source2_Only",0.818773738469886
200,300,"Weighted",0.83288117200217
300,300,"Target_Only",0.75723373691771
300,300,"Source1_Only",0.687666735070798
300,300,"Source2_Only",0.742868869279705
300,300,"Weighted",0.814077570285245
100,500,"Target_Only",0.785087719298246
100,500,"Source1_Only",0.866228070175439
100,500,"Source2_Only",0.703947368421053
100,500,"Weighted",0.826754385964912
200,500,"Target_Only",0.743793911007026
200,500,"Source1_Only",0.652927400468384
200,500,"Source2_Only",0.725995316159251
200,500,"Weighted",0.779859484777518
300,500,"Target_Only",0.775975449364314
300,500,"Source1_Only",0.658483121437966
300,500,"Source2_Only",0.745067952652345
300,500,"Weighted",0.807321350284963
100,1000,"Target_Only",0.75103734439834
100,1000,"Source1_Only",0.663900414937759
100,1000,"Source2_Only",0.829875518672199
100,1000,"Weighted",0.83195020746888
200,1000,"Target_Only",0.709262010896483
200,1000,"Source1_Only",0.62109955423477
200,1000,"Source2_Only",0.710747894997524
200,1000,"Weighted",0.766220901436355
300,1000,"Target_Only",0.786196707471507
300,1000,"Source1_Only",0.697129590544534
300,1000,"Source2_Only",0.820810468552132
300,1000,"Weighted",0.830097087378641
100,100,"Target_Only",0.681159420289855
100,100,"Source1_Only",0.466183574879227
100,100,"Source2_Only",0.770531400966184
100,100,"Weighted",0.770531400966184
200,100,"Target_Only",0.726465364120782
200,100,"Source1_Only",0.653197158081705
200,100,"Source2_Only",0.712255772646536
200,100,"Weighted",0.774866785079929
300,100,"Target_Only",0.788065843621399
300,100,"Source1_Only",0.58641975308642
300,100,"Source2_Only",0.733744855967078
300,100,"Weighted",0.785185185185185
100,300,"Target_Only",0.696261682242991
100,300,"Source1_Only",0.511682242990654
100,300,"Source2_Only",0.789719626168224
100,300,"Weighted",0.80607476635514
200,300,"Target_Only",0.758345086976963
200,300,"Source1_Only",0.711330512458862
200,300,"Source2_Only",0.746121297602257
200,300,"Weighted",0.797837329572167
300,300,"Target_Only",0.793830235677333
300,300,"Source1_Only",0.619658938493964
300,300,"Source2_Only",0.810500095803794
300,300,"Weighted",0.836367120137957
100,500,"Target_Only",0.704402515723271
100,500,"Source1_Only",0.69811320754717
100,500,"Source2_Only",0.827044025157233
100,500,"Weighted",0.867924528301887
200,500,"Target_Only",0.86161757830762
200,500,"Source1_Only",0.66573165030388
200,500,"Source2_Only",0.796166432912576
200,500,"Weighted",0.862085086489013
300,500,"Target_Only",0.825756017280395
300,500,"Source1_Only",0.65151203456079
300,500,"Source2_Only",0.787492285537955
300,500,"Weighted",0.845505040115203
100,1000,"Target_Only",0.722641509433962
100,1000,"Source1_Only",0.754716981132076
100,1000,"Source2_Only",0.784905660377359
100,1000,"Weighted",0.809433962264151
200,1000,"Target_Only",0.739455419113721
200,1000,"Source1_Only",0.701548318206086
200,1000,"Source2_Only",0.786438868126001
200,1000,"Weighted",0.808862786972771
300,1000,"Target_Only",0.697396052078958
300,1000,"Source1_Only",0.644897102057959
300,1000,"Source2_Only",0.724905501889962
300,1000,"Weighted",0.76627467450651
100,100,"Target_Only",0.793617021276596
100,100,"Source1_Only",0.75531914893617
100,100,"Source2_Only",0.757446808510638
100,100,"Weighted",0.831914893617021
200,100,"Target_Only",0.75474317445627
200,100,"Source1_Only",0.728366496992133
200,100,"Source2_Only",0.715872281351226
200,100,"Weighted",0.778343359555761
300,100,"Target_Only",0.821192052980132
300,100,"Source1_Only",0.669347209082308
300,100,"Source2_Only",0.762535477767266
300,100,"Weighted",0.833491012298959
100,300,"Target_Only",0.610421836228288
100,300,"Source1_Only",0.657568238213399
100,300,"Source2_Only",0.684863523573201
100,300,"Weighted",0.687344913151365
200,300,"Target_Only",0.766025641025641
200,300,"Source1_Only",0.657509157509158
200,300,"Source2_Only",0.799450549450549
200,300,"Weighted",0.81959706959707
300,300,"Target_Only",0.74686660698299
300,300,"Source1_Only",0.703222918531782
300,300,"Source2_Only",0.776857654431513
300,300,"Weighted",0.822739480752014
100,500,"Target_Only",0.682842287694974
100,500,"Source1_Only",0.779896013864818
100,500,"Source2_Only",0.845753899480069
100,500,"Weighted",0.805892547660312
200,500,"Target_Only",0.750234301780694
200,500,"Source1_Only",0.61340206185567
200,500,"Source2_Only",0.777413308341143
200,500,"Weighted",0.798969072164949
300,500,"Target_Only",0.71741935483871
300,500,"Source1_Only",0.582795698924731
300,500,"Source2_Only",0.74236559139785
300,500,"Weighted",0.770537634408602
100,1000,"Target_Only",0.697727272727273
100,1000,"Source1_Only",0.834090909090909
100,1000,"Source2_Only",0.727272727272727
100,1000,"Weighted",0.786363636363636
200,1000,"Target_Only",0.682597402597403
200,1000,"Source1_Only",0.584415584415584
200,1000,"Source2_Only",0.801558441558442
200,1000,"Weighted",0.742857142857143
300,1000,"Target_Only",0.776282426370197
300,1000,"Source1_Only",0.641895845523698
300,1000,"Source2_Only",0.827189389506534
300,1000,"Weighted",0.841037643846304
100,100,"Target_Only",0.757028112449799
100,100,"Source1_Only",0.616465863453815
100,100,"Source2_Only",0.748995983935743
100,100,"Weighted",0.789156626506024
200,100,"Target_Only",0.744034707158351
200,100,"Source1_Only",0.649674620390456
200,100,"Source2_Only",0.766268980477223
200,100,"Weighted",0.790130151843818
300,100,"Target_Only",0.767711035721413
300,100,"Source1_Only",0.596288166034724
300,100,"Source2_Only",0.711634404310517
300,100,"Weighted",0.778487327878667
100,300,"Target_Only",0.643298969072165
100,300,"Source1_Only",0.635051546391753
100,300,"Source2_Only",0.892783505154639
100,300,"Weighted",0.818556701030928
200,300,"Target_Only",0.787818272591113
200,300,"Source1_Only",0.687468796804793
200,300,"Source2_Only",0.842735896155766
200,300,"Weighted",0.841737393909136
300,300,"Target_Only",0.745901639344262
300,300,"Source1_Only",0.666036149642707
300,300,"Source2_Only",0.763345943673813
300,300,"Weighted",0.790668348045397
100,500,"Target_Only",0.685714285714286
100,500,"Source1_Only",0.680672268907563
100,500,"Source2_Only",0.756302521008403
100,500,"Weighted",0.769747899159664
200,500,"Target_Only",0.730610371730151
200,500,"Source1_Only",0.69894446994034
200,500,"Source2_Only",0.74942634235888
200,500,"Weighted",0.804497475906379
300,500,"Target_Only",0.820939540762587
300,500,"Source1_Only",0.712871287128713
300,500,"Source2_Only",0.830840530861597
300,500,"Weighted",0.849378554876764
100,1000,"Target_Only",0.603225806451613
100,1000,"Source1_Only",0.67741935483871
100,1000,"Source2_Only",0.566129032258065
100,1000,"Weighted",0.651612903225806
200,1000,"Target_Only",0.745323129251701
200,1000,"Source1_Only",0.684098639455782
200,1000,"Source2_Only",0.76828231292517
200,1000,"Weighted",0.795493197278912
300,1000,"Target_Only",0.753445635528331
300,1000,"Source1_Only",0.724130387223802
300,1000,"Source2_Only",0.763727849485889
300,1000,"Weighted",0.807263180923212
100,100,"Target_Only",0.660933660933661
100,100,"Source1_Only",0.71990171990172
100,100,"Source2_Only",0.687960687960688
100,100,"Weighted",0.712530712530713
200,100,"Target_Only",0.763406940063092
200,100,"Source1_Only",0.679134745380802
200,100,"Source2_Only",0.734565119423164
200,100,"Weighted",0.78819287967553
300,100,"Target_Only",0.746439361242987
300,100,"Source1_Only",0.663789382822615
300,100,"Source2_Only",0.71406991799741
300,100,"Weighted",0.760897712559344
100,300,"Target_Only",0.713701431492842
100,300,"Source1_Only",0.754601226993865
100,300,"Source2_Only",0.783231083844581
100,300,"Weighted",0.807770961145194
200,300,"Target_Only",0.804422604422604
200,300,"Source1_Only",0.65995085995086
200,300,"Source2_Only",0.821621621621622
200,300,"Weighted",0.84029484029484
300,300,"Target_Only",0.771231300345224
300,300,"Source1_Only",0.689298043728424
300,300,"Source2_Only",0.765707710011508
300,300,"Weighted",0.797008055235903
100,500,"Target_Only",0.645724258289703
100,500,"Source1_Only",0.671902268760908
100,500,"Source2_Only",0.727748691099476
100,500,"Weighted",0.74869109947644
200,500,"Target_Only",0.806993006993007
200,500,"Source1_Only",0.74032634032634
200,500,"Source2_Only",0.78974358974359
200,500,"Weighted",0.832634032634033
300,500,"Target_Only",0.778644141217241
300,500,"Source1_Only",0.731860515486247
300,500,"Source2_Only",0.733809833225038
300,500,"Weighted",0.814814814814815
100,1000,"Target_Only",0.710382513661202
100,1000,"Source1_Only",0.663023679417122
100,1000,"Source2_Only",0.730418943533698
100,1000,"Weighted",0.728597449908925
200,1000,"Target_Only",0.821753713464303
200,1000,"Source1_Only",0.674652611403929
200,1000,"Source2_Only",0.796837565884044
200,1000,"Weighted",0.84571154767609
300,1000,"Target_Only",0.792570869990225
300,1000,"Source1_Only",0.727663734115347
300,1000,"Source2_Only",0.783186705767351
300,1000,"Weighted",0.826392961876833
100,100,"Target_Only",0.572874493927126
100,100,"Source1_Only",0.755060728744939
100,100,"Source2_Only",0.663967611336032
100,100,"Weighted",0.716599190283401
200,100,"Target_Only",0.772237196765499
200,100,"Source1_Only",0.574123989218329
200,100,"Source2_Only",0.716981132075472
200,100,"Weighted",0.791105121293801
300,100,"Target_Only",0.78565965583174
300,100,"Source1_Only",0.631548757170172
300,100,"Source2_Only",0.716443594646271
300,100,"Weighted",0.787762906309751
100,300,"Target_Only",0.808429118773946
100,300,"Source1_Only",0.703065134099617
100,300,"Source2_Only",0.839080459770115
100,300,"Weighted",0.867816091954023
200,300,"Target_Only",0.774563591022444
200,300,"Source1_Only",0.669326683291771
200,300,"Source2_Only",0.84139650872818
200,300,"Weighted",0.845386533665835
300,300,"Target_Only",0.787771203155819
300,300,"Source1_Only",0.659960552268245
300,300,"Source2_Only",0.777514792899408
300,300,"Weighted",0.807692307692308
100,500,"Target_Only",0.585365853658537
100,500,"Source1_Only",0.615853658536585
100,500,"Source2_Only",0.784552845528455
100,500,"Weighted",0.731707317073171
200,500,"Target_Only",0.71036889332004
200,500,"Source1_Only",0.701395812562313
200,500,"Source2_Only",0.80309072781655
200,500,"Weighted",0.793120638085743
300,500,"Target_Only",0.77411714039621
300,500,"Source1_Only",0.659991386735573
300,500,"Source2_Only",0.816106804478897
300,500,"Weighted",0.827734711455642
100,1000,"Target_Only",0.65884476534296
100,1000,"Source1_Only",0.702166064981949
100,1000,"Source2_Only",0.716606498194946
100,1000,"Weighted",0.725631768953069
200,1000,"Target_Only",0.828828828828829
200,1000,"Source1_Only",0.728378378378378
200,1000,"Source2_Only",0.849099099099099
200,1000,"Weighted",0.87972972972973
300,1000,"Target_Only",0.774918868799258
300,1000,"Source1_Only",0.667130273528048
300,1000,"Source2_Only",0.795781177561428
300,1000,"Weighted",0.808530366249421
100,100,"Target_Only",0.737793851717902
100,100,"Source1_Only",0.786618444846293
100,100,"Source2_Only",0.741410488245931
100,100,"Weighted",0.792043399638336
200,100,"Target_Only",0.725210084033613
200,100,"Source1_Only",0.484033613445378
200,100,"Source2_Only",0.702521008403361
200,100,"Weighted",0.733193277310924
300,100,"Target_Only",0.792733639746115
300,100,"Source1_Only",0.71394178157146
300,100,"Source2_Only",0.747428321295688
300,100,"Weighted",0.814182534471438
100,300,"Target_Only",0.767272727272727
100,300,"Source1_Only",0.687272727272727
100,300,"Source2_Only",0.805454545454545
100,300,"Weighted",0.845454545454545
200,300,"Target_Only",0.800468384074941
200,300,"Source1_Only",0.718969555035129
200,300,"Source2_Only",0.742388758782201
200,300,"Weighted",0.811241217798595
300,300,"Target_Only",0.81046968756466
300,300,"Source1_Only",0.694599627560521
300,300,"Source2_Only",0.770122077384647
300,300,"Weighted",0.826608731636665
100,500,"Target_Only",0.73866090712743
100,500,"Source1_Only",0.654427645788337
100,500,"Source2_Only",0.740820734341253
100,500,"Weighted",0.838012958963283
200,500,"Target_Only",0.720861486486487
200,500,"Source1_Only",0.649070945945946
200,500,"Source2_Only",0.726351351351351
200,500,"Weighted",0.768581081081081
300,500,"Target_Only",0.816353887399464
300,500,"Source1_Only",0.674709562109026
300,500,"Source2_Only",0.832216264521895
300,500,"Weighted",0.863494191242181
100,1000,"Target_Only",0.75752508361204
100,1000,"Source1_Only",0.767558528428094
100,1000,"Source2_Only",0.737458193979933
100,1000,"Weighted",0.780936454849498
200,1000,"Target_Only",0.747435897435897
200,1000,"Source1_Only",0.732051282051282
200,1000,"Source2_Only",0.758119658119658
200,1000,"Weighted",0.810683760683761
300,1000,"Target_Only",0.764103518897784
300,1000,"Source1_Only",0.704338112083411
300,1000,"Source2_Only",0.749394898529138
300,1000,"Weighted",0.800037237013592
100,100,"Target_Only",0.749510763209393
100,100,"Source1_Only",0.614481409001957
100,100,"Source2_Only",0.643835616438356
100,100,"Weighted",0.747553816046967
200,100,"Target_Only",0.74273127753304
200,100,"Source1_Only",0.693392070484582
200,100,"Source2_Only",0.687665198237885
200,100,"Weighted",0.791189427312775
300,100,"Target_Only",0.782812207451788
300,100,"Source1_Only",0.64313798914061
300,100,"Source2_Only",0.688635087062348
300,100,"Weighted",0.784684516008238
100,300,"Target_Only",0.756
100,300,"Source1_Only",0.682
100,300,"Source2_Only",0.8
100,300,"Weighted",0.836
200,300,"Target_Only",0.818054909260121
200,300,"Source1_Only",0.636109818520242
200,300,"Source2_Only",0.794322940902745
200,300,"Weighted",0.832945556072592
300,300,"Target_Only",0.751104861390117
300,300,"Source1_Only",0.678987545198875
300,300,"Source2_Only",0.723784652470872
300,300,"Weighted",0.786460425873845
100,500,"Target_Only",0.60387811634349
100,500,"Source1_Only",0.653739612188366
100,500,"Source2_Only",0.753462603878116
100,500,"Weighted",0.71191135734072
200,500,"Target_Only",0.643782383419689
200,500,"Source1_Only",0.65587219343696
200,500,"Source2_Only",0.780656303972366
200,500,"Weighted",0.76727115716753
300,500,"Target_Only",0.816242821985234
300,500,"Source1_Only",0.69442165709598
300,500,"Source2_Only",0.775430680885972
300,500,"Weighted",0.821164889253486
100,1000,"Target_Only",0.761078998073218
100,1000,"Source1_Only",0.682080924855491
100,1000,"Source2_Only",0.739884393063584
100,1000,"Weighted",0.807321772639692
200,1000,"Target_Only",0.755274261603376
200,1000,"Source1_Only",0.663384903891233
200,1000,"Source2_Only",0.808720112517581
200,1000,"Weighted",0.806844819503047
300,1000,"Target_Only",0.753761969904241
300,1000,"Source1_Only",0.630870953032376
300,1000,"Source2_Only",0.763337893296854
300,1000,"Weighted",0.780893752849977
100,100,"Target_Only",0.721590909090909
100,100,"Source1_Only",0.640151515151515
100,100,"Source2_Only",0.804924242424242
100,100,"Weighted",0.797348484848485
200,100,"Target_Only",0.715935334872979
200,100,"Source1_Only",0.590300230946882
200,100,"Source2_Only",0.721478060046189
200,100,"Weighted",0.752886836027714
300,100,"Target_Only",0.749646963889449
300,100,"Source1_Only",0.613274157756708
300,100,"Source2_Only",0.758725035303611
300,100,"Weighted",0.785959249546096
100,300,"Target_Only",0.725274725274725
100,300,"Source1_Only",0.813186813186813
100,300,"Source2_Only",0.69701726844584
100,300,"Weighted",0.781789638932496
200,300,"Target_Only",0.766548984995587
200,300,"Source1_Only",0.70432480141218
200,300,"Source2_Only",0.778905560458959
200,300,"Weighted",0.813327449249779
300,300,"Target_Only",0.758185319922962
300,300,"Source1_Only",0.689064840573507
300,300,"Source2_Only",0.772309009201798
300,300,"Weighted",0.827733789856623
100,500,"Target_Only",0.737547892720307
100,500,"Source1_Only",0.718390804597701
100,500,"Source2_Only",0.808429118773946
100,500,"Weighted",0.831417624521073
200,500,"Target_Only",0.756868843960601
200,500,"Source1_Only",0.780715396578538
200,500,"Source2_Only",0.76049766718507
200,500,"Weighted",0.84033177812338
300,500,"Target_Only",0.774106400665004
300,500,"Source1_Only",0.670615128844555
300,500,"Source2_Only",0.781172069825436
300,500,"Weighted",0.817955112219451
100,1000,"Target_Only",0.768421052631579
100,1000,"Source1_Only",0.717543859649123
100,1000,"Source2_Only",0.87719298245614
100,1000,"Weighted",0.842105263157895
200,1000,"Target_Only",0.776518585675431
200,1000,"Source1_Only",0.744333635539438
200,1000,"Source2_Only",0.827742520398912
200,1000,"Weighted",0.85856754306437
300,1000,"Target_Only",0.768072927708289
300,1000,"Source1_Only",0.688361246555014
300,1000,"Source2_Only",0.812168751324995
300,1000,"Weighted",0.817892728429086
100,100,"Target_Only",0.82793867120954
100,100,"Source1_Only",0.712095400340716
100,100,"Source2_Only",0.700170357751278
100,100,"Weighted",0.848381601362862
200,100,"Target_Only",0.76204101096805
200,100,"Source1_Only",0.624701955174058
200,100,"Source2_Only",0.721506914639962
200,100,"Weighted",0.790653314258464
300,100,"Target_Only",0.809212011740799
300,100,"Source1_Only",0.622488146308422
300,100,"Source2_Only",0.73447730864755
300,100,"Weighted",0.816437118988485
100,300,"Target_Only",0.678855325914149
100,300,"Source1_Only",0.631160572337043
100,300,"Source2_Only",0.720190779014308
100,300,"Weighted",0.740858505564388
200,300,"Target_Only",0.77335744424352
200,300,"Source1_Only",0.768535262206148
200,300,"Source2_Only",0.760699216395419
200,300,"Weighted",0.820373719107896
300,300,"Target_Only",0.820433436532508
300,300,"Source1_Only",0.689449869016432
300,300,"Source2_Only",0.815670397713741
300,300,"Weighted",0.848297213622291
100,500,"Target_Only",0.743083003952569
100,500,"Source1_Only",0.606719367588933
100,500,"Source2_Only",0.705533596837945
100,500,"Weighted",0.778656126482213
200,500,"Target_Only",0.780565693430657
200,500,"Source1_Only",0.736770072992701
200,500,"Source2_Only",0.85036496350365
200,500,"Weighted",0.85264598540146
300,500,"Target_Only",0.776796973518285
300,500,"Source1_Only",0.709709962168979
300,500,"Source2_Only",0.749306431273644
300,500,"Weighted",0.80655737704918
100,1000,"Target_Only",0.672384219554031
100,1000,"Source1_Only",0.656946826758148
100,1000,"Source2_Only",0.828473413379074
100,1000,"Weighted",0.794168096054888
200,1000,"Target_Only",0.758417508417508
200,1000,"Source1_Only",0.667929292929293
200,1000,"Source2_Only",0.797138047138047
200,1000,"Weighted",0.805555555555556
300,1000,"Target_Only",0.758612975391499
300,1000,"Source1_Only",0.727069351230425
300,1000,"Source2_Only",0.769574944071588
300,1000,"Weighted",0.806040268456376
100,100,"Target_Only",0.775229357798165
100,100,"Source1_Only",0.534403669724771
100,100,"Source2_Only",0.665137614678899
100,100,"Weighted",0.704128440366973
200,100,"Target_Only",0.755210643015521
200,100,"Source1_Only",0.672727272727273
200,100,"Source2_Only",0.757871396895787
200,100,"Weighted",0.78669623059867
300,100,"Target_Only",0.793587174348697
300,100,"Source1_Only",0.678690714762859
300,100,"Source2_Only",0.683144065909597
300,100,"Weighted",0.793364506791361
100,300,"Target_Only",0.615384615384615
100,300,"Source1_Only",0.518737672583826
100,300,"Source2_Only",0.779092702169625
100,300,"Weighted",0.755424063116371
200,300,"Target_Only",0.801847187237615
200,300,"Source1_Only",0.706129303106633
200,300,"Source2_Only",0.739714525608732
200,300,"Weighted",0.820738874895046
300,300,"Target_Only",0.752640676013059
300,300,"Source1_Only",0.684271173420396
300,300,"Source2_Only",0.764163625888227
300,300,"Weighted",0.800652967159593
100,500,"Target_Only",0.621578099838969
100,500,"Source1_Only",0.644122383252818
100,500,"Source2_Only",0.780998389694042
100,500,"Weighted",0.805152979066023
200,500,"Target_Only",0.680238331678252
200,500,"Source1_Only",0.579940417080437
200,500,"Source2_Only",0.799900695134062
200,500,"Weighted",0.770109235352532
300,500,"Target_Only",0.742174160500854
300,500,"Source1_Only",0.597988996395371
300,500,"Source2_Only",0.757351546196168
300,500,"Weighted",0.782204515272244
100,1000,"Target_Only",0.610208816705336
100,1000,"Source1_Only",0.737819025522042
100,1000,"Source2_Only",0.784222737819026
100,1000,"Weighted",0.793503480278422
200,1000,"Target_Only",0.801393728222997
200,1000,"Source1_Only",0.731126596980256
200,1000,"Source2_Only",0.824622531939605
200,1000,"Weighted",0.875145180023229
300,1000,"Target_Only",0.74490662139219
300,1000,"Source1_Only",0.637733446519525
300,1000,"Source2_Only",0.775042444821732
300,1000,"Weighted",0.794142614601019
100,100,"Target_Only",0.702882483370288
100,100,"Source1_Only",0.713968957871397
100,100,"Source2_Only",0.680709534368071
100,100,"Weighted",0.791574279379157
200,100,"Target_Only",0.754636233951498
200,100,"Source1_Only",0.632429862101759
200,100,"Source2_Only",0.641940085592011
200,100,"Weighted",0.763670946267237
300,100,"Target_Only",0.744341994970662
300,100,"Source1_Only",0.634953897736798
300,100,"Source2_Only",0.616512992455993
300,100,"Weighted",0.748323554065381
100,300,"Target_Only",0.635775862068966
100,300,"Source1_Only",0.674568965517241
100,300,"Source2_Only",0.737068965517241
100,300,"Weighted",0.77801724137931
200,300,"Target_Only",0.769195820081781
200,300,"Source1_Only",0.690595184007269
200,300,"Source2_Only",0.82189913675602
200,300,"Weighted",0.805997273966379
300,300,"Target_Only",0.779439696106363
300,300,"Source1_Only",0.617996201329535
300,300,"Source2_Only",0.780389363722697
300,300,"Weighted",0.817188983855651
100,500,"Target_Only",0.705061082024433
100,500,"Source1_Only",0.584642233856894
100,500,"Source2_Only",0.785340314136126
100,500,"Weighted",0.81500872600349
200,500,"Target_Only",0.691368421052632
200,500,"Source1_Only",0.621052631578947
200,500,"Source2_Only",0.835789473684211
200,500,"Weighted",0.810947368421053
300,500,"Target_Only",0.765129682997118
300,500,"Source1_Only",0.595718402634829
300,500,"Source2_Only",0.748867846850556
300,500,"Weighted",0.778303828736105
100,1000,"Target_Only",0.579345088161209
100,1000,"Source1_Only",0.710327455919396
100,1000,"Source2_Only",0.801007556675063
100,1000,"Weighted",0.73551637279597
200,1000,"Target_Only",0.774387424872862
200,1000,"Source1_Only",0.628756356911697
200,1000,"Source2_Only",0.789644012944984
200,1000,"Weighted",0.845584835876098
300,1000,"Target_Only",0.77084126379901
300,1000,"Source1_Only",0.687856870955462
300,1000,"Source2_Only",0.77255424438523
300,1000,"Weighted",0.806623524933384
100,100,"Target_Only",0.65974025974026
100,100,"Source1_Only",0.498701298701299
100,100,"Source2_Only",0.753246753246753
100,100,"Weighted",0.72987012987013
200,100,"Target_Only",0.822890971879625
200,100,"Source1_Only",0.66255550074001
200,100,"Source2_Only",0.81253083374445
200,100,"Weighted",0.838677849037987
300,100,"Target_Only",0.755226304038969
300,100,"Source1_Only",0.63669575806779
300,100,"Source2_Only",0.681956565861579
300,100,"Weighted",0.769839659021717
100,300,"Target_Only",0.680769230769231
100,300,"Source1_Only",0.586538461538462
100,300,"Source2_Only",0.767307692307692
100,300,"Weighted",0.734615384615385
200,300,"Target_Only",0.781279847182426
200,300,"Source1_Only",0.751671442215855
200,300,"Source2_Only",0.718242597898758
200,300,"Weighted",0.833810888252149
300,300,"Target_Only",0.711987127916331
300,300,"Source1_Only",0.64923572003218
300,300,"Source2_Only",0.696500402252615
300,300,"Weighted",0.770514883346742
100,500,"Target_Only",0.760765550239234
100,500,"Source1_Only",0.717703349282297
100,500,"Source2_Only",0.776714513556619
100,500,"Weighted",0.819776714513557
200,500,"Target_Only",0.749780893952673
200,500,"Source1_Only",0.648992112182296
200,500,"Source2_Only",0.791849255039439
200,500,"Weighted",0.817703768624014
300,500,"Target_Only",0.804501239748236
300,500,"Source1_Only",0.724775891665077
300,500,"Source2_Only",0.765973679191303
300,500,"Weighted",0.826625977493801
100,1000,"Target_Only",0.677060133630289
100,1000,"Source1_Only",0.576837416481069
100,1000,"Source2_Only",0.790645879732739
100,1000,"Weighted",0.783964365256125
200,1000,"Target_Only",0.833261152013859
200,1000,"Source1_Only",0.72628843655262
200,1000,"Source2_Only",0.805543525335643
200,1000,"Weighted",0.880900822867042
300,1000,"Target_Only",0.765310683951721
300,1000,"Source1_Only",0.655118462226196
300,1000,"Source2_Only",0.77045149754135
300,1000,"Weighted",0.807778274474743
100,100,"Target_Only",0.763059701492537
100,100,"Source1_Only",0.600746268656716
100,100,"Source2_Only",0.722014925373134
100,100,"Weighted",0.753731343283582
200,100,"Target_Only",0.767123287671233
200,100,"Source1_Only",0.601322626358054
200,100,"Source2_Only",0.732640529050543
200,100,"Weighted",0.78932451582428
300,100,"Target_Only",0.816712156204073
300,100,"Source1_Only",0.678353978584926
300,100,"Source2_Only",0.709216880117573
300,100,"Weighted",0.811463363426412
100,300,"Target_Only",0.710239651416122
100,300,"Source1_Only",0.623093681917211
100,300,"Source2_Only",0.823529411764706
100,300,"Weighted",0.803921568627451
200,300,"Target_Only",0.812378167641326
200,300,"Source1_Only",0.649122807017544
200,300,"Source2_Only",0.780214424951267
200,300,"Weighted",0.825536062378168
300,300,"Target_Only",0.812909260991581
300,300,"Source1_Only",0.665575304022451
300,300,"Source2_Only",0.789289055191768
300,300,"Weighted",0.833255378858746
100,500,"Target_Only",0.73
100,500,"Source1_Only",0.664
100,500,"Source2_Only",0.734
100,500,"Weighted",0.826
200,500,"Target_Only",0.713960891314234
200,500,"Source1_Only",0.628467485220555
200,500,"Source2_Only",0.768531150522965
200,500,"Weighted",0.774897680763984
300,500,"Target_Only",0.764458464773922
300,500,"Source1_Only",0.661619348054679
300,500,"Source2_Only",0.759831756046267
300,500,"Weighted",0.8
100,1000,"Target_Only",0.677595628415301
100,1000,"Source1_Only",0.66120218579235
100,1000,"Source2_Only",0.754098360655738
100,1000,"Weighted",0.836065573770492
200,1000,"Target_Only",0.733820459290188
200,1000,"Source1_Only",0.604384133611691
200,1000,"Source2_Only",0.795929018789144
200,1000,"Weighted",0.783402922755741
300,1000,"Target_Only",0.817182410423453
300,1000,"Source1_Only",0.720480456026059
300,1000,"Source2_Only",0.791327361563518
300,1000,"Weighted",0.84792345276873
100,100,"Target_Only",0.689265536723164
100,100,"Source1_Only",0.534839924670433
100,100,"Source2_Only",0.775894538606403
100,100,"Weighted",0.789077212806026
200,100,"Target_Only",0.789106145251397
200,100,"Source1_Only",0.633612662942272
200,100,"Source2_Only",0.753258845437616
200,100,"Weighted",0.805400372439479
300,100,"Target_Only",0.750053636558678
300,100,"Source1_Only",0.625616820424802
300,100,"Source2_Only",0.724737180862476
300,100,"Weighted",0.767646427805192
100,300,"Target_Only",0.809110629067245
100,300,"Source1_Only",0.726681127982646
100,300,"Source2_Only",0.86117136659436
100,300,"Weighted",0.898047722342733
200,300,"Target_Only",0.676338169084542
200,300,"Source1_Only",0.704352176088044
200,300,"Source2_Only",0.769884942471236
200,300,"Weighted",0.787893946973487
300,300,"Target_Only",0.792044963251189
300,300,"Source1_Only",0.610894941634241
300,300,"Source2_Only",0.770211846087332
300,300,"Weighted",0.810203199308258
100,500,"Target_Only",0.736242884250474
100,500,"Source1_Only",0.618595825426945
100,500,"Source2_Only",0.760910815939279
100,500,"Weighted",0.81404174573055
200,500,"Target_Only",0.747126436781609
200,500,"Source1_Only",0.707338638373121
200,500,"Source2_Only",0.789124668435013
200,500,"Weighted",0.815207780725022
300,500,"Target_Only",0.7232
300,500,"Source1_Only",0.6812
300,500,"Source2_Only",0.7976
300,500,"Weighted",0.8056
100,1000,"Target_Only",0.661512027491409
100,1000,"Source1_Only",0.644329896907216
100,1000,"Source2_Only",0.639175257731959
100,1000,"Weighted",0.670103092783505
200,1000,"Target_Only",0.801332778009163
200,1000,"Source1_Only",0.694294044148272
200,1000,"Source2_Only",0.798000832986256
200,1000,"Weighted",0.837151187005414
300,1000,"Target_Only",0.774845711853586
300,1000,"Source1_Only",0.72972972972973
300,1000,"Source2_Only",0.835709725473505
300,1000,"Weighted",0.839965950202171
100,100,"Target_Only",0.702602230483271
100,100,"Source1_Only",0.557620817843866
100,100,"Source2_Only",0.747211895910781
100,100,"Weighted",0.786245353159851
200,100,"Target_Only",0.748331370239497
200,100,"Source1_Only",0.778955634079309
200,100,"Source2_Only",0.810365135453475
200,100,"Weighted",0.830388692579505
300,100,"Target_Only",0.771379376315286
300,100,"Source1_Only",0.560933613927683
300,100,"Source2_Only",0.660991008226516
300,100,"Weighted",0.718002678400612
100,300,"Target_Only",0.825806451612903
100,300,"Source1_Only",0.725806451612903
100,300,"Source2_Only",0.812903225806452
100,300,"Weighted",0.848387096774194
200,300,"Target_Only",0.733538191395961
200,300,"Source1_Only",0.662423178226514
200,300,"Source2_Only",0.7928007023705
200,300,"Weighted",0.80377524143986
300,300,"Target_Only",0.77701047003787
300,300,"Source1_Only",0.645578079750501
300,300,"Source2_Only",0.736689685898864
300,300,"Weighted",0.780351971485854
100,500,"Target_Only",0.726989079563183
100,500,"Source1_Only",0.628705148205928
100,500,"Source2_Only",0.606864274570983
100,500,"Weighted",0.764430577223089
200,500,"Target_Only",0.761379310344828
200,500,"Source1_Only",0.705287356321839
200,500,"Source2_Only",0.745287356321839
200,500,"Weighted",0.826206896551724
300,500,"Target_Only",0.74808875629312
300,500,"Source1_Only",0.655230281558829
300,500,"Source2_Only",0.751258623904531
300,500,"Weighted",0.769345515569644
100,1000,"Target_Only",0.728174603174603
100,1000,"Source1_Only",0.66468253968254
100,1000,"Source2_Only",0.746031746031746
100,1000,"Weighted",0.748015873015873
200,1000,"Target_Only",0.776713709677419
200,1000,"Source1_Only",0.623991935483871
200,1000,"Source2_Only",0.80695564516129
200,1000,"Weighted",0.842741935483871
300,1000,"Target_Only",0.71822125813449
300,1000,"Source1_Only",0.717787418655098
300,1000,"Source2_Only",0.783947939262473
300,1000,"Weighted",0.781995661605206
100,100,"Target_Only",0.643109540636042
100,100,"Source1_Only",0.651943462897526
100,100,"Source2_Only",0.726148409893993
100,100,"Weighted",0.742049469964664
200,100,"Target_Only",0.786660777385159
200,100,"Source1_Only",0.703180212014134
200,100,"Source2_Only",0.705388692579505
200,100,"Weighted",0.78886925795053
300,100,"Target_Only",0.779995925850479
300,100,"Source1_Only",0.593603585251579
300,100,"Source2_Only",0.672845793440619
300,100,"Weighted",0.781421878182929
100,300,"Target_Only",0.639344262295082
100,300,"Source1_Only",0.586885245901639
100,300,"Source2_Only",0.759016393442623
100,300,"Weighted",0.739344262295082
200,300,"Target_Only",0.802919708029197
200,300,"Source1_Only",0.717413972888425
200,300,"Source2_Only",0.630344108446298
200,300,"Weighted",0.778936392075078
300,300,"Target_Only",0.790066777963272
300,300,"Source1_Only",0.655467445742905
300,300,"Source2_Only",0.751460767946578
300,300,"Weighted",0.821160267111853
100,500,"Target_Only",0.773504273504274
100,500,"Source1_Only",0.681623931623932
100,500,"Source2_Only",0.760683760683761
100,500,"Weighted",0.805555555555556
200,500,"Target_Only",0.790145182578091
200,500,"Source1_Only",0.654201495820502
200,500,"Source2_Only",0.742630884293885
200,500,"Weighted",0.809942806863176
300,500,"Target_Only",0.757928802588997
300,500,"Source1_Only",0.602588996763754
300,500,"Source2_Only",0.797842502696872
300,500,"Weighted",0.798921251348436
100,1000,"Target_Only",0.775967413441955
100,1000,"Source1_Only",0.596741344195519
100,1000,"Source2_Only",0.784114052953157
100,1000,"Weighted",0.796334012219959
200,1000,"Target_Only",0.744367417677643
200,1000,"Source1_Only",0.626516464471404
200,1000,"Source2_Only",0.787261698440208
200,1000,"Weighted",0.803726169844021
300,1000,"Target_Only",0.788050930460333
300,1000,"Source1_Only",0.70871694417238
300,1000,"Source2_Only",0.77179236043095
300,1000,"Weighted",0.816258570029383
100,100,"Target_Only",0.667976424361493
100,100,"Source1_Only",0.699410609037328
100,100,"Source2_Only",0.742632612966601
100,100,"Weighted",0.772102161100196
200,100,"Target_Only",0.706997742663657
200,100,"Source1_Only",0.5313769751693
200,100,"Source2_Only",0.714672686230248
200,100,"Weighted",0.723702031602709
300,100,"Target_Only",0.749392712550607
300,100,"Source1_Only",0.557085020242915
300,100,"Source2_Only",0.789878542510121
300,100,"Weighted",0.78502024291498
100,300,"Target_Only",0.753130590339893
100,300,"Source1_Only",0.73345259391771
100,300,"Source2_Only",0.797853309481216
100,300,"Weighted",0.81216457960644
200,300,"Target_Only",0.854120758043191
200,300,"Source1_Only",0.726751873071838
200,300,"Source2_Only",0.815777875716175
200,300,"Weighted",0.863375936535919
300,300,"Target_Only",0.792377575891868
300,300,"Source1_Only",0.728783514292045
300,300,"Source2_Only",0.706403722579216
300,300,"Weighted",0.811433636162198
100,500,"Target_Only",0.688622754491018
100,500,"Source1_Only",0.648702594810379
100,500,"Source2_Only",0.732534930139721
100,500,"Weighted",0.778443113772455
200,500,"Target_Only",0.731393129770992
200,500,"Source1_Only",0.769083969465649
200,500,"Source2_Only",0.790076335877863
200,500,"Weighted",0.80486641221374
300,500,"Target_Only",0.823373983739837
300,500,"Source1_Only",0.711382113821138
300,500,"Source2_Only",0.832317073170732
300,500,"Weighted",0.859349593495935
100,1000,"Target_Only",0.51864406779661
100,1000,"Source1_Only",0.684745762711864
100,1000,"Source2_Only",0.810169491525424
100,1000,"Weighted",0.801694915254237
200,1000,"Target_Only",0.763776164032465
200,1000,"Source1_Only",0.686885946176848
200,1000,"Source2_Only",0.79666809055959
200,1000,"Weighted",0.831268688594618
300,1000,"Target_Only",0.767666798262929
300,1000,"Source1_Only",0.678247137781287
300,1000,"Source2_Only",0.826292933280695
300,1000,"Weighted",0.837149624950651
100,100,"Target_Only",0.731884057971015
100,100,"Source1_Only",0.713768115942029
100,100,"Source2_Only",0.63768115942029
100,100,"Weighted",0.75
200,100,"Target_Only",0.750113173381621
200,100,"Source1_Only",0.62154821186057
200,100,"Source2_Only",0.721140787686736
200,100,"Weighted",0.777727478497057
300,100,"Target_Only",0.823768902675456
300,100,"Source1_Only",0.686312524234199
300,100,"Source2_Only",0.780341217526173
300,100,"Weighted",0.836952307095774
100,300,"Target_Only",0.654343807763401
100,300,"Source1_Only",0.608133086876155
100,300,"Source2_Only",0.648798521256932
100,300,"Weighted",0.730129390018484
200,300,"Target_Only",0.718141592920354
200,300,"Source1_Only",0.684513274336283
200,300,"Source2_Only",0.716371681415929
200,300,"Weighted",0.773008849557522
300,300,"Target_Only",0.726004148595135
300,300,"Source1_Only",0.573448991137092
300,300,"Source2_Only",0.746747124269282
300,300,"Weighted",0.761455779747313
100,500,"Target_Only",0.783524904214559
100,500,"Source1_Only",0.708812260536398
100,500,"Source2_Only",0.791187739463602
100,500,"Weighted",0.823754789272031
200,500,"Target_Only",0.682865731462926
200,500,"Source1_Only",0.639278557114228
200,500,"Source2_Only",0.783066132264529
200,500,"Weighted",0.756012024048096
300,500,"Target_Only",0.798383993843786
300,500,"Source1_Only",0.728164678722586
300,500,"Source2_Only",0.755675259715275
300,500,"Weighted",0.814544055405925
100,1000,"Target_Only",0.580869565217391
100,1000,"Source1_Only",0.737391304347826
100,1000,"Source2_Only",0.763478260869565
100,1000,"Weighted",0.773913043478261
200,1000,"Target_Only",0.675137653536637
200,1000,"Source1_Only",0.700974163490047
200,1000,"Source2_Only",0.76577721304532
200,1000,"Weighted",0.772130453197797
300,1000,"Target_Only",0.781865397100195
300,1000,"Source1_Only",0.716944384332396
300,1000,"Source2_Only",0.755031378489504
300,1000,"Weighted",0.807184592079636
100,100,"Target_Only",0.691111111111111
100,100,"Source1_Only",0.615555555555556
100,100,"Source2_Only",0.644444444444444
100,100,"Weighted",0.737777777777778
200,100,"Target_Only",0.731111111111111
200,100,"Source1_Only",0.662222222222222
200,100,"Source2_Only",0.688444444444444
200,100,"Weighted",0.765777777777778
300,100,"Target_Only",0.744446795007404
300,100,"Source1_Only",0.656653268457796
300,100,"Source2_Only",0.731542204357944
300,100,"Weighted",0.756293632324942
100,300,"Target_Only",0.647311827956989
100,300,"Source1_Only",0.696774193548387
100,300,"Source2_Only",0.774193548387097
100,300,"Weighted",0.774193548387097
200,300,"Target_Only",0.682629516760993
200,300,"Source1_Only",0.632564214192425
200,300,"Source2_Only",0.710491946016543
200,300,"Weighted",0.723987810187201
300,300,"Target_Only",0.75776926351639
300,300,"Source1_Only",0.567262664963814
300,300,"Source2_Only",0.809493401447424
300,300,"Weighted",0.820987654320988
100,500,"Target_Only",0.641693811074919
100,500,"Source1_Only",0.542345276872964
100,500,"Source2_Only",0.742671009771987
100,500,"Weighted",0.741042345276873
200,500,"Target_Only",0.672522522522523
200,500,"Source1_Only",0.764414414414414
200,500,"Source2_Only",0.712162162162162
200,500,"Weighted",0.749099099099099
300,500,"Target_Only",0.751984126984127
300,500,"Source1_Only",0.657936507936508
300,500,"Source2_Only",0.752777777777778
300,500,"Weighted",0.789087301587302
100,1000,"Target_Only",0.693512304250559
100,1000,"Source1_Only",0.686800894854586
100,1000,"Source2_Only",0.767337807606264
100,1000,"Weighted",0.771812080536913
200,1000,"Target_Only",0.76239758516602
200,1000,"Source1_Only",0.708926261319534
200,1000,"Source2_Only",0.771884432945235
200,1000,"Weighted",0.811125485122898
300,1000,"Target_Only",0.803496208930076
300,1000,"Source1_Only",0.748736310025274
300,1000,"Source2_Only",0.78117101937658
300,1000,"Weighted",0.83150800336984
100,100,"Target_Only",0.736842105263158
100,100,"Source1_Only",0.684210526315789
100,100,"Source2_Only",0.76140350877193
100,100,"Weighted",0.77719298245614
200,100,"Target_Only",0.755565068493151
200,100,"Source1_Only",0.695205479452055
200,100,"Source2_Only",0.820205479452055
200,100,"Weighted",0.804794520547945
300,100,"Target_Only",0.779013961605585
300,100,"Source1_Only",0.695462478184991
300,100,"Source2_Only",0.69022687609075
300,100,"Weighted",0.789921465968586
100,300,"Target_Only",0.589189189189189
100,300,"Source1_Only",0.625225225225225
100,300,"Source2_Only",0.783783783783784
100,300,"Weighted",0.740540540540541
200,300,"Target_Only",0.731574158325751
200,300,"Source1_Only",0.686533212010919
200,300,"Source2_Only",0.790718835304823
200,300,"Weighted",0.814831665150136
300,300,"Target_Only",0.812840702604482
300,300,"Source1_Only",0.741974560872199
300,300,"Source2_Only",0.796285079749647
300,300,"Weighted",0.847769028871391
100,500,"Target_Only",0.78219696969697
100,500,"Source1_Only",0.751893939393939
100,500,"Source2_Only",0.801136363636364
100,500,"Weighted",0.854166666666667
200,500,"Target_Only",0.761607142857143
200,500,"Source1_Only",0.711160714285714
200,500,"Source2_Only",0.817410714285714
200,500,"Weighted",0.841964285714286
300,500,"Target_Only",0.825
300,500,"Source1_Only",0.731896551724138
300,500,"Source2_Only",0.802155172413793
300,500,"Weighted",0.862931034482759
100,1000,"Target_Only",0.731660231660232
100,1000,"Source1_Only",0.633204633204633
100,1000,"Source2_Only",0.77992277992278
100,1000,"Weighted",0.783783783783784
200,1000,"Target_Only",0.752007136485281
200,1000,"Source1_Only",0.712310437109724
200,1000,"Source2_Only",0.809099018733274
200,1000,"Weighted",0.826940231935772
300,1000,"Target_Only",0.750798722044728
300,1000,"Source1_Only",0.742066027689031
300,1000,"Source2_Only",0.794462193823216
300,1000,"Weighted",0.812353567625133
100,100,"Target_Only",0.779783393501805
100,100,"Source1_Only",0.55956678700361
100,100,"Source2_Only",0.72202166064982
100,100,"Weighted",0.750902527075812
200,100,"Target_Only",0.724255319148936
200,100,"Source1_Only",0.608085106382979
200,100,"Source2_Only",0.726382978723404
200,100,"Weighted",0.754042553191489
300,100,"Target_Only",0.754693624922633
300,100,"Source1_Only",0.625128945739633
300,100,"Source2_Only",0.660202186919744
300,100,"Weighted",0.746647410769548
100,300,"Target_Only",0.703703703703704
100,300,"Source1_Only",0.66962962962963
100,300,"Source2_Only",0.798518518518519
100,300,"Weighted",0.802962962962963
200,300,"Target_Only",0.723955579058699
200,300,"Source1_Only",0.585933368588049
200,300,"Source2_Only",0.765732416710735
200,300,"Weighted",0.773135906927552
300,300,"Target_Only",0.775341871065769
300,300,"Source1_Only",0.712828304753636
300,300,"Source2_Only",0.792272628608639
300,300,"Weighted",0.831994790536141
100,500,"Target_Only",0.717990275526742
100,500,"Source1_Only",0.6677471636953
100,500,"Source2_Only",0.774716369529984
100,500,"Weighted",0.831442463533225
200,500,"Target_Only",0.737931034482759
200,500,"Source1_Only",0.660689655172414
200,500,"Source2_Only",0.774252873563218
200,500,"Weighted",0.791724137931034
300,500,"Target_Only",0.795753882445449
300,500,"Source1_Only",0.720857086691567
300,500,"Source2_Only",0.79712993906035
300,500,"Weighted",0.84057401218793
100,1000,"Target_Only",0.761467889908257
100,1000,"Source1_Only",0.689908256880734
100,1000,"Source2_Only",0.774311926605505
100,1000,"Weighted",0.807339449541284
200,1000,"Target_Only",0.779538252602988
200,1000,"Source1_Only",0.665006790402897
200,1000,"Source2_Only",0.790855590765052
200,1000,"Weighted",0.834314169307379
300,1000,"Target_Only",0.783305227655987
300,1000,"Source1_Only",0.725126475548061
300,1000,"Source2_Only",0.804173693086003
300,1000,"Weighted",0.829468802698145
100,100,"Target_Only",0.725971370143149
100,100,"Source1_Only",0.736196319018405
100,100,"Source2_Only",0.676891615541922
100,100,"Weighted",0.752556237218814
200,100,"Target_Only",0.775625885687293
200,100,"Source1_Only",0.68823807274445
200,100,"Source2_Only",0.727916863486065
200,100,"Weighted",0.789796882380727
300,100,"Target_Only",0.815800960279354
300,100,"Source1_Only",0.64578786556089
300,100,"Source2_Only",0.771497162811
300,100,"Weighted",0.840462680052379
100,300,"Target_Only",0.736842105263158
100,300,"Source1_Only",0.663615560640732
100,300,"Source2_Only",0.846681922196796
100,300,"Weighted",0.842105263157895
200,300,"Target_Only",0.790546802594995
200,300,"Source1_Only",0.678869323447637
200,300,"Source2_Only",0.781742354031511
200,300,"Weighted",0.817886932344764
300,300,"Target_Only",0.798180784536669
300,300,"Source1_Only",0.664582148948266
300,300,"Source2_Only",0.807655865074853
300,300,"Weighted",0.814477923062346
100,500,"Target_Only",0.722641509433962
100,500,"Source1_Only",0.611320754716981
100,500,"Source2_Only",0.8
100,500,"Weighted",0.79622641509434
200,500,"Target_Only",0.732668566001899
200,500,"Source1_Only",0.60968660968661
200,500,"Source2_Only",0.773979107312441
200,500,"Weighted",0.785375118708452
300,500,"Target_Only",0.803329223181258
300,500,"Source1_Only",0.644266337854501
300,500,"Source2_Only",0.806206329634196
300,500,"Weighted",0.838471023427867
100,1000,"Target_Only",0.724960254372019
100,1000,"Source1_Only",0.686804451510334
100,1000,"Source2_Only",0.8060413354531
100,1000,"Weighted",0.85691573926868
200,1000,"Target_Only",0.747246696035242
200,1000,"Source1_Only",0.636563876651982
200,1000,"Source2_Only",0.818832599118943
200,1000,"Weighted",0.813876651982379
300,1000,"Target_Only",0.851872871736663
300,1000,"Source1_Only",0.708096859629209
300,1000,"Source2_Only",0.825009458948165
300,1000,"Weighted",0.867385546727204
100,100,"Target_Only",0.775431861804223
100,100,"Source1_Only",0.660268714011516
100,100,"Source2_Only",0.72936660268714
100,100,"Weighted",0.792706333973129
200,100,"Target_Only",0.745187901008249
200,100,"Source1_Only",0.73327222731439
200,100,"Source2_Only",0.758478460128323
200,100,"Weighted",0.82813932172319
300,100,"Target_Only",0.746708587148752
300,100,"Source1_Only",0.581450186677147
300,100,"Source2_Only",0.722931813715858
300,100,"Weighted",0.764983297307919
100,300,"Target_Only",0.639097744360902
100,300,"Source1_Only",0.648496240601504
100,300,"Source2_Only",0.68796992481203
100,300,"Weighted",0.740601503759398
200,300,"Target_Only",0.71763085399449
200,300,"Source1_Only",0.586317722681359
200,300,"Source2_Only",0.761248852157943
200,300,"Weighted",0.7722681359045
300,300,"Target_Only",0.762109551833409
300,300,"Source1_Only",0.725667722951562
300,300,"Source2_Only",0.785649615210502
300,300,"Weighted",0.834766862833861
100,500,"Target_Only",0.731107205623902
100,500,"Source1_Only",0.608084358523726
100,500,"Source2_Only",0.783831282952548
100,500,"Weighted",0.773286467486819
200,500,"Target_Only",0.784340044742729
200,500,"Source1_Only",0.683668903803132
200,500,"Source2_Only",0.809395973154362
200,500,"Weighted",0.840715883668904
300,500,"Target_Only",0.736969209096398
300,500,"Source1_Only",0.66331253773395
300,500,"Source2_Only",0.774602535721473
300,500,"Weighted",0.790501106862548
100,1000,"Target_Only",0.703319502074689
100,1000,"Source1_Only",0.695020746887967
100,1000,"Source2_Only",0.730290456431535
100,1000,"Weighted",0.79253112033195
200,1000,"Target_Only",0.756469500924214
200,1000,"Source1_Only",0.66173752310536
200,1000,"Source2_Only",0.813308687615527
200,1000,"Weighted",0.814695009242144
300,1000,"Target_Only",0.772460117548279
300,1000,"Source1_Only",0.727749790092359
300,1000,"Source2_Only",0.768052057094878
300,1000,"Weighted",0.819689336691856
100,100,"Target_Only",0.802040816326531
100,100,"Source1_Only",0.777551020408163
100,100,"Source2_Only",0.779591836734694
100,100,"Weighted",0.857142857142857
200,100,"Target_Only",0.741186229780174
200,100,"Source1_Only",0.649937785151389
200,100,"Source2_Only",0.625881377021983
200,100,"Weighted",0.750311074243053
300,100,"Target_Only",0.78371101637873
300,100,"Source1_Only",0.535562037244783
300,100,"Source2_Only",0.768454117119138
300,100,"Weighted",0.809288759255104
100,300,"Target_Only",0.764350453172205
100,300,"Source1_Only",0.685800604229607
100,300,"Source2_Only",0.797583081570997
100,300,"Weighted",0.824773413897281
200,300,"Target_Only",0.777826660800704
200,300,"Source1_Only",0.663880334359877
200,300,"Source2_Only",0.75318961724593
200,300,"Weighted",0.833260008798944
300,300,"Target_Only",0.815728245695672
300,300,"Source1_Only",0.758957654723127
300,300,"Source2_Only",0.812703583061889
300,300,"Weighted",0.857375523499302
100,500,"Target_Only",0.6
100,500,"Source1_Only",0.534579439252336
100,500,"Source2_Only",0.74392523364486
100,500,"Weighted",0.695327102803738
200,500,"Target_Only",0.788757136583224
200,500,"Source1_Only",0.757575757575758
200,500,"Source2_Only",0.808959156785244
200,500,"Weighted",0.843214756258234
300,500,"Target_Only",0.785362292389122
300,500,"Source1_Only",0.622193830991057
300,500,"Source2_Only",0.770761087789743
300,500,"Weighted",0.826245665267385
100,1000,"Target_Only",0.744855967078189
100,1000,"Source1_Only",0.676954732510288
100,1000,"Source2_Only",0.746913580246914
100,1000,"Weighted",0.79835390946502
200,1000,"Target_Only",0.751649387370405
200,1000,"Source1_Only",0.749293119698398
200,1000,"Source2_Only",0.842130065975495
200,1000,"Weighted",0.855325164938737
300,1000,"Target_Only",0.765055939062128
300,1000,"Source1_Only",0.663889550107117
300,1000,"Source2_Only",0.772435134491788
300,1000,"Weighted",0.805760533206379
100,100,"Target_Only",0.76006711409396
100,100,"Source1_Only",0.676174496644295
100,100,"Source2_Only",0.704697986577181
100,100,"Weighted",0.791946308724832
200,100,"Target_Only",0.731134206958879
200,100,"Source1_Only",0.711251694532309
200,100,"Source2_Only",0.756891098056936
200,100,"Weighted",0.78626299141437
300,100,"Target_Only",0.75396335186329
300,100,"Source1_Only",0.672843318921145
300,100,"Source2_Only",0.698373481572987
300,100,"Weighted",0.772699197035207
100,300,"Target_Only",0.683636363636364
100,300,"Source1_Only",0.678181818181818
100,300,"Source2_Only",0.676363636363636
100,300,"Weighted",0.765454545454545
200,300,"Target_Only",0.776817488561261
200,300,"Source1_Only",0.668022369089985
200,300,"Source2_Only",0.659888154550076
200,300,"Weighted",0.781392984239959
300,300,"Target_Only",0.761228854754035
300,300,"Source1_Only",0.683842115496792
300,300,"Source2_Only",0.760645537623955
300,300,"Weighted",0.794089053081859
100,500,"Target_Only",0.696428571428571
100,500,"Source1_Only",0.752232142857143
100,500,"Source2_Only",0.732142857142857
100,500,"Weighted",0.761160714285714
200,500,"Target_Only",0.690221857025472
200,500,"Source1_Only",0.636811832374692
200,500,"Source2_Only",0.671322925225965
200,500,"Weighted",0.741166803615448
300,500,"Target_Only",0.761345852895149
300,500,"Source1_Only",0.684467918622848
300,500,"Source2_Only",0.769953051643192
300,500,"Weighted",0.80066510172144
100,1000,"Target_Only",0.66
100,1000,"Source1_Only",0.609090909090909
100,1000,"Source2_Only",0.790909090909091
100,1000,"Weighted",0.805454545454545
200,1000,"Target_Only",0.823852295409182
200,1000,"Source1_Only",0.678642714570858
200,1000,"Source2_Only",0.82435129740519
200,1000,"Weighted",0.834331337325349
300,1000,"Target_Only",0.759912854030501
300,1000,"Source1_Only",0.654248366013072
300,1000,"Source2_Only",0.789760348583878
300,1000,"Weighted",0.808278867102396
100,100,"Target_Only",0.636752136752137
100,100,"Source1_Only",0.732905982905983
100,100,"Source2_Only",0.715811965811966
100,100,"Weighted",0.69017094017094
200,100,"Target_Only",0.79401833092137
200,100,"Source1_Only",0.599131693198263
200,100,"Source2_Only",0.770381090207429
200,100,"Weighted",0.796430294259527
300,100,"Target_Only",0.713471133285816
300,100,"Source1_Only",0.588025659301497
300,100,"Source2_Only",0.7559990496555
300,100,"Weighted",0.75623663578047
100,300,"Target_Only",0.665952890792291
100,300,"Source1_Only",0.78372591006424
100,300,"Source2_Only",0.800856531049251
100,300,"Weighted",0.835117773019272
200,300,"Target_Only",0.71
200,300,"Source1_Only",0.670909090909091
200,300,"Source2_Only",0.790454545454546
200,300,"Weighted",0.803636363636364
300,300,"Target_Only",0.796247818499127
300,300,"Source1_Only",0.666884816753927
300,300,"Source2_Only",0.784249563699825
300,300,"Weighted",0.829842931937173
100,500,"Target_Only",0.643700787401575
100,500,"Source1_Only",0.755905511811024
100,500,"Source2_Only",0.68503937007874
100,500,"Weighted",0.769685039370079
200,500,"Target_Only",0.740245857830037
200,500,"Source1_Only",0.696419027258151
200,500,"Source2_Only",0.773383217530732
200,500,"Weighted",0.822020309994655
300,500,"Target_Only",0.737461300309598
300,500,"Source1_Only",0.662125902992776
300,500,"Source2_Only",0.773787409700722
300,500,"Weighted",0.782043343653251
100,1000,"Target_Only",0.725126475548061
100,1000,"Source1_Only",0.688026981450253
100,1000,"Source2_Only",0.760539629005059
100,1000,"Weighted",0.790893760539629
200,1000,"Target_Only",0.785596481583288
200,1000,"Source1_Only",0.707531610775151
200,1000,"Source2_Only",0.790544255085212
200,1000,"Weighted",0.829026937877955
300,1000,"Target_Only",0.804420761791987
300,1000,"Source1_Only",0.736333135977896
300,1000,"Source2_Only",0.817248865206236
300,1000,"Weighted",0.844483915531873
100,100,"Target_Only",0.716129032258064
100,100,"Source1_Only",0.667741935483871
100,100,"Source2_Only",0.770967741935484
100,100,"Weighted",0.798387096774194
200,100,"Target_Only",0.744326777609682
200,100,"Source1_Only",0.570852244074634
200,100,"Source2_Only",0.711548159354513
200,100,"Weighted",0.748865355521936
300,100,"Target_Only",0.762433495257923
300,100,"Source1_Only",0.685403654869304
300,100,"Source2_Only",0.721489706222531
300,100,"Weighted",0.80499653018737
100,300,"Target_Only",0.682151589242054
100,300,"Source1_Only",0.750611246943765
100,300,"Source2_Only",0.845965770171149
100,300,"Weighted",0.821515892420538
200,300,"Target_Only",0.681260945709282
200,300,"Source1_Only",0.697460595446585
200,300,"Source2_Only",0.667250437828371
200,300,"Weighted",0.718038528896673
300,300,"Target_Only",0.819649122807018
300,300,"Source1_Only",0.715087719298246
300,300,"Source2_Only",0.809590643274854
300,300,"Weighted",0.856842105263158
100,500,"Target_Only",0.783980582524272
100,500,"Source1_Only",0.70873786407767
100,500,"Source2_Only",0.757281553398058
100,500,"Weighted",0.839805825242719
200,500,"Target_Only",0.767333643555142
200,500,"Source1_Only",0.661237785016287
200,500,"Source2_Only",0.828757561656585
200,500,"Weighted",0.830618892508143
300,500,"Target_Only",0.799266550858908
300,500,"Source1_Only",0.705269253039954
300,500,"Source2_Only",0.751206330824165
300,500,"Weighted",0.817409766454352
100,1000,"Target_Only",0.631782945736434
100,1000,"Source1_Only",0.637596899224806
100,1000,"Source2_Only",0.660852713178295
100,1000,"Weighted",0.707364341085271
200,1000,"Target_Only",0.749252243270189
200,1000,"Source1_Only",0.570289132602193
200,1000,"Source2_Only",0.780159521435693
200,1000,"Weighted",0.791625124626122
300,1000,"Target_Only",0.766559485530547
300,1000,"Source1_Only",0.705466237942122
300,1000,"Source2_Only",0.753054662379421
300,1000,"Weighted",0.806859592711683
100,100,"Target_Only",0.724346076458752
100,100,"Source1_Only",0.676056338028169
100,100,"Source2_Only",0.786720321931589
100,100,"Weighted",0.816901408450704
200,100,"Target_Only",0.782571550619393
200,100,"Source1_Only",0.677061085006407
200,100,"Source2_Only",0.686885946176848
200,100,"Weighted",0.792823579666809
300,100,"Target_Only",0.785926870748299
300,100,"Source1_Only",0.737882653061224
300,100,"Source2_Only",0.755952380952381
300,100,"Weighted",0.808035714285714
100,300,"Target_Only",0.693548387096774
100,300,"Source1_Only",0.731854838709677
100,300,"Source2_Only",0.782258064516129
100,300,"Weighted",0.796370967741935
200,300,"Target_Only",0.820560747663551
200,300,"Source1_Only",0.707476635514019
200,300,"Source2_Only",0.792523364485981
200,300,"Weighted",0.830841121495327
300,300,"Target_Only",0.769248035914703
300,300,"Source1_Only",0.695173961840629
300,300,"Source2_Only",0.724130190796857
300,300,"Weighted",0.81638608305275
100,500,"Target_Only",0.76140350877193
100,500,"Source1_Only",0.663157894736842
100,500,"Source2_Only",0.845614035087719
100,500,"Weighted",0.840350877192982
200,500,"Target_Only",0.777724204435873
200,500,"Source1_Only",0.722757955641273
200,500,"Source2_Only",0.70877531340405
200,500,"Weighted",0.793635486981678
300,500,"Target_Only",0.750738188976378
300,500,"Source1_Only",0.71751968503937
300,500,"Source2_Only",0.806594488188976
300,500,"Weighted",0.820866141732283
100,1000,"Target_Only",0.715630885122411
100,1000,"Source1_Only",0.67984934086629
100,1000,"Source2_Only",0.792843691148776
100,1000,"Weighted",0.830508474576271
200,1000,"Target_Only",0.766266582438408
200,1000,"Source1_Only",0.624131396083386
200,1000,"Source2_Only",0.795957043588124
200,1000,"Weighted",0.812381554011371
300,1000,"Target_Only",0.796854521625164
300,1000,"Source1_Only",0.750421269425201
300,1000,"Source2_Only",0.810709604942895
300,1000,"Weighted",0.857891780565437
100,100,"Target_Only",0.769983686786297
100,100,"Source1_Only",0.588907014681892
100,100,"Source2_Only",0.791190864600326
100,100,"Weighted",0.818923327895595
200,100,"Target_Only",0.764019739793629
200,100,"Source1_Only",0.624943921040826
200,100,"Source2_Only",0.743831314490803
200,100,"Weighted",0.782862270076267
300,100,"Target_Only",0.750954927425516
300,100,"Source1_Only",0.62070282658518
300,100,"Source2_Only",0.678380443086325
300,100,"Weighted",0.76585179526356
100,300,"Target_Only",0.763888888888889
100,300,"Source1_Only",0.672619047619048
100,300,"Source2_Only",0.755952380952381
100,300,"Weighted",0.805555555555556
200,300,"Target_Only",0.691868131868132
200,300,"Source1_Only",0.658461538461538
200,300,"Source2_Only",0.738901098901099
200,300,"Weighted",0.74021978021978
300,300,"Target_Only",0.792368581286787
300,300,"Source1_Only",0.66754617414248
300,300,"Source2_Only",0.784858940531764
300,300,"Weighted",0.823624923888776
100,500,"Target_Only",0.808
100,500,"Source1_Only",0.782
100,500,"Source2_Only",0.782
100,500,"Weighted",0.834
200,500,"Target_Only",0.756627783669141
200,500,"Source1_Only",0.685047720042418
200,500,"Source2_Only",0.845705196182397
200,500,"Weighted",0.832979851537646
300,500,"Target_Only",0.782925215089345
300,500,"Source1_Only",0.639091109640415
300,500,"Source2_Only",0.786896095301125
300,500,"Weighted",0.833002426649018
100,1000,"Target_Only",0.682210708117444
100,1000,"Source1_Only",0.683937823834197
100,1000,"Source2_Only",0.830742659758204
100,1000,"Weighted",0.848013816925734
200,1000,"Target_Only",0.728771228771229
200,1000,"Source1_Only",0.650849150849151
200,1000,"Source2_Only",0.754245754245754
200,1000,"Weighted",0.781718281718282
300,1000,"Target_Only",0.778636363636364
300,1000,"Source1_Only",0.733636363636364
300,1000,"Source2_Only",0.793863636363636
300,1000,"Weighted",0.846136363636364
100,100,"Target_Only",0.738963531669866
100,100,"Source1_Only",0.809980806142035
100,100,"Source2_Only",0.717850287907869
100,100,"Weighted",0.82341650671785
200,100,"Target_Only",0.849775784753363
200,100,"Source1_Only",0.656053811659193
200,100,"Source2_Only",0.766816143497758
200,100,"Weighted",0.841255605381166
300,100,"Target_Only",0.780325135473114
300,100,"Source1_Only",0.673822426010838
300,100,"Source2_Only",0.671946644435181
300,100,"Weighted",0.766986244268445
100,300,"Target_Only",0.668058455114823
100,300,"Source1_Only",0.588726513569937
100,300,"Source2_Only",0.734864300626305
100,300,"Weighted",0.81419624217119
200,300,"Target_Only",0.726686721100129
200,300,"Source1_Only",0.643747314138376
200,300,"Source2_Only",0.750752041254835
200,300,"Weighted",0.779974215728406
300,300,"Target_Only",0.741955069823922
300,300,"Source1_Only",0.675774134790528
300,300,"Source2_Only",0.735883424408015
300,300,"Weighted",0.814612426634285
100,500,"Target_Only",0.653846153846154
100,500,"Source1_Only",0.833333333333333
100,500,"Source2_Only",0.754273504273504
100,500,"Weighted",0.777777777777778
200,500,"Target_Only",0.747058823529412
200,500,"Source1_Only",0.674866310160428
200,500,"Source2_Only",0.731550802139037
200,500,"Weighted",0.785561497326203
300,500,"Target_Only",0.769940537215501
300,500,"Source1_Only",0.669058847652245
300,500,"Source2_Only",0.80356776706992
300,500,"Weighted",0.816690588476522
100,1000,"Target_Only",0.820075757575758
100,1000,"Source1_Only",0.799242424242424
100,1000,"Source2_Only",0.882575757575758
100,1000,"Weighted",0.910984848484849
200,1000,"Target_Only",0.780191138140747
200,1000,"Source1_Only",0.740225890529974
200,1000,"Source2_Only",0.750651607298002
200,1000,"Weighted",0.814943527367507
300,1000,"Target_Only",0.774863181732402
300,1000,"Source1_Only",0.720324589545197
300,1000,"Source2_Only",0.813361011511606
300,1000,"Weighted",0.851103981883374
100,100,"Target_Only",0.719512195121951
100,100,"Source1_Only",0.465447154471545
100,100,"Source2_Only",0.760162601626016
100,100,"Weighted",0.784552845528455
200,100,"Target_Only",0.758791480931154
200,100,"Source1_Only",0.619118375433383
200,100,"Source2_Only",0.680534918276374
200,100,"Weighted",0.761267954432888
300,100,"Target_Only",0.815662882432172
300,100,"Source1_Only",0.658456802001155
300,100,"Source2_Only",0.802385991918414
300,100,"Weighted",0.844718106599961
100,300,"Target_Only",0.702495201535509
100,300,"Source1_Only",0.554702495201535
100,300,"Source2_Only",0.746641074856046
100,300,"Weighted",0.771593090211132
200,300,"Target_Only",0.737358101135191
200,300,"Source1_Only",0.683178534571723
200,300,"Source2_Only",0.80546955624355
200,300,"Weighted",0.829721362229102
300,300,"Target_Only",0.749745676500509
300,300,"Source1_Only",0.711291963377416
300,300,"Source2_Only",0.729603255340794
300,300,"Weighted",0.807527975584944
100,500,"Target_Only",0.669026548672566
100,500,"Source1_Only",0.695575221238938
100,500,"Source2_Only",0.72212389380531
100,500,"Weighted",0.730973451327434
200,500,"Target_Only",0.706770159551531
200,500,"Source1_Only",0.671841310909875
200,500,"Source2_Only",0.752479517033204
200,500,"Weighted",0.802069857697283
300,500,"Target_Only",0.767052767052767
300,500,"Source1_Only",0.589017589017589
300,500,"Source2_Only",0.815100815100815
300,500,"Weighted",0.808022308022308
100,1000,"Target_Only",0.695736434108527
100,1000,"Source1_Only",0.664728682170543
100,1000,"Source2_Only",0.761627906976744
100,1000,"Weighted",0.773255813953488
200,1000,"Target_Only",0.730629225169007
200,1000,"Source1_Only",0.700988039521581
200,1000,"Source2_Only",0.779511180447218
200,1000,"Weighted",0.783671346853874
300,1000,"Target_Only",0.755385252692626
300,1000,"Source1_Only",0.678748964374482
300,1000,"Source2_Only",0.787075393537697
300,1000,"Weighted",0.806130903065452
100,100,"Target_Only",0.732905982905983
100,100,"Source1_Only",0.572649572649573
100,100,"Source2_Only",0.85042735042735
100,100,"Weighted",0.80982905982906
200,100,"Target_Only",0.729613733905579
200,100,"Source1_Only",0.58893657606104
200,100,"Source2_Only",0.687172150691464
200,100,"Weighted",0.741058655221745
300,100,"Target_Only",0.801762114537445
300,100,"Source1_Only",0.59636563876652
300,100,"Source2_Only",0.769823788546256
300,100,"Weighted",0.789647577092511
100,300,"Target_Only",0.631868131868132
100,300,"Source1_Only",0.628205128205128
100,300,"Source2_Only",0.824175824175824
100,300,"Weighted",0.774725274725275
200,300,"Target_Only",0.566944580676802
200,300,"Source1_Only",0.679744973025993
200,300,"Source2_Only",0.678273663560569
200,300,"Weighted",0.709171162334478
300,300,"Target_Only",0.784174311926606
300,300,"Source1_Only",0.626146788990826
300,300,"Source2_Only",0.759862385321101
300,300,"Weighted",0.806880733944954
100,500,"Target_Only",0.634496919917864
100,500,"Source1_Only",0.704312114989733
100,500,"Source2_Only",0.68993839835729
100,500,"Weighted",0.722792607802875
200,500,"Target_Only",0.777829099307159
200,500,"Source1_Only",0.666050808314088
200,500,"Source2_Only",0.814780600461894
200,500,"Weighted",0.821709006928407
300,500,"Target_Only",0.780259951259139
300,500,"Source1_Only",0.657595450852965
300,500,"Source2_Only",0.786149471974005
300,500,"Weighted",0.828188464662876
100,1000,"Target_Only",0.723232323232323
100,1000,"Source1_Only",0.696969696969697
100,1000,"Source2_Only",0.822222222222222
100,1000,"Weighted",0.846464646464646
200,1000,"Target_Only",0.797250859106529
200,1000,"Source1_Only",0.743249877270496
200,1000,"Source2_Only",0.82179675994109
200,1000,"Weighted",0.853215513009328
300,1000,"Target_Only",0.775455298013245
300,1000,"Source1_Only",0.709230132450331
300,1000,"Source2_Only",0.794288079470199
300,1000,"Weighted",0.816846026490066
100,100,"Target_Only",0.729377713458755
100,100,"Source1_Only",0.548480463096961
100,100,"Source2_Only",0.672937771345876
100,100,"Weighted",0.743849493487699
200,100,"Target_Only",0.734397677793904
200,100,"Source1_Only",0.602805999032414
200,100,"Source2_Only",0.716013546202225
200,100,"Weighted",0.74455732946299
300,100,"Target_Only",0.766467065868264
300,100,"Source1_Only",0.652694610778443
300,100,"Source2_Only",0.707508060801474
300,100,"Weighted",0.75863657300783
100,300,"Target_Only",0.798611111111111
100,300,"Source1_Only",0.696759259259259
100,300,"Source2_Only",0.789351851851852
100,300,"Weighted",0.814814814814815
200,300,"Target_Only",0.653814262023217
200,300,"Source1_Only",0.718076285240464
200,300,"Source2_Only",0.752902155887231
200,300,"Weighted",0.793946932006633
300,300,"Target_Only",0.796412181894034
300,300,"Source1_Only",0.695661243220693
300,300,"Source2_Only",0.784105131414268
300,300,"Weighted",0.84084272006675
100,500,"Target_Only",0.701943844492441
100,500,"Source1_Only",0.712742980561555
100,500,"Source2_Only",0.822894168466523
100,500,"Weighted",0.799136069114471
200,500,"Target_Only",0.736998514115899
200,500,"Source1_Only",0.578008915304606
200,500,"Source2_Only",0.747894997523527
200,500,"Weighted",0.790490341753343
300,500,"Target_Only",0.763847821801695
300,500,"Source1_Only",0.640449438202247
300,500,"Source2_Only",0.811354228267297
300,500,"Weighted",0.841119653065247
100,1000,"Target_Only",0.783276450511945
100,1000,"Source1_Only",0.665529010238908
100,1000,"Source2_Only",0.781569965870307
100,1000,"Weighted",0.848122866894198
200,1000,"Target_Only",0.772107347118346
200,1000,"Source1_Only",0.635723713154421
200,1000,"Source2_Only",0.805543334799824
200,1000,"Weighted",0.825780906291245
300,1000,"Target_Only",0.77872974483144
300,1000,"Source1_Only",0.681877444589309
300,1000,"Source2_Only",0.795678897373813
300,1000,"Weighted",0.834419817470665
100,100,"Target_Only",0.79504132231405
100,100,"Source1_Only",0.695867768595041
100,100,"Source2_Only",0.79504132231405
100,100,"Weighted",0.833057851239669
200,100,"Target_Only",0.716152639832723
200,100,"Source1_Only",0.648719289074752
200,100,"Source2_Only",0.717198118139049
200,100,"Weighted",0.788813382122321
300,100,"Target_Only",0.80359612724758
300,100,"Source1_Only",0.628531910689587
300,100,"Source2_Only",0.740565105710334
300,100,"Weighted",0.819008101165777
100,300,"Target_Only",0.581308411214953
100,300,"Source1_Only",0.671028037383178
100,300,"Source2_Only",0.814953271028037
100,300,"Weighted",0.760747663551402
200,300,"Target_Only",0.732440113682501
200,300,"Source1_Only",0.700365408038977
200,300,"Source2_Only",0.740154283394235
200,300,"Weighted",0.784409257003654
300,300,"Target_Only",0.755918367346939
300,300,"Source1_Only",0.638979591836735
300,300,"Source2_Only",0.712857142857143
300,300,"Weighted",0.768367346938776
100,500,"Target_Only",0.765591397849462
100,500,"Source1_Only",0.733333333333333
100,500,"Source2_Only",0.89247311827957
100,500,"Weighted",0.851612903225806
200,500,"Target_Only",0.699172834131476
200,500,"Source1_Only",0.6852416195037
200,500,"Source2_Only",0.757945145842403
200,500,"Weighted",0.767958206356117
300,500,"Target_Only",0.782791817087846
300,500,"Source1_Only",0.651624548736462
300,500,"Source2_Only",0.769554753309266
300,500,"Weighted",0.82571199358203
100,1000,"Target_Only",0.711764705882353
100,1000,"Source1_Only",0.719607843137255
100,1000,"Source2_Only",0.782352941176471
100,1000,"Weighted",0.805882352941176
200,1000,"Target_Only",0.793250747543785
200,1000,"Source1_Only",0.756514310123879
200,1000,"Source2_Only",0.749679624092268
200,1000,"Weighted",0.827424177701837
300,1000,"Target_Only",0.778339350180505
300,1000,"Source1_Only",0.69410348977136
300,1000,"Source2_Only",0.823345367027678
300,1000,"Weighted",0.849338146811071
100,100,"Target_Only",0.834162520729685
100,100,"Source1_Only",0.545605306799337
100,100,"Source2_Only",0.802653399668325
100,100,"Weighted",0.850746268656716
200,100,"Target_Only",0.675817521194994
200,100,"Source1_Only",0.627371820750908
200,100,"Source2_Only",0.73960436011304
200,100,"Weighted",0.754138070246266
300,100,"Target_Only",0.785784409974475
300,100,"Source1_Only",0.654034949931278
300,100,"Source2_Only",0.641861378362458
300,100,"Weighted",0.755350481052425
100,300,"Target_Only",0.783733826247689
100,300,"Source1_Only",0.728280961182994
100,300,"Source2_Only",0.754158964879852
100,300,"Weighted",0.805914972273567
200,300,"Target_Only",0.666843220338983
200,300,"Source1_Only",0.609110169491525
200,300,"Source2_Only",0.796080508474576
200,300,"Weighted",0.753177966101695
300,300,"Target_Only",0.796465968586387
300,300,"Source1_Only",0.68477312390925
300,300,"Source2_Only",0.770724258289703
300,300,"Weighted",0.835732984293194
100,500,"Target_Only",0.555798687089716
100,500,"Source1_Only",0.671772428884026
100,500,"Source2_Only",0.739606126914661
100,500,"Weighted",0.724288840262582
200,500,"Target_Only",0.6560706401766
200,500,"Source1_Only",0.701103752759382
200,500,"Source2_Only",0.767770419426049
200,500,"Weighted",0.778366445916115
300,500,"Target_Only",0.727147360126083
300,500,"Source1_Only",0.688534278959811
300,500,"Source2_Only",0.81284475965327
300,500,"Weighted",0.80397951142632
100,1000,"Target_Only",0.777972027972028
100,1000,"Source1_Only",0.788461538461538
100,1000,"Source2_Only",0.804195804195804
100,1000,"Weighted",0.840909090909091
200,1000,"Target_Only",0.772193518083607
200,1000,"Source1_Only",0.682480037576327
200,1000,"Source2_Only",0.756223579145139
200,1000,"Weighted",0.798027242837013
300,1000,"Target_Only",0.79634206623826
300,1000,"Source1_Only",0.714780029658922
300,1000,"Source2_Only",0.766930301532378
300,1000,"Weighted",0.80548690064261
100,100,"Target_Only",0.698324022346369
100,100,"Source1_Only",0.608938547486033
100,100,"Source2_Only",0.774674115456238
100,100,"Weighted",0.761638733705773
200,100,"Target_Only",0.780572419774501
200,100,"Source1_Only",0.662619254119688
200,100,"Source2_Only",0.717692974848222
200,100,"Weighted",0.820901994796184
300,100,"Target_Only",0.781067743382683
300,100,"Source1_Only",0.68954688200987
300,100,"Source2_Only",0.787572902646927
300,100,"Weighted",0.83490354419022
100,300,"Target_Only",0.77292576419214
100,300,"Source1_Only",0.735807860262009
100,300,"Source2_Only",0.781659388646288
100,300,"Weighted",0.807860262008734
200,300,"Target_Only",0.757992895204263
200,300,"Source1_Only",0.720248667850799
200,300,"Source2_Only",0.77664298401421
200,300,"Weighted",0.826376554174068
300,300,"Target_Only",0.781775972141614
300,300,"Source1_Only",0.581543818920488
300,300,"Source2_Only",0.751789514412846
300,300,"Weighted",0.790675178951441
100,500,"Target_Only",0.703703703703704
100,500,"Source1_Only",0.589371980676328
100,500,"Source2_Only",0.752012882447665
100,500,"Weighted",0.756843800322061
200,500,"Target_Only",0.847249508840864
200,500,"Source1_Only",0.778978388998035
200,500,"Source2_Only",0.833497053045187
200,500,"Weighted",0.87770137524558
300,500,"Target_Only",0.744737379930513
300,500,"Source1_Only",0.728796239525853
300,500,"Source2_Only",0.795013284283671
300,500,"Weighted",0.806049458409973
100,1000,"Target_Only",0.661048689138577
100,1000,"Source1_Only",0.715355805243446
100,1000,"Source2_Only",0.754681647940075
100,1000,"Weighted",0.795880149812734
200,1000,"Target_Only",0.657464788732394
200,1000,"Source1_Only",0.591549295774648
200,1000,"Source2_Only",0.739718309859155
200,1000,"Weighted",0.767323943661972
300,1000,"Target_Only",0.799671207139502
300,1000,"Source1_Only",0.720995772663222
300,1000,"Source2_Only",0.846406763738845
300,1000,"Weighted",0.847111319868483
100,100,"Target_Only",0.693790149892934
100,100,"Source1_Only",0.730192719486081
100,100,"Source2_Only",0.670235546038544
100,100,"Weighted",0.740899357601713
200,100,"Target_Only",0.763479836882646
200,100,"Source1_Only",0.620299048482102
200,100,"Source2_Only",0.726325328500227
200,100,"Weighted",0.76483914816493
300,100,"Target_Only",0.74713031735314
300,100,"Source1_Only",0.603814989871708
300,100,"Source2_Only",0.694294395678596
300,100,"Weighted",0.740209318028359
100,300,"Target_Only",0.683673469387755
100,300,"Source1_Only",0.596938775510204
100,300,"Source2_Only",0.761904761904762
100,300,"Weighted",0.767006802721088
200,300,"Target_Only",0.745454545454545
200,300,"Source1_Only",0.725757575757576
200,300,"Source2_Only",0.781313131313131
200,300,"Weighted",0.81969696969697
300,300,"Target_Only",0.796389396709324
300,300,"Source1_Only",0.622257769652651
300,300,"Source2_Only",0.794561243144424
300,300,"Weighted",0.831352833638026
100,500,"Target_Only",0.753670473083197
100,500,"Source1_Only",0.701468189233279
100,500,"Source2_Only",0.735725938009788
100,500,"Weighted",0.797716150081566
200,500,"Target_Only",0.712245781047166
200,500,"Source1_Only",0.712678494158373
200,500,"Source2_Only",0.783210731285158
200,500,"Weighted",0.80830809173518
300,500,"Target_Only",0.777910210568137
300,500,"Source1_Only",0.671235597934049
300,500,"Source2_Only",0.780095351609058
300,500,"Weighted",0.824394119984108
100,1000,"Target_Only",0.685325264750378
100,1000,"Source1_Only",0.599092284417549
100,1000,"Source2_Only",0.794251134644478
100,1000,"Weighted",0.777609682299546
200,1000,"Target_Only",0.719361483007209
200,1000,"Source1_Only",0.642636457260556
200,1000,"Source2_Only",0.784243048403708
200,1000,"Weighted",0.800720906282183
300,1000,"Target_Only",0.845760071221901
300,1000,"Source1_Only",0.773425328288449
300,1000,"Source2_Only",0.80747829957712
300,1000,"Weighted",0.860004451368796
100,100,"Target_Only",0.724907063197026
100,100,"Source1_Only",0.600371747211896
100,100,"Source2_Only",0.75092936802974
100,100,"Weighted",0.765799256505576
200,100,"Target_Only",0.828332513526808
200,100,"Source1_Only",0.752582390555829
200,100,"Source2_Only",0.812592228234137
200,100,"Weighted",0.838170191834727
300,100,"Target_Only",0.75527249947797
300,100,"Source1_Only",0.684694090624347
300,100,"Source2_Only",0.6961787429526
300,100,"Weighted",0.767801211108791
100,300,"Target_Only",0.721491228070175
100,300,"Source1_Only",0.736842105263158
100,300,"Source2_Only",0.791666666666667
100,300,"Weighted",0.800438596491228
200,300,"Target_Only",0.80709426627794
200,300,"Source1_Only",0.693877551020408
200,300,"Source2_Only",0.78134110787172
200,300,"Weighted",0.832361516034985
300,300,"Target_Only",0.794186792049583
300,300,"Source1_Only",0.664458217567856
300,300,"Source2_Only",0.791622141483223
300,300,"Weighted",0.805941440478735
100,500,"Target_Only",0.800420168067227
100,500,"Source1_Only",0.590336134453782
100,500,"Source2_Only",0.838235294117647
100,500,"Weighted",0.831932773109244
200,500,"Target_Only",0.756010230179028
200,500,"Source1_Only",0.676726342710997
200,500,"Source2_Only",0.755498721227621
200,500,"Weighted",0.79846547314578
300,500,"Target_Only",0.763709832595728
300,500,"Source1_Only",0.705022128150856
300,500,"Source2_Only",0.777179141812584
300,500,"Weighted",0.815470463729074
100,1000,"Target_Only",0.789473684210526
100,1000,"Source1_Only",0.778508771929824
100,1000,"Source2_Only",0.782894736842105
100,1000,"Weighted",0.817982456140351
200,1000,"Target_Only",0.735219594594595
200,1000,"Source1_Only",0.688344594594595
200,1000,"Source2_Only",0.773648648648649
200,1000,"Weighted",0.806587837837838
300,1000,"Target_Only",0.734745229607884
300,1000,"Source1_Only",0.639127699727406
300,1000,"Source2_Only",0.765149926609352
300,1000,"Weighted",0.799119312224785
100,100,"Target_Only",0.716049382716049
100,100,"Source1_Only",0.559082892416226
100,100,"Source2_Only",0.776014109347443
100,100,"Weighted",0.790123456790123
200,100,"Target_Only",0.736277342137846
200,100,"Source1_Only",0.654560462236896
200,100,"Source2_Only",0.710689228229468
200,100,"Weighted",0.777961205117623
300,100,"Target_Only",0.723829787234043
300,100,"Source1_Only",0.64
300,100,"Source2_Only",0.746170212765957
300,100,"Weighted",0.772978723404255
100,300,"Target_Only",0.829357798165138
100,300,"Source1_Only",0.818348623853211
100,300,"Source2_Only",0.805504587155963
100,300,"Weighted",0.888073394495413
200,300,"Target_Only",0.745372686343172
200,300,"Source1_Only",0.637818909454727
200,300,"Source2_Only",0.769384692346173
200,300,"Weighted",0.768384192096048
300,300,"Target_Only",0.794477234401349
300,300,"Source1_Only",0.682967959527825
300,300,"Source2_Only",0.731239460370995
300,300,"Weighted",0.798060708263069
100,500,"Target_Only",0.661716171617162
100,500,"Source1_Only",0.546204620462046
100,500,"Source2_Only",0.765676567656766
100,500,"Weighted",0.747524752475248
200,500,"Target_Only",0.742882964301853
200,500,"Source1_Only",0.634884771802982
200,500,"Source2_Only",0.777225485765929
200,500,"Weighted",0.790329868956168
300,500,"Target_Only",0.774772996446901
300,500,"Source1_Only",0.731148835373075
300,500,"Source2_Only",0.753454401894986
300,500,"Weighted",0.806158705092775
100,1000,"Target_Only",0.632996632996633
100,1000,"Source1_Only",0.661616161616162
100,1000,"Source2_Only",0.720538720538721
100,1000,"Weighted",0.764309764309764
200,1000,"Target_Only",0.690205011389522
200,1000,"Source1_Only",0.685079726651481
200,1000,"Source2_Only",0.771070615034169
200,1000,"Weighted",0.783599088838269
300,1000,"Target_Only",0.79983474488742
300,1000,"Source1_Only",0.721751704193348
300,1000,"Source2_Only",0.765337740136335
300,1000,"Weighted",0.845486469737658
100,100,"Target_Only",0.78099173553719
100,100,"Source1_Only",0.681818181818182
100,100,"Source2_Only",0.729338842975207
100,100,"Weighted",0.828512396694215
200,100,"Target_Only",0.746262093227792
200,100,"Source1_Only",0.660949868073879
200,100,"Source2_Only",0.717238346525946
200,100,"Weighted",0.763852242744063
300,100,"Target_Only",0.723731522173392
300,100,"Source1_Only",0.619656412305234
300,100,"Source2_Only",0.726528166200559
300,100,"Weighted",0.766080703156213
100,300,"Target_Only",0.677894736842105
100,300,"Source1_Only",0.545263157894737
100,300,"Source2_Only",0.854736842105263
100,300,"Weighted",0.793684210526316
200,300,"Target_Only",0.711594202898551
200,300,"Source1_Only",0.673913043478261
200,300,"Source2_Only",0.714009661835749
200,300,"Weighted",0.745410628019324
300,300,"Target_Only",0.755996511120802
300,300,"Source1_Only",0.720017444395988
300,300,"Source2_Only",0.750545137374618
300,300,"Weighted",0.809856083733101
100,500,"Target_Only",0.762019230769231
100,500,"Source1_Only",0.581730769230769
100,500,"Source2_Only",0.860576923076923
100,500,"Weighted",0.817307692307692
200,500,"Target_Only",0.814588235294118
200,500,"Source1_Only",0.764235294117647
200,500,"Source2_Only",0.741176470588235
200,500,"Weighted",0.834352941176471
300,500,"Target_Only",0.802583025830258
300,500,"Source1_Only",0.691266912669127
300,500,"Source2_Only",0.780237802378024
300,500,"Weighted",0.838253382533825
100,1000,"Target_Only",0.731531531531531
100,1000,"Source1_Only",0.67027027027027
100,1000,"Source2_Only",0.828828828828829
100,1000,"Weighted",0.794594594594595
200,1000,"Target_Only",0.708462332301342
200,1000,"Source1_Only",0.678018575851393
200,1000,"Source2_Only",0.716202270381837
200,1000,"Weighted",0.784313725490196
300,1000,"Target_Only",0.774533479692646
300,1000,"Source1_Only",0.736114160263447
300,1000,"Source2_Only",0.754116355653129
300,1000,"Weighted",0.833369923161361
100,100,"Target_Only",0.772477064220183
100,100,"Source1_Only",0.61651376146789
100,100,"Source2_Only",0.776146788990826
100,100,"Weighted",0.759633027522936
200,100,"Target_Only",0.816067653276956
200,100,"Source1_Only",0.714059196617336
200,100,"Source2_Only",0.787526427061311
200,100,"Weighted",0.835623678646934
300,100,"Target_Only",0.766368515205724
300,100,"Source1_Only",0.647584973166369
300,100,"Source2_Only",0.746332737030411
300,100,"Weighted",0.795169946332737
100,300,"Target_Only",0.692167577413479
100,300,"Source1_Only",0.564663023679417
100,300,"Source2_Only",0.752276867030965
100,300,"Weighted",0.746812386156648
200,300,"Target_Only",0.748179871520343
200,300,"Source1_Only",0.605995717344754
200,300,"Source2_Only",0.728051391862955
200,300,"Weighted",0.77644539614561
300,300,"Target_Only",0.780733944954128
300,300,"Source1_Only",0.626376146788991
300,300,"Source2_Only",0.771788990825688
300,300,"Weighted",0.80802752293578
100,500,"Target_Only",0.691729323308271
100,500,"Source1_Only",0.583458646616541
100,500,"Source2_Only",0.757894736842105
100,500,"Weighted",0.772932330827068
200,500,"Target_Only",0.778345250255363
200,500,"Source1_Only",0.764555669050051
200,500,"Source2_Only",0.790602655771195
200,500,"Weighted",0.829417773237998
300,500,"Target_Only",0.69988367584335
300,500,"Source1_Only",0.626405583559519
300,500,"Source2_Only",0.734005428460644
300,500,"Weighted",0.749709189608375
100,1000,"Target_Only",0.656903765690377
100,1000,"Source1_Only",0.765690376569038
100,1000,"Source2_Only",0.763598326359833
100,1000,"Weighted",0.761506276150628
200,1000,"Target_Only",0.808402585410896
200,1000,"Source1_Only",0.70544783010157
200,1000,"Source2_Only",0.761311172668513
200,1000,"Weighted",0.83471837488458
300,1000,"Target_Only",0.742603550295858
300,1000,"Source1_Only",0.727355484751934
300,1000,"Source2_Only",0.818388711879836
300,1000,"Weighted",0.820436959490214
100,100,"Target_Only",0.747148288973384
100,100,"Source1_Only",0.610266159695817
100,100,"Source2_Only",0.749049429657795
100,100,"Weighted",0.811787072243346
200,100,"Target_Only",0.789055604589585
200,100,"Source1_Only",0.687996469549868
200,100,"Source2_Only",0.781112091791703
200,100,"Weighted",0.839805825242719
300,100,"Target_Only",0.812941696113074
300,100,"Source1_Only",0.642888692579505
300,100,"Source2_Only",0.745362190812721
300,100,"Weighted",0.813825088339223
100,300,"Target_Only",0.601724137931035
100,300,"Source1_Only",0.646551724137931
100,300,"Source2_Only",0.756896551724138
100,300,"Weighted",0.722413793103448
200,300,"Target_Only",0.774504824784154
200,300,"Source1_Only",0.645505332656171
200,300,"Source2_Only",0.804469273743017
200,300,"Weighted",0.812087353986795
300,300,"Target_Only",0.816683621566633
300,300,"Source1_Only",0.667141403865717
300,300,"Source2_Only",0.792472024415056
300,300,"Weighted",0.842726347914547
100,500,"Target_Only",0.789868667917448
100,500,"Source1_Only",0.720450281425891
100,500,"Source2_Only",0.73921200750469
100,500,"Weighted",0.806754221388368
200,500,"Target_Only",0.698462929475588
200,500,"Source1_Only",0.689873417721519
200,500,"Source2_Only",0.820072332730561
200,500,"Weighted",0.821428571428571
300,500,"Target_Only",0.773890784982935
300,500,"Source1_Only",0.670221843003413
300,500,"Source2_Only",0.8080204778157
300,500,"Weighted",0.820179180887372
100,1000,"Target_Only",0.75
100,1000,"Source1_Only",0.787280701754386
100,1000,"Source2_Only",0.741228070175439
100,1000,"Weighted",0.837719298245614
200,1000,"Target_Only",0.695110258868648
200,1000,"Source1_Only",0.771332694151486
200,1000,"Source2_Only",0.742569511025887
200,1000,"Weighted",0.793384467881112
300,1000,"Target_Only",0.801590909090909
300,1000,"Source1_Only",0.744318181818182
300,1000,"Source2_Only",0.799545454545455
300,1000,"Weighted",0.823636363636364
100,100,"Target_Only",0.616228070175439
100,100,"Source1_Only",0.557017543859649
100,100,"Source2_Only",0.692982456140351
100,100,"Weighted",0.651315789473684
200,100,"Target_Only",0.797917652626597
200,100,"Source1_Only",0.641741599621391
200,100,"Source2_Only",0.722669190724089
200,100,"Weighted",0.822527212494084
300,100,"Target_Only",0.800438596491228
300,100,"Source1_Only",0.644298245614035
300,100,"Source2_Only",0.782894736842105
300,100,"Weighted",0.828289473684211
100,300,"Target_Only",0.61913357400722
100,300,"Source1_Only",0.649819494584838
100,300,"Source2_Only",0.853790613718411
100,300,"Weighted",0.814079422382672
200,300,"Target_Only",0.757767548906789
200,300,"Source1_Only",0.603567318757192
200,300,"Source2_Only",0.774453394706559
200,300,"Weighted",0.772151898734177
300,300,"Target_Only",0.829944547134935
300,300,"Source1_Only",0.7181146025878
300,300,"Source2_Only",0.798752310536044
300,300,"Weighted",0.86460258780037
100,500,"Target_Only",0.709443099273608
100,500,"Source1_Only",0.680387409200969
100,500,"Source2_Only",0.823244552058111
100,500,"Weighted",0.825665859564165
200,500,"Target_Only",0.807568066451315
200,500,"Source1_Only",0.716197508075681
200,500,"Source2_Only",0.765113059529303
200,500,"Weighted",0.822796492847254
300,500,"Target_Only",0.745936698032506
300,500,"Source1_Only",0.687125748502994
300,500,"Source2_Only",0.786142001710864
300,500,"Weighted",0.806030795551754
100,1000,"Target_Only",0.645598194130925
100,1000,"Source1_Only",0.63882618510158
100,1000,"Source2_Only",0.73589164785553
100,1000,"Weighted",0.7313769751693
200,1000,"Target_Only",0.745687530803351
200,1000,"Source1_Only",0.663873829472647
200,1000,"Source2_Only",0.766880236569739
200,1000,"Weighted",0.788072942336126
300,1000,"Target_Only",0.778295476606484
300,1000,"Source1_Only",0.677926616191031
300,1000,"Source2_Only",0.775577557755776
300,1000,"Weighted",0.820034944670938
100,100,"Target_Only",0.666666666666667
100,100,"Source1_Only",0.597449908925319
100,100,"Source2_Only",0.754098360655738
100,100,"Weighted",0.761384335154827
200,100,"Target_Only",0.756021409455843
200,100,"Source1_Only",0.776092774308653
200,100,"Source2_Only",0.731043710972346
200,100,"Weighted",0.81935771632471
300,100,"Target_Only",0.798084390370179
300,100,"Source1_Only",0.670722236603676
300,100,"Source2_Only",0.766243851928553
300,100,"Weighted",0.806885840020709
100,300,"Target_Only",0.74025974025974
100,300,"Source1_Only",0.720779220779221
100,300,"Source2_Only",0.732142857142857
100,300,"Weighted",0.798701298701299
200,300,"Target_Only",0.791983764586504
200,300,"Source1_Only",0.714358193810249
200,300,"Source2_Only",0.763064434297311
200,300,"Weighted",0.817351598173516
300,300,"Target_Only",0.752349256068912
300,300,"Source1_Only",0.689115113547377
300,300,"Source2_Only",0.717697729052467
300,300,"Weighted",0.781323414252153
100,500,"Target_Only",0.623093681917211
100,500,"Source1_Only",0.557734204793028
100,500,"Source2_Only",0.636165577342048
100,500,"Weighted",0.640522875816993
200,500,"Target_Only",0.753501400560224
200,500,"Source1_Only",0.670868347338936
200,500,"Source2_Only",0.784313725490196
200,500,"Weighted",0.813258636788049
300,500,"Target_Only",0.770457406630298
300,500,"Source1_Only",0.660511959714645
300,500,"Source2_Only",0.785564414603441
300,500,"Weighted",0.821023919429291
100,1000,"Target_Only",0.733333333333333
100,1000,"Source1_Only",0.723456790123457
100,1000,"Source2_Only",0.740740740740741
100,1000,"Weighted",0.802469135802469
200,1000,"Target_Only",0.760054844606947
200,1000,"Source1_Only",0.836837294332724
200,1000,"Source2_Only",0.809414990859232
200,1000,"Weighted",0.851919561243144
300,1000,"Target_Only",0.784514078110808
300,1000,"Source1_Only",0.665531335149864
300,1000,"Source2_Only",0.80086285195277
300,1000,"Weighted",0.827656675749319
100,100,"Target_Only",0.59280303030303
100,100,"Source1_Only",0.556818181818182
100,100,"Source2_Only",0.659090909090909
100,100,"Weighted",0.596590909090909
200,100,"Target_Only",0.803230543318649
200,100,"Source1_Only",0.70729319627998
200,100,"Source2_Only",0.702398433675967
200,100,"Weighted",0.816446402349486
300,100,"Target_Only",0.770721456922718
300,100,"Source1_Only",0.662386177912678
300,100,"Source2_Only",0.743637637170208
300,100,"Weighted",0.81578332944198
100,300,"Target_Only",0.793103448275862
100,300,"Source1_Only",0.737931034482759
100,300,"Source2_Only",0.789655172413793
100,300,"Weighted",0.862068965517241
200,300,"Target_Only",0.714757190004715
200,300,"Source1_Only",0.715700141442716
200,300,"Source2_Only",0.751532296086752
200,300,"Weighted",0.766619519094767
300,300,"Target_Only",0.763373597929249
300,300,"Source1_Only",0.684210526315789
300,300,"Source2_Only",0.794434857635893
300,300,"Weighted",0.812985332182916
100,500,"Target_Only",0.753794266441821
100,500,"Source1_Only",0.72681281618887
100,500,"Source2_Only",0.861720067453626
100,500,"Weighted",0.801011804384486
200,500,"Target_Only",0.714977973568282
200,500,"Source1_Only",0.690748898678414
200,500,"Source2_Only",0.793392070484581
200,500,"Weighted",0.810132158590308
300,500,"Target_Only",0.777452129738179
300,500,"Source1_Only",0.742282141461508
300,500,"Source2_Only",0.826885502149277
300,500,"Weighted",0.845642829230168
100,1000,"Target_Only",0.78268876611418
100,1000,"Source1_Only",0.808471454880295
100,1000,"Source2_Only",0.81767955801105
100,1000,"Weighted",0.821362799263352
200,1000,"Target_Only",0.758088601294176
200,1000,"Source1_Only",0.675460428073668
200,1000,"Source2_Only",0.731209556993529
200,1000,"Weighted",0.794425087108014
300,1000,"Target_Only",0.780801994597964
300,1000,"Source1_Only",0.665281529191772
300,1000,"Source2_Only",0.727820486183254
300,1000,"Weighted",0.790774984417203
100,100,"Target_Only",0.603883495145631
100,100,"Source1_Only",0.621359223300971
100,100,"Source2_Only",0.718446601941748
100,100,"Weighted",0.683495145631068
200,100,"Target_Only",0.723801065719361
200,100,"Source1_Only",0.524422735346359
200,100,"Source2_Only",0.703374777975133
200,100,"Weighted",0.717140319715808
300,100,"Target_Only",0.756978653530378
300,100,"Source1_Only",0.702175697865353
300,100,"Source2_Only",0.691707717569787
300,100,"Weighted",0.76252052545156
100,300,"Target_Only",0.76536312849162
100,300,"Source1_Only",0.733705772811918
100,300,"Source2_Only",0.735567970204842
100,300,"Weighted",0.810055865921788
200,300,"Target_Only",0.777673545966229
200,300,"Source1_Only",0.74296435272045
200,300,"Source2_Only",0.784709193245779
200,300,"Weighted",0.843808630393996
300,300,"Target_Only",0.761359297441772
300,300,"Source1_Only",0.705612829324169
300,300,"Source2_Only",0.739595265368461
300,300,"Weighted",0.795723558610157
100,500,"Target_Only",0.762686567164179
100,500,"Source1_Only",0.595522388059701
100,500,"Source2_Only",0.719402985074627
100,500,"Weighted",0.792537313432836
200,500,"Target_Only",0.705330490405117
200,500,"Source1_Only",0.686993603411514
200,500,"Source2_Only",0.789339019189765
200,500,"Weighted",0.794029850746269
300,500,"Target_Only",0.744525547445255
300,500,"Source1_Only",0.672820953198798
300,500,"Source2_Only",0.769858308286818
300,500,"Weighted",0.791541434091885
100,1000,"Target_Only",0.777319587628866
100,1000,"Source1_Only",0.719587628865979
100,1000,"Source2_Only",0.760824742268041
100,1000,"Weighted",0.851546391752577
200,1000,"Target_Only",0.772888888888889
200,1000,"Source1_Only",0.747111111111111
200,1000,"Source2_Only",0.735555555555556
200,1000,"Weighted",0.797333333333333
300,1000,"Target_Only",0.714254192409532
300,1000,"Source1_Only",0.647616946160635
300,1000,"Source2_Only",0.726390114739629
300,1000,"Weighted",0.759708737864078
100,100,"Target_Only",0.675862068965517
100,100,"Source1_Only",0.741379310344828
100,100,"Source2_Only",0.789655172413793
100,100,"Weighted",0.791379310344828
200,100,"Target_Only",0.783556215948489
200,100,"Source1_Only",0.658246656760773
200,100,"Source2_Only",0.769687964338782
200,100,"Weighted",0.819217434373452
300,100,"Target_Only",0.760679611650485
300,100,"Source1_Only",0.574271844660194
300,100,"Source2_Only",0.689320388349515
300,100,"Weighted",0.763106796116505
100,300,"Target_Only",0.729292929292929
100,300,"Source1_Only",0.557575757575758
100,300,"Source2_Only",0.826262626262626
100,300,"Weighted",0.842424242424242
200,300,"Target_Only",0.719481813652217
200,300,"Source1_Only",0.573991031390135
200,300,"Source2_Only",0.744892874937718
200,300,"Weighted",0.743896362730443
300,300,"Target_Only",0.742601787487587
300,300,"Source1_Only",0.60695134061569
300,300,"Source2_Only",0.741807348560079
300,300,"Weighted",0.774776564051639
100,500,"Target_Only",0.754716981132076
100,500,"Source1_Only",0.732418524871355
100,500,"Source2_Only",0.789022298456261
100,500,"Weighted",0.809605488850772
200,500,"Target_Only",0.782913165266106
200,500,"Source1_Only",0.685807656395892
200,500,"Source2_Only",0.76937441643324
200,500,"Weighted",0.856676003734827
300,500,"Target_Only",0.769735493131023
300,500,"Source1_Only",0.660857084273119
300,500,"Source2_Only",0.782243182284191
300,500,"Weighted",0.816690588476522
100,1000,"Target_Only",0.7136
100,1000,"Source1_Only",0.6672
100,1000,"Source2_Only",0.7136
100,1000,"Weighted",0.7472
200,1000,"Target_Only",0.804607157548334
200,1000,"Source1_Only",0.681612505141917
200,1000,"Source2_Only",0.797202797202797
200,1000,"Weighted",0.831345125462773
300,1000,"Target_Only",0.801920062695925
300,1000,"Source1_Only",0.679663009404389
300,1000,"Source2_Only",0.789380877742947
300,1000,"Weighted",0.821512539184953
100,100,"Target_Only",0.626641651031895
100,100,"Source1_Only",0.609756097560976
100,100,"Source2_Only",0.671669793621013
100,100,"Weighted",0.75422138836773
200,100,"Target_Only",0.726015557476232
200,100,"Source1_Only",0.663353500432152
200,100,"Source2_Only",0.738980121002593
200,100,"Weighted",0.78694900605013
300,100,"Target_Only",0.793347352322692
300,100,"Source1_Only",0.655515197858918
300,100,"Source2_Only",0.769451347734659
300,100,"Weighted",0.826801758745938
100,300,"Target_Only",0.63914373088685
100,300,"Source1_Only",0.675840978593272
100,300,"Source2_Only",0.785932721712538
100,300,"Weighted",0.785932721712538
200,300,"Target_Only",0.738795835219556
200,300,"Source1_Only",0.669986419194206
200,300,"Source2_Only",0.789497510185604
200,300,"Weighted",0.82752376641014
300,300,"Target_Only",0.80740441027716
300,300,"Source1_Only",0.656888529233259
300,300,"Source2_Only",0.793647582439814
300,300,"Weighted",0.829658102366984
100,500,"Target_Only",0.616161616161616
100,500,"Source1_Only",0.612121212121212
100,500,"Source2_Only",0.848484848484849
100,500,"Weighted",0.82020202020202
200,500,"Target_Only",0.798978644382544
200,500,"Source1_Only",0.661095636025998
200,500,"Source2_Only",0.837975858867224
200,500,"Weighted",0.850046425255339
300,500,"Target_Only",0.814829740076567
300,500,"Source1_Only",0.733225871448721
300,500,"Source2_Only",0.741889985895628
300,500,"Weighted",0.83437437034052
100,1000,"Target_Only",0.74390243902439
100,1000,"Source1_Only",0.768292682926829
100,1000,"Source2_Only",0.656794425087108
100,1000,"Weighted",0.766550522648084
200,1000,"Target_Only",0.844703770197487
200,1000,"Source1_Only",0.698833034111311
200,1000,"Source2_Only",0.841113105924596
200,1000,"Weighted",0.885996409335727
300,1000,"Target_Only",0.775572162540869
300,1000,"Source1_Only",0.678187762727697
300,1000,"Source2_Only",0.780242877160205
300,1000,"Weighted",0.806398879028491
100,100,"Target_Only",0.702819956616052
100,100,"Source1_Only",0.650759219088937
100,100,"Source2_Only",0.754880694143167
100,100,"Weighted",0.759219088937093
200,100,"Target_Only",0.762315270935961
200,100,"Source1_Only",0.702380952380952
200,100,"Source2_Only",0.681034482758621
200,100,"Weighted",0.793103448275862
300,100,"Target_Only",0.771282232426704
300,100,"Source1_Only",0.691098551748499
300,100,"Source2_Only",0.72624514305899
300,100,"Weighted",0.783645354998234
100,300,"Target_Only",0.700367647058824
100,300,"Source1_Only",0.676470588235294
100,300,"Source2_Only",0.772058823529412
100,300,"Weighted",0.790441176470588
200,300,"Target_Only",0.75509337860781
200,300,"Source1_Only",0.709677419354839
200,300,"Source2_Only",0.787351443123939
200,300,"Weighted",0.825551782682513
300,300,"Target_Only",0.847422250052181
300,300,"Source1_Only",0.739094134836151
300,300,"Source2_Only",0.828219578376122
300,300,"Weighted",0.879565852640367
100,500,"Target_Only",0.774468085106383
100,500,"Source1_Only",0.697872340425532
100,500,"Source2_Only",0.84468085106383
100,500,"Weighted",0.859574468085106
200,500,"Target_Only",0.738952164009112
200,500,"Source1_Only",0.667425968109339
200,500,"Source2_Only",0.796355353075171
200,500,"Weighted",0.81503416856492
300,500,"Target_Only",0.778481012658228
300,500,"Source1_Only",0.769096464426015
300,500,"Source2_Only",0.72479266695766
300,500,"Weighted",0.822566564818856
100,1000,"Target_Only",0.770569620253165
100,1000,"Source1_Only",0.75
100,1000,"Source2_Only",0.784810126582278
100,1000,"Weighted",0.82120253164557
200,1000,"Target_Only",0.73625
200,1000,"Source1_Only",0.697916666666667
200,1000,"Source2_Only",0.752916666666667
200,1000,"Weighted",0.8
300,1000,"Target_Only",0.757575757575758
300,1000,"Source1_Only",0.695924764890282
300,1000,"Source2_Only",0.78662486938349
300,1000,"Weighted",0.81546499477534
100,100,"Target_Only",0.7782340862423
100,100,"Source1_Only",0.657084188911704
100,100,"Source2_Only",0.753593429158111
100,100,"Weighted",0.802874743326489
200,100,"Target_Only",0.679884345311855
200,100,"Source1_Only",0.620404791408509
200,100,"Source2_Only",0.660057827344073
200,100,"Weighted",0.710863279636514
300,100,"Target_Only",0.724480968858132
300,100,"Source1_Only",0.634299307958478
300,100,"Source2_Only",0.719074394463668
300,100,"Weighted",0.764273356401384
100,300,"Target_Only",0.74468085106383
100,300,"Source1_Only",0.610942249240122
100,300,"Source2_Only",0.826747720364742
100,300,"Weighted",0.88145896656535
200,300,"Target_Only",0.759881002974926
200,300,"Source1_Only",0.696557586060348
200,300,"Source2_Only",0.780280492987675
200,300,"Weighted",0.798130046748831
300,300,"Target_Only",0.765781370284835
300,300,"Source1_Only",0.740184757505774
300,300,"Source2_Only",0.768668206312548
300,300,"Weighted",0.811970746728252
100,500,"Target_Only",0.76551724137931
100,500,"Source1_Only",0.75
100,500,"Source2_Only",0.708620689655172
100,500,"Weighted",0.806896551724138
200,500,"Target_Only",0.805054151624549
200,500,"Source1_Only",0.632220216606498
200,500,"Source2_Only",0.82129963898917
200,500,"Weighted",0.831678700361011
300,500,"Target_Only",0.788270167266568
300,500,"Source1_Only",0.710353588820665
300,500,"Source2_Only",0.746559390218082
300,500,"Weighted",0.80626720304891
100,1000,"Target_Only",0.632958801498127
100,1000,"Source1_Only",0.734082397003745
100,1000,"Source2_Only",0.825842696629214
100,1000,"Weighted",0.780898876404494
200,1000,"Target_Only",0.791457286432161
200,1000,"Source1_Only",0.722361809045226
200,1000,"Source2_Only",0.806113902847571
200,1000,"Weighted",0.836264656616415
300,1000,"Target_Only",0.81639473166896
300,1000,"Source1_Only",0.740318458816591
300,1000,"Source2_Only",0.817377629251032
300,1000,"Weighted",0.84371928445056
100,100,"Target_Only",0.714028776978417
100,100,"Source1_Only",0.737410071942446
100,100,"Source2_Only",0.773381294964029
100,100,"Weighted",0.814748201438849
200,100,"Target_Only",0.722941720629047
200,100,"Source1_Only",0.715078630897317
200,100,"Source2_Only",0.745605920444033
200,100,"Weighted",0.812210915818686
300,100,"Target_Only",0.791564214110081
300,100,"Source1_Only",0.67183658029128
300,100,"Source2_Only",0.729336107433327
300,100,"Weighted",0.808019670890864
100,300,"Target_Only",0.649425287356322
100,300,"Source1_Only",0.681034482758621
100,300,"Source2_Only",0.727011494252874
100,300,"Weighted",0.732758620689655
200,300,"Target_Only",0.757494646680942
200,300,"Source1_Only",0.684957173447537
200,300,"Source2_Only",0.761777301927195
200,300,"Weighted",0.790149892933619
300,300,"Target_Only",0.788319788319788
300,300,"Source1_Only",0.711018711018711
300,300,"Source2_Only",0.78038178038178
300,300,"Weighted",0.817047817047817
100,500,"Target_Only",0.829473684210526
100,500,"Source1_Only",0.751578947368421
100,500,"Source2_Only",0.776842105263158
100,500,"Weighted",0.863157894736842
200,500,"Target_Only",0.742803209060878
200,500,"Source1_Only",0.727701746106654
200,500,"Source2_Only",0.74044360547428
200,500,"Weighted",0.802737140160453
300,500,"Target_Only",0.764560804401442
300,500,"Source1_Only",0.675583380762664
300,500,"Source2_Only",0.769114020110036
300,500,"Weighted",0.801365964712578
100,1000,"Target_Only",0.721698113207547
100,1000,"Source1_Only",0.716981132075472
100,1000,"Source2_Only",0.754716981132076
100,1000,"Weighted",0.816037735849057
200,1000,"Target_Only",0.766707168894289
200,1000,"Source1_Only",0.735925475901175
200,1000,"Source2_Only",0.812069663831511
200,1000,"Weighted",0.838801134062373
300,1000,"Target_Only",0.790263876251137
300,1000,"Source1_Only",0.707006369426752
300,1000,"Source2_Only",0.811191992720655
300,1000,"Weighted",0.832575068243858
100,100,"Target_Only",0.701646090534979
100,100,"Source1_Only",0.748971193415638
100,100,"Source2_Only",0.674897119341564
100,100,"Weighted",0.738683127572016
200,100,"Target_Only",0.715078164397378
200,100,"Source1_Only",0.575390821986889
200,100,"Source2_Only",0.737771053958649
200,100,"Weighted",0.759959657085224
300,100,"Target_Only",0.758677011024908
300,100,"Source1_Only",0.714781543487138
300,100,"Source2_Only",0.714373213556554
300,100,"Weighted",0.776031033074724
100,300,"Target_Only",0.649671052631579
100,300,"Source1_Only",0.690789473684211
100,300,"Source2_Only",0.782894736842105
100,300,"Weighted",0.761513157894737
200,300,"Target_Only",0.791195476575121
200,300,"Source1_Only",0.676898222940226
200,300,"Source2_Only",0.770597738287561
200,300,"Weighted",0.798465266558966
300,300,"Target_Only",0.78384705423332
300,300,"Source1_Only",0.655286773312524
300,300,"Source2_Only",0.790674990245806
300,300,"Weighted",0.828326180257511
100,500,"Target_Only",0.765432098765432
100,500,"Source1_Only",0.783950617283951
100,500,"Source2_Only",0.773662551440329
100,500,"Weighted",0.829218106995885
200,500,"Target_Only",0.77989670242352
200,500,"Source1_Only",0.7632101708383
200,500,"Source2_Only",0.781883194278904
200,500,"Weighted",0.834326579261025
300,500,"Target_Only",0.786066584463625
300,500,"Source1_Only",0.601315248664201
300,500,"Source2_Only",0.762022194821208
300,500,"Weighted",0.818125770653514
100,1000,"Target_Only",0.75
100,1000,"Source1_Only",0.727099236641221
100,1000,"Source2_Only",0.803435114503817
100,1000,"Weighted",0.851145038167939
200,1000,"Target_Only",0.777464788732394
200,1000,"Source1_Only",0.684507042253521
200,1000,"Source2_Only",0.824413145539906
200,1000,"Weighted",0.829577464788732
300,1000,"Target_Only",0.811435523114355
300,1000,"Source1_Only",0.674979724249797
300,1000,"Source2_Only",0.777777777777778
300,1000,"Weighted",0.836171938361719
100,100,"Target_Only",0.692449355432781
100,100,"Source1_Only",0.685082872928177
100,100,"Source2_Only",0.675874769797422
100,100,"Weighted",0.732965009208103
200,100,"Target_Only",0.756535947712418
200,100,"Source1_Only",0.711328976034858
200,100,"Source2_Only",0.764161220043573
200,100,"Weighted",0.787037037037037
300,100,"Target_Only",0.775675675675676
300,100,"Source1_Only",0.623359073359073
300,100,"Source2_Only",0.723745173745174
300,100,"Weighted",0.800579150579151
100,300,"Target_Only",0.718181818181818
100,300,"Source1_Only",0.701818181818182
100,300,"Source2_Only",0.754545454545455
100,300,"Weighted",0.787272727272727
200,300,"Target_Only",0.801424382069543
200,300,"Source1_Only",0.672392124005027
200,300,"Source2_Only",0.820276497695853
200,300,"Weighted",0.841223292836196
300,300,"Target_Only",0.771567436208991
300,300,"Source1_Only",0.668043742405832
300,300,"Source2_Only",0.819927095990279
300,300,"Weighted",0.81142162818955
100,500,"Target_Only",0.610294117647059
100,500,"Source1_Only",0.663602941176471
100,500,"Source2_Only",0.726102941176471
100,500,"Weighted",0.748161764705882
200,500,"Target_Only",0.756455696202532
200,500,"Source1_Only",0.72
200,500,"Source2_Only",0.801012658227848
200,500,"Weighted",0.829873417721519
300,500,"Target_Only",0.727802603458325
300,500,"Source1_Only",0.634738682727803
300,500,"Source2_Only",0.766660190402176
300,500,"Weighted",0.786866135612978
100,1000,"Target_Only",0.827350427350427
100,1000,"Source1_Only",0.723076923076923
100,1000,"Source2_Only",0.779487179487179
100,1000,"Weighted",0.866666666666667
200,1000,"Target_Only",0.755645889792231
200,1000,"Source1_Only",0.696476964769648
200,1000,"Source2_Only",0.817524841915086
200,1000,"Weighted",0.823848238482385
300,1000,"Target_Only",0.780995280995281
300,1000,"Source1_Only",0.6999141999142
300,1000,"Source2_Only",0.782711282711283
300,1000,"Weighted",0.823466323466324
100,100,"Target_Only",0.788497217068646
100,100,"Source1_Only",0.703153988868275
100,100,"Source2_Only",0.697588126159555
100,100,"Weighted",0.797773654916512
200,100,"Target_Only",0.754759746146872
200,100,"Source1_Only",0.587488667271079
200,100,"Source2_Only",0.706255666364461
200,100,"Weighted",0.78377153218495
300,100,"Target_Only",0.812543554006969
300,100,"Source1_Only",0.645993031358885
300,100,"Source2_Only",0.741927990708478
300,100,"Weighted",0.813937282229965
100,300,"Target_Only",0.764423076923077
100,300,"Source1_Only",0.716346153846154
100,300,"Source2_Only",0.737980769230769
100,300,"Weighted",0.800480769230769
200,300,"Target_Only",0.759888320148906
200,300,"Source1_Only",0.68822708236389
200,300,"Source2_Only",0.709167054443927
200,300,"Weighted",0.784550953932061
300,300,"Target_Only",0.758551710342068
300,300,"Source1_Only",0.720744148829766
300,300,"Source2_Only",0.750950190038008
300,300,"Weighted",0.791158231646329
100,500,"Target_Only",0.675276752767528
100,500,"Source1_Only",0.669741697416974
100,500,"Source2_Only",0.806273062730627
100,500,"Weighted",0.79520295202952
200,500,"Target_Only",0.742976688583383
200,500,"Source1_Only",0.662283323371189
200,500,"Source2_Only",0.75851763299462
200,500,"Weighted",0.782426778242678
300,500,"Target_Only",0.78265391014975
300,500,"Source1_Only",0.737104825291181
300,500,"Source2_Only",0.731905158069884
300,500,"Weighted",0.802412645590682
100,1000,"Target_Only",0.74406779661017
100,1000,"Source1_Only",0.654237288135593
100,1000,"Source2_Only",0.847457627118644
100,1000,"Weighted",0.840677966101695
200,1000,"Target_Only",0.813004032258065
200,1000,"Source1_Only",0.778729838709677
200,1000,"Source2_Only",0.807459677419355
200,1000,"Weighted",0.856854838709677
300,1000,"Target_Only",0.757123473541384
300,1000,"Source1_Only",0.672029463074239
300,1000,"Source2_Only",0.778251599147121
300,1000,"Weighted",0.817794146152355
100,100,"Target_Only",0.692456479690522
100,100,"Source1_Only",0.626692456479691
100,100,"Source2_Only",0.678916827852998
100,100,"Weighted",0.769825918762089
200,100,"Target_Only",0.7491961414791
200,100,"Source1_Only",0.68259072117593
200,100,"Source2_Only",0.698667891593937
200,100,"Weighted",0.782728525493799
300,100,"Target_Only",0.736742781656916
300,100,"Source1_Only",0.67107001321004
300,100,"Source2_Only",0.719381015285903
300,100,"Weighted",0.781090771843744
100,300,"Target_Only",0.69844020797227
100,300,"Source1_Only",0.587521663778163
100,300,"Source2_Only",0.72790294627383
100,300,"Weighted",0.788561525129983
200,300,"Target_Only",0.788725490196078
200,300,"Source1_Only",0.750490196078431
200,300,"Source2_Only",0.744117647058824
200,300,"Weighted",0.824509803921569
300,300,"Target_Only",0.782240161453078
300,300,"Source1_Only",0.693844601412714
300,300,"Source2_Only",0.760040363269425
300,300,"Weighted",0.808476286579213
100,500,"Target_Only",0.735185185185185
100,500,"Source1_Only",0.627777777777778
100,500,"Source2_Only",0.761111111111111
100,500,"Weighted",0.759259259259259
200,500,"Target_Only",0.73743842364532
200,500,"Source1_Only",0.76256157635468
200,500,"Source2_Only",0.795566502463054
200,500,"Weighted",0.839901477832512
300,500,"Target_Only",0.704760031471283
300,500,"Source1_Only",0.663257277734068
300,500,"Source2_Only",0.747639653815893
300,500,"Weighted",0.768095987411487
100,1000,"Target_Only",0.830588235294118
100,1000,"Source1_Only",0.684705882352941
100,1000,"Source2_Only",0.804705882352941
100,1000,"Weighted",0.868235294117647
200,1000,"Target_Only",0.72987012987013
200,1000,"Source1_Only",0.698701298701299
200,1000,"Source2_Only",0.798268398268398
200,1000,"Weighted",0.822077922077922
300,1000,"Target_Only",0.757327321172371
300,1000,"Source1_Only",0.661815945890551
300,1000,"Source2_Only",0.767575322812052
300,1000,"Weighted",0.815126050420168
100,100,"Target_Only",0.723446893787575
100,100,"Source1_Only",0.561122244488978
100,100,"Source2_Only",0.807615230460922
100,100,"Weighted",0.763527054108216
200,100,"Target_Only",0.761349437734277
200,100,"Source1_Only",0.663473552686381
200,100,"Source2_Only",0.752603082049146
200,100,"Weighted",0.795918367346939
300,100,"Target_Only",0.716061185468451
300,100,"Source1_Only",0.55774378585086
300,100,"Source2_Only",0.688718929254302
300,100,"Weighted",0.730210325047801
100,300,"Target_Only",0.77292576419214
100,300,"Source1_Only",0.672489082969432
100,300,"Source2_Only",0.792576419213974
100,300,"Weighted",0.7882096069869
200,300,"Target_Only",0.786046511627907
200,300,"Source1_Only",0.594418604651163
200,300,"Source2_Only",0.745581395348837
200,300,"Weighted",0.787441860465116
300,300,"Target_Only",0.757652563852603
300,300,"Source1_Only",0.652368882823162
300,300,"Source2_Only",0.773835055566387
300,300,"Weighted",0.801910703840905
100,500,"Target_Only",0.738219895287958
100,500,"Source1_Only",0.719022687609075
100,500,"Source2_Only",0.680628272251309
100,500,"Weighted",0.773123909249564
200,500,"Target_Only",0.82258064516129
200,500,"Source1_Only",0.723434535104364
200,500,"Source2_Only",0.876185958254269
200,500,"Weighted",0.882827324478178
300,500,"Target_Only",0.843655913978495
300,500,"Source1_Only",0.695268817204301
300,500,"Source2_Only",0.802365591397849
300,500,"Weighted",0.852688172043011
100,1000,"Target_Only",0.853164556962025
100,1000,"Source1_Only",0.751898734177215
100,1000,"Source2_Only",0.79746835443038
100,1000,"Weighted",0.875949367088608
200,1000,"Target_Only",0.810530679933665
200,1000,"Source1_Only",0.723880597014925
200,1000,"Source2_Only",0.830431177446103
200,1000,"Weighted",0.866500829187396
300,1000,"Target_Only",0.810994441012971
300,1000,"Source1_Only",0.726580193535104
300,1000,"Source2_Only",0.750875025736051
300,1000,"Weighted",0.828906732550957
100,100,"Target_Only",0.707216494845361
100,100,"Source1_Only",0.649484536082474
100,100,"Source2_Only",0.616494845360825
100,100,"Weighted",0.721649484536082
200,100,"Target_Only",0.758049242424242
200,100,"Source1_Only",0.623579545454545
200,100,"Source2_Only",0.723958333333333
200,100,"Weighted",0.793560606060606
300,100,"Target_Only",0.753957396912253
300,100,"Source1_Only",0.566152042212234
300,100,"Source2_Only",0.765878444401016
300,100,"Weighted",0.773695524721516
100,300,"Target_Only",0.733224222585925
100,300,"Source1_Only",0.72013093289689
100,300,"Source2_Only",0.725040916530278
100,300,"Weighted",0.769230769230769
200,300,"Target_Only",0.698672566371681
200,300,"Source1_Only",0.616371681415929
200,300,"Source2_Only",0.707964601769911
200,300,"Weighted",0.732743362831858
300,300,"Target_Only",0.740490963042892
300,300,"Source1_Only",0.572160776908551
300,300,"Source2_Only",0.778796870785001
300,300,"Weighted",0.797949824656056
100,500,"Target_Only",0.642458100558659
100,500,"Source1_Only",0.728119180633147
100,500,"Source2_Only",0.834264432029795
100,500,"Weighted",0.828677839851024
200,500,"Target_Only",0.769476628046344
200,500,"Source1_Only",0.709149021174591
200,500,"Source2_Only",0.755093887335198
200,500,"Weighted",0.805433479824211
300,500,"Target_Only",0.748119443811261
300,500,"Source1_Only",0.719170275814908
300,500,"Source2_Only",0.728288124002735
300,500,"Weighted",0.786186459995441
100,1000,"Target_Only",0.630434782608696
100,1000,"Source1_Only",0.645652173913043
100,1000,"Source2_Only",0.756521739130435
100,1000,"Weighted",0.726086956521739
200,1000,"Target_Only",0.785615491009682
200,1000,"Source1_Only",0.677270631627478
200,1000,"Source2_Only",0.820654679575841
200,1000,"Weighted",0.843245735361918
300,1000,"Target_Only",0.755241851774964
300,1000,"Source1_Only",0.727216109611792
300,1000,"Source2_Only",0.72908449242267
300,1000,"Weighted",0.799667843055844
100,100,"Target_Only",0.753387533875339
100,100,"Source1_Only",0.661246612466125
100,100,"Source2_Only",0.731707317073171
100,100,"Weighted",0.831978319783198
200,100,"Target_Only",0.777876895628903
200,100,"Source1_Only",0.657448706512043
200,100,"Source2_Only",0.731935771632471
200,100,"Weighted",0.793933987511151
300,100,"Target_Only",0.77723311546841
300,100,"Source1_Only",0.580065359477124
300,100,"Source2_Only",0.713326071169208
300,100,"Weighted",0.768881626724764
100,300,"Target_Only",0.744136460554371
100,300,"Source1_Only",0.701492537313433
100,300,"Source2_Only",0.893390191897655
100,300,"Weighted",0.901918976545842
200,300,"Target_Only",0.761014686248331
200,300,"Source1_Only",0.640409434801958
200,300,"Source2_Only",0.786381842456609
200,300,"Weighted",0.802848242100578
300,300,"Target_Only",0.758259798891853
300,300,"Source1_Only",0.676585265750051
300,300,"Source2_Only",0.736507285040016
300,300,"Weighted",0.779601887954032
100,500,"Target_Only",0.699849170437406
100,500,"Source1_Only",0.645550527903469
100,500,"Source2_Only",0.707390648567119
100,500,"Weighted",0.751131221719457
200,500,"Target_Only",0.693569270608546
200,500,"Source1_Only",0.665515753129046
200,500,"Source2_Only",0.720328010358222
200,500,"Weighted",0.760466119982736
300,500,"Target_Only",0.701325757575758
300,500,"Source1_Only",0.665909090909091
300,500,"Source2_Only",0.700568181818182
300,500,"Weighted",0.722348484848485
100,1000,"Target_Only",0.708333333333333
100,1000,"Source1_Only",0.69
100,1000,"Source2_Only",0.798333333333333
100,1000,"Weighted",0.831666666666667
200,1000,"Target_Only",0.73371104815864
200,1000,"Source1_Only",0.669499527856468
200,1000,"Source2_Only",0.785646836638338
200,1000,"Weighted",0.821529745042493
300,1000,"Target_Only",0.794796475031473
300,1000,"Source1_Only",0.740033571128829
300,1000,"Source2_Only",0.761854804867814
300,1000,"Weighted",0.839068401174989
100,100,"Target_Only",0.740458015267176
100,100,"Source1_Only",0.732824427480916
100,100,"Source2_Only",0.675572519083969
100,100,"Weighted",0.763358778625954
200,100,"Target_Only",0.733994589720469
200,100,"Source1_Only",0.659603246167719
200,100,"Source2_Only",0.726330027051398
200,100,"Weighted",0.779981965734896
300,100,"Target_Only",0.7740225314778
300,100,"Source1_Only",0.70355643914292
300,100,"Source2_Only",0.772697150430749
300,100,"Weighted",0.793903247183565
100,300,"Target_Only",0.734251968503937
100,300,"Source1_Only",0.663385826771653
100,300,"Source2_Only",0.761811023622047
100,300,"Weighted",0.80511811023622
200,300,"Target_Only",0.721204961606616
200,300,"Source1_Only",0.627288836385115
200,300,"Source2_Only",0.696396928529238
200,300,"Weighted",0.763142350856468
300,300,"Target_Only",0.724427641251838
300,300,"Source1_Only",0.613946649863474
300,300,"Source2_Only",0.802772526780088
300,300,"Weighted",0.801512287334594
100,500,"Target_Only",0.74
100,500,"Source1_Only",0.743636363636364
100,500,"Source2_Only",0.8
100,500,"Weighted",0.805454545454545
200,500,"Target_Only",0.739218877135883
200,500,"Source1_Only",0.721318144833198
200,500,"Source2_Only",0.696501220504475
200,500,"Weighted",0.759967453213995
300,500,"Target_Only",0.769658295594895
300,500,"Source1_Only",0.668382050226431
300,500,"Source2_Only",0.736722931247427
300,500,"Weighted",0.80094689172499
100,1000,"Target_Only",0.771959459459459
100,1000,"Source1_Only",0.744932432432432
100,1000,"Source2_Only",0.733108108108108
100,1000,"Weighted",0.810810810810811
200,1000,"Target_Only",0.785839929639402
200,1000,"Source1_Only",0.736587510993843
200,1000,"Source2_Only",0.793315743183817
200,1000,"Weighted",0.836411609498681
300,1000,"Target_Only",0.814023732470334
300,1000,"Source1_Only",0.699460625674218
300,1000,"Source2_Only",0.804962243797195
300,1000,"Weighted",0.834304207119741
100,100,"Target_Only",0.666666666666667
100,100,"Source1_Only",0.595600676818951
100,100,"Source2_Only",0.717428087986464
100,100,"Weighted",0.683587140439932
200,100,"Target_Only",0.748639287481445
200,100,"Source1_Only",0.599208312716477
200,100,"Source2_Only",0.741712023750619
200,100,"Weighted",0.771400296882731
300,100,"Target_Only",0.770603569280128
300,100,"Source1_Only",0.627832364146782
300,100,"Source2_Only",0.750350912372168
300,100,"Weighted",0.773210346901945
100,300,"Target_Only",0.705128205128205
100,300,"Source1_Only",0.732905982905983
100,300,"Source2_Only",0.764957264957265
100,300,"Weighted",0.826923076923077
200,300,"Target_Only",0.741341516878562
200,300,"Source1_Only",0.735203857957036
200,300,"Source2_Only",0.7606313020605
200,300,"Weighted",0.790004384042087
300,300,"Target_Only",0.780669895076675
300,300,"Source1_Only",0.613801452784504
300,300,"Source2_Only",0.791969330104923
300,300,"Weighted",0.812550443906376
100,500,"Target_Only",0.65874363327674
100,500,"Source1_Only",0.753820033955857
100,500,"Source2_Only",0.780984719864177
100,500,"Weighted",0.791171477079796
200,500,"Target_Only",0.608427543679342
200,500,"Source1_Only",0.680883864337102
200,500,"Source2_Only",0.722507708119219
200,500,"Weighted",0.708119218910586
300,500,"Target_Only",0.735948612066988
300,500,"Source1_Only",0.632713925212205
300,500,"Source2_Only",0.770360174351916
300,500,"Weighted",0.781371874283092
100,1000,"Target_Only",0.728
100,1000,"Source1_Only",0.7904
100,1000,"Source2_Only",0.7632
100,1000,"Weighted",0.8368
200,1000,"Target_Only",0.789156626506024
200,1000,"Source1_Only",0.704355885078777
200,1000,"Source2_Only",0.82159406858202
200,1000,"Weighted",0.838276181649676
300,1000,"Target_Only",0.737093275488069
300,1000,"Source1_Only",0.667895878524946
300,1000,"Source2_Only",0.821908893709328
300,1000,"Weighted",0.824078091106291
100,100,"Target_Only",0.757522123893805
100,100,"Source1_Only",0.667256637168142
100,100,"Source2_Only",0.807079646017699
100,100,"Weighted",0.831858407079646
200,100,"Target_Only",0.731729459827508
200,100,"Source1_Only",0.683613254652746
200,100,"Source2_Only",0.655923740354063
200,100,"Weighted",0.748978665456196
300,100,"Target_Only",0.802909090909091
300,100,"Source1_Only",0.641454545454545
300,100,"Source2_Only",0.644727272727273
300,100,"Weighted",0.774363636363636
100,300,"Target_Only",0.646520146520147
100,300,"Source1_Only",0.673992673992674
100,300,"Source2_Only",0.842490842490842
100,300,"Weighted",0.80952380952381
200,300,"Target_Only",0.810286268801553
200,300,"Source1_Only",0.657933042212518
200,300,"Source2_Only",0.803493449781659
200,300,"Weighted",0.834546336729743
300,300,"Target_Only",0.783368952788032
300,300,"Source1_Only",0.64833883815815
300,300,"Source2_Only",0.770545949096561
300,300,"Weighted",0.823197979405479
100,500,"Target_Only",0.791497975708502
100,500,"Source1_Only",0.6417004048583
100,500,"Source2_Only",0.817813765182186
100,500,"Weighted",0.850202429149798
200,500,"Target_Only",0.730047972088966
200,500,"Source1_Only",0.667248146532926
200,500,"Source2_Only",0.817269952027911
200,500,"Weighted",0.825556040122111
300,500,"Target_Only",0.79273127753304
300,500,"Source1_Only",0.679735682819383
300,500,"Source2_Only",0.770044052863436
300,500,"Weighted",0.827312775330396
100,1000,"Target_Only",0.670020120724346
100,1000,"Source1_Only",0.696177062374245
100,1000,"Source2_Only",0.706237424547284
100,1000,"Weighted",0.746478873239437
200,1000,"Target_Only",0.667393199651264
200,1000,"Source1_Only",0.641238012205754
200,1000,"Source2_Only",0.763295553618134
200,1000,"Weighted",0.782476024411508
300,1000,"Target_Only",0.777184014869889
300,1000,"Source1_Only",0.654507434944238
300,1000,"Source2_Only",0.815752788104089
300,1000,"Weighted",0.831552044609665
100,100,"Target_Only",0.702325581395349
100,100,"Source1_Only",0.616279069767442
100,100,"Source2_Only",0.73953488372093
100,100,"Weighted",0.811627906976744
200,100,"Target_Only",0.763086642599278
200,100,"Source1_Only",0.729241877256318
200,100,"Source2_Only",0.787454873646209
200,100,"Weighted",0.824909747292419
300,100,"Target_Only",0.737093690248566
300,100,"Source1_Only",0.638049713193117
300,100,"Source2_Only",0.753154875717017
300,100,"Weighted",0.78565965583174
100,300,"Target_Only",0.741228070175439
100,300,"Source1_Only",0.74780701754386
100,300,"Source2_Only",0.754385964912281
100,300,"Weighted",0.809210526315789
200,300,"Target_Only",0.77481736140954
200,300,"Source1_Only",0.663515255694027
200,300,"Source2_Only",0.828104856037817
200,300,"Weighted",0.829823807477439
300,300,"Target_Only",0.80261569416499
300,300,"Source1_Only",0.732394366197183
300,300,"Source2_Only",0.769617706237425
300,300,"Weighted",0.82374245472837
100,500,"Target_Only",0.630615640599002
100,500,"Source1_Only",0.59567387687188
100,500,"Source2_Only",0.787021630615641
100,500,"Weighted",0.752079866888519
200,500,"Target_Only",0.732433951658235
200,500,"Source1_Only",0.704890387858347
200,500,"Source2_Only",0.770657672849916
200,500,"Weighted",0.77796514896009
300,500,"Target_Only",0.802823315118397
300,500,"Source1_Only",0.709244080145719
300,500,"Source2_Only",0.844262295081967
300,500,"Weighted",0.847677595628415
100,1000,"Target_Only",0.657627118644068
100,1000,"Source1_Only",0.725423728813559
100,1000,"Source2_Only",0.732203389830508
100,1000,"Weighted",0.727118644067797
200,1000,"Target_Only",0.760454545454545
200,1000,"Source1_Only",0.769545454545455
200,1000,"Source2_Only",0.769090909090909
200,1000,"Weighted",0.805909090909091
300,1000,"Target_Only",0.73150406504065
300,1000,"Source1_Only",0.627439024390244
300,1000,"Source2_Only",0.775609756097561
300,1000,"Weighted",0.789227642276423
100,100,"Target_Only",0.683946488294314
100,100,"Source1_Only",0.655518394648829
100,100,"Source2_Only",0.677257525083612
100,100,"Weighted",0.690635451505017
200,100,"Target_Only",0.764476614699332
200,100,"Source1_Only",0.69543429844098
200,100,"Source2_Only",0.688752783964365
200,100,"Weighted",0.793986636971047
300,100,"Target_Only",0.737935511793984
300,100,"Source1_Only",0.542739666738801
300,100,"Source2_Only",0.7522181346029
300,100,"Weighted",0.793334776022506
100,300,"Target_Only",0.685393258426966
100,300,"Source1_Only",0.676029962546816
100,300,"Source2_Only",0.777153558052434
100,300,"Weighted",0.775280898876405
200,300,"Target_Only",0.773315484158858
200,300,"Source1_Only",0.65417224453369
200,300,"Source2_Only",0.797411869701026
200,300,"Weighted",0.828647925033467
300,300,"Target_Only",0.782055938975663
300,300,"Source1_Only",0.659825644751181
300,300,"Source2_Only",0.738467126770796
300,300,"Weighted",0.808572466400291
100,500,"Target_Only",0.579816513761468
100,500,"Source1_Only",0.721100917431193
100,500,"Source2_Only",0.625688073394495
100,500,"Weighted",0.71743119266055
200,500,"Target_Only",0.629925756710451
200,500,"Source1_Only",0.629354654483153
200,500,"Source2_Only",0.770416904625928
200,500,"Weighted",0.761279268989149
300,500,"Target_Only",0.714410480349345
300,500,"Source1_Only",0.63056768558952
300,500,"Source2_Only",0.780131004366812
300,500,"Weighted",0.785152838427948
100,1000,"Target_Only",0.809843400447427
100,1000,"Source1_Only",0.834451901565995
100,1000,"Source2_Only",0.821029082774049
100,1000,"Weighted",0.930648769574944
200,1000,"Target_Only",0.761862130707252
200,1000,"Source1_Only",0.691136974037601
200,1000,"Source2_Only",0.773500447627574
200,1000,"Weighted",0.806624888093107
300,1000,"Target_Only",0.769643922816789
300,1000,"Source1_Only",0.755520190968769
300,1000,"Source2_Only",0.830515217823752
300,1000,"Weighted",0.851203501094092
100,100,"Target_Only",0.730529595015576
100,100,"Source1_Only",0.744548286604361
100,100,"Source2_Only",0.721183800623053
100,100,"Weighted",0.819314641744548
200,100,"Target_Only",0.7815
200,100,"Source1_Only",0.6175
200,100,"Source2_Only",0.6735
200,100,"Weighted",0.7675
300,100,"Target_Only",0.696977025392987
300,100,"Source1_Only",0.632164449818622
300,100,"Source2_Only",0.670616686819831
300,100,"Weighted",0.757678355501814
100,300,"Target_Only",0.68515205724508
100,300,"Source1_Only",0.627906976744186
100,300,"Source2_Only",0.636851520572451
100,300,"Weighted",0.699463327370304
200,300,"Target_Only",0.608807182556648
200,300,"Source1_Only",0.635314236853356
200,300,"Source2_Only",0.803762291577597
200,300,"Weighted",0.783668234288157
300,300,"Target_Only",0.802453987730061
300,300,"Source1_Only",0.656032719836401
300,300,"Source2_Only",0.76441717791411
300,300,"Weighted",0.812269938650307
100,500,"Target_Only",0.7534516765286
100,500,"Source1_Only",0.637080867850099
100,500,"Source2_Only",0.824457593688363
100,500,"Weighted",0.82051282051282
200,500,"Target_Only",0.756154203437065
200,500,"Source1_Only",0.664189503019043
200,500,"Source2_Only",0.824895494658616
200,500,"Weighted",0.817464003715745
300,500,"Target_Only",0.755583126550869
300,500,"Source1_Only",0.636062861869313
300,500,"Source2_Only",0.804383788254756
300,500,"Weighted",0.812448304383788
100,1000,"Target_Only",0.676328502415459
100,1000,"Source1_Only",0.655394524959742
100,1000,"Source2_Only",0.851851851851852
100,1000,"Weighted",0.792270531400966
200,1000,"Target_Only",0.656025179856115
200,1000,"Source1_Only",0.725719424460432
200,1000,"Source2_Only",0.81294964028777
200,1000,"Weighted",0.800359712230216
300,1000,"Target_Only",0.764086021505376
300,1000,"Source1_Only",0.667956989247312
300,1000,"Source2_Only",0.803655913978495
300,1000,"Weighted",0.805806451612903
100,100,"Target_Only",0.712177121771218
100,100,"Source1_Only",0.752767527675277
100,100,"Source2_Only",0.750922509225092
100,100,"Weighted",0.79520295202952
200,100,"Target_Only",0.836511156186613
200,100,"Source1_Only",0.648275862068965
200,100,"Source2_Only",0.721703853955375
200,100,"Weighted",0.825963488843813
300,100,"Target_Only",0.772599437525111
300,100,"Source1_Only",0.713941341904379
300,100,"Source2_Only",0.738248292486943
300,100,"Weighted",0.79851345922057
100,300,"Target_Only",0.677524429967427
100,300,"Source1_Only",0.685667752442997
100,300,"Source2_Only",0.815960912052117
100,300,"Weighted",0.819218241042345
200,300,"Target_Only",0.735968765251342
200,300,"Source1_Only",0.621278672523182
200,300,"Source2_Only",0.676915568570034
200,300,"Weighted",0.755490483162518
300,300,"Target_Only",0.758952322488234
300,300,"Source1_Only",0.598117454471046
300,300,"Source2_Only",0.773685287497442
300,300,"Weighted",0.791282995702885
100,500,"Target_Only",0.696296296296296
100,500,"Source1_Only",0.692592592592593
100,500,"Source2_Only",0.740740740740741
100,500,"Weighted",0.77037037037037
200,500,"Target_Only",0.778120184899846
200,500,"Source1_Only",0.721623009758603
200,500,"Source2_Only",0.745249101181305
200,500,"Weighted",0.807909604519774
300,500,"Target_Only",0.798963133640553
300,500,"Source1_Only",0.661866359447005
300,500,"Source2_Only",0.759408602150538
300,500,"Weighted",0.802803379416283
100,1000,"Target_Only",0.68503937007874
100,1000,"Source1_Only",0.728346456692913
100,1000,"Source2_Only",0.816929133858268
100,1000,"Weighted",0.783464566929134
200,1000,"Target_Only",0.717985611510791
200,1000,"Source1_Only",0.680095923261391
200,1000,"Source2_Only",0.819664268585132
200,1000,"Weighted",0.810551558752998
300,1000,"Target_Only",0.762156215621562
300,1000,"Source1_Only",0.703850385038504
300,1000,"Source2_Only",0.813421342134213
300,1000,"Weighted",0.83036303630363
100,100,"Target_Only",0.76283185840708
100,100,"Source1_Only",0.656637168141593
100,100,"Source2_Only",0.753982300884956
100,100,"Weighted",0.80353982300885
200,100,"Target_Only",0.78910149750416
200,100,"Source1_Only",0.670133111480865
200,100,"Source2_Only",0.69675540765391
200,100,"Weighted",0.810732113144759
300,100,"Target_Only",0.789978213507625
300,100,"Source1_Only",0.591721132897604
300,100,"Source2_Only",0.768409586056645
300,100,"Weighted",0.796949891067538
100,300,"Target_Only",0.798969072164949
100,300,"Source1_Only",0.724226804123711
100,300,"Source2_Only",0.829896907216495
100,300,"Weighted",0.858247422680412
200,300,"Target_Only",0.754233409610984
200,300,"Source1_Only",0.698855835240275
200,300,"Source2_Only",0.805949656750572
200,300,"Weighted",0.841647597254005
300,300,"Target_Only",0.812155782848151
300,300,"Source1_Only",0.621557828481511
300,300,"Source2_Only",0.800550747442958
300,300,"Weighted",0.835759244689221
100,500,"Target_Only",0.705314009661836
100,500,"Source1_Only",0.64573268921095
100,500,"Source2_Only",0.829307568438003
100,500,"Weighted",0.822866344605475
200,500,"Target_Only",0.732346723044397
200,500,"Source1_Only",0.597885835095137
200,500,"Source2_Only",0.758139534883721
200,500,"Weighted",0.780126849894292
300,500,"Target_Only",0.820233942130105
300,500,"Source1_Only",0.76174840960394
300,500,"Source2_Only",0.815103632259389
300,500,"Weighted",0.844038579930228
100,1000,"Target_Only",0.83402489626556
100,1000,"Source1_Only",0.775933609958506
100,1000,"Source2_Only",0.842323651452282
100,1000,"Weighted",0.877593360995851
200,1000,"Target_Only",0.746653919694073
200,1000,"Source1_Only",0.597036328871893
200,1000,"Source2_Only",0.777246653919694
200,1000,"Weighted",0.794933078393881
300,1000,"Target_Only",0.757539492580182
300,1000,"Source1_Only",0.640019147917664
300,1000,"Source2_Only",0.785303973192915
300,1000,"Weighted",0.797271421732887
100,100,"Target_Only",0.718241042345277
100,100,"Source1_Only",0.728013029315961
100,100,"Source2_Only",0.752442996742671
100,100,"Weighted",0.796416938110749
200,100,"Target_Only",0.772088808337109
200,100,"Source1_Only",0.59311282283643
200,100,"Source2_Only",0.770276393294064
200,100,"Weighted",0.815133665609425
300,100,"Target_Only",0.810920121334681
300,100,"Source1_Only",0.626895854398382
300,100,"Source2_Only",0.756117290192113
300,100,"Weighted",0.818200202224469
100,300,"Target_Only",0.730837789661319
100,300,"Source1_Only",0.707664884135472
100,300,"Source2_Only",0.811051693404635
100,300,"Weighted",0.83065953654189
200,300,"Target_Only",0.715925394548063
200,300,"Source1_Only",0.648971783835485
200,300,"Source2_Only",0.722142515542803
200,300,"Weighted",0.77714012434242
300,300,"Target_Only",0.792917166866747
300,300,"Source1_Only",0.714285714285714
300,300,"Source2_Only",0.814925970388155
300,300,"Weighted",0.859543817527011
100,500,"Target_Only",0.765625
100,500,"Source1_Only",0.763671875
100,500,"Source2_Only",0.859375
100,500,"Weighted",0.845703125
200,500,"Target_Only",0.744956772334294
200,500,"Source1_Only",0.722862632084534
200,500,"Source2_Only",0.770893371757925
200,500,"Weighted",0.814121037463977
300,500,"Target_Only",0.777869529314616
300,500,"Source1_Only",0.695912469033856
300,500,"Source2_Only",0.809867877786953
300,500,"Weighted",0.846820809248555
100,1000,"Target_Only",0.757352941176471
100,1000,"Source1_Only",0.740808823529412
100,1000,"Source2_Only",0.670955882352941
100,1000,"Weighted",0.794117647058824
200,1000,"Target_Only",0.720889664195377
200,1000,"Source1_Only",0.692106410815525
200,1000,"Source2_Only",0.788486698648059
200,1000,"Weighted",0.825119930222416
300,1000,"Target_Only",0.77607762642284
300,1000,"Source1_Only",0.715991789512969
300,1000,"Source2_Only",0.770106363127449
300,1000,"Weighted",0.83392423959694
100,100,"Target_Only",0.762057877813505
100,100,"Source1_Only",0.70096463022508
100,100,"Source2_Only",0.7491961414791
100,100,"Weighted",0.789389067524116
200,100,"Target_Only",0.765694513099357
200,100,"Source1_Only",0.677706376668314
200,100,"Source2_Only",0.688086999505685
200,100,"Weighted",0.795847750865052
300,100,"Target_Only",0.777672118676303
300,100,"Source1_Only",0.753898820844427
300,100,"Source2_Only",0.728223659186002
300,100,"Weighted",0.811144922023583
100,300,"Target_Only",0.776632302405498
100,300,"Source1_Only",0.683848797250859
100,300,"Source2_Only",0.723367697594502
100,300,"Weighted",0.786941580756014
200,300,"Target_Only",0.736533333333333
200,300,"Source1_Only",0.7152
200,300,"Source2_Only",0.7808
200,300,"Weighted",0.8336
300,300,"Target_Only",0.717895176446022
300,300,"Source1_Only",0.639381916892879
300,300,"Source2_Only",0.775736061808311
300,300,"Weighted",0.795782000417624
100,500,"Target_Only",0.644128113879004
100,500,"Source1_Only",0.592526690391459
100,500,"Source2_Only",0.800711743772242
100,500,"Weighted",0.747330960854093
200,500,"Target_Only",0.760860026327337
200,500,"Source1_Only",0.699429574374726
200,500,"Source2_Only",0.781483106625713
200,500,"Weighted",0.801667397981571
300,500,"Target_Only",0.766193944039862
300,500,"Source1_Only",0.721157531621311
300,500,"Source2_Only",0.801073208125719
300,500,"Weighted",0.831161364507474
100,1000,"Target_Only",0.74914089347079
100,1000,"Source1_Only",0.713058419243986
100,1000,"Source2_Only",0.725085910652921
100,1000,"Weighted",0.821305841924399
200,1000,"Target_Only",0.799503722084367
200,1000,"Source1_Only",0.644168734491315
200,1000,"Source2_Only",0.758312655086849
200,1000,"Weighted",0.833250620347395
300,1000,"Target_Only",0.772837332159366
300,1000,"Source1_Only",0.720889280211314
300,1000,"Source2_Only",0.750605326876513
300,1000,"Weighted",0.812458727712965
100,100,"Target_Only",0.775967413441955
100,100,"Source1_Only",0.629327902240326
100,100,"Source2_Only",0.804480651731161
100,100,"Weighted",0.79837067209776
200,100,"Target_Only",0.793288590604027
200,100,"Source1_Only",0.645190156599553
200,100,"Source2_Only",0.802684563758389
200,100,"Weighted",0.808053691275168
300,100,"Target_Only",0.79912052768339
300,100,"Source1_Only",0.636418149110534
300,100,"Source2_Only",0.697781331201279
300,100,"Weighted",0.803118129122526
100,300,"Target_Only",0.735807860262009
100,300,"Source1_Only",0.783842794759825
100,300,"Source2_Only",0.825327510917031
100,300,"Weighted",0.85589519650655
200,300,"Target_Only",0.718926553672316
200,300,"Source1_Only",0.630414312617702
200,300,"Source2_Only",0.758474576271186
200,300,"Weighted",0.791431261770245
300,300,"Target_Only",0.772672552166934
300,300,"Source1_Only",0.613563402889246
300,300,"Source2_Only",0.732945425361156
300,300,"Weighted",0.782905296950241
100,500,"Target_Only",0.581227436823105
100,500,"Source1_Only",0.525270758122744
100,500,"Source2_Only",0.71841155234657
100,500,"Weighted",0.702166064981949
200,500,"Target_Only",0.812472551602986
200,500,"Source1_Only",0.689942907334212
200,500,"Source2_Only",0.792709705753184
200,500,"Weighted",0.845410628019324
300,500,"Target_Only",0.775498354944842
300,500,"Source1_Only",0.648345268047223
300,500,"Source2_Only",0.813237855622218
300,500,"Weighted",0.842268240758661
100,1000,"Target_Only",0.768421052631579
100,1000,"Source1_Only",0.781052631578947
100,1000,"Source2_Only",0.850526315789474
100,1000,"Weighted",0.861052631578947
200,1000,"Target_Only",0.746268656716418
200,1000,"Source1_Only",0.657155399473222
200,1000,"Source2_Only",0.834064969271291
200,1000,"Weighted",0.807287093942054
300,1000,"Target_Only",0.819482288828338
300,1000,"Source1_Only",0.717756584922797
300,1000,"Source2_Only",0.788828337874659
300,1000,"Weighted",0.845367847411444
100,100,"Target_Only",0.660033167495854
100,100,"Source1_Only",0.676616915422886
100,100,"Source2_Only",0.69983416252073
100,100,"Weighted",0.741293532338309
200,100,"Target_Only",0.721770917952884
200,100,"Source1_Only",0.671811535337124
200,100,"Source2_Only",0.740454914703493
200,100,"Weighted",0.789601949634444
300,100,"Target_Only",0.816583459952247
300,100,"Source1_Only",0.678098545691339
300,100,"Source2_Only",0.758628174517039
300,100,"Weighted",0.823095289776427
100,300,"Target_Only",0.798642533936652
100,300,"Source1_Only",0.619909502262443
100,300,"Source2_Only",0.780542986425339
100,300,"Weighted",0.794117647058824
200,300,"Target_Only",0.761092150170648
200,300,"Source1_Only",0.696733300828864
200,300,"Source2_Only",0.80594831789371
200,300,"Weighted",0.815212091662604
300,300,"Target_Only",0.734716769489624
300,300,"Source1_Only",0.625537483641802
300,300,"Source2_Only",0.774911198354833
300,300,"Weighted",0.794167134043747
100,500,"Target_Only",0.783549783549784
100,500,"Source1_Only",0.783549783549784
100,500,"Source2_Only",0.807359307359307
100,500,"Weighted",0.861471861471861
200,500,"Target_Only",0.688665710186514
200,500,"Source1_Only",0.661406025824964
200,500,"Source2_Only",0.679100908656145
200,500,"Weighted",0.745576279292205
300,500,"Target_Only",0.788179465056083
300,500,"Source1_Only",0.668895599654875
300,500,"Source2_Only",0.781276962899051
300,500,"Weighted",0.805435720448663
100,1000,"Target_Only",0.84
100,1000,"Source1_Only",0.734736842105263
100,1000,"Source2_Only",0.793684210526316
100,1000,"Weighted",0.854736842105263
200,1000,"Target_Only",0.725881261595547
200,1000,"Source1_Only",0.696196660482375
200,1000,"Source2_Only",0.829777365491651
200,1000,"Weighted",0.810296846011132
300,1000,"Target_Only",0.739709443099274
300,1000,"Source1_Only",0.701977401129944
300,1000,"Source2_Only",0.72134786117837
300,1000,"Weighted",0.786521388216303
100,100,"Target_Only",0.662817551963048
100,100,"Source1_Only",0.646651270207852
100,100,"Source2_Only",0.752886836027714
100,100,"Weighted",0.748267898383372
200,100,"Target_Only",0.705501618122977
200,100,"Source1_Only",0.682847896440129
200,100,"Source2_Only",0.779472954230236
200,100,"Weighted",0.781322237632917
300,100,"Target_Only",0.811065837443706
300,100,"Source1_Only",0.67338623203946
300,100,"Source2_Only",0.776109800557581
300,100,"Weighted",0.824361998713275
100,300,"Target_Only",0.717781402936378
100,300,"Source1_Only",0.615008156606852
100,300,"Source2_Only",0.67047308319739
100,300,"Weighted",0.752039151712887
200,300,"Target_Only",0.765957446808511
200,300,"Source1_Only",0.690838037342597
200,300,"Source2_Only",0.801563178462875
200,300,"Weighted",0.81719496309162
300,300,"Target_Only",0.788589832068093
300,300,"Source1_Only",0.688980906372211
300,300,"Source2_Only",0.742351046698873
300,300,"Weighted",0.812744421440074
100,500,"Target_Only",0.805429864253394
100,500,"Source1_Only",0.606334841628959
100,500,"Source2_Only",0.68552036199095
100,500,"Weighted",0.787330316742081
200,500,"Target_Only",0.78792735042735
200,500,"Source1_Only",0.677350427350427
200,500,"Source2_Only",0.776709401709402
200,500,"Weighted",0.818376068376068
300,500,"Target_Only",0.694043321299639
300,500,"Source1_Only",0.618772563176895
300,500,"Source2_Only",0.735740072202166
300,500,"Weighted",0.777075812274368
100,1000,"Target_Only",0.649659863945578
100,1000,"Source1_Only",0.574829931972789
100,1000,"Source2_Only",0.814625850340136
100,1000,"Weighted",0.756802721088435
200,1000,"Target_Only",0.808333333333333
200,1000,"Source1_Only",0.684895833333333
200,1000,"Source2_Only",0.8125
200,1000,"Weighted",0.840104166666667
300,1000,"Target_Only",0.734069836259617
300,1000,"Source1_Only",0.688893272834879
300,1000,"Source2_Only",0.79857960149931
300,1000,"Weighted",0.806667981850464
100,100,"Target_Only",0.719607843137255
100,100,"Source1_Only",0.650980392156863
100,100,"Source2_Only",0.790196078431373
100,100,"Weighted",0.782352941176471
200,100,"Target_Only",0.794670161642639
200,100,"Source1_Only",0.679772826561817
200,100,"Source2_Only",0.731760594145915
200,100,"Weighted",0.806465705548274
300,100,"Target_Only",0.75194401244168
300,100,"Source1_Only",0.627138413685848
300,100,"Source2_Only",0.726866251944012
300,100,"Weighted",0.766912908242613
100,300,"Target_Only",0.799276672694394
100,300,"Source1_Only",0.708860759493671
100,300,"Source2_Only",0.828209764918626
100,300,"Weighted",0.860759493670886
200,300,"Target_Only",0.760648148148148
200,300,"Source1_Only",0.572222222222222
200,300,"Source2_Only",0.819444444444444
200,300,"Weighted",0.808796296296296
300,300,"Target_Only",0.788200958932666
300,300,"Source1_Only",0.678757556806337
300,300,"Source2_Only",0.787992495309568
300,300,"Weighted",0.826975192828851
100,500,"Target_Only",0.71875
100,500,"Source1_Only",0.7421875
100,500,"Source2_Only",0.814453125
100,500,"Weighted",0.822265625
200,500,"Target_Only",0.735776277724204
200,500,"Source1_Only",0.662005785920926
200,500,"Source2_Only",0.775313404050145
200,500,"Weighted",0.786403085824494
300,500,"Target_Only",0.705119453924915
300,500,"Source1_Only",0.667349260523322
300,500,"Source2_Only",0.713765642775882
300,500,"Weighted",0.744027303754266
100,1000,"Target_Only",0.637964774951076
100,1000,"Source1_Only",0.688845401174168
100,1000,"Source2_Only",0.737769080234834
100,1000,"Weighted",0.73385518590998
200,1000,"Target_Only",0.745059288537549
200,1000,"Source1_Only",0.671936758893281
200,1000,"Source2_Only",0.761857707509881
200,1000,"Weighted",0.780632411067194
300,1000,"Target_Only",0.769028340080972
300,1000,"Source1_Only",0.692914979757085
300,1000,"Source2_Only",0.764574898785425
300,1000,"Weighted",0.813765182186235
100,100,"Target_Only",0.78956228956229
100,100,"Source1_Only",0.638047138047138
100,100,"Source2_Only",0.715488215488216
100,100,"Weighted",0.797979797979798
200,100,"Target_Only",0.762589928057554
200,100,"Source1_Only",0.592890393567499
200,100,"Source2_Only",0.713922979263648
200,100,"Weighted",0.768091409225561
300,100,"Target_Only",0.813372214122058
300,100,"Source1_Only",0.657363049364716
300,100,"Source2_Only",0.793792959800042
300,100,"Weighted",0.851905852947303
100,300,"Target_Only",0.679549114331723
100,300,"Source1_Only",0.752012882447665
100,300,"Source2_Only",0.782608695652174
100,300,"Weighted",0.756843800322061
200,300,"Target_Only",0.744096385542169
200,300,"Source1_Only",0.663132530120482
200,300,"Source2_Only",0.732530120481928
200,300,"Weighted",0.770120481927711
300,300,"Target_Only",0.818994181213633
300,300,"Source1_Only",0.743973399833749
300,300,"Source2_Only",0.814630091438072
300,300,"Weighted",0.865752285951787
100,500,"Target_Only",0.778625954198473
100,500,"Source1_Only",0.680916030534351
100,500,"Source2_Only",0.835114503816794
100,500,"Weighted",0.835114503816794
200,500,"Target_Only",0.767515923566879
200,500,"Source1_Only",0.72484076433121
200,500,"Source2_Only",0.743312101910828
200,500,"Weighted",0.796178343949045
300,500,"Target_Only",0.79122877930477
300,500,"Source1_Only",0.686540016168149
300,500,"Source2_Only",0.761317704122878
300,500,"Weighted",0.81143896523848
100,1000,"Target_Only",0.708333333333333
100,1000,"Source1_Only",0.78219696969697
100,1000,"Source2_Only",0.672348484848485
100,1000,"Weighted",0.753787878787879
200,1000,"Target_Only",0.819587628865979
200,1000,"Source1_Only",0.790378006872852
200,1000,"Source2_Only",0.838487972508591
200,1000,"Weighted",0.88545246277205
300,1000,"Target_Only",0.7361729179911
300,1000,"Source1_Only",0.639966094511549
300,1000,"Source2_Only",0.742954015681288
300,1000,"Weighted",0.783852511125238
100,100,"Target_Only",0.568539325842697
100,100,"Source1_Only",0.503370786516854
100,100,"Source2_Only",0.730337078651685
100,100,"Weighted",0.68314606741573
200,100,"Target_Only",0.775665399239544
200,100,"Source1_Only",0.729087452471483
200,100,"Source2_Only",0.770437262357414
200,100,"Weighted",0.809410646387833
300,100,"Target_Only",0.78216583273767
300,100,"Source1_Only",0.56433166547534
300,100,"Source2_Only",0.748570407433881
300,100,"Weighted",0.803967119370979
100,300,"Target_Only",0.662361623616236
100,300,"Source1_Only",0.566420664206642
100,300,"Source2_Only",0.730627306273063
100,300,"Weighted",0.72140221402214
200,300,"Target_Only",0.774492497793469
200,300,"Source1_Only",0.655781112091792
200,300,"Source2_Only",0.725066195939982
200,300,"Weighted",0.77846425419241
300,300,"Target_Only",0.7232070910556
300,300,"Source1_Only",0.621071716357776
300,300,"Source2_Only",0.769137792103143
300,300,"Weighted",0.790692989524577
100,500,"Target_Only",0.837209302325581
100,500,"Source1_Only",0.72938689217759
100,500,"Source2_Only",0.805496828752643
100,500,"Weighted",0.879492600422833
200,500,"Target_Only",0.755353319057816
200,500,"Source1_Only",0.7093147751606
200,500,"Source2_Only",0.797644539614561
200,500,"Weighted",0.835117773019272
300,500,"Target_Only",0.766843449224121
300,500,"Source1_Only",0.645649184835985
300,500,"Source2_Only",0.740129640542133
300,500,"Weighted",0.795325083480652
100,1000,"Target_Only",0.689300411522634
100,1000,"Source1_Only",0.744855967078189
100,1000,"Source2_Only",0.699588477366255
100,1000,"Weighted",0.761316872427984
200,1000,"Target_Only",0.767136150234742
200,1000,"Source1_Only",0.734741784037559
200,1000,"Source2_Only",0.804694835680751
200,1000,"Weighted",0.816431924882629
300,1000,"Target_Only",0.792514063176114
300,1000,"Source1_Only",0.649502379922112
300,1000,"Source2_Only",0.787321505841627
300,1000,"Weighted",0.823020337516227
100,100,"Target_Only",0.802973977695167
100,100,"Source1_Only",0.630111524163569
100,100,"Source2_Only",0.771375464684015
100,100,"Weighted",0.808550185873606
200,100,"Target_Only",0.71529216742644
200,100,"Source1_Only",0.737670949026109
200,100,"Source2_Only",0.748445917944467
200,100,"Weighted",0.789888106092002
300,100,"Target_Only",0.790160047421458
300,100,"Source1_Only",0.670025686623197
300,100,"Source2_Only",0.779095040505829
300,100,"Weighted",0.821971942303892
100,300,"Target_Only",0.733928571428571
100,300,"Source1_Only",0.671428571428571
100,300,"Source2_Only",0.791071428571429
100,300,"Weighted",0.803571428571429
200,300,"Target_Only",0.794168096054888
200,300,"Source1_Only",0.647941680960549
200,300,"Source2_Only",0.753430531732419
200,300,"Weighted",0.805746140651801
300,300,"Target_Only",0.796257359125315
300,300,"Source1_Only",0.682296047098402
300,300,"Source2_Only",0.788687973086627
300,300,"Weighted",0.823380992430614
100,500,"Target_Only",0.770758122743682
100,500,"Source1_Only",0.703971119133574
100,500,"Source2_Only",0.783393501805054
100,500,"Weighted",0.8014440433213
200,500,"Target_Only",0.767377201112141
200,500,"Source1_Only",0.645968489341983
200,500,"Source2_Only",0.765523632993512
200,500,"Weighted",0.804448563484708
300,500,"Target_Only",0.778270082835677
300,500,"Source1_Only",0.666152957041033
300,500,"Source2_Only",0.773068772876132
300,500,"Weighted",0.818532074744751
100,1000,"Target_Only",0.709163346613546
100,1000,"Source1_Only",0.659362549800797
100,1000,"Source2_Only",0.816733067729084
100,1000,"Weighted",0.800796812749004
200,1000,"Target_Only",0.692455735180908
200,1000,"Source1_Only",0.608929946112394
200,1000,"Source2_Only",0.798306389530408
200,1000,"Weighted",0.762894534257121
300,1000,"Target_Only",0.783129995793016
300,1000,"Source1_Only",0.739798064787547
300,1000,"Source2_Only",0.798275136726967
300,1000,"Weighted",0.824989482541018
100,100,"Target_Only",0.725
100,100,"Source1_Only",0.519642857142857
100,100,"Source2_Only",0.898214285714286
100,100,"Weighted",0.876785714285714
200,100,"Target_Only",0.767207610520425
200,100,"Source1_Only",0.650251818690543
200,100,"Source2_Only",0.749300503637381
200,100,"Weighted",0.827644096250699
300,100,"Target_Only",0.735133094204267
300,100,"Source1_Only",0.654332641117614
300,100,"Source2_Only",0.719652633566169
300,100,"Weighted",0.760241646214839
100,300,"Target_Only",0.651515151515151
100,300,"Source1_Only",0.560606060606061
100,300,"Source2_Only",0.640151515151515
100,300,"Weighted",0.6875
200,300,"Target_Only",0.72632058287796
200,300,"Source1_Only",0.614298724954463
200,300,"Source2_Only",0.663479052823315
200,300,"Weighted",0.719945355191257
300,300,"Target_Only",0.764600581785634
300,300,"Source1_Only",0.754978742447975
300,300,"Source2_Only",0.779816513761468
300,300,"Weighted",0.822779145222645
100,500,"Target_Only",0.65546218487395
100,500,"Source1_Only",0.644957983193277
100,500,"Source2_Only",0.781512605042017
100,500,"Weighted",0.754201680672269
200,500,"Target_Only",0.689108061749571
200,500,"Source1_Only",0.623927958833619
200,500,"Source2_Only",0.769296740994854
200,500,"Weighted",0.777444253859348
300,500,"Target_Only",0.774064733081127
300,500,"Source1_Only",0.763766288356452
300,500,"Source2_Only",0.769651113913409
300,500,"Weighted",0.811895754518705
100,1000,"Target_Only",0.681229773462783
100,1000,"Source1_Only",0.716828478964401
100,1000,"Source2_Only",0.711974110032362
100,1000,"Weighted",0.760517799352751
200,1000,"Target_Only",0.733390119250426
200,1000,"Source1_Only",0.701873935264055
200,1000,"Source2_Only",0.741482112436116
200,1000,"Weighted",0.790034071550256
300,1000,"Target_Only",0.781465517241379
300,1000,"Source1_Only",0.75301724137931
300,1000,"Source2_Only",0.784698275862069
300,1000,"Weighted",0.820258620689655
100,100,"Target_Only",0.609615384615385
100,100,"Source1_Only",0.607692307692308
100,100,"Source2_Only",0.7
100,100,"Weighted",0.721153846153846
200,100,"Target_Only",0.807276302851524
200,100,"Source1_Only",0.669616519174041
200,100,"Source2_Only",0.776794493608653
200,100,"Weighted",0.827925270403147
300,100,"Target_Only",0.743208038704875
300,100,"Source1_Only",0.713435057685151
300,100,"Source2_Only",0.783959806475623
300,100,"Weighted",0.784145887606997
100,300,"Target_Only",0.795158286778399
100,300,"Source1_Only",0.664804469273743
100,300,"Source2_Only",0.797020484171322
100,300,"Weighted",0.867783985102421
200,300,"Target_Only",0.740051679586563
200,300,"Source1_Only",0.62015503875969
200,300,"Source2_Only",0.724547803617571
200,300,"Weighted",0.796382428940569
300,300,"Target_Only",0.829232693911593
300,300,"Source1_Only",0.670558798999166
300,300,"Source2_Only",0.796497080900751
300,300,"Weighted",0.853211009174312
100,500,"Target_Only",0.671664167916042
100,500,"Source1_Only",0.60119940029985
100,500,"Source2_Only",0.784107946026987
100,500,"Weighted",0.782608695652174
200,500,"Target_Only",0.698088618592528
200,500,"Source1_Only",0.741529105125977
200,500,"Source2_Only",0.789748045178106
200,500,"Weighted",0.785403996524761
300,500,"Target_Only",0.772984441301273
300,500,"Source1_Only",0.677982083922678
300,500,"Source2_Only",0.787364450730787
300,500,"Weighted",0.825082508250825
100,1000,"Target_Only",0.484171322160149
100,1000,"Source1_Only",0.592178770949721
100,1000,"Source2_Only",0.770949720670391
100,1000,"Weighted",0.709497206703911
200,1000,"Target_Only",0.726843910806175
200,1000,"Source1_Only",0.701114922813036
200,1000,"Source2_Only",0.789022298456261
200,1000,"Weighted",0.815180102915952
300,1000,"Target_Only",0.783119882427042
300,1000,"Source1_Only",0.699139197984464
300,1000,"Source2_Only",0.797606550493386
300,1000,"Weighted",0.82574007978165
100,100,"Target_Only",0.651658767772512
100,100,"Source1_Only",0.523696682464455
100,100,"Source2_Only",0.682464454976303
100,100,"Weighted",0.649289099526066
200,100,"Target_Only",0.786788154897494
200,100,"Source1_Only",0.659225512528474
200,100,"Source2_Only",0.804555808656036
200,100,"Weighted",0.833257403189066
300,100,"Target_Only",0.788290199406025
300,100,"Source1_Only",0.704921510394569
300,100,"Source2_Only",0.717437420449724
300,100,"Weighted",0.800381841323717
100,300,"Target_Only",0.703508771929825
100,300,"Source1_Only",0.649122807017544
100,300,"Source2_Only",0.717543859649123
100,300,"Weighted",0.812280701754386
200,300,"Target_Only",0.775915306572563
200,300,"Source1_Only",0.702690780767534
200,300,"Source2_Only",0.719894133215704
200,300,"Weighted",0.779444199382444
300,300,"Target_Only",0.764525407478428
300,300,"Source1_Only",0.691658676893576
300,300,"Source2_Only",0.756088207094919
300,300,"Weighted",0.801917545541707
100,500,"Target_Only",0.740402193784278
100,500,"Source1_Only",0.606946983546618
100,500,"Source2_Only",0.804387568555759
100,500,"Weighted",0.873857404021938
200,500,"Target_Only",0.76481909160893
200,500,"Source1_Only",0.624326404926867
200,500,"Source2_Only",0.747498075442648
200,500,"Weighted",0.79869130100077
300,500,"Target_Only",0.822282836760386
300,500,"Source1_Only",0.680234997901804
300,500,"Source2_Only",0.788292068820814
300,500,"Weighted",0.829836340746958
100,1000,"Target_Only",0.722595078299776
100,1000,"Source1_Only",0.675615212527964
100,1000,"Source2_Only",0.756152125279642
100,1000,"Weighted",0.805369127516778
200,1000,"Target_Only",0.786901270772238
200,1000,"Source1_Only",0.712121212121212
200,1000,"Source2_Only",0.849462365591398
200,1000,"Weighted",0.844086021505376
300,1000,"Target_Only",0.712268476068219
300,1000,"Source1_Only",0.627361085640932
300,1000,"Source2_Only",0.716302952503209
300,1000,"Weighted",0.739592884650651
100,100,"Target_Only",0.74573055028463
100,100,"Source1_Only",0.648956356736243
100,100,"Source2_Only",0.755218216318785
100,100,"Weighted",0.789373814041746
200,100,"Target_Only",0.793900184842883
200,100,"Source1_Only",0.598428835489834
200,100,"Source2_Only",0.719500924214418
200,100,"Weighted",0.774953789279113
300,100,"Target_Only",0.783687943262411
300,100,"Source1_Only",0.611806424697539
300,100,"Source2_Only",0.707968293700459
300,100,"Weighted",0.789528577388402
100,300,"Target_Only",0.824324324324324
100,300,"Source1_Only",0.733590733590734
100,300,"Source2_Only",0.814671814671815
100,300,"Weighted",0.861003861003861
200,300,"Target_Only",0.799900199600798
200,300,"Source1_Only",0.75748502994012
200,300,"Source2_Only",0.652694610778443
200,300,"Weighted",0.786427145708583
300,300,"Target_Only",0.740138656466651
300,300,"Source1_Only",0.666985417164714
300,300,"Source2_Only",0.779344967726512
300,300,"Weighted",0.790341859909156
100,500,"Target_Only",0.608286252354049
100,500,"Source1_Only",0.666666666666667
100,500,"Source2_Only",0.826741996233522
100,500,"Weighted",0.809792843691149
200,500,"Target_Only",0.778100775193798
200,500,"Source1_Only",0.667151162790698
200,500,"Source2_Only",0.787790697674419
200,500,"Weighted",0.821705426356589
300,500,"Target_Only",0.7762
300,500,"Source1_Only",0.7154
300,500,"Source2_Only",0.758
300,500,"Weighted",0.8368
100,1000,"Target_Only",0.830357142857143
100,1000,"Source1_Only",0.632142857142857
100,1000,"Source2_Only",0.882142857142857
100,1000,"Weighted",0.864285714285714
200,1000,"Target_Only",0.753173483779972
200,1000,"Source1_Only",0.622472966619652
200,1000,"Source2_Only",0.735307945463094
200,1000,"Weighted",0.778091208274565
300,1000,"Target_Only",0.760703205791107
300,1000,"Source1_Only",0.708376421923475
300,1000,"Source2_Only",0.830403309203723
300,1000,"Weighted",0.834746639089969
100,100,"Target_Only",0.661682242990654
100,100,"Source1_Only",0.685981308411215
100,100,"Source2_Only",0.676635514018692
100,100,"Weighted",0.730841121495327
200,100,"Target_Only",0.798105682951147
200,100,"Source1_Only",0.752741774675972
200,100,"Source2_Only",0.747258225324028
200,100,"Weighted",0.823529411764706
300,100,"Target_Only",0.761144219308701
300,100,"Source1_Only",0.598092967818832
300,100,"Source2_Only",0.720143027413588
300,100,"Weighted",0.785220500595948
100,300,"Target_Only",0.798214285714286
100,300,"Source1_Only",0.685714285714286
100,300,"Source2_Only",0.735714285714286
100,300,"Weighted",0.833928571428571
200,300,"Target_Only",0.64773735581189
200,300,"Source1_Only",0.691215616681455
200,300,"Source2_Only",0.736468500443656
200,300,"Weighted",0.739130434782609
300,300,"Target_Only",0.774348279457769
300,300,"Source1_Only",0.717205422314911
300,300,"Source2_Only",0.786652763295099
300,300,"Weighted",0.81689259645464
100,500,"Target_Only",0.774757281553398
100,500,"Source1_Only",0.728155339805825
100,500,"Source2_Only",0.840776699029126
100,500,"Weighted",0.83495145631068
200,500,"Target_Only",0.755044390637611
200,500,"Source1_Only",0.674737691686844
200,500,"Source2_Only",0.722760290556901
200,500,"Weighted",0.796610169491525
300,500,"Target_Only",0.799478549419294
300,500,"Source1_Only",0.697321640199099
300,500,"Source2_Only",0.775539227305049
300,500,"Weighted",0.818677411708936
100,1000,"Target_Only",0.733201581027668
100,1000,"Source1_Only",0.600790513833992
100,1000,"Source2_Only",0.782608695652174
100,1000,"Weighted",0.802371541501976
200,1000,"Target_Only",0.757916241062308
200,1000,"Source1_Only",0.765066394279877
200,1000,"Source2_Only",0.794688457609806
200,1000,"Weighted",0.827374872318693
300,1000,"Target_Only",0.74099194573972
300,1000,"Source1_Only",0.709834675710047
300,1000,"Source2_Only",0.766002543450615
300,1000,"Weighted",0.792708774904621
100,100,"Target_Only",0.706576728499157
100,100,"Source1_Only",0.615514333895447
100,100,"Source2_Only",0.806070826306914
100,100,"Weighted",0.843170320404722
200,100,"Target_Only",0.754609306409131
200,100,"Source1_Only",0.64486391571554
200,100,"Source2_Only",0.737489025460931
200,100,"Weighted",0.784899034240562
300,100,"Target_Only",0.723743267504488
300,100,"Source1_Only",0.63173249551167
300,100,"Source2_Only",0.694569120287253
300,100,"Weighted",0.733617594254937
100,300,"Target_Only",0.650826446280992
100,300,"Source1_Only",0.650826446280992
100,300,"Source2_Only",0.838842975206612
100,300,"Weighted",0.807851239669422
200,300,"Target_Only",0.770448548812665
200,300,"Source1_Only",0.779419525065963
200,300,"Source2_Only",0.794722955145119
200,300,"Weighted",0.8311345646438
300,300,"Target_Only",0.761007620660457
300,300,"Source1_Only",0.669983065198984
300,300,"Source2_Only",0.757197290431837
300,300,"Weighted",0.79614733276884
100,500,"Target_Only",0.651428571428571
100,500,"Source1_Only",0.659047619047619
100,500,"Source2_Only",0.788571428571429
100,500,"Weighted",0.765714285714286
200,500,"Target_Only",0.760263558033452
200,500,"Source1_Only",0.734921439432337
200,500,"Source2_Only",0.780537252914344
200,500,"Weighted",0.810947795235682
300,500,"Target_Only",0.812223562525131
300,500,"Source1_Only",0.772617611580217
300,500,"Source2_Only",0.788902291917973
300,500,"Weighted",0.856252513067953
100,1000,"Target_Only",0.696540880503145
100,1000,"Source1_Only",0.721698113207547
100,1000,"Source2_Only",0.729559748427673
100,1000,"Weighted",0.795597484276729
200,1000,"Target_Only",0.692307692307692
200,1000,"Source1_Only",0.658267020335986
200,1000,"Source2_Only",0.770999115826702
200,1000,"Weighted",0.781167108753316
300,1000,"Target_Only",0.791913632514818
300,1000,"Source1_Only",0.72502116850127
300,1000,"Source2_Only",0.786198137171888
300,1000,"Weighted",0.843564775613887
100,100,"Target_Only",0.752598752598753
100,100,"Source1_Only",0.588357588357588
100,100,"Source2_Only",0.758835758835759
100,100,"Weighted",0.8004158004158
200,100,"Target_Only",0.787449392712551
200,100,"Source1_Only",0.740485829959514
200,100,"Source2_Only",0.775708502024292
200,100,"Weighted",0.824291497975709
300,100,"Target_Only",0.813287281592848
300,100,"Source1_Only",0.648720032507111
300,100,"Source2_Only",0.68630637952052
300,100,"Weighted",0.811255587159691
100,300,"Target_Only",0.724436741767764
100,300,"Source1_Only",0.750433275563258
100,300,"Source2_Only",0.833622183708839
100,300,"Weighted",0.835355285961872
200,300,"Target_Only",0.835561497326203
200,300,"Source1_Only",0.679144385026738
200,300,"Source2_Only",0.771390374331551
200,300,"Weighted",0.857843137254902
300,300,"Target_Only",0.794600431965443
300,300,"Source1_Only",0.641252699784017
300,300,"Source2_Only",0.773434125269978
300,300,"Weighted",0.79524838012959
100,500,"Target_Only",0.800865800865801
100,500,"Source1_Only",0.722943722943723
100,500,"Source2_Only",0.811688311688312
100,500,"Weighted",0.848484848484849
200,500,"Target_Only",0.784
200,500,"Source1_Only",0.695529411764706
200,500,"Source2_Only",0.820705882352941
200,500,"Weighted",0.842352941176471
300,500,"Target_Only",0.721710526315789
300,500,"Source1_Only",0.593201754385965
300,500,"Source2_Only",0.743201754385965
300,500,"Weighted",0.757456140350877
100,1000,"Target_Only",0.644444444444444
100,1000,"Source1_Only",0.811965811965812
100,1000,"Source2_Only",0.748717948717949
100,1000,"Weighted",0.776068376068376
200,1000,"Target_Only",0.767754318618042
200,1000,"Source1_Only",0.737523992322457
200,1000,"Source2_Only",0.806621880998081
200,1000,"Weighted",0.858925143953935
300,1000,"Target_Only",0.752871287128713
300,1000,"Source1_Only",0.733465346534653
300,1000,"Source2_Only",0.773663366336634
300,1000,"Weighted",0.819009900990099
100,100,"Target_Only",0.702233250620347
100,100,"Source1_Only",0.640198511166253
100,100,"Source2_Only",0.73697270471464
100,100,"Weighted",0.754342431761787
200,100,"Target_Only",0.708479678876066
200,100,"Source1_Only",0.663823381836428
200,100,"Source2_Only",0.695935775213246
200,100,"Weighted",0.752634219769192
300,100,"Target_Only",0.765838628923551
300,100,"Source1_Only",0.673021374927787
300,100,"Source2_Only",0.765068361255536
300,100,"Weighted",0.793953398806085
100,300,"Target_Only",0.744610281923715
100,300,"Source1_Only",0.592039800995025
100,300,"Source2_Only",0.865671641791045
100,300,"Weighted",0.895522388059701
200,300,"Target_Only",0.758247701460249
200,300,"Source1_Only",0.663061114115738
200,300,"Source2_Only",0.657652785289346
200,300,"Weighted",0.776095186587344
300,300,"Target_Only",0.769445039640026
300,300,"Source1_Only",0.672809085065353
300,300,"Source2_Only",0.728305121062781
300,300,"Weighted",0.807799442896936
100,500,"Target_Only",0.63752276867031
100,500,"Source1_Only",0.659380692167577
100,500,"Source2_Only",0.872495446265938
100,500,"Weighted",0.823315118397086
200,500,"Target_Only",0.742550073277968
200,500,"Source1_Only",0.751343429408891
200,500,"Source2_Only",0.72838299951148
200,500,"Weighted",0.788959452857841
300,500,"Target_Only",0.819311875693674
300,500,"Source1_Only",0.670366259711432
300,500,"Source2_Only",0.798446170921199
300,500,"Weighted",0.833962264150943
100,1000,"Target_Only",0.648062015503876
100,1000,"Source1_Only",0.634108527131783
100,1000,"Source2_Only",0.818604651162791
100,1000,"Weighted",0.755038759689922
200,1000,"Target_Only",0.765967153284671
200,1000,"Source1_Only",0.66286496350365
200,1000,"Source2_Only",0.773266423357664
200,1000,"Weighted",0.826186131386861
300,1000,"Target_Only",0.782217782217782
300,1000,"Source1_Only",0.715484515484516
300,1000,"Source2_Only",0.808391608391608
300,1000,"Weighted",0.827572427572428
100,100,"Target_Only",0.764912280701754
100,100,"Source1_Only",0.66140350877193
100,100,"Source2_Only",0.791228070175439
100,100,"Weighted",0.810526315789474
200,100,"Target_Only",0.763523216850168
200,100,"Source1_Only",0.617520344662518
200,100,"Source2_Only",0.706558161799904
200,100,"Weighted",0.768310196266156
300,100,"Target_Only",0.792213114754098
300,100,"Source1_Only",0.637090163934426
300,100,"Source2_Only",0.649795081967213
300,100,"Weighted",0.792622950819672
100,300,"Target_Only",0.767857142857143
100,300,"Source1_Only",0.708928571428571
100,300,"Source2_Only",0.771428571428571
100,300,"Weighted",0.819642857142857
200,300,"Target_Only",0.65609756097561
200,300,"Source1_Only",0.565365853658537
200,300,"Source2_Only",0.692682926829268
200,300,"Weighted",0.74780487804878
300,300,"Target_Only",0.747027869810953
300,300,"Source1_Only",0.65542779185344
300,300,"Source2_Only",0.799064509842136
300,300,"Weighted",0.805496004677451
100,500,"Target_Only",0.714539007092199
100,500,"Source1_Only",0.684397163120567
100,500,"Source2_Only",0.824468085106383
100,500,"Weighted",0.819148936170213
200,500,"Target_Only",0.718351741716228
200,500,"Source1_Only",0.645284621920136
200,500,"Source2_Only",0.796516567544605
200,500,"Weighted",0.780373831775701
300,500,"Target_Only",0.788751987281399
300,500,"Source1_Only",0.706081081081081
300,500,"Source2_Only",0.819157392686804
300,500,"Weighted",0.83147853736089
100,1000,"Target_Only",0.705741626794258
100,1000,"Source1_Only",0.76555023923445
100,1000,"Source2_Only",0.794258373205742
100,1000,"Weighted",0.791866028708134
200,1000,"Target_Only",0.799899949974987
200,1000,"Source1_Only",0.743371685842921
200,1000,"Source2_Only",0.845422711355678
200,1000,"Weighted",0.855927963981991
300,1000,"Target_Only",0.753947930004268
300,1000,"Source1_Only",0.639351259069569
300,1000,"Source2_Only",0.846350832266325
300,1000,"Weighted",0.823943661971831
100,100,"Target_Only",0.670947030497592
100,100,"Source1_Only",0.675762439807384
100,100,"Source2_Only",0.626003210272873
100,100,"Weighted",0.683788121990369
200,100,"Target_Only",0.762072434607646
200,100,"Source1_Only",0.631790744466801
200,100,"Source2_Only",0.622233400402414
200,100,"Weighted",0.76056338028169
300,100,"Target_Only",0.739309746038637
300,100,"Source1_Only",0.6309963099631
300,100,"Source2_Only",0.703277621011504
300,100,"Weighted",0.764705882352941
100,300,"Target_Only",0.690702087286527
100,300,"Source1_Only",0.685009487666034
100,300,"Source2_Only",0.736242884250474
100,300,"Weighted",0.76280834914611
200,300,"Target_Only",0.810359589041096
200,300,"Source1_Only",0.666952054794521
200,300,"Source2_Only",0.778253424657534
200,300,"Weighted",0.836472602739726
300,300,"Target_Only",0.758727353071144
300,300,"Source1_Only",0.625055236411843
300,300,"Source2_Only",0.765134776844896
300,300,"Weighted",0.791869200176756
100,500,"Target_Only",0.702346041055719
100,500,"Source1_Only",0.604105571847507
100,500,"Source2_Only",0.763929618768328
100,500,"Weighted",0.782991202346041
200,500,"Target_Only",0.65009842519685
200,500,"Source1_Only",0.59990157480315
200,500,"Source2_Only",0.730807086614173
200,500,"Weighted",0.721948818897638
300,500,"Target_Only",0.772099186068522
300,500,"Source1_Only",0.691652470187394
300,500,"Source2_Only",0.795759984857089
300,500,"Weighted",0.822070793109975
100,1000,"Target_Only",0.675799086757991
100,1000,"Source1_Only",0.662100456621005
100,1000,"Source2_Only",0.778538812785388
100,1000,"Weighted",0.769406392694064
200,1000,"Target_Only",0.710171853228054
200,1000,"Source1_Only",0.58104969809568
200,1000,"Source2_Only",0.851370181142592
200,1000,"Weighted",0.810961449140734
300,1000,"Target_Only",0.751567567567567
300,1000,"Source1_Only",0.784648648648649
300,1000,"Source2_Only",0.744
300,1000,"Weighted",0.801513513513514
100,100,"Target_Only",0.701657458563536
100,100,"Source1_Only",0.662983425414365
100,100,"Source2_Only",0.718232044198895
100,100,"Weighted",0.79926335174954
200,100,"Target_Only",0.789780367548185
200,100,"Source1_Only",0.699238009861049
200,100,"Source2_Only",0.698789780367548
200,100,"Weighted",0.78664276109368
300,100,"Target_Only",0.758241758241758
300,100,"Source1_Only",0.576312576312576
300,100,"Source2_Only",0.734635734635735
300,100,"Weighted",0.766992266992267
100,300,"Target_Only",0.651898734177215
100,300,"Source1_Only",0.582278481012658
100,300,"Source2_Only",0.871308016877637
100,300,"Weighted",0.845991561181435
200,300,"Target_Only",0.783393501805054
200,300,"Source1_Only",0.740072202166065
200,300,"Source2_Only",0.71028880866426
200,300,"Weighted",0.800090252707581
300,300,"Target_Only",0.769106348564497
300,300,"Source1_Only",0.611605337646583
300,300,"Source2_Only",0.702790133441165
300,300,"Weighted",0.773554387383744
100,500,"Target_Only",0.644017725258493
100,500,"Source1_Only",0.607090103397341
100,500,"Source2_Only",0.723781388478582
100,500,"Weighted",0.769571639586411
200,500,"Target_Only",0.698198198198198
200,500,"Source1_Only",0.703521703521704
200,500,"Source2_Only",0.754709254709255
200,500,"Weighted",0.776822276822277
300,500,"Target_Only",0.739349775784753
300,500,"Source1_Only",0.707399103139013
300,500,"Source2_Only",0.807361733931241
300,500,"Weighted",0.82473841554559
100,1000,"Target_Only",0.719928186714542
100,1000,"Source1_Only",0.691202872531418
100,1000,"Source2_Only",0.687612208258528
100,1000,"Weighted",0.795332136445242
200,1000,"Target_Only",0.748500230733733
200,1000,"Source1_Only",0.693585602215044
200,1000,"Source2_Only",0.790493770189202
200,1000,"Weighted",0.814490078449469
300,1000,"Target_Only",0.821936758893281
300,1000,"Source1_Only",0.744466403162055
300,1000,"Source2_Only",0.794071146245059
300,1000,"Weighted",0.851581027667984
100,100,"Target_Only",0.742105263157895
100,100,"Source1_Only",0.710526315789474
100,100,"Source2_Only",0.791228070175439
100,100,"Weighted",0.815789473684211
200,100,"Target_Only",0.77449774497745
200,100,"Source1_Only",0.611726117261173
200,100,"Source2_Only",0.74989749897499
200,100,"Weighted",0.805658056580566
300,100,"Target_Only",0.766809172172561
300,100,"Source1_Only",0.716867469879518
300,100,"Source2_Only",0.757287213369607
300,100,"Weighted",0.793043140303148
100,300,"Target_Only",0.789156626506024
100,300,"Source1_Only",0.6285140562249
100,300,"Source2_Only",0.779116465863454
100,300,"Weighted",0.823293172690763
200,300,"Target_Only",0.692963752665245
200,300,"Source1_Only",0.620042643923241
200,300,"Source2_Only",0.671215351812367
200,300,"Weighted",0.752665245202559
300,300,"Target_Only",0.774925117672229
300,300,"Source1_Only",0.721009841677364
300,300,"Source2_Only",0.761232349165597
300,300,"Weighted",0.828626444159178
100,500,"Target_Only",0.645021645021645
100,500,"Source1_Only",0.640692640692641
100,500,"Source2_Only",0.714285714285714
100,500,"Weighted",0.686147186147186
200,500,"Target_Only",0.814180929095355
200,500,"Source1_Only",0.732029339853301
200,500,"Source2_Only",0.874327628361858
200,500,"Weighted",0.876772616136919
300,500,"Target_Only",0.80880700966075
300,500,"Source1_Only",0.64412491574927
300,500,"Source2_Only",0.785216805212312
300,500,"Weighted",0.824309144012581
100,1000,"Target_Only",0.575700934579439
100,1000,"Source1_Only",0.562616822429907
100,1000,"Source2_Only",0.71588785046729
100,1000,"Weighted",0.695327102803738
200,1000,"Target_Only",0.73943661971831
200,1000,"Source1_Only",0.703286384976526
200,1000,"Source2_Only",0.769953051643192
200,1000,"Weighted",0.806103286384977
300,1000,"Target_Only",0.757175780431594
300,1000,"Source1_Only",0.772679656400587
300,1000,"Source2_Only",0.763461135554159
300,1000,"Weighted",0.808506180599204
100,100,"Target_Only",0.824299065420561
100,100,"Source1_Only",0.609345794392523
100,100,"Source2_Only",0.760747663551402
100,100,"Weighted",0.829906542056075
200,100,"Target_Only",0.784587652095539
200,100,"Source1_Only",0.60793150067598
200,100,"Source2_Only",0.707075259125732
200,100,"Weighted",0.778278503830554
300,100,"Target_Only",0.669147109330281
300,100,"Source1_Only",0.61763022323984
300,100,"Source2_Only",0.736500667811486
300,100,"Weighted",0.727342110284297
100,300,"Target_Only",0.731764705882353
100,300,"Source1_Only",0.647058823529412
100,300,"Source2_Only",0.767058823529412
100,300,"Weighted",0.835294117647059
200,300,"Target_Only",0.695524884985362
200,300,"Source1_Only",0.6478460895023
200,300,"Source2_Only",0.753659556670849
200,300,"Weighted",0.751150146382267
300,300,"Target_Only",0.781076066790352
300,300,"Source1_Only",0.596011131725417
300,300,"Source2_Only",0.806122448979592
300,300,"Weighted",0.815166975881262
100,500,"Target_Only",0.730508474576271
100,500,"Source1_Only",0.71864406779661
100,500,"Source2_Only",0.754237288135593
100,500,"Weighted",0.81864406779661
200,500,"Target_Only",0.795404330534689
200,500,"Source1_Only",0.683605832965091
200,500,"Source2_Only",0.824569155987627
200,500,"Weighted",0.836058329650906
300,500,"Target_Only",0.836725360164647
300,500,"Source1_Only",0.726274868511319
300,500,"Source2_Only",0.785501943745712
300,500,"Weighted",0.850445918134004
100,1000,"Target_Only",0.71685393258427
100,1000,"Source1_Only",0.723595505617977
100,1000,"Source2_Only",0.710112359550562
100,1000,"Weighted",0.757303370786517
200,1000,"Target_Only",0.711923847695391
200,1000,"Source1_Only",0.726452905811623
200,1000,"Source2_Only",0.771543086172345
200,1000,"Weighted",0.79809619238477
300,1000,"Target_Only",0.774222827320172
300,1000,"Source1_Only",0.704107102337191
300,1000,"Source2_Only",0.791241207170411
300,1000,"Weighted",0.819378261856138
100,100,"Target_Only",0.795246800731261
100,100,"Source1_Only",0.614259597806216
100,100,"Source2_Only",0.79890310786106
100,100,"Weighted",0.840950639853748
200,100,"Target_Only",0.782767624020888
200,100,"Source1_Only",0.61201044386423
200,100,"Source2_Only",0.763968668407311
200,100,"Weighted",0.791644908616188
300,100,"Target_Only",0.821883482981833
300,100,"Source1_Only",0.751931509709752
300,100,"Source2_Only",0.775527249947797
300,100,"Weighted",0.836500313217791
100,300,"Target_Only",0.599033816425121
100,300,"Source1_Only",0.600644122383253
100,300,"Source2_Only",0.740740740740741
100,300,"Weighted",0.745571658615137
200,300,"Target_Only",0.676698194325021
200,300,"Source1_Only",0.636715391229579
200,300,"Source2_Only",0.719260533104041
200,300,"Weighted",0.733877901977644
300,300,"Target_Only",0.780637254901961
300,300,"Source1_Only",0.720179738562091
300,300,"Source2_Only",0.786356209150327
300,300,"Weighted",0.838848039215686
100,500,"Target_Only",0.662679425837321
100,500,"Source1_Only",0.62200956937799
100,500,"Source2_Only",0.825358851674641
100,500,"Weighted",0.830143540669857
200,500,"Target_Only",0.78141055581504
200,500,"Source1_Only",0.644558617468473
200,500,"Source2_Only",0.794955628211116
200,500,"Weighted",0.836992059785147
300,500,"Target_Only",0.723363774733638
300,500,"Source1_Only",0.742960426179604
300,500,"Source2_Only",0.727549467275495
300,500,"Weighted",0.785388127853881
100,1000,"Target_Only",0.791397849462366
100,1000,"Source1_Only",0.737634408602151
100,1000,"Source2_Only",0.76989247311828
100,1000,"Weighted",0.853763440860215
200,1000,"Target_Only",0.697475570032573
200,1000,"Source1_Only",0.696254071661238
200,1000,"Source2_Only",0.775651465798046
200,1000,"Weighted",0.781758957654723
300,1000,"Target_Only",0.793763440860215
300,1000,"Source1_Only",0.750322580645161
300,1000,"Source2_Only",0.788387096774193
300,1000,"Weighted",0.844086021505376
100,100,"Target_Only",0.606741573033708
100,100,"Source1_Only",0.548689138576779
100,100,"Source2_Only",0.676029962546816
100,100,"Weighted",0.657303370786517
200,100,"Target_Only",0.742783283067643
200,100,"Source1_Only",0.660060318828091
200,100,"Source2_Only",0.696682464454976
200,100,"Weighted",0.785437311503662
300,100,"Target_Only",0.732482826300294
300,100,"Source1_Only",0.610009813542689
300,100,"Source2_Only",0.673994111874387
300,100,"Weighted",0.751717369970559
100,300,"Target_Only",0.773469387755102
100,300,"Source1_Only",0.730612244897959
100,300,"Source2_Only",0.755102040816326
100,300,"Weighted",0.810204081632653
200,300,"Target_Only",0.81126624939817
200,300,"Source1_Only",0.727973038035628
200,300,"Source2_Only",0.781896966779008
200,300,"Weighted",0.846894559460761
300,300,"Target_Only",0.814449917898194
300,300,"Source1_Only",0.732348111658456
300,300,"Source2_Only",0.766625615763547
300,300,"Weighted",0.827791461412151
100,500,"Target_Only",0.650095602294455
100,500,"Source1_Only",0.630975143403442
100,500,"Source2_Only",0.711281070745698
100,500,"Weighted",0.724665391969407
200,500,"Target_Only",0.773339317773788
200,500,"Source1_Only",0.704219030520646
200,500,"Source2_Only",0.760771992818671
200,500,"Weighted",0.811041292639138
300,500,"Target_Only",0.801124531445231
300,500,"Source1_Only",0.675343606830487
300,500,"Source2_Only",0.826114119117035
300,500,"Weighted",0.846522282382341
100,1000,"Target_Only",0.632093933463796
100,1000,"Source1_Only",0.716242661448141
100,1000,"Source2_Only",0.747553816046967
100,1000,"Weighted",0.806262230919765
200,1000,"Target_Only",0.761542122798667
200,1000,"Source1_Only",0.746311280342694
200,1000,"Source2_Only",0.804854831032842
200,1000,"Weighted",0.826273203236554
300,1000,"Target_Only",0.763226714946691
300,1000,"Source1_Only",0.685576342788171
300,1000,"Source2_Only",0.851941259303963
300,1000,"Weighted",0.851337759002213
100,100,"Target_Only",0.807407407407407
100,100,"Source1_Only",0.674074074074074
100,100,"Source2_Only",0.735185185185185
100,100,"Weighted",0.787037037037037
200,100,"Target_Only",0.728737690241719
200,100,"Source1_Only",0.724261414503133
200,100,"Source2_Only",0.715308863025962
200,100,"Weighted",0.780662488809311
300,100,"Target_Only",0.763900769888794
300,100,"Source1_Only",0.678999144568007
300,100,"Source2_Only",0.652908468776732
300,100,"Weighted",0.770102651839179
100,300,"Target_Only",0.741452991452991
100,300,"Source1_Only",0.696581196581197
100,300,"Source2_Only",0.673076923076923
100,300,"Weighted",0.769230769230769
200,300,"Target_Only",0.815100154083205
200,300,"Source1_Only",0.672316384180791
200,300,"Source2_Only",0.807909604519774
200,300,"Weighted",0.847457627118644
300,300,"Target_Only",0.738988266974418
300,300,"Source1_Only",0.675322177341797
300,300,"Source2_Only",0.739949990382766
300,300,"Weighted",0.797268705520292
100,500,"Target_Only",0.674911660777385
100,500,"Source1_Only",0.662544169611307
100,500,"Source2_Only",0.784452296819788
100,500,"Weighted",0.807420494699647
200,500,"Target_Only",0.732755059892606
200,500,"Source1_Only",0.646840148698885
200,500,"Source2_Only",0.755059892606361
200,500,"Weighted",0.800082610491532
300,500,"Target_Only",0.671582051822204
300,500,"Source1_Only",0.610701495681483
300,500,"Source2_Only",0.765536128080893
300,500,"Weighted",0.757531072256162
100,1000,"Target_Only",0.7280163599182
100,1000,"Source1_Only",0.713701431492842
100,1000,"Source2_Only",0.805725971370143
100,1000,"Weighted",0.803680981595092
200,1000,"Target_Only",0.75936289281102
200,1000,"Source1_Only",0.761084804132587
200,1000,"Source2_Only",0.783469651312957
200,1000,"Weighted",0.825226000860956
300,1000,"Target_Only",0.786339421613394
300,1000,"Source1_Only",0.704528158295282
300,1000,"Source2_Only",0.805745814307458
300,1000,"Weighted",0.835806697108067
100,100,"Target_Only",0.678688524590164
100,100,"Source1_Only",0.577049180327869
100,100,"Source2_Only",0.686885245901639
100,100,"Weighted",0.734426229508197
200,100,"Target_Only",0.696039163328883
200,100,"Source1_Only",0.654650645304851
200,100,"Source2_Only",0.694704049844237
200,100,"Weighted",0.734757454383623
300,100,"Target_Only",0.76239837398374
300,100,"Source1_Only",0.616260162601626
300,100,"Source2_Only",0.697357723577236
300,100,"Weighted",0.792682926829268
100,300,"Target_Only",0.698245614035088
100,300,"Source1_Only",0.673684210526316
100,300,"Source2_Only",0.742105263157895
100,300,"Weighted",0.780701754385965
200,300,"Target_Only",0.715955056179775
200,300,"Source1_Only",0.607640449438202
200,300,"Source2_Only",0.753258426966292
200,300,"Weighted",0.75685393258427
300,300,"Target_Only",0.788286505738029
300,300,"Source1_Only",0.670755836960823
300,300,"Source2_Only",0.734665611396913
300,300,"Weighted",0.818559556786704
100,500,"Target_Only",0.781052631578947
100,500,"Source1_Only",0.625263157894737
100,500,"Source2_Only",0.861052631578947
100,500,"Weighted",0.852631578947368
200,500,"Target_Only",0.78926528816542
200,500,"Source1_Only",0.73383194016718
200,500,"Source2_Only",0.753629564452266
200,500,"Weighted",0.833260008798944
300,500,"Target_Only",0.742560689115114
300,500,"Source1_Only",0.65407204385278
300,500,"Source2_Only",0.764878621769773
300,500,"Weighted",0.786217697729052
100,1000,"Target_Only",0.664646464646465
100,1000,"Source1_Only",0.739393939393939
100,1000,"Source2_Only",0.78989898989899
100,1000,"Weighted",0.814141414141414
200,1000,"Target_Only",0.719095213045765
200,1000,"Source1_Only",0.644923724355602
200,1000,"Source2_Only",0.77695949500263
200,1000,"Weighted",0.778537611783272
300,1000,"Target_Only",0.775254668930391
300,1000,"Source1_Only",0.691426146010187
300,1000,"Source2_Only",0.780135823429542
300,1000,"Weighted",0.808149405772496
100,100,"Target_Only",0.759519038076152
100,100,"Source1_Only",0.615230460921844
100,100,"Source2_Only",0.785571142284569
100,100,"Weighted",0.797595190380762
200,100,"Target_Only",0.785714285714286
200,100,"Source1_Only",0.645021645021645
200,100,"Source2_Only",0.695670995670996
200,100,"Weighted",0.813419913419913
300,100,"Target_Only",0.733281793583301
300,100,"Source1_Only",0.523772709702358
300,100,"Source2_Only",0.688442211055276
300,100,"Weighted",0.73057595670661
100,300,"Target_Only",0.783088235294118
100,300,"Source1_Only",0.654411764705882
100,300,"Source2_Only",0.806985294117647
100,300,"Weighted",0.825367647058824
200,300,"Target_Only",0.794871794871795
200,300,"Source1_Only",0.718369062631358
200,300,"Source2_Only",0.789407313997478
200,300,"Weighted",0.828079024800336
300,300,"Target_Only",0.750590255419618
300,300,"Source1_Only",0.636402661515347
300,300,"Source2_Only",0.772912642197897
300,300,"Weighted",0.80725477570294
100,500,"Target_Only",0.756410256410256
100,500,"Source1_Only",0.758547008547009
100,500,"Source2_Only",0.852564102564103
100,500,"Weighted",0.878205128205128
200,500,"Target_Only",0.753091684434968
200,500,"Source1_Only",0.706183368869936
200,500,"Source2_Only",0.782942430703625
200,500,"Weighted",0.845628997867804
300,500,"Target_Only",0.742559241706161
300,500,"Source1_Only",0.697061611374408
300,500,"Source2_Only",0.741611374407583
300,500,"Weighted",0.784454976303318
100,1000,"Target_Only",0.627522935779817
100,1000,"Source1_Only",0.678899082568807
100,1000,"Source2_Only",0.730275229357798
100,1000,"Weighted",0.757798165137615
200,1000,"Target_Only",0.751760563380282
200,1000,"Source1_Only",0.725792253521127
200,1000,"Source2_Only",0.808978873239437
200,1000,"Weighted",0.83318661971831
300,1000,"Target_Only",0.736079759217457
300,1000,"Source1_Only",0.680398796087284
300,1000,"Source2_Only",0.740406320541761
300,1000,"Weighted",0.787622272385252
100,100,"Target_Only",0.663747810858144
100,100,"Source1_Only",0.739054290718039
100,100,"Source2_Only",0.574430823117338
100,100,"Weighted",0.718038528896673
200,100,"Target_Only",0.78516228748068
200,100,"Source1_Only",0.648119526017517
200,100,"Source2_Only",0.67284904688305
200,100,"Weighted",0.770736733642452
300,100,"Target_Only",0.755375330064127
300,100,"Source1_Only",0.65673330818559
300,100,"Source2_Only",0.76612599019238
300,100,"Weighted",0.78121463598642
100,300,"Target_Only",0.721915285451197
100,300,"Source1_Only",0.668508287292818
100,300,"Source2_Only",0.758747697974217
100,300,"Weighted",0.83609576427256
200,300,"Target_Only",0.727351538794972
200,300,"Source1_Only",0.732119635890767
200,300,"Source2_Only",0.843086259211097
200,300,"Weighted",0.842219332466407
300,300,"Target_Only",0.742755238519839
300,300,"Source1_Only",0.634195274186358
300,300,"Source2_Only",0.784440481497994
300,300,"Weighted",0.778867588051716
100,500,"Target_Only",0.788368336025848
100,500,"Source1_Only",0.768982229402262
100,500,"Source2_Only",0.705977382875606
100,500,"Weighted",0.793214862681745
200,500,"Target_Only",0.834601725012684
200,500,"Source1_Only",0.747336377473364
200,500,"Source2_Only",0.80466768138001
200,500,"Weighted",0.862506341958397
300,500,"Target_Only",0.794907778668805
300,500,"Source1_Only",0.755212510024058
300,500,"Source2_Only",0.781275060144346
300,500,"Weighted",0.843023255813953
100,1000,"Target_Only",0.71828665568369
100,1000,"Source1_Only",0.764415156507414
100,1000,"Source2_Only",0.762767710049423
100,1000,"Weighted",0.836902800658979
200,1000,"Target_Only",0.685806712494945
200,1000,"Source1_Only",0.682571775171856
200,1000,"Source2_Only",0.795794581479984
200,1000,"Weighted",0.761423372422159
300,1000,"Target_Only",0.794728947932291
300,1000,"Source1_Only",0.68395114634669
300,1000,"Source2_Only",0.737090207842297
300,1000,"Weighted",0.820227126633812
100,100,"Target_Only",0.757798165137615
100,100,"Source1_Only",0.504587155963303
100,100,"Source2_Only",0.68256880733945
100,100,"Weighted",0.763302752293578
200,100,"Target_Only",0.718921617573639
200,100,"Source1_Only",0.628057913130305
200,100,"Source2_Only",0.691462805791313
200,100,"Weighted",0.749375936095856
300,100,"Target_Only",0.813396189353762
300,100,"Source1_Only",0.735611864073856
300,100,"Source2_Only",0.799646434885091
300,100,"Weighted",0.851109801610686
100,300,"Target_Only",0.665722379603399
100,300,"Source1_Only",0.68271954674221
100,300,"Source2_Only",0.592067988668555
100,300,"Weighted",0.713881019830028
200,300,"Target_Only",0.695880806310254
200,300,"Source1_Only",0.644609991235758
200,300,"Source2_Only",0.787467134092901
200,300,"Weighted",0.8045574057844
300,300,"Target_Only",0.758939096267191
300,300,"Source1_Only",0.728094302554028
300,300,"Source2_Only",0.769744597249509
300,300,"Weighted",0.799803536345776
100,500,"Target_Only",0.708494208494209
100,500,"Source1_Only",0.768339768339768
100,500,"Source2_Only",0.793436293436294
100,500,"Weighted",0.783783783783784
200,500,"Target_Only",0.775647668393782
200,500,"Source1_Only",0.680310880829016
200,500,"Source2_Only",0.7860103626943
200,500,"Weighted",0.823316062176166
300,500,"Target_Only",0.769338396961823
300,500,"Source1_Only",0.685988406955827
300,500,"Source2_Only",0.816310213871677
300,500,"Weighted",0.818508894663202
100,1000,"Target_Only",0.65406427221172
100,1000,"Source1_Only",0.661625708884688
100,1000,"Source2_Only",0.841209829867675
100,1000,"Weighted",0.805293005671077
200,1000,"Target_Only",0.766777724892908
200,1000,"Source1_Only",0.678248453117563
200,1000,"Source2_Only",0.776772965254641
200,1000,"Weighted",0.81722989052832
300,1000,"Target_Only",0.743286106999366
300,1000,"Source1_Only",0.72869528441531
300,1000,"Source2_Only",0.777119898498626
300,1000,"Weighted",0.803764009304293
100,100,"Target_Only",0.681494661921708
100,100,"Source1_Only",0.631672597864769
100,100,"Source2_Only",0.639679715302491
100,100,"Weighted",0.656583629893238
200,100,"Target_Only",0.748703441772749
200,100,"Source1_Only",0.672324375294672
200,100,"Source2_Only",0.702498821310703
200,100,"Weighted",0.782649693540783
300,100,"Target_Only",0.752969643642763
300,100,"Source1_Only",0.657721073471183
300,100,"Source2_Only",0.736251649802024
300,100,"Weighted",0.795644522657281
100,300,"Target_Only",0.660377358490566
100,300,"Source1_Only",0.57311320754717
100,300,"Source2_Only",0.712264150943396
100,300,"Weighted",0.745283018867924
200,300,"Target_Only",0.785990338164251
200,300,"Source1_Only",0.703864734299517
200,300,"Source2_Only",0.748792270531401
200,300,"Weighted",0.796135265700483
300,300,"Target_Only",0.787206823027718
300,300,"Source1_Only",0.707675906183369
300,300,"Source2_Only",0.728784648187633
300,300,"Weighted",0.815991471215352
100,500,"Target_Only",0.749574105621806
100,500,"Source1_Only",0.706984667802385
100,500,"Source2_Only",0.788756388415673
100,500,"Weighted",0.821124361158433
200,500,"Target_Only",0.818043588443994
200,500,"Source1_Only",0.726305119107957
200,500,"Source2_Only",0.846933603649265
200,500,"Weighted",0.879371515458692
300,500,"Target_Only",0.789613259668508
300,500,"Source1_Only",0.677348066298343
300,500,"Source2_Only",0.829613259668508
300,500,"Weighted",0.846187845303867
100,1000,"Target_Only",0.701906412478336
100,1000,"Source1_Only",0.603119584055459
100,1000,"Source2_Only",0.741767764298094
100,1000,"Weighted",0.743500866551126
200,1000,"Target_Only",0.778529544429409
200,1000,"Source1_Only",0.696887686062246
200,1000,"Source2_Only",0.836265223274696
200,1000,"Weighted",0.858367162832657
300,1000,"Target_Only",0.744006340400238
300,1000,"Source1_Only",0.696453338617
300,1000,"Source2_Only",0.739251040221914
300,1000,"Weighted",0.790766792153755
100,100,"Target_Only",0.676236044657097
100,100,"Source1_Only",0.674641148325359
100,100,"Source2_Only",0.609250398724083
100,100,"Weighted",0.74481658692185
200,100,"Target_Only",0.806726907630522
200,100,"Source1_Only",0.631526104417671
200,100,"Source2_Only",0.807228915662651
200,100,"Weighted",0.840863453815261
300,100,"Target_Only",0.772341285887586
300,100,"Source1_Only",0.672058228871816
300,100,"Source2_Only",0.716538617064294
300,100,"Weighted",0.796401132228063
100,300,"Target_Only",0.719626168224299
100,300,"Source1_Only",0.65981308411215
100,300,"Source2_Only",0.728971962616822
100,300,"Weighted",0.824299065420561
200,300,"Target_Only",0.757150286011441
200,300,"Source1_Only",0.700988039521581
200,300,"Source2_Only",0.719708788351534
200,300,"Weighted",0.794071762870515
300,300,"Target_Only",0.805704441041348
300,300,"Source1_Only",0.663093415007657
300,300,"Source2_Only",0.766845329249617
300,300,"Weighted",0.807235834609495
100,500,"Target_Only",0.64367816091954
100,500,"Source1_Only",0.653530377668309
100,500,"Source2_Only",0.729064039408867
100,500,"Weighted",0.770114942528736
200,500,"Target_Only",0.733929331630481
200,500,"Source1_Only",0.755640698169434
200,500,"Source2_Only",0.740740740740741
200,500,"Weighted",0.821626223925074
300,500,"Target_Only",0.784818782767267
300,500,"Source1_Only",0.732847048096649
300,500,"Source2_Only",0.748575336220652
300,500,"Weighted",0.818782767266925
100,1000,"Target_Only",0.707216494845361
100,1000,"Source1_Only",0.668041237113402
100,1000,"Source2_Only",0.725773195876289
100,1000,"Weighted",0.764948453608247
200,1000,"Target_Only",0.77163360067539
200,1000,"Source1_Only",0.726466863655551
200,1000,"Source2_Only",0.802870409455466
200,1000,"Weighted",0.825664837484171
300,1000,"Target_Only",0.725043782837128
300,1000,"Source1_Only",0.679898812998638
300,1000,"Source2_Only",0.758902510215995
300,1000,"Weighted",0.779139910488422
100,100,"Target_Only",0.797535211267606
100,100,"Source1_Only",0.633802816901408
100,100,"Source2_Only",0.757042253521127
100,100,"Weighted",0.779929577464789
200,100,"Target_Only",0.721784776902887
200,100,"Source1_Only",0.597900262467192
200,100,"Source2_Only",0.764304461942257
200,100,"Weighted",0.765879265091864
300,100,"Target_Only",0.721818181818182
300,100,"Source1_Only",0.545858585858586
300,100,"Source2_Only",0.735555555555556
300,100,"Weighted",0.763636363636364
100,300,"Target_Only",0.599683544303797
100,300,"Source1_Only",0.69620253164557
100,300,"Source2_Only",0.662974683544304
100,300,"Weighted",0.705696202531646
200,300,"Target_Only",0.761904761904762
200,300,"Source1_Only",0.688141923436041
200,300,"Source2_Only",0.76750700280112
200,300,"Weighted",0.785714285714286
300,300,"Target_Only",0.755084564333119
300,300,"Source1_Only",0.675230143438236
300,300,"Source2_Only",0.779490473132092
300,300,"Weighted",0.818668379362021
100,500,"Target_Only",0.639344262295082
100,500,"Source1_Only",0.620608899297424
100,500,"Source2_Only",0.711943793911007
100,500,"Weighted",0.7096018735363
200,500,"Target_Only",0.799912242211496
200,500,"Source1_Only",0.737604212373848
200,500,"Source2_Only",0.834137779727951
200,500,"Weighted",0.847740236946029
300,500,"Target_Only",0.77950575202386
300,500,"Source1_Only",0.729015764806136
300,500,"Source2_Only",0.76033233915637
300,500,"Weighted",0.824669791222838
100,1000,"Target_Only",0.705020920502092
100,1000,"Source1_Only",0.682008368200837
100,1000,"Source2_Only",0.822175732217573
100,1000,"Weighted",0.807531380753138
200,1000,"Target_Only",0.743076267575629
200,1000,"Source1_Only",0.655304644226672
200,1000,"Source2_Only",0.789092458457605
200,1000,"Weighted",0.771197273114614
300,1000,"Target_Only",0.819757727652465
300,1000,"Source1_Only",0.759189640768588
300,1000,"Source2_Only",0.790100250626566
300,1000,"Weighted",0.844611528822055
100,100,"Target_Only",0.708551483420593
100,100,"Source1_Only",0.535776614310646
100,100,"Source2_Only",0.68760907504363
100,100,"Weighted",0.764397905759162
200,100,"Target_Only",0.761878453038674
200,100,"Source1_Only",0.661325966850829
200,100,"Source2_Only",0.69171270718232
200,100,"Weighted",0.776795580110497
300,100,"Target_Only",0.728813559322034
300,100,"Source1_Only",0.596809571286142
300,100,"Source2_Only",0.731006979062812
300,100,"Weighted",0.772283150548355
100,300,"Target_Only",0.705050505050505
100,300,"Source1_Only",0.735353535353535
100,300,"Source2_Only",0.735353535353535
100,300,"Weighted",0.795959595959596
200,300,"Target_Only",0.784640390085331
200,300,"Source1_Only",0.66395774075579
200,300,"Source2_Only",0.729784640390085
200,300,"Weighted",0.786672084518488
300,300,"Target_Only",0.746632456703015
300,300,"Source1_Only",0.65341030575155
300,300,"Source2_Only",0.790463972632029
300,300,"Weighted",0.818901004917682
100,500,"Target_Only",0.74290780141844
100,500,"Source1_Only",0.716312056737589
100,500,"Source2_Only",0.796099290780142
100,500,"Weighted",0.824468085106383
200,500,"Target_Only",0.724546172059984
200,500,"Source1_Only",0.683898973954223
200,500,"Source2_Only",0.754932912391476
200,500,"Weighted",0.796369376479874
300,500,"Target_Only",0.754354354354354
300,500,"Source1_Only",0.654854854854855
300,500,"Source2_Only",0.75015015015015
300,500,"Weighted",0.801601601601602
100,1000,"Target_Only",0.652173913043478
100,1000,"Source1_Only",0.724080267558528
100,1000,"Source2_Only",0.683946488294314
100,1000,"Weighted",0.754180602006689
200,1000,"Target_Only",0.76380042462845
200,1000,"Source1_Only",0.719745222929936
200,1000,"Source2_Only",0.806263269639066
200,1000,"Weighted",0.841825902335456
300,1000,"Target_Only",0.788296860133207
300,1000,"Source1_Only",0.657231208372978
300,1000,"Source2_Only",0.816127497621313
300,1000,"Weighted",0.838962892483349
100,100,"Target_Only",0.766
100,100,"Source1_Only",0.726
100,100,"Source2_Only",0.716
100,100,"Weighted",0.79
200,100,"Target_Only",0.732839506172839
200,100,"Source1_Only",0.674074074074074
200,100,"Source2_Only",0.772345679012346
200,100,"Weighted",0.793086419753086
300,100,"Target_Only",0.774492099322799
300,100,"Source1_Only",0.685553047404063
300,100,"Source2_Only",0.701580135440181
300,100,"Weighted",0.775620767494357
100,300,"Target_Only",0.820662768031189
100,300,"Source1_Only",0.760233918128655
100,300,"Source2_Only",0.822612085769981
100,300,"Weighted",0.840155945419103
200,300,"Target_Only",0.718229801055623
200,300,"Source1_Only",0.632967925294357
200,300,"Source2_Only",0.686561104344296
200,300,"Weighted",0.740560292326431
300,300,"Target_Only",0.794706994328922
300,300,"Source1_Only",0.673534971644613
300,300,"Source2_Only",0.751039697542533
300,300,"Weighted",0.832703213610586
100,500,"Target_Only",0.588942307692308
100,500,"Source1_Only",0.694711538461538
100,500,"Source2_Only",0.673076923076923
100,500,"Weighted",0.658653846153846
200,500,"Target_Only",0.761036468330134
200,500,"Source1_Only",0.678982725527831
200,500,"Source2_Only",0.828214971209213
200,500,"Weighted",0.84404990403071
300,500,"Target_Only",0.786485914001271
300,500,"Source1_Only",0.671256089811481
300,500,"Source2_Only",0.787756831179835
300,500,"Weighted",0.828638000423639
100,1000,"Target_Only",0.697463768115942
100,1000,"Source1_Only",0.596014492753623
100,1000,"Source2_Only",0.835144927536232
100,1000,"Weighted",0.780797101449275
200,1000,"Target_Only",0.749074074074074
200,1000,"Source1_Only",0.703240740740741
200,1000,"Source2_Only",0.784259259259259
200,1000,"Weighted",0.801388888888889
300,1000,"Target_Only",0.80046403712297
300,1000,"Source1_Only",0.751529213246151
300,1000,"Source2_Only",0.817338114321873
300,1000,"Weighted",0.855093862054419
100,100,"Target_Only",0.743494423791822
100,100,"Source1_Only",0.570631970260223
100,100,"Source2_Only",0.795539033457249
100,100,"Weighted",0.810408921933085
200,100,"Target_Only",0.724271012006861
200,100,"Source1_Only",0.737993138936535
200,100,"Source2_Only",0.686535162950257
200,100,"Weighted",0.781303602058319
300,100,"Target_Only",0.708448480063166
300,100,"Source1_Only",0.621002763521516
300,100,"Source2_Only",0.685353335965259
300,100,"Weighted",0.735886300829056
100,300,"Target_Only",0.690280065897858
100,300,"Source1_Only",0.57825370675453
100,300,"Source2_Only",0.805601317957166
100,300,"Weighted",0.817133443163097
200,300,"Target_Only",0.65111301369863
200,300,"Source1_Only",0.550941780821918
200,300,"Source2_Only",0.785102739726027
200,300,"Weighted",0.732876712328767
300,300,"Target_Only",0.818324724904559
300,300,"Source1_Only",0.671008309005165
300,300,"Source2_Only",0.802829553110263
300,300,"Weighted",0.854255558050752
100,500,"Target_Only",0.684478371501272
100,500,"Source1_Only",0.725190839694656
100,500,"Source2_Only",0.758269720101781
100,500,"Weighted",0.755725190839695
200,500,"Target_Only",0.766479305058763
200,500,"Source1_Only",0.730199284619315
200,500,"Source2_Only",0.783852835973429
200,500,"Weighted",0.827286663260092
300,500,"Target_Only",0.771391529818496
300,500,"Source1_Only",0.68085566119274
300,500,"Source2_Only",0.770527225583405
300,500,"Weighted",0.811365600691443
100,1000,"Target_Only",0.693989071038251
100,1000,"Source1_Only",0.710382513661202
100,1000,"Source2_Only",0.80327868852459
100,1000,"Weighted",0.832422586520947
200,1000,"Target_Only",0.7
200,1000,"Source1_Only",0.677446808510638
200,1000,"Source2_Only",0.802553191489362
200,1000,"Weighted",0.78936170212766
300,1000,"Target_Only",0.79057825407457
300,1000,"Source1_Only",0.656619781201161
300,1000,"Source2_Only",0.788122348738558
300,1000,"Weighted",0.83143558830096
100,100,"Target_Only",0.578602620087336
100,100,"Source1_Only",0.652838427947598
100,100,"Source2_Only",0.681222707423581
100,100,"Weighted",0.705240174672489
200,100,"Target_Only",0.773770491803279
200,100,"Source1_Only",0.688114754098361
200,100,"Source2_Only",0.745901639344262
200,100,"Weighted",0.823360655737705
300,100,"Target_Only",0.743872316169485
300,100,"Source1_Only",0.581227436823105
300,100,"Source2_Only",0.691430742922288
300,100,"Weighted",0.744252327569827
100,300,"Target_Only",0.65
100,300,"Source1_Only",0.683333333333333
100,300,"Source2_Only",0.76875
100,300,"Weighted",0.777083333333333
200,300,"Target_Only",0.821737153251478
200,300,"Source1_Only",0.686675761709868
200,300,"Source2_Only",0.807639836289222
200,300,"Weighted",0.845839017735334
300,300,"Target_Only",0.770728769323429
300,300,"Source1_Only",0.696245733788396
300,300,"Source2_Only",0.775346316000803
300,300,"Weighted",0.813491266813893
100,500,"Target_Only",0.755381604696673
100,500,"Source1_Only",0.659491193737769
100,500,"Source2_Only",0.776908023483366
100,500,"Weighted",0.816046966731898
200,500,"Target_Only",0.747841105354059
200,500,"Source1_Only",0.711139896373057
200,500,"Source2_Only",0.75993091537133
200,500,"Weighted",0.812176165803109
300,500,"Target_Only",0.756266367377479
300,500,"Source1_Only",0.697530864197531
300,500,"Source2_Only",0.756640478862701
300,500,"Weighted",0.810325476992144
100,1000,"Target_Only",0.630088495575221
100,1000,"Source1_Only",0.628318584070796
100,1000,"Source2_Only",0.72212389380531
100,1000,"Weighted",0.734513274336283
200,1000,"Target_Only",0.78544776119403
200,1000,"Source1_Only",0.743936567164179
200,1000,"Source2_Only",0.81669776119403
200,1000,"Weighted",0.846548507462687
300,1000,"Target_Only",0.774557479089671
300,1000,"Source1_Only",0.695973546002723
300,1000,"Source2_Only",0.767165921027038
300,1000,"Weighted",0.817350709978603
100,100,"Target_Only",0.730129390018484
100,100,"Source1_Only",0.652495378927911
100,100,"Source2_Only",0.731977818853974
100,100,"Weighted",0.783733826247689
200,100,"Target_Only",0.708882277943051
200,100,"Source1_Only",0.669358266043349
200,100,"Source2_Only",0.637059073523162
200,100,"Weighted",0.728856778580536
300,100,"Target_Only",0.809797168006123
300,100,"Source1_Only",0.666092613853808
300,100,"Source2_Only",0.732682740145427
300,100,"Weighted",0.821660926138538
100,300,"Target_Only",0.788602941176471
100,300,"Source1_Only",0.751838235294118
100,300,"Source2_Only",0.786764705882353
100,300,"Weighted",0.862132352941176
200,300,"Target_Only",0.786463298379409
200,300,"Source1_Only",0.709246901811249
200,300,"Source2_Only",0.706387035271687
200,300,"Weighted",0.801239275500477
300,300,"Target_Only",0.697813822284908
300,300,"Source1_Only",0.623413258110014
300,300,"Source2_Only",0.745768688293371
300,300,"Weighted",0.761988716502116
100,500,"Target_Only",0.757914338919925
100,500,"Source1_Only",0.679702048417132
100,500,"Source2_Only",0.677839851024209
100,500,"Weighted",0.795158286778399
200,500,"Target_Only",0.727023319615912
200,500,"Source1_Only",0.689986282578875
200,500,"Source2_Only",0.749428440786466
200,500,"Weighted",0.781435756744399
300,500,"Target_Only",0.792359827479975
300,500,"Source1_Only",0.676935715752721
300,500,"Source2_Only",0.767303347710002
300,500,"Weighted",0.811460258780037
100,1000,"Target_Only",0.712809917355372
100,1000,"Source1_Only",0.673553719008264
100,1000,"Source2_Only",0.830578512396694
100,1000,"Weighted",0.816115702479339
200,1000,"Target_Only",0.69581589958159
200,1000,"Source1_Only",0.66652719665272
200,1000,"Source2_Only",0.788284518828452
200,1000,"Weighted",0.792468619246862
300,1000,"Target_Only",0.745592501673733
300,1000,"Source1_Only",0.671501896898014
300,1000,"Source2_Only",0.759651863423343
300,1000,"Weighted",0.785985271144834
100,100,"Target_Only",0.729508196721312
100,100,"Source1_Only",0.654098360655738
100,100,"Source2_Only",0.686885245901639
100,100,"Weighted",0.778688524590164
200,100,"Target_Only",0.805178268251273
200,100,"Source1_Only",0.689303904923599
200,100,"Source2_Only",0.800933786078099
200,100,"Weighted",0.823429541595925
300,100,"Target_Only",0.737211064797272
300,100,"Source1_Only",0.702349374763168
300,100,"Source2_Only",0.769041303524062
300,100,"Weighted",0.802766199317923
100,300,"Target_Only",0.772486772486773
100,300,"Source1_Only",0.73015873015873
100,300,"Source2_Only",0.763668430335097
100,300,"Weighted",0.830687830687831
200,300,"Target_Only",0.82302568981922
200,300,"Source1_Only",0.677925784966698
200,300,"Source2_Only",0.827307326355852
200,300,"Weighted",0.851094196003806
300,300,"Target_Only",0.662887700534759
300,300,"Source1_Only",0.648983957219251
300,300,"Source2_Only",0.800641711229947
300,300,"Weighted",0.760855614973262
100,500,"Target_Only",0.673584905660377
100,500,"Source1_Only",0.662264150943396
100,500,"Source2_Only",0.743396226415094
100,500,"Weighted",0.773584905660377
200,500,"Target_Only",0.814351851851852
200,500,"Source1_Only",0.565740740740741
200,500,"Source2_Only",0.836111111111111
200,500,"Weighted",0.849537037037037
300,500,"Target_Only",0.76274165202109
300,500,"Source1_Only",0.736379613356766
300,500,"Source2_Only",0.781414762741652
300,500,"Weighted",0.823594024604569
100,1000,"Target_Only",0.719298245614035
100,1000,"Source1_Only",0.676691729323308
100,1000,"Source2_Only",0.771929824561403
100,1000,"Weighted",0.711779448621554
200,1000,"Target_Only",0.755825734549139
200,1000,"Source1_Only",0.702127659574468
200,1000,"Source2_Only",0.81306990881459
200,1000,"Weighted",0.828774062816616
300,1000,"Target_Only",0.712189616252822
300,1000,"Source1_Only",0.642964635063958
300,1000,"Source2_Only",0.777840481565087
300,1000,"Weighted",0.786117381489842
100,100,"Target_Only",0.671578947368421
100,100,"Source1_Only",0.532631578947368
100,100,"Source2_Only",0.642105263157895
100,100,"Weighted",0.722105263157895
200,100,"Target_Only",0.722442899702085
200,100,"Source1_Only",0.534260178748759
200,100,"Source2_Only",0.689175769612711
200,100,"Weighted",0.732373386295929
300,100,"Target_Only",0.782434329256066
300,100,"Source1_Only",0.68337677962703
300,100,"Source2_Only",0.728494084620012
300,100,"Weighted",0.807700020052136
100,300,"Target_Only",0.713774597495528
100,300,"Source1_Only",0.550983899821109
100,300,"Source2_Only",0.695885509838998
100,300,"Weighted",0.753130590339893
200,300,"Target_Only",0.75776926351639
200,300,"Source1_Only",0.670498084291188
200,300,"Source2_Only",0.807577692635164
200,300,"Weighted",0.803746275010643
300,300,"Target_Only",0.812244138444362
300,300,"Source1_Only",0.713807219947897
300,300,"Source2_Only",0.794938593226647
300,300,"Weighted",0.846110904354298
100,500,"Target_Only",0.693843594009983
100,500,"Source1_Only",0.670549084858569
100,500,"Source2_Only",0.750415973377704
100,500,"Weighted",0.742096505823627
200,500,"Target_Only",0.774807430901676
200,500,"Source1_Only",0.674671499773448
200,500,"Source2_Only",0.858631626642501
200,500,"Weighted",0.837335749886724
300,500,"Target_Only",0.764752791068581
300,500,"Source1_Only",0.639553429027113
300,500,"Source2_Only",0.767543859649123
300,500,"Weighted",0.792663476874003
100,1000,"Target_Only",0.63905325443787
100,1000,"Source1_Only",0.528599605522682
100,1000,"Source2_Only",0.777120315581854
100,1000,"Weighted",0.761341222879684
200,1000,"Target_Only",0.798449612403101
200,1000,"Source1_Only",0.70405836753306
200,1000,"Source2_Only",0.780209758321933
200,1000,"Weighted",0.829457364341085
300,1000,"Target_Only",0.790455531453362
300,1000,"Source1_Only",0.741214750542299
300,1000,"Source2_Only",0.821041214750542
300,1000,"Weighted",0.838394793926247
100,100,"Target_Only",0.671077504725898
100,100,"Source1_Only",0.574669187145558
100,100,"Source2_Only",0.610586011342155
100,100,"Weighted",0.693761814744801
200,100,"Target_Only",0.714034315882094
200,100,"Source1_Only",0.619005719313682
200,100,"Source2_Only",0.68851737791465
200,100,"Weighted",0.72459304883414
300,100,"Target_Only",0.764807609165586
300,100,"Source1_Only",0.601815823605707
300,100,"Source2_Only",0.685473411154345
300,100,"Weighted",0.743623000432339
100,300,"Target_Only",0.721311475409836
100,300,"Source1_Only",0.63023679417122
100,300,"Source2_Only",0.768670309653916
100,300,"Weighted",0.783242258652095
200,300,"Target_Only",0.715080971659919
200,300,"Source1_Only",0.677631578947368
200,300,"Source2_Only",0.736842105263158
200,300,"Weighted",0.771255060728745
300,300,"Target_Only",0.770243815625556
300,300,"Source1_Only",0.719167111585691
300,300,"Source2_Only",0.772557394554191
300,300,"Weighted",0.817761167467521
100,500,"Target_Only",0.555921052631579
100,500,"Source1_Only",0.733552631578947
100,500,"Source2_Only",0.763157894736842
100,500,"Weighted",0.769736842105263
200,500,"Target_Only",0.773242630385488
200,500,"Source1_Only",0.671655328798186
200,500,"Source2_Only",0.836281179138322
200,500,"Weighted",0.819954648526077
300,500,"Target_Only",0.786691935144241
300,500,"Source1_Only",0.650452726889872
300,500,"Source2_Only",0.768372288902927
300,500,"Weighted",0.80669614655717
100,1000,"Target_Only",0.655601659751037
100,1000,"Source1_Only",0.580912863070539
100,1000,"Source2_Only",0.829875518672199
100,1000,"Weighted",0.811203319502075
200,1000,"Target_Only",0.704993128721942
200,1000,"Source1_Only",0.724690792487403
200,1000,"Source2_Only",0.796610169491525
200,1000,"Weighted",0.833256985799359
300,1000,"Target_Only",0.802115987460815
300,1000,"Source1_Only",0.703369905956113
300,1000,"Source2_Only",0.806034482758621
300,1000,"Weighted",0.830133228840125
100,100,"Target_Only",0.732209737827715
100,100,"Source1_Only",0.674157303370786
100,100,"Source2_Only",0.597378277153558
100,100,"Weighted",0.730337078651685
200,100,"Target_Only",0.756679389312977
200,100,"Source1_Only",0.713740458015267
200,100,"Source2_Only",0.772900763358779
200,100,"Weighted",0.818225190839695
300,100,"Target_Only",0.776095295780335
300,100,"Source1_Only",0.682212800323037
300,100,"Source2_Only",0.742984050070664
300,100,"Weighted",0.811629315566323
100,300,"Target_Only",0.664884135472371
100,300,"Source1_Only",0.549019607843137
100,300,"Source2_Only",0.819964349376114
100,300,"Weighted",0.777183600713012
200,300,"Target_Only",0.803894297635605
200,300,"Source1_Only",0.710245711636532
200,300,"Source2_Only",0.783959202596198
200,300,"Weighted",0.85628187297172
300,300,"Target_Only",0.753070458952812
300,300,"Source1_Only",0.622710622710623
300,300,"Source2_Only",0.738849385908209
300,300,"Weighted",0.803921568627451
100,500,"Target_Only",0.693386773547094
100,500,"Source1_Only",0.633266533066132
100,500,"Source2_Only",0.771543086172345
100,500,"Weighted",0.755511022044088
200,500,"Target_Only",0.723012111637704
200,500,"Source1_Only",0.616640337019484
200,500,"Source2_Only",0.680358083201685
200,500,"Weighted",0.746182201158504
300,500,"Target_Only",0.719514472455649
300,500,"Source1_Only",0.683660130718954
300,500,"Source2_Only",0.79234360410831
300,500,"Weighted",0.792530345471522
100,1000,"Target_Only",0.622950819672131
100,1000,"Source1_Only",0.667213114754098
100,1000,"Source2_Only",0.729508196721312
100,1000,"Weighted",0.727868852459016
200,1000,"Target_Only",0.783436458829129
200,1000,"Source1_Only",0.70871013802951
200,1000,"Source2_Only",0.807710613993337
200,1000,"Weighted",0.821513564969062
300,1000,"Target_Only",0.788380914354162
300,1000,"Source1_Only",0.72589339189459
300,1000,"Source2_Only",0.771211818726293
300,1000,"Weighted",0.82790976242763
100,100,"Target_Only",0.697416974169742
100,100,"Source1_Only",0.693726937269373
100,100,"Source2_Only",0.714022140221402
100,100,"Weighted",0.750922509225092
200,100,"Target_Only",0.753443526170799
200,100,"Source1_Only",0.679063360881543
200,100,"Source2_Only",0.778696051423324
200,100,"Weighted",0.806703397612489
300,100,"Target_Only",0.808394543546695
300,100,"Source1_Only",0.6700944386149
300,100,"Source2_Only",0.715005246589717
300,100,"Weighted",0.792864637985309
100,300,"Target_Only",0.751361161524501
100,300,"Source1_Only",0.736842105263158
100,300,"Source2_Only",0.774954627949183
100,300,"Weighted",0.807622504537205
200,300,"Target_Only",0.704367816091954
200,300,"Source1_Only",0.637701149425287
200,300,"Source2_Only",0.771494252873563
200,300,"Weighted",0.769195402298851
300,300,"Target_Only",0.753089143865843
300,300,"Source1_Only",0.632833186231245
300,300,"Source2_Only",0.728817299205649
300,300,"Weighted",0.799867608120035
100,500,"Target_Only",0.755852842809364
100,500,"Source1_Only",0.693979933110368
100,500,"Source2_Only",0.867892976588629
100,500,"Weighted",0.857859531772575
200,500,"Target_Only",0.74975514201763
200,500,"Source1_Only",0.756611165523996
200,500,"Source2_Only",0.745837414299706
200,500,"Weighted",0.795298726738492
300,500,"Target_Only",0.773165618448637
300,500,"Source1_Only",0.709433962264151
300,500,"Source2_Only",0.739622641509434
300,500,"Weighted",0.80251572327044
100,1000,"Target_Only",0.781527531083481
100,1000,"Source1_Only",0.761989342806394
100,1000,"Source2_Only",0.799289520426288
100,1000,"Weighted",0.808170515097691
200,1000,"Target_Only",0.737030411449016
200,1000,"Source1_Only",0.582587954680978
200,1000,"Source2_Only",0.745974955277281
200,1000,"Weighted",0.793082886106142
300,1000,"Target_Only",0.809104573759931
300,1000,"Source1_Only",0.718273566673824
300,1000,"Source2_Only",0.838737384582349
300,1000,"Weighted",0.839811037148379
100,100,"Target_Only",0.762237762237762
100,100,"Source1_Only",0.662004662004662
100,100,"Source2_Only",0.818181818181818
100,100,"Weighted",0.874125874125874
200,100,"Target_Only",0.698292220113852
200,100,"Source1_Only",0.613377609108159
200,100,"Source2_Only",0.711100569259962
200,100,"Weighted",0.742884250474383
300,100,"Target_Only",0.840758711954124
300,100,"Source1_Only",0.631671812968681
300,100,"Source2_Only",0.724084693427437
300,100,"Weighted",0.848919276576974
100,300,"Target_Only",0.754424778761062
100,300,"Source1_Only",0.756637168141593
100,300,"Source2_Only",0.79646017699115
100,300,"Weighted",0.825221238938053
200,300,"Target_Only",0.733272644515248
200,300,"Source1_Only",0.64815657715066
200,300,"Source2_Only",0.75011379153391
200,300,"Weighted",0.77742375967228
300,300,"Target_Only",0.761337608795236
300,300,"Source1_Only",0.66376546037563
300,300,"Source2_Only",0.769125057260651
300,300,"Weighted",0.818598259276225
100,500,"Target_Only",0.840551181102362
100,500,"Source1_Only",0.698818897637795
100,500,"Source2_Only",0.77755905511811
100,500,"Weighted",0.874015748031496
200,500,"Target_Only",0.780681287914139
200,500,"Source1_Only",0.608959402706486
200,500,"Source2_Only",0.759682687820812
200,500,"Weighted",0.833877741483901
300,500,"Target_Only",0.769300430156215
300,500,"Source1_Only",0.659950192438307
300,500,"Source2_Only",0.76975322617161
300,500,"Weighted",0.798732171156894
100,1000,"Target_Only",0.706586826347305
100,1000,"Source1_Only",0.770958083832335
100,1000,"Source2_Only",0.738023952095808
100,1000,"Weighted",0.794910179640719
200,1000,"Target_Only",0.756732085805568
200,1000,"Source1_Only",0.686900958466454
200,1000,"Source2_Only",0.778639890460977
200,1000,"Weighted",0.814240073026016
300,1000,"Target_Only",0.798460323726806
300,1000,"Source1_Only",0.693841294907225
300,1000,"Source2_Only",0.803395183576786
300,1000,"Weighted",0.816818002368733
100,100,"Target_Only",0.716129032258064
100,100,"Source1_Only",0.635483870967742
100,100,"Source2_Only",0.725806451612903
100,100,"Weighted",0.783870967741936
200,100,"Target_Only",0.72968118545128
200,100,"Source1_Only",0.68926807364167
200,100,"Source2_Only",0.74315222272115
200,100,"Weighted",0.817242927705433
300,100,"Target_Only",0.793139510562644
300,100,"Source1_Only",0.715959004392386
300,100,"Source2_Only",0.73091403472077
300,100,"Weighted",0.788537962769295
100,300,"Target_Only",0.663811563169165
100,300,"Source1_Only",0.745182012847966
100,300,"Source2_Only",0.781584582441114
100,300,"Weighted",0.794432548179872
200,300,"Target_Only",0.791646663466155
200,300,"Source1_Only",0.722995679308689
200,300,"Source2_Only",0.795487277964474
200,300,"Weighted",0.831973115698512
300,300,"Target_Only",0.76
300,300,"Source1_Only",0.681739130434783
300,300,"Source2_Only",0.758260869565217
300,300,"Weighted",0.79768115942029
100,500,"Target_Only",0.714041095890411
100,500,"Source1_Only",0.779109589041096
100,500,"Source2_Only",0.787671232876712
100,500,"Weighted",0.851027397260274
200,500,"Target_Only",0.683495145631068
200,500,"Source1_Only",0.620873786407767
200,500,"Source2_Only",0.762135922330097
200,500,"Weighted",0.762621359223301
300,500,"Target_Only",0.720579110651499
300,500,"Source1_Only",0.698655635987591
300,500,"Source2_Only",0.755946225439504
300,500,"Weighted",0.795036194415719
100,1000,"Target_Only",0.78397212543554
100,1000,"Source1_Only",0.682926829268293
100,1000,"Source2_Only",0.822299651567944
100,1000,"Weighted",0.865853658536585
200,1000,"Target_Only",0.786652078774617
200,1000,"Source1_Only",0.74835886214442
200,1000,"Source2_Only",0.817833698030635
200,1000,"Weighted",0.834792122538293
300,1000,"Target_Only",0.791131105398458
300,1000,"Source1_Only",0.720008568980291
300,1000,"Source2_Only",0.817909168808912
300,1000,"Weighted",0.842116538131962
100,100,"Target_Only",0.653399668325041
100,100,"Source1_Only",0.683250414593698
100,100,"Source2_Only",0.633499170812604
100,100,"Weighted",0.713101160862355
200,100,"Target_Only",0.706873008648157
200,100,"Source1_Only",0.66636322257624
200,100,"Source2_Only",0.678652708238507
200,100,"Weighted",0.73190714610833
300,100,"Target_Only",0.757646559048428
300,100,"Source1_Only",0.622769753610875
300,100,"Source2_Only",0.762956669498726
300,100,"Weighted",0.813508920985556
100,300,"Target_Only",0.772727272727273
100,300,"Source1_Only",0.674242424242424
100,300,"Source2_Only",0.820075757575758
100,300,"Weighted",0.84469696969697
200,300,"Target_Only",0.779894608836644
200,300,"Source1_Only",0.732468585326307
200,300,"Source2_Only",0.813944061613296
200,300,"Weighted",0.846372111876773
300,300,"Target_Only",0.8215859030837
300,300,"Source1_Only",0.712775330396476
300,300,"Source2_Only",0.802863436123348
300,300,"Weighted",0.854185022026432
100,500,"Target_Only",0.541139240506329
100,500,"Source1_Only",0.67246835443038
100,500,"Source2_Only",0.674050632911392
100,500,"Weighted",0.697784810126582
200,500,"Target_Only",0.728864432216108
200,500,"Source1_Only",0.735367683841921
200,500,"Source2_Only",0.738869434717359
200,500,"Weighted",0.779889944972486
300,500,"Target_Only",0.795272353545735
300,500,"Source1_Only",0.723124357656732
300,500,"Source2_Only",0.775334018499486
300,500,"Weighted",0.828776978417266
100,1000,"Target_Only",0.716517857142857
100,1000,"Source1_Only",0.580357142857143
100,1000,"Source2_Only",0.834821428571429
100,1000,"Weighted",0.8125
200,1000,"Target_Only",0.824688796680498
200,1000,"Source1_Only",0.676348547717842
200,1000,"Source2_Only",0.796161825726141
200,1000,"Weighted",0.83558091286307
300,1000,"Target_Only",0.798297469851029
300,1000,"Source1_Only",0.699929061243793
300,1000,"Source2_Only",0.762355166706077
300,1000,"Weighted",0.817450934026957
100,100,"Target_Only",0.736
100,100,"Source1_Only",0.598
100,100,"Source2_Only",0.78
100,100,"Weighted",0.794
200,100,"Target_Only",0.748158379373849
200,100,"Source1_Only",0.641804788213628
200,100,"Source2_Only",0.658839779005525
200,100,"Weighted",0.752762430939226
300,100,"Target_Only",0.812450903377848
300,100,"Source1_Only",0.631186174391202
300,100,"Source2_Only",0.762961508248233
300,100,"Weighted",0.80655930871956
100,300,"Target_Only",0.562076749435666
100,300,"Source1_Only",0.636568848758465
100,300,"Source2_Only",0.781038374717833
100,300,"Weighted",0.738148984198646
200,300,"Target_Only",0.710008203445447
200,300,"Source1_Only",0.622641509433962
200,300,"Source2_Only",0.757588187038556
200,300,"Weighted",0.743232157506153
300,300,"Target_Only",0.794479239155648
300,300,"Source1_Only",0.665738807701229
300,300,"Source2_Only",0.784040825794479
300,300,"Weighted",0.807005335189051
100,500,"Target_Only",0.623046875
100,500,"Source1_Only",0.837890625
100,500,"Source2_Only",0.7421875
100,500,"Weighted",0.8046875
200,500,"Target_Only",0.604517059106199
200,500,"Source1_Only",0.651609802979337
200,500,"Source2_Only",0.681883709754926
200,500,"Weighted",0.661220567035079
300,500,"Target_Only",0.787866108786611
300,500,"Source1_Only",0.665271966527197
300,500,"Source2_Only",0.79581589958159
300,500,"Weighted",0.834518828451883
100,1000,"Target_Only",0.738461538461539
100,1000,"Source1_Only",0.538461538461538
100,1000,"Source2_Only",0.764102564102564
100,1000,"Weighted",0.758974358974359
200,1000,"Target_Only",0.780669144981413
200,1000,"Source1_Only",0.643122676579926
200,1000,"Source2_Only",0.80545229244114
200,1000,"Weighted",0.825898389095415
300,1000,"Target_Only",0.815296989422295
300,1000,"Source1_Only",0.745321399511798
300,1000,"Source2_Only",0.814686737184703
300,1000,"Weighted",0.853539462978031
100,100,"Target_Only",0.65
100,100,"Source1_Only",0.7825
100,100,"Source2_Only",0.65
100,100,"Weighted",0.7525
200,100,"Target_Only",0.768757214313197
200,100,"Source1_Only",0.739515198153136
200,100,"Source2_Only",0.752212389380531
200,100,"Weighted",0.824932666410158
300,100,"Target_Only",0.747197526091999
300,100,"Source1_Only",0.61886354851179
300,100,"Source2_Only",0.73289524545806
300,100,"Weighted",0.765558562040974
100,300,"Target_Only",0.595419847328244
100,300,"Source1_Only",0.702290076335878
100,300,"Source2_Only",0.810687022900763
100,300,"Weighted",0.774045801526718
200,300,"Target_Only",0.784902228285584
200,300,"Source1_Only",0.683947248749432
200,300,"Source2_Only",0.781718963165075
200,300,"Weighted",0.824010914051842
300,300,"Target_Only",0.775162648296977
300,300,"Source1_Only",0.753348641408343
300,300,"Source2_Only",0.775162648296977
300,300,"Weighted",0.827784156142365
100,500,"Target_Only",0.666666666666667
100,500,"Source1_Only",0.566666666666667
100,500,"Source2_Only",0.76140350877193
100,500,"Weighted",0.773684210526316
200,500,"Target_Only",0.803152789005659
200,500,"Source1_Only",0.824171382376718
200,500,"Source2_Only",0.801535974130962
200,500,"Weighted",0.862166531932094
300,500,"Target_Only",0.691298342541437
300,500,"Source1_Only",0.602209944751381
300,500,"Source2_Only",0.773480662983425
300,500,"Weighted",0.76841620626151
100,1000,"Target_Only",0.76027397260274
100,1000,"Source1_Only",0.633561643835616
100,1000,"Source2_Only",0.863013698630137
100,1000,"Weighted",0.839041095890411
200,1000,"Target_Only",0.723018549747049
200,1000,"Source1_Only",0.692242833052277
200,1000,"Source2_Only",0.793423271500843
200,1000,"Weighted",0.830101180438449
300,1000,"Target_Only",0.756022866476113
300,1000,"Source1_Only",0.720498162515312
300,1000,"Source2_Only",0.765006124948959
300,1000,"Weighted",0.81318905675786
100,100,"Target_Only",0.779436152570481
100,100,"Source1_Only",0.635157545605307
100,100,"Source2_Only",0.799336650082919
100,100,"Weighted",0.830845771144279
200,100,"Target_Only",0.799825556040122
200,100,"Source1_Only",0.726122982991714
200,100,"Source2_Only",0.726559092891409
200,100,"Weighted",0.824683820322721
300,100,"Target_Only",0.749707328494498
300,100,"Source1_Only",0.633809412315617
300,100,"Source2_Only",0.713884336221026
300,100,"Weighted",0.772652774525872
100,300,"Target_Only",0.696666666666667
100,300,"Source1_Only",0.816666666666667
100,300,"Source2_Only",0.676666666666667
100,300,"Weighted",0.781666666666667
200,300,"Target_Only",0.77827380952381
200,300,"Source1_Only",0.657738095238095
200,300,"Source2_Only",0.700892857142857
200,300,"Weighted",0.78968253968254
300,300,"Target_Only",0.814449587442141
300,300,"Source1_Only",0.68565103642584
300,300,"Source2_Only",0.799154759508956
300,300,"Weighted",0.825316965184142
100,500,"Target_Only",0.807843137254902
100,500,"Source1_Only",0.63921568627451
100,500,"Source2_Only",0.809803921568627
100,500,"Weighted",0.852941176470588
200,500,"Target_Only",0.67896865520728
200,500,"Source1_Only",0.687057633973711
200,500,"Source2_Only",0.745197168857432
200,500,"Weighted",0.754297269969666
300,500,"Target_Only",0.769339527368208
300,500,"Source1_Only",0.758432639870733
300,500,"Source2_Only",0.759240557463139
300,500,"Weighted",0.813573015552414
100,1000,"Target_Only",0.786720321931589
100,1000,"Source1_Only",0.75251509054326
100,1000,"Source2_Only",0.796780684104628
100,1000,"Weighted",0.853118712273642
200,1000,"Target_Only",0.722095671981777
200,1000,"Source1_Only",0.608200455580866
200,1000,"Source2_Only",0.769020501138952
200,1000,"Weighted",0.75626423690205
300,1000,"Target_Only",0.765403269265313
300,1000,"Source1_Only",0.703969822166337
300,1000,"Source2_Only",0.77743847673792
300,1000,"Weighted",0.807257050476019
100,100,"Target_Only",0.694244604316547
100,100,"Source1_Only",0.615107913669065
100,100,"Source2_Only",0.816546762589928
100,100,"Weighted",0.77158273381295
200,100,"Target_Only",0.688324377137274
200,100,"Source1_Only",0.625305324865657
200,100,"Source2_Only",0.695652173913043
200,100,"Weighted",0.71323888617489
300,100,"Target_Only",0.785065590312815
300,100,"Source1_Only",0.706155398587286
300,100,"Source2_Only",0.715640766902119
300,100,"Weighted",0.78284561049445
100,300,"Target_Only",0.74390243902439
100,300,"Source1_Only",0.814634146341463
100,300,"Source2_Only",0.848780487804878
100,300,"Weighted",0.853658536585366
200,300,"Target_Only",0.771897810218978
200,300,"Source1_Only",0.676551094890511
200,300,"Source2_Only",0.767335766423358
200,300,"Weighted",0.793339416058394
300,300,"Target_Only",0.788346984363366
300,300,"Source1_Only",0.665487714072971
300,300,"Source2_Only",0.78723008190618
300,300,"Weighted",0.812546537602383
100,500,"Target_Only",0.722326454033771
100,500,"Source1_Only",0.75234521575985
100,500,"Source2_Only",0.763602251407129
100,500,"Weighted",0.821763602251407
200,500,"Target_Only",0.818356559346468
200,500,"Source1_Only",0.724171071600192
200,500,"Source2_Only",0.783757808745795
200,500,"Weighted",0.843344545891398
300,500,"Target_Only",0.758915225282938
300,500,"Source1_Only",0.664317745035234
300,500,"Source2_Only",0.749519538757207
300,500,"Weighted",0.807601964552637
100,1000,"Target_Only",0.709035222052067
100,1000,"Source1_Only",0.762633996937213
100,1000,"Source2_Only",0.747320061255743
100,1000,"Weighted",0.782542113323124
200,1000,"Target_Only",0.722029488291414
200,1000,"Source1_Only",0.633130962705984
200,1000,"Source2_Only",0.819167389418907
200,1000,"Weighted",0.804856895056375
300,1000,"Target_Only",0.77393117831074
300,1000,"Source1_Only",0.728675703858186
300,1000,"Source2_Only",0.776642335766423
300,1000,"Weighted",0.821063607924922
100,100,"Target_Only",0.664646464646465
100,100,"Source1_Only",0.660606060606061
100,100,"Source2_Only",0.733333333333333
100,100,"Weighted",0.775757575757576
200,100,"Target_Only",0.722549019607843
200,100,"Source1_Only",0.566666666666667
200,100,"Source2_Only",0.704901960784314
200,100,"Weighted",0.747549019607843
300,100,"Target_Only",0.799262994569434
300,100,"Source1_Only",0.696082234290147
300,100,"Source2_Only",0.758339798293251
300,100,"Weighted",0.805081458494957
100,300,"Target_Only",0.724074074074074
100,300,"Source1_Only",0.718518518518519
100,300,"Source2_Only",0.668518518518519
100,300,"Weighted",0.755555555555556
200,300,"Target_Only",0.797587131367292
200,300,"Source1_Only",0.684539767649687
200,300,"Source2_Only",0.752904378909741
200,300,"Weighted",0.821268990169794
300,300,"Target_Only",0.812802695304275
300,300,"Source1_Only",0.696357127816382
300,300,"Source2_Only",0.785639081911981
300,300,"Weighted",0.835965466413982
100,500,"Target_Only",0.57210401891253
100,500,"Source1_Only",0.721040189125296
100,500,"Source2_Only",0.808510638297872
100,500,"Weighted",0.898345153664303
200,500,"Target_Only",0.66726217061188
200,500,"Source1_Only",0.637338097364895
200,500,"Source2_Only",0.818222420723537
200,500,"Weighted",0.780259044216168
300,500,"Target_Only",0.781068898905344
300,500,"Source1_Only",0.714531015239322
300,500,"Source2_Only",0.755526937110968
300,500,"Weighted",0.817342777420047
100,1000,"Target_Only",0.757281553398058
100,1000,"Source1_Only",0.747572815533981
100,1000,"Source2_Only",0.848543689320388
100,1000,"Weighted",0.842718446601942
200,1000,"Target_Only",0.744414655942806
200,1000,"Source1_Only",0.66934763181412
200,1000,"Source2_Only",0.836907953529938
200,1000,"Weighted",0.823503127792672
300,1000,"Target_Only",0.756143667296786
300,1000,"Source1_Only",0.730308758664146
300,1000,"Source2_Only",0.772316740180634
300,1000,"Weighted",0.827977315689981
100,100,"Target_Only",0.729124236252546
100,100,"Source1_Only",0.580448065173116
100,100,"Source2_Only",0.69857433808554
100,100,"Weighted",0.716904276985743
200,100,"Target_Only",0.724024189114898
200,100,"Source1_Only",0.542056074766355
200,100,"Source2_Only",0.672897196261682
200,100,"Weighted",0.71632765255635
300,100,"Target_Only",0.82804757185332
300,100,"Source1_Only",0.693508424182359
300,100,"Source2_Only",0.786669970267592
300,100,"Weighted",0.856788899900892
100,300,"Target_Only",0.788109756097561
100,300,"Source1_Only",0.702743902439024
100,300,"Source2_Only",0.757621951219512
100,300,"Weighted",0.814024390243902
200,300,"Target_Only",0.733788395904437
200,300,"Source1_Only",0.749390541199415
200,300,"Source2_Only",0.705509507557289
200,300,"Weighted",0.799609946367626
300,300,"Target_Only",0.734401349072513
300,300,"Source1_Only",0.661677908937605
300,300,"Source2_Only",0.79995784148398
300,300,"Weighted",0.802698145025295
100,500,"Target_Only",0.641237113402062
100,500,"Source1_Only",0.694845360824742
100,500,"Source2_Only",0.764948453608247
100,500,"Weighted",0.76701030927835
200,500,"Target_Only",0.759910913140312
200,500,"Source1_Only",0.670378619153675
200,500,"Source2_Only",0.806236080178174
200,500,"Weighted",0.798663697104677
300,500,"Target_Only",0.780048563334682
300,500,"Source1_Only",0.679886685552408
300,500,"Source2_Only",0.746863617968434
300,500,"Weighted",0.816673411574261
100,1000,"Target_Only",0.691419141914191
100,1000,"Source1_Only",0.661716171617162
100,1000,"Source2_Only",0.768976897689769
100,1000,"Weighted",0.764026402640264
200,1000,"Target_Only",0.770729497054826
200,1000,"Source1_Only",0.733574988672406
200,1000,"Source2_Only",0.799275033982782
200,1000,"Weighted",0.854100589034889
300,1000,"Target_Only",0.727219167321288
300,1000,"Source1_Only",0.676747839748625
300,1000,"Source2_Only",0.802827965435978
300,1000,"Weighted",0.803809897879026
100,100,"Target_Only",0.766990291262136
100,100,"Source1_Only",0.745631067961165
100,100,"Source2_Only",0.776699029126214
100,100,"Weighted",0.840776699029126
200,100,"Target_Only",0.734402852049911
200,100,"Source1_Only",0.618538324420677
200,100,"Source2_Only",0.687165775401069
200,100,"Weighted",0.742869875222816
300,100,"Target_Only",0.717350938724985
300,100,"Source1_Only",0.719620383742521
300,100,"Source2_Only",0.746647410769548
300,100,"Weighted",0.805240354858676
100,300,"Target_Only",0.737154150197628
100,300,"Source1_Only",0.683794466403162
100,300,"Source2_Only",0.802371541501976
100,300,"Weighted",0.845849802371542
200,300,"Target_Only",0.730133333333333
200,300,"Source1_Only",0.667733333333333
200,300,"Source2_Only",0.7808
200,300,"Weighted",0.797866666666667
300,300,"Target_Only",0.725221893491124
300,300,"Source1_Only",0.617233727810651
300,300,"Source2_Only",0.79271449704142
300,300,"Weighted",0.814534023668639
100,500,"Target_Only",0.678181818181818
100,500,"Source1_Only",0.603636363636364
100,500,"Source2_Only",0.707272727272727
100,500,"Weighted",0.701818181818182
200,500,"Target_Only",0.650668764752164
200,500,"Source1_Only",0.656569630212431
200,500,"Source2_Only",0.726986624704957
200,500,"Weighted",0.762785208497246
300,500,"Target_Only",0.733832976445396
300,500,"Source1_Only",0.710278372591006
300,500,"Source2_Only",0.737259100642398
300,500,"Weighted",0.800856531049251
100,1000,"Target_Only",0.66003616636528
100,1000,"Source1_Only",0.64376130198915
100,1000,"Source2_Only",0.842676311030741
100,1000,"Weighted",0.808318264014467
200,1000,"Target_Only",0.797409326424871
200,1000,"Source1_Only",0.67979274611399
200,1000,"Source2_Only",0.82279792746114
200,1000,"Weighted",0.85699481865285
300,1000,"Target_Only",0.784594004367679
300,1000,"Source1_Only",0.727218582489577
300,1000,"Source2_Only",0.820726622989875
300,1000,"Weighted",0.836807623585468
100,100,"Target_Only",0.699680511182109
100,100,"Source1_Only",0.666134185303514
100,100,"Source2_Only",0.726837060702875
100,100,"Weighted",0.742811501597444
200,100,"Target_Only",0.783606557377049
200,100,"Source1_Only",0.70632318501171
200,100,"Source2_Only",0.740983606557377
200,100,"Weighted",0.815456674473068
300,100,"Target_Only",0.772040302267003
300,100,"Source1_Only",0.68975650713686
300,100,"Source2_Only",0.731318219983207
300,100,"Weighted",0.785054575986566
100,300,"Target_Only",0.649916247906198
100,300,"Source1_Only",0.634840871021776
100,300,"Source2_Only",0.805695142378559
100,300,"Weighted",0.767169179229481
200,300,"Target_Only",0.702198257984239
200,300,"Source1_Only",0.646204894234757
200,300,"Source2_Only",0.700539195354625
200,300,"Weighted",0.756532559104106
300,300,"Target_Only",0.77671553006161
300,300,"Source1_Only",0.622689611217336
300,300,"Source2_Only",0.696622052262588
300,300,"Weighted",0.788825154025919
100,500,"Target_Only",0.795262267343486
100,500,"Source1_Only",0.717428087986464
100,500,"Source2_Only",0.835871404399323
100,500,"Weighted",0.871404399323181
200,500,"Target_Only",0.818443804034582
200,500,"Source1_Only",0.644572526416907
200,500,"Source2_Only",0.802593659942363
200,500,"Weighted",0.83045148895293
300,500,"Target_Only",0.782915015411713
300,500,"Source1_Only",0.65962131219727
300,500,"Source2_Only",0.750330250990753
300,500,"Weighted",0.81263760457948
100,1000,"Target_Only",0.732558139534884
100,1000,"Source1_Only",0.682170542635659
100,1000,"Source2_Only",0.782945736434109
100,1000,"Weighted",0.835271317829457
200,1000,"Target_Only",0.772338403041825
200,1000,"Source1_Only",0.676330798479087
200,1000,"Source2_Only",0.78041825095057
200,1000,"Weighted",0.833174904942966
300,1000,"Target_Only",0.804534448602245
300,1000,"Source1_Only",0.719348448162007
300,1000,"Source2_Only",0.812458727712965
300,1000,"Weighted",0.848117983711204
100,100,"Target_Only",0.68558282208589
100,100,"Source1_Only",0.562883435582822
100,100,"Source2_Only",0.595092024539877
100,100,"Weighted",0.662576687116564
200,100,"Target_Only",0.742783505154639
200,100,"Source1_Only",0.655154639175258
200,100,"Source2_Only",0.754123711340206
200,100,"Weighted",0.80360824742268
300,100,"Target_Only",0.747827844008891
300,100,"Source1_Only",0.658516872095373
300,100,"Source2_Only",0.673671448777531
300,100,"Weighted",0.784805011113356
100,300,"Target_Only",0.687170474516696
100,300,"Source1_Only",0.611599297012302
100,300,"Source2_Only",0.729349736379613
100,300,"Weighted",0.785588752196837
200,300,"Target_Only",0.743722943722944
200,300,"Source1_Only",0.657142857142857
200,300,"Source2_Only",0.722077922077922
200,300,"Weighted",0.787445887445887
300,300,"Target_Only",0.774107509232663
300,300,"Source1_Only",0.69573245794009
300,300,"Source2_Only",0.778621255642183
300,300,"Weighted",0.8258104226508
100,500,"Target_Only",0.664347826086957
100,500,"Source1_Only",0.730434782608696
100,500,"Source2_Only",0.742608695652174
100,500,"Weighted",0.794782608695652
200,500,"Target_Only",0.781629896443044
200,500,"Source1_Only",0.603331832507879
200,500,"Source2_Only",0.75191355245385
200,500,"Weighted",0.803692030616839
300,500,"Target_Only",0.760115606936416
300,500,"Source1_Only",0.677745664739884
300,500,"Source2_Only",0.745871180842279
300,500,"Weighted",0.812345169281586
100,1000,"Target_Only",0.697080291970803
100,1000,"Source1_Only",0.680656934306569
100,1000,"Source2_Only",0.768248175182482
100,1000,"Weighted",0.826642335766423
200,1000,"Target_Only",0.77991931869117
200,1000,"Source1_Only",0.742716270730614
200,1000,"Source2_Only",0.781264007171672
200,1000,"Weighted",0.814881219184222
300,1000,"Target_Only",0.753440150801131
300,1000,"Source1_Only",0.664090480678605
300,1000,"Source2_Only",0.819227144203581
300,1000,"Weighted",0.824693685202639
100,100,"Target_Only",0.62156862745098
100,100,"Source1_Only",0.582352941176471
100,100,"Source2_Only",0.711764705882353
100,100,"Weighted",0.688235294117647
200,100,"Target_Only",0.806715454154111
200,100,"Source1_Only",0.623331898407232
200,100,"Source2_Only",0.731381833835557
200,100,"Weighted",0.808437365475678
300,100,"Target_Only",0.761483759369594
300,100,"Source1_Only",0.706131078224101
300,100,"Source2_Only",0.740726503940035
300,100,"Weighted",0.783009802037286
100,300,"Target_Only",0.623636363636364
100,300,"Source1_Only",0.667272727272727
100,300,"Source2_Only",0.638181818181818
100,300,"Weighted",0.689090909090909
200,300,"Target_Only",0.735383064516129
200,300,"Source1_Only",0.710181451612903
200,300,"Source2_Only",0.789314516129032
200,300,"Weighted",0.800907258064516
300,300,"Target_Only",0.760448082722964
300,300,"Source1_Only",0.667815596725549
300,300,"Source2_Only",0.776389487289961
300,300,"Weighted",0.797716501507971
100,500,"Target_Only",0.669833729216152
100,500,"Source1_Only",0.605700712589074
100,500,"Source2_Only",0.741092636579572
100,500,"Weighted",0.71021377672209
200,500,"Target_Only",0.73904282115869
200,500,"Source1_Only",0.690176322418136
200,500,"Source2_Only",0.781863979848866
200,500,"Weighted",0.830226700251889
300,500,"Target_Only",0.781468881328797
300,500,"Source1_Only",0.665799479687813
300,500,"Source2_Only",0.778667200320192
300,500,"Weighted",0.821693015809486
100,1000,"Target_Only",0.662045060658579
100,1000,"Source1_Only",0.540727902946274
100,1000,"Source2_Only",0.651646447140381
100,1000,"Weighted",0.689774696707106
200,1000,"Target_Only",0.821198156682028
200,1000,"Source1_Only",0.693548387096774
200,1000,"Source2_Only",0.780645161290323
200,1000,"Weighted",0.831336405529954
300,1000,"Target_Only",0.745065398335315
300,1000,"Source1_Only",0.604042806183115
300,1000,"Source2_Only",0.742449464922711
300,1000,"Weighted",0.787158145065398
100,100,"Target_Only",0.821124361158433
100,100,"Source1_Only",0.632027257240204
100,100,"Source2_Only",0.727427597955707
100,100,"Weighted",0.802385008517888
200,100,"Target_Only",0.83617747440273
200,100,"Source1_Only",0.786933203315456
200,100,"Source2_Only",0.744514870794734
200,100,"Weighted",0.86153096050707
300,100,"Target_Only",0.76598995852434
300,100,"Source1_Only",0.581969002401222
300,100,"Source2_Only",0.776031434184676
300,100,"Weighted",0.793931456013971
100,300,"Target_Only",0.704402515723271
100,300,"Source1_Only",0.704402515723271
100,300,"Source2_Only",0.781446540880503
100,300,"Weighted",0.838050314465409
200,300,"Target_Only",0.757272727272727
200,300,"Source1_Only",0.71
200,300,"Source2_Only",0.692272727272727
200,300,"Weighted",0.779090909090909
300,300,"Target_Only",0.76858960298311
300,300,"Source1_Only",0.7148497477517
300,300,"Source2_Only",0.777363456898443
300,300,"Weighted",0.796007896468524
100,500,"Target_Only",0.710144927536232
100,500,"Source1_Only",0.712215320910973
100,500,"Source2_Only",0.706004140786749
100,500,"Weighted",0.799171842650104
200,500,"Target_Only",0.700044903457566
200,500,"Source1_Only",0.655590480466996
200,500,"Source2_Only",0.694656488549618
200,500,"Weighted",0.744948361023799
300,500,"Target_Only",0.775016941495369
300,500,"Source1_Only",0.716964084029817
300,500,"Source2_Only",0.748362322114299
300,500,"Weighted",0.824486107973797
100,1000,"Target_Only",0.689189189189189
100,1000,"Source1_Only",0.6996996996997
100,1000,"Source2_Only",0.840840840840841
100,1000,"Weighted",0.846846846846847
200,1000,"Target_Only",0.68862859931674
200,1000,"Source1_Only",0.733528550512445
200,1000,"Source2_Only",0.765739385065886
200,1000,"Weighted",0.783308931185944
300,1000,"Target_Only",0.758246527777778
300,1000,"Source1_Only",0.625651041666667
300,1000,"Source2_Only",0.750217013888889
300,1000,"Weighted",0.78515625
100,100,"Target_Only",0.774954627949183
100,100,"Source1_Only",0.754990925589837
100,100,"Source2_Only",0.70961887477314
100,100,"Weighted",0.82032667876588
200,100,"Target_Only",0.748071979434447
200,100,"Source1_Only",0.606683804627249
200,100,"Source2_Only",0.741388174807198
200,100,"Weighted",0.780462724935733
300,100,"Target_Only",0.751237067026541
300,100,"Source1_Only",0.669815564552407
300,100,"Source2_Only",0.698155645524067
300,100,"Weighted",0.790823211875843
100,300,"Target_Only",0.7
100,300,"Source1_Only",0.662068965517241
100,300,"Source2_Only",0.725862068965517
100,300,"Weighted",0.789655172413793
200,300,"Target_Only",0.737645640819606
200,300,"Source1_Only",0.704700683005223
200,300,"Source2_Only",0.820811570912013
200,300,"Weighted",0.846524708718361
300,300,"Target_Only",0.774851876234365
300,300,"Source1_Only",0.639016897081413
300,300,"Source2_Only",0.750493745885451
300,300,"Weighted",0.802721088435374
100,500,"Target_Only",0.614864864864865
100,500,"Source1_Only",0.608108108108108
100,500,"Source2_Only",0.783783783783784
100,500,"Weighted",0.722972972972973
200,500,"Target_Only",0.780382775119617
200,500,"Source1_Only",0.666985645933014
200,500,"Source2_Only",0.730622009569378
200,500,"Weighted",0.785167464114833
300,500,"Target_Only",0.710284463894967
300,500,"Source1_Only",0.707877461706783
300,500,"Source2_Only",0.766083150984683
300,500,"Weighted",0.782932166301969
100,1000,"Target_Only",0.842696629213483
100,1000,"Source1_Only",0.638576779026217
100,1000,"Source2_Only",0.803370786516854
100,1000,"Weighted",0.833333333333333
200,1000,"Target_Only",0.650044923629829
200,1000,"Source1_Only",0.601976639712489
200,1000,"Source2_Only",0.765947888589398
200,1000,"Weighted",0.744384546271339
300,1000,"Target_Only",0.781338565511227
300,1000,"Source1_Only",0.724438630913451
300,1000,"Source2_Only",0.750163505559189
300,1000,"Weighted",0.802049269675169
100,100,"Target_Only",0.712349397590361
100,100,"Source1_Only",0.617469879518072
100,100,"Source2_Only",0.733433734939759
100,100,"Weighted",0.799698795180723
200,100,"Target_Only",0.752917300862506
200,100,"Source1_Only",0.725520040588534
200,100,"Source2_Only",0.621004566210046
200,100,"Weighted",0.779807204464739
300,100,"Target_Only",0.783746006389776
300,100,"Source1_Only",0.63538338658147
300,100,"Source2_Only",0.777955271565495
300,100,"Weighted",0.822284345047923
100,300,"Target_Only",0.589498806682578
100,300,"Source1_Only",0.649164677804296
100,300,"Source2_Only",0.782816229116945
100,300,"Weighted",0.818615751789976
200,300,"Target_Only",0.76941514860978
200,300,"Source1_Only",0.648609779482263
200,300,"Source2_Only",0.775167785234899
200,300,"Weighted",0.806807286673058
300,300,"Target_Only",0.725570947210783
300,300,"Source1_Only",0.639460876076376
300,300,"Source2_Only",0.738487457880943
300,300,"Weighted",0.765443654062149
100,500,"Target_Only",0.685185185185185
100,500,"Source1_Only",0.592592592592593
100,500,"Source2_Only",0.77037037037037
100,500,"Weighted",0.746296296296296
200,500,"Target_Only",0.682915506035283
200,500,"Source1_Only",0.616991643454039
200,500,"Source2_Only",0.721912720519963
200,500,"Weighted",0.746982358402971
300,500,"Target_Only",0.799577613516367
300,500,"Source1_Only",0.712777191129884
300,500,"Source2_Only",0.731995776135164
300,500,"Weighted",0.807814149947202
100,1000,"Target_Only",0.745387453874539
100,1000,"Source1_Only",0.682656826568266
100,1000,"Source2_Only",0.780442804428044
100,1000,"Weighted",0.830258302583026
200,1000,"Target_Only",0.734703196347032
200,1000,"Source1_Only",0.75662100456621
200,1000,"Source2_Only",0.815068493150685
200,1000,"Weighted",0.838356164383562
300,1000,"Target_Only",0.796837469975981
300,1000,"Source1_Only",0.736989591673339
300,1000,"Source2_Only",0.807646116893515
300,1000,"Weighted",0.836869495596477
100,100,"Target_Only",0.700772200772201
100,100,"Source1_Only",0.658301158301158
100,100,"Source2_Only",0.828185328185328
100,100,"Weighted",0.837837837837838
200,100,"Target_Only",0.708146821844226
200,100,"Source1_Only",0.687555953446732
200,100,"Source2_Only",0.702775290957923
200,100,"Weighted",0.745747538048344
300,100,"Target_Only",0.669676282757102
300,100,"Source1_Only",0.661748513543272
300,100,"Source2_Only",0.695221316890553
300,100,"Weighted",0.720105703589518
100,300,"Target_Only",0.729064039408867
100,300,"Source1_Only",0.812807881773399
100,300,"Source2_Only",0.858784893267652
100,300,"Weighted",0.860426929392447
200,300,"Target_Only",0.723118279569892
200,300,"Source1_Only",0.685483870967742
200,300,"Source2_Only",0.772849462365591
200,300,"Weighted",0.789426523297491
300,300,"Target_Only",0.806362083689155
300,300,"Source1_Only",0.662040990606319
300,300,"Source2_Only",0.732707087959009
300,300,"Weighted",0.834970111016225
100,500,"Target_Only",0.72027972027972
100,500,"Source1_Only",0.763986013986014
100,500,"Source2_Only",0.79020979020979
100,500,"Weighted",0.825174825174825
200,500,"Target_Only",0.77741935483871
200,500,"Source1_Only",0.698617511520737
200,500,"Source2_Only",0.738248847926267
200,500,"Weighted",0.820276497695853
300,500,"Target_Only",0.774061433447099
300,500,"Source1_Only",0.654379977246871
300,500,"Source2_Only",0.757224118316268
300,500,"Weighted",0.806370875995449
100,1000,"Target_Only",0.614366729678639
100,1000,"Source1_Only",0.648393194706994
100,1000,"Source2_Only",0.763705103969754
100,1000,"Weighted",0.771266540642722
200,1000,"Target_Only",0.778448676265676
200,1000,"Source1_Only",0.713887598699489
200,1000,"Source2_Only",0.779377612633535
200,1000,"Weighted",0.804458894565722
300,1000,"Target_Only",0.811621368322399
300,1000,"Source1_Only",0.768744142455483
300,1000,"Source2_Only",0.767572633552015
300,1000,"Weighted",0.839034676663543
100,100,"Target_Only",0.724264705882353
100,100,"Source1_Only",0.632352941176471
100,100,"Source2_Only",0.75
100,100,"Weighted",0.783088235294118
200,100,"Target_Only",0.781850692892266
200,100,"Source1_Only",0.696021457308896
200,100,"Source2_Only",0.799284756370139
200,100,"Weighted",0.818059901654001
300,100,"Target_Only",0.763980263157895
300,100,"Source1_Only",0.604029605263158
300,100,"Source2_Only",0.694284539473684
300,100,"Weighted",0.765625
100,300,"Target_Only",0.743362831858407
100,300,"Source1_Only",0.702654867256637
100,300,"Source2_Only",0.778761061946903
100,300,"Weighted",0.79646017699115
200,300,"Target_Only",0.793103448275862
200,300,"Source1_Only",0.70132625994695
200,300,"Source2_Only",0.797347480106101
200,300,"Weighted",0.835543766578249
300,300,"Target_Only",0.76160470489393
300,300,"Source1_Only",0.666036546943919
300,300,"Source2_Only",0.736819995799202
300,300,"Weighted",0.778197857592943
100,500,"Target_Only",0.591194968553459
100,500,"Source1_Only",0.580712788259958
100,500,"Source2_Only",0.742138364779874
100,500,"Weighted",0.70230607966457
200,500,"Target_Only",0.720338983050847
200,500,"Source1_Only",0.682733050847458
200,500,"Source2_Only",0.72510593220339
200,500,"Weighted",0.761652542372881
300,500,"Target_Only",0.778441835645678
300,500,"Source1_Only",0.698399146211313
300,500,"Source2_Only",0.793810032017076
300,500,"Weighted",0.821771611526147
100,1000,"Target_Only",0.670212765957447
100,1000,"Source1_Only",0.735815602836879
100,1000,"Source2_Only",0.728723404255319
100,1000,"Weighted",0.74468085106383
200,1000,"Target_Only",0.722400857449089
200,1000,"Source1_Only",0.689174705251876
200,1000,"Source2_Only",0.754019292604502
200,1000,"Weighted",0.782422293676313
300,1000,"Target_Only",0.756717763751127
300,1000,"Source1_Only",0.718124436429216
300,1000,"Source2_Only",0.789359783588819
300,1000,"Weighted",0.813886384129847
100,100,"Target_Only",0.736752136752137
100,100,"Source1_Only",0.64957264957265
100,100,"Source2_Only",0.71965811965812
100,100,"Weighted",0.758974358974359
200,100,"Target_Only",0.778947368421053
200,100,"Source1_Only",0.654636591478697
200,100,"Source2_Only",0.732330827067669
200,100,"Weighted",0.783458646616541
300,100,"Target_Only",0.754337539432177
300,100,"Source1_Only",0.700709779179811
300,100,"Source2_Only",0.756703470031546
300,100,"Weighted",0.817034700315457
100,300,"Target_Only",0.803174603174603
100,300,"Source1_Only",0.755555555555556
100,300,"Source2_Only",0.820634920634921
100,300,"Weighted",0.86984126984127
200,300,"Target_Only",0.796580188679245
200,300,"Source1_Only",0.69752358490566
200,300,"Source2_Only",0.816627358490566
200,300,"Weighted",0.82311320754717
300,300,"Target_Only",0.796539961013645
300,300,"Source1_Only",0.665204678362573
300,300,"Source2_Only",0.762183235867446
300,300,"Weighted",0.815302144249513
100,500,"Target_Only",0.741258741258741
100,500,"Source1_Only",0.65034965034965
100,500,"Source2_Only",0.825174825174825
100,500,"Weighted",0.83041958041958
200,500,"Target_Only",0.643916913946588
200,500,"Source1_Only",0.559983043662569
200,500,"Source2_Only",0.699025010597711
200,500,"Weighted",0.710046629927936
300,500,"Target_Only",0.751654259718776
300,500,"Source1_Only",0.728701406120761
300,500,"Source2_Only",0.796112489660877
300,500,"Weighted",0.831265508684863
100,1000,"Target_Only",0.75796178343949
100,1000,"Source1_Only",0.774946921443737
100,1000,"Source2_Only",0.847133757961783
100,1000,"Weighted",0.847133757961783
200,1000,"Target_Only",0.802008608321377
200,1000,"Source1_Only",0.693926351028216
200,1000,"Source2_Only",0.750836920133907
200,1000,"Weighted",0.811095169775227
300,1000,"Target_Only",0.741424272818455
300,1000,"Source1_Only",0.703711133400201
300,1000,"Source2_Only",0.749648946840522
300,1000,"Weighted",0.789167502507523
100,100,"Target_Only",0.790262172284644
100,100,"Source1_Only",0.623595505617977
100,100,"Source2_Only",0.636704119850187
100,100,"Weighted",0.745318352059925
200,100,"Target_Only",0.773797841020608
200,100,"Source1_Only",0.678115799803729
200,100,"Source2_Only",0.752208047105005
200,100,"Weighted",0.800294406280667
300,100,"Target_Only",0.797234125438255
300,100,"Source1_Only",0.590767432800935
300,100,"Source2_Only",0.715037008180756
300,100,"Weighted",0.783404752629529
100,300,"Target_Only",0.745200698080279
100,300,"Source1_Only",0.710296684118674
100,300,"Source2_Only",0.774869109947644
100,300,"Weighted",0.804537521815009
200,300,"Target_Only",0.806775407779172
200,300,"Source1_Only",0.77038895859473
200,300,"Source2_Only",0.695943120033459
200,300,"Weighted",0.816813048933501
300,300,"Target_Only",0.701131911188507
300,300,"Source1_Only",0.634523291249456
300,300,"Source2_Only",0.722246408358729
300,300,"Weighted",0.761863299956465
100,500,"Target_Only",0.663405088062622
100,500,"Source1_Only",0.753424657534247
100,500,"Source2_Only",0.712328767123288
100,500,"Weighted",0.76320939334638
200,500,"Target_Only",0.818908122503329
200,500,"Source1_Only",0.710608078118065
200,500,"Source2_Only",0.814469596094097
200,500,"Weighted",0.846426986240568
300,500,"Target_Only",0.782635983263598
300,500,"Source1_Only",0.669037656903766
300,500,"Source2_Only",0.781171548117155
300,500,"Weighted",0.816317991631799
100,1000,"Target_Only",0.624801271860095
100,1000,"Source1_Only",0.699523052464229
100,1000,"Source2_Only",0.70906200317965
100,1000,"Weighted",0.732909379968203
200,1000,"Target_Only",0.807330827067669
200,1000,"Source1_Only",0.783364661654135
200,1000,"Source2_Only",0.861372180451128
200,1000,"Weighted",0.880639097744361
300,1000,"Target_Only",0.81790932933683
300,1000,"Source1_Only",0.650992881228925
300,1000,"Source2_Only",0.816410640689397
300,1000,"Weighted",0.844323716747846
100,100,"Target_Only",0.818352059925094
100,100,"Source1_Only",0.767790262172285
100,100,"Source2_Only",0.777153558052434
100,100,"Weighted",0.883895131086142
200,100,"Target_Only",0.748309178743961
200,100,"Source1_Only",0.67536231884058
200,100,"Source2_Only",0.706280193236715
200,100,"Weighted",0.785507246376812
300,100,"Target_Only",0.744130992306175
300,100,"Source1_Only",0.636614716906688
300,100,"Source2_Only",0.615506016965871
300,100,"Weighted",0.758137699743539
100,300,"Target_Only",0.769230769230769
100,300,"Source1_Only",0.677655677655678
100,300,"Source2_Only",0.736263736263736
100,300,"Weighted",0.782051282051282
200,300,"Target_Only",0.713147410358566
200,300,"Source1_Only",0.629482071713147
200,300,"Source2_Only",0.774402390438247
200,300,"Weighted",0.778884462151394
300,300,"Target_Only",0.81792224906655
300,300,"Source1_Only",0.704151109158796
300,300,"Source2_Only",0.761036679112673
300,300,"Weighted",0.82604875905996
100,500,"Target_Only",0.731707317073171
100,500,"Source1_Only",0.616407982261641
100,500,"Source2_Only",0.733924611973392
100,500,"Weighted",0.793791574279379
200,500,"Target_Only",0.719683655536028
200,500,"Source1_Only",0.692882249560633
200,500,"Source2_Only",0.73725834797891
200,500,"Weighted",0.786906854130053
300,500,"Target_Only",0.815515961395694
300,500,"Source1_Only",0.700445434298441
300,500,"Source2_Only",0.827765404602821
300,500,"Weighted",0.855605048255382
100,1000,"Target_Only",0.77710843373494
100,1000,"Source1_Only",0.738955823293173
100,1000,"Source2_Only",0.867469879518072
100,1000,"Weighted",0.859437751004016
200,1000,"Target_Only",0.721164613661814
200,1000,"Source1_Only",0.631578947368421
200,1000,"Source2_Only",0.760358342665174
200,1000,"Weighted",0.792273236282195
300,1000,"Target_Only",0.739659367396594
300,1000,"Source1_Only",0.650298606502986
300,1000,"Source2_Only",0.793408537934085
300,1000,"Weighted",0.788321167883212
100,100,"Target_Only",0.661764705882353
100,100,"Source1_Only",0.742647058823529
100,100,"Source2_Only",0.742647058823529
100,100,"Weighted",0.799632352941176
200,100,"Target_Only",0.737681839511966
200,100,"Source1_Only",0.706241201313937
200,100,"Source2_Only",0.648521820741436
200,100,"Weighted",0.752229000469263
300,100,"Target_Only",0.792364532019704
300,100,"Source1_Only",0.637192118226601
300,100,"Source2_Only",0.729802955665025
300,100,"Weighted",0.789162561576355
100,300,"Target_Only",0.721132897603486
100,300,"Source1_Only",0.549019607843137
100,300,"Source2_Only",0.758169934640523
100,300,"Weighted",0.736383442265795
200,300,"Target_Only",0.727152899824253
200,300,"Source1_Only",0.667398945518453
200,300,"Source2_Only",0.76493848857645
200,300,"Weighted",0.806239015817223
300,300,"Target_Only",0.814086814086814
300,300,"Source1_Only",0.695741195741196
300,300,"Source2_Only",0.746723996723997
300,300,"Weighted",0.842956592956593
100,500,"Target_Only",0.623188405797101
100,500,"Source1_Only",0.594202898550725
100,500,"Source2_Only",0.861283643892339
100,500,"Weighted",0.811594202898551
200,500,"Target_Only",0.740612861458783
200,500,"Source1_Only",0.661199827362969
200,500,"Source2_Only",0.777298230470436
200,500,"Weighted",0.796719896417782
300,500,"Target_Only",0.764199255121043
300,500,"Source1_Only",0.693202979515829
300,500,"Source2_Only",0.761405959031657
300,500,"Weighted",0.795623836126629
100,1000,"Target_Only",0.750503018108652
100,1000,"Source1_Only",0.772635814889336
100,1000,"Source2_Only",0.72635814889336
100,1000,"Weighted",0.770623742454728
200,1000,"Target_Only",0.795565410199557
200,1000,"Source1_Only",0.655875831485588
200,1000,"Source2_Only",0.803547671840355
200,1000,"Weighted",0.824390243902439
300,1000,"Target_Only",0.792386185243328
300,1000,"Source1_Only",0.701923076923077
300,1000,"Source2_Only",0.804945054945055
300,1000,"Weighted",0.831828885400314
100,100,"Target_Only",0.591876208897485
100,100,"Source1_Only",0.51063829787234
100,100,"Source2_Only",0.696324951644101
100,100,"Weighted",0.707930367504836
200,100,"Target_Only",0.743965925224799
200,100,"Source1_Only",0.601987695220066
200,100,"Source2_Only",0.751064836725035
200,100,"Weighted",0.760056791292002
300,100,"Target_Only",0.776669758812616
300,100,"Source1_Only",0.535018552875696
300,100,"Source2_Only",0.660482374768089
300,100,"Weighted",0.737708719851577
100,300,"Target_Only",0.625258799171843
100,300,"Source1_Only",0.567287784679089
100,300,"Source2_Only",0.799171842650104
100,300,"Weighted",0.768115942028986
200,300,"Target_Only",0.745931758530184
200,300,"Source1_Only",0.636745406824147
200,300,"Source2_Only",0.79002624671916
200,300,"Weighted",0.808398950131234
300,300,"Target_Only",0.748321464903357
300,300,"Source1_Only",0.62970498474059
300,300,"Source2_Only",0.787792472024415
300,300,"Weighted",0.782095625635809
100,500,"Target_Only",0.683651804670913
100,500,"Source1_Only",0.600849256900212
100,500,"Source2_Only",0.800424628450106
100,500,"Weighted",0.779193205944798
200,500,"Target_Only",0.790395197598799
200,500,"Source1_Only",0.666333166583292
200,500,"Source2_Only",0.825912956478239
200,500,"Weighted",0.868934467233617
300,500,"Target_Only",0.801553672316384
300,500,"Source1_Only",0.69891713747646
300,500,"Source2_Only",0.760828625235405
300,500,"Weighted",0.833568738229755
100,1000,"Target_Only",0.834586466165414
100,1000,"Source1_Only",0.693609022556391
100,1000,"Source2_Only",0.832706766917293
100,1000,"Weighted",0.887218045112782
200,1000,"Target_Only",0.701598579040853
200,1000,"Source1_Only",0.731349911190053
200,1000,"Source2_Only",0.728685612788632
200,1000,"Weighted",0.776198934280639
300,1000,"Target_Only",0.76481021638879
300,1000,"Source1_Only",0.668676835757361
300,1000,"Source2_Only",0.78698119900674
300,1000,"Weighted",0.807555870876197
100,100,"Target_Only",0.756410256410256
100,100,"Source1_Only",0.628205128205128
100,100,"Source2_Only",0.732905982905983
100,100,"Weighted",0.80982905982906
200,100,"Target_Only",0.758108108108108
200,100,"Source1_Only",0.636036036036036
200,100,"Source2_Only",0.736036036036036
200,100,"Weighted",0.76036036036036
300,100,"Target_Only",0.784696016771488
300,100,"Source1_Only",0.671907756813417
300,100,"Source2_Only",0.745702306079665
300,100,"Weighted",0.805870020964361
100,300,"Target_Only",0.701320132013201
100,300,"Source1_Only",0.722772277227723
100,300,"Source2_Only",0.750825082508251
100,300,"Weighted",0.79042904290429
200,300,"Target_Only",0.749868073878628
200,300,"Source1_Only",0.619525065963061
200,300,"Source2_Only",0.73245382585752
200,300,"Weighted",0.731926121372032
300,300,"Target_Only",0.744962216624685
300,300,"Source1_Only",0.679890848026868
300,300,"Source2_Only",0.721242653232578
300,300,"Weighted",0.780646515533165
100,500,"Target_Only",0.723618090452261
100,500,"Source1_Only",0.671691792294807
100,500,"Source2_Only",0.814070351758794
100,500,"Weighted",0.829145728643216
200,500,"Target_Only",0.765706188001889
200,500,"Source1_Only",0.7203589985829
200,500,"Source2_Only",0.766178554558337
200,500,"Weighted",0.80869154463864
300,500,"Target_Only",0.757886735081718
300,500,"Source1_Only",0.675408589889776
300,500,"Source2_Only",0.816989737742303
300,500,"Weighted",0.826301786393006
100,1000,"Target_Only",0.715563506261181
100,1000,"Source1_Only",0.690518783542039
100,1000,"Source2_Only",0.765652951699463
100,1000,"Weighted",0.76386404293381
200,1000,"Target_Only",0.741527338454587
200,1000,"Source1_Only",0.685946678716674
200,1000,"Source2_Only",0.716222322638952
200,1000,"Weighted",0.771802982376864
300,1000,"Target_Only",0.782806220513717
300,1000,"Source1_Only",0.686877511794513
300,1000,"Source2_Only",0.795387034771973
300,1000,"Weighted",0.832605276952647
100,100,"Target_Only",0.709401709401709
100,100,"Source1_Only",0.726495726495726
100,100,"Source2_Only",0.814102564102564
100,100,"Weighted",0.829059829059829
200,100,"Target_Only",0.775573192239859
200,100,"Source1_Only",0.69047619047619
200,100,"Source2_Only",0.726190476190476
200,100,"Weighted",0.813492063492063
300,100,"Target_Only",0.748452784987023
300,100,"Source1_Only",0.681573168297065
300,100,"Source2_Only",0.757037332800958
300,100,"Weighted",0.79776402475544
100,300,"Target_Only",0.714052287581699
100,300,"Source1_Only",0.694444444444444
100,300,"Source2_Only",0.797385620915033
100,300,"Weighted",0.812091503267974
200,300,"Target_Only",0.753003363767419
200,300,"Source1_Only",0.70783277270543
200,300,"Source2_Only",0.812109562710235
200,300,"Weighted",0.827486785199423
300,300,"Target_Only",0.806219630709427
300,300,"Source1_Only",0.668027210884354
300,300,"Source2_Only",0.787755102040816
300,300,"Weighted",0.829154518950437
100,500,"Target_Only",0.7
100,500,"Source1_Only",0.77037037037037
100,500,"Source2_Only",0.837037037037037
100,500,"Weighted",0.831481481481481
200,500,"Target_Only",0.73994070309191
200,500,"Source1_Only",0.663278271918678
200,500,"Source2_Only",0.789919525624735
200,500,"Weighted",0.800508259212198
300,500,"Target_Only",0.806847545219638
300,500,"Source1_Only",0.709517657192076
300,500,"Source2_Only",0.818690783807063
300,500,"Weighted",0.825150732127476
100,1000,"Target_Only",0.74468085106383
100,1000,"Source1_Only",0.795744680851064
100,1000,"Source2_Only",0.819148936170213
100,1000,"Weighted",0.819148936170213
200,1000,"Target_Only",0.752533125487139
200,1000,"Source1_Only",0.672642244738893
200,1000,"Source2_Only",0.798908807482463
200,1000,"Weighted",0.830475448168355
300,1000,"Target_Only",0.759598494353827
300,1000,"Source1_Only",0.771643663739021
300,1000,"Source2_Only",0.786449184441656
300,1000,"Weighted",0.818569636135508
100,100,"Target_Only",0.656794425087108
100,100,"Source1_Only",0.709059233449477
100,100,"Source2_Only",0.749128919860627
100,100,"Weighted",0.778745644599303
200,100,"Target_Only",0.798402255639098
200,100,"Source1_Only",0.658834586466165
200,100,"Source2_Only",0.660244360902256
200,100,"Weighted",0.81296992481203
300,100,"Target_Only",0.823238566131026
300,100,"Source1_Only",0.596621343222085
300,100,"Source2_Only",0.77111660486197
300,100,"Weighted",0.812731767614339
100,300,"Target_Only",0.702651515151515
100,300,"Source1_Only",0.825757575757576
100,300,"Source2_Only",0.856060606060606
100,300,"Weighted",0.797348484848485
200,300,"Target_Only",0.826048565121413
200,300,"Source1_Only",0.701545253863135
200,300,"Source2_Only",0.771302428256071
200,300,"Weighted",0.869315673289183
300,300,"Target_Only",0.719878296146045
300,300,"Source1_Only",0.721095334685598
300,300,"Source2_Only",0.713793103448276
300,300,"Weighted",0.758620689655172
100,500,"Target_Only",0.677064220183486
100,500,"Source1_Only",0.735779816513761
100,500,"Source2_Only",0.76697247706422
100,500,"Weighted",0.777981651376147
200,500,"Target_Only",0.77428935086975
200,500,"Source1_Only",0.647008909630887
200,500,"Source2_Only",0.79210861264319
200,500,"Weighted",0.819686041578277
300,500,"Target_Only",0.748395662757247
300,500,"Source1_Only",0.674928081433946
300,500,"Source2_Only",0.732573578225271
300,500,"Weighted",0.774507634432397
100,1000,"Target_Only",0.792517006802721
100,1000,"Source1_Only",0.738095238095238
100,1000,"Source2_Only",0.865646258503401
100,1000,"Weighted",0.889455782312925
200,1000,"Target_Only",0.722624216111915
200,1000,"Source1_Only",0.749155812831645
200,1000,"Source2_Only",0.731307284129281
200,1000,"Weighted",0.769898697539797
300,1000,"Target_Only",0.777735490009515
300,1000,"Source1_Only",0.702378686964795
300,1000,"Source2_Only",0.782873453853473
300,1000,"Weighted",0.810275927687916
100,100,"Target_Only",0.707171314741036
100,100,"Source1_Only",0.699203187250996
100,100,"Source2_Only",0.762948207171315
100,100,"Weighted",0.784860557768924
200,100,"Target_Only",0.712399811409712
200,100,"Source1_Only",0.568128241395568
200,100,"Source2_Only",0.729372937293729
200,100,"Weighted",0.767090994813767
300,100,"Target_Only",0.733195449844881
300,100,"Source1_Only",0.612409513960703
300,100,"Source2_Only",0.738779731127198
300,100,"Weighted",0.754705274043433
100,300,"Target_Only",0.730250481695568
100,300,"Source1_Only",0.684007707129094
100,300,"Source2_Only",0.784200385356455
100,300,"Weighted",0.815028901734104
200,300,"Target_Only",0.713629402756508
200,300,"Source1_Only",0.685553854007147
200,300,"Source2_Only",0.688106176620725
200,300,"Weighted",0.747830525778458
300,300,"Target_Only",0.767615880274371
300,300,"Source1_Only",0.654541675327375
300,300,"Source2_Only",0.742049469964664
300,300,"Weighted",0.788401579713157
100,500,"Target_Only",0.66785079928952
100,500,"Source1_Only",0.72113676731794
100,500,"Source2_Only",0.776198934280639
100,500,"Weighted",0.790408525754885
200,500,"Target_Only",0.73914949583516
200,500,"Source1_Only",0.758439281017098
200,500,"Source2_Only",0.786497150372644
200,500,"Weighted",0.817623849188952
300,500,"Target_Only",0.80448372494072
300,500,"Source1_Only",0.688726018538478
300,500,"Source2_Only",0.746281526190989
300,500,"Weighted",0.821944384565639
100,1000,"Target_Only",0.724609375
100,1000,"Source1_Only",0.56640625
100,1000,"Source2_Only",0.705078125
100,1000,"Weighted",0.7578125
200,1000,"Target_Only",0.744240531042561
200,1000,"Source1_Only",0.664193674345959
200,1000,"Source2_Only",0.80124951190941
200,1000,"Weighted",0.810230378758298
300,1000,"Target_Only",0.708863743517209
300,1000,"Source1_Only",0.662894860914663
300,1000,"Source2_Only",0.810702498821311
300,1000,"Weighted",0.783828382838284
100,100,"Target_Only",0.856617647058824
100,100,"Source1_Only",0.761029411764706
100,100,"Source2_Only",0.8125
100,100,"Weighted",0.867647058823529
200,100,"Target_Only",0.789719626168224
200,100,"Source1_Only",0.544392523364486
200,100,"Source2_Only",0.782242990654206
200,100,"Weighted",0.809345794392523
300,100,"Target_Only",0.738237639553429
300,100,"Source1_Only",0.664872408293461
300,100,"Source2_Only",0.684409888357257
300,100,"Weighted",0.752392344497608
100,300,"Target_Only",0.643122676579926
100,300,"Source1_Only",0.643122676579926
100,300,"Source2_Only",0.697026022304833
100,300,"Weighted",0.726765799256506
200,300,"Target_Only",0.778403755868545
200,300,"Source1_Only",0.684976525821596
200,300,"Source2_Only",0.776995305164319
200,300,"Weighted",0.855868544600939
300,300,"Target_Only",0.754998182479099
300,300,"Source1_Only",0.659578335150854
300,300,"Source2_Only",0.807342784442021
300,300,"Weighted",0.80934205743366
100,500,"Target_Only",0.67828418230563
100,500,"Source1_Only",0.660857908847185
100,500,"Source2_Only",0.750670241286863
100,500,"Weighted",0.741286863270777
200,500,"Target_Only",0.667587476979742
200,500,"Source1_Only",0.581491712707182
200,500,"Source2_Only",0.825966850828729
200,500,"Weighted",0.770257826887661
300,500,"Target_Only",0.789250626083606
300,500,"Source1_Only",0.701598921209786
300,500,"Source2_Only",0.753419379695627
300,500,"Weighted",0.809477942592949
100,1000,"Target_Only",0.61038961038961
100,1000,"Source1_Only",0.693506493506494
100,1000,"Source2_Only",0.690909090909091
100,1000,"Weighted",0.67012987012987
200,1000,"Target_Only",0.740372133275638
200,1000,"Source1_Only",0.632193855473821
200,1000,"Source2_Only",0.769796624837733
200,1000,"Weighted",0.799653829511034
300,1000,"Target_Only",0.763663535439795
300,1000,"Source1_Only",0.670367207514944
300,1000,"Source2_Only",0.808497011101623
300,1000,"Weighted",0.825149444918873
100,100,"Target_Only",0.700218818380744
100,100,"Source1_Only",0.62144420131291
100,100,"Source2_Only",0.770240700218818
100,100,"Weighted",0.816192560175055
200,100,"Target_Only",0.837988826815642
200,100,"Source1_Only",0.702513966480447
200,100,"Source2_Only",0.756052141527002
200,100,"Weighted",0.844506517690875
300,100,"Target_Only",0.755686604886268
300,100,"Source1_Only",0.650800336983993
300,100,"Source2_Only",0.726621735467565
300,100,"Weighted",0.769797809604044
100,300,"Target_Only",0.575757575757576
100,300,"Source1_Only",0.65719696969697
100,300,"Source2_Only",0.679924242424242
100,300,"Weighted",0.643939393939394
200,300,"Target_Only",0.811038353601497
200,300,"Source1_Only",0.714686623012161
200,300,"Source2_Only",0.770346117867166
200,300,"Weighted",0.851262862488307
300,300,"Target_Only",0.743815592203898
300,300,"Source1_Only",0.639055472263868
300,300,"Source2_Only",0.767991004497751
300,300,"Weighted",0.786731634182908
100,500,"Target_Only",0.740402193784278
100,500,"Source1_Only",0.698354661791591
100,500,"Source2_Only",0.755027422303473
100,500,"Weighted",0.808043875685558
200,500,"Target_Only",0.710259797446059
200,500,"Source1_Only",0.760457948040511
200,500,"Source2_Only",0.75077058564509
200,500,"Weighted",0.776309995596653
300,500,"Target_Only",0.774849553849346
300,500,"Source1_Only",0.579788337829425
300,500,"Source2_Only",0.804731272048143
300,500,"Weighted",0.808673998754928
100,1000,"Target_Only",0.761904761904762
100,1000,"Source1_Only",0.726190476190476
100,1000,"Source2_Only",0.857142857142857
100,1000,"Weighted",0.830952380952381
200,1000,"Target_Only",0.771797631862218
200,1000,"Source1_Only",0.782023681377826
200,1000,"Source2_Only",0.731969860064586
200,1000,"Weighted",0.791173304628633
300,1000,"Target_Only",0.785005767012687
300,1000,"Source1_Only",0.607381776239908
300,1000,"Source2_Only",0.823068050749712
300,1000,"Weighted",0.825374855824683
100,100,"Target_Only",0.754504504504504
100,100,"Source1_Only",0.578828828828829
100,100,"Source2_Only",0.756756756756757
100,100,"Weighted",0.813063063063063
200,100,"Target_Only",0.793886823626601
200,100,"Source1_Only",0.615035109458901
200,100,"Source2_Only",0.808343659644775
200,100,"Weighted",0.832300702189178
300,100,"Target_Only",0.763957749514982
300,100,"Source1_Only",0.706833369260617
300,100,"Source2_Only",0.722785082992024
300,100,"Weighted",0.778400517352878
100,300,"Target_Only",0.724137931034483
100,300,"Source1_Only",0.674662668665667
100,300,"Source2_Only",0.758620689655172
100,300,"Weighted",0.821589205397301
200,300,"Target_Only",0.777310924369748
200,300,"Source1_Only",0.707749766573296
200,300,"Source2_Only",0.811391223155929
200,300,"Weighted",0.823996265172736
300,300,"Target_Only",0.743005415162455
300,300,"Source1_Only",0.708483754512635
300,300,"Source2_Only",0.749323104693141
300,300,"Weighted",0.789936823104693
100,500,"Target_Only",0.775092936802974
100,500,"Source1_Only",0.765799256505576
100,500,"Source2_Only",0.817843866171004
100,500,"Weighted",0.836431226765799
200,500,"Target_Only",0.726166328600406
200,500,"Source1_Only",0.703448275862069
200,500,"Source2_Only",0.753752535496957
200,500,"Weighted",0.778498985801217
300,500,"Target_Only",0.758489850123316
300,500,"Source1_Only",0.703282109656612
300,500,"Source2_Only",0.789034338835136
300,500,"Weighted",0.814456459874787
100,1000,"Target_Only",0.756554307116105
100,1000,"Source1_Only",0.805243445692884
100,1000,"Source2_Only",0.882022471910112
100,1000,"Weighted",0.930711610486891
200,1000,"Target_Only",0.763028515240905
200,1000,"Source1_Only",0.722713864306785
200,1000,"Source2_Only",0.741396263520157
200,1000,"Weighted",0.792035398230089
300,1000,"Target_Only",0.724765776913558
300,1000,"Source1_Only",0.628424960226268
300,1000,"Source2_Only",0.766130457839844
300,1000,"Weighted",0.770372989216899
100,100,"Target_Only",0.638671875
100,100,"Source1_Only",0.70703125
100,100,"Source2_Only",0.708984375
100,100,"Weighted",0.748046875
200,100,"Target_Only",0.757683741648107
200,100,"Source1_Only",0.64543429844098
200,100,"Source2_Only",0.726503340757238
200,100,"Weighted",0.764365256124722
300,100,"Target_Only",0.828272027373824
300,100,"Source1_Only",0.716852010265184
300,100,"Source2_Only",0.696749358426005
300,100,"Weighted",0.804106073567151
100,300,"Target_Only",0.817152103559871
100,300,"Source1_Only",0.770226537216828
100,300,"Source2_Only",0.784789644012945
100,300,"Weighted",0.864077669902913
200,300,"Target_Only",0.732704402515723
200,300,"Source1_Only",0.69047619047619
200,300,"Source2_Only",0.772686433063791
200,300,"Weighted",0.811320754716981
300,300,"Target_Only",0.752032520325203
300,300,"Source1_Only",0.680145485665383
300,300,"Source2_Only",0.805091998288404
300,300,"Weighted",0.809584937954643
100,500,"Target_Only",0.702702702702703
100,500,"Source1_Only",0.643243243243243
100,500,"Source2_Only",0.735135135135135
100,500,"Weighted",0.740540540540541
200,500,"Target_Only",0.673922321809646
200,500,"Source1_Only",0.65044814340589
200,500,"Source2_Only",0.738369611609048
200,500,"Weighted",0.762270593256509
300,500,"Target_Only",0.760794648287046
300,500,"Source1_Only",0.622744780052706
300,500,"Source2_Only",0.778430975065883
300,500,"Weighted",0.798905331441314
100,1000,"Target_Only",0.689727463312369
100,1000,"Source1_Only",0.60377358490566
100,1000,"Source2_Only",0.744234800838574
100,1000,"Weighted",0.786163522012579
200,1000,"Target_Only",0.751479289940828
200,1000,"Source1_Only",0.668183887118798
200,1000,"Source2_Only",0.74101046882112
200,1000,"Weighted",0.811106053709604
300,1000,"Target_Only",0.819108761329305
300,1000,"Source1_Only",0.6952416918429
300,1000,"Source2_Only",0.785687311178248
300,1000,"Weighted",0.844977341389728
100,100,"Target_Only",0.71841155234657
100,100,"Source1_Only",0.545126353790614
100,100,"Source2_Only",0.763537906137184
100,100,"Weighted",0.779783393501805
200,100,"Target_Only",0.758603736479843
200,100,"Source1_Only",0.650934119960669
200,100,"Source2_Only",0.714847590953786
200,100,"Weighted",0.772861356932153
300,100,"Target_Only",0.729314946619217
300,100,"Source1_Only",0.658362989323843
300,100,"Source2_Only",0.746886120996441
300,100,"Weighted",0.774466192170818
100,300,"Target_Only",0.804347826086957
100,300,"Source1_Only",0.666666666666667
100,300,"Source2_Only",0.79951690821256
100,300,"Weighted",0.814009661835749
200,300,"Target_Only",0.741371375977911
200,300,"Source1_Only",0.73907040957202
200,300,"Source2_Only",0.821905200184077
200,300,"Weighted",0.829268292682927
300,300,"Target_Only",0.73094543940025
300,300,"Source1_Only",0.665347771761766
300,300,"Source2_Only",0.750728862973761
300,300,"Weighted",0.760724698042482
100,500,"Target_Only",0.614341085271318
100,500,"Source1_Only",0.614341085271318
100,500,"Source2_Only",0.728682170542636
100,500,"Weighted",0.748062015503876
200,500,"Target_Only",0.688571428571429
200,500,"Source1_Only",0.551904761904762
200,500,"Source2_Only",0.794285714285714
200,500,"Weighted",0.761904761904762
300,500,"Target_Only",0.744288064339243
300,500,"Source1_Only",0.61579235971486
300,500,"Source2_Only",0.780478888685798
300,500,"Weighted",0.785962346920124
100,1000,"Target_Only",0.820284697508897
100,1000,"Source1_Only",0.823843416370107
100,1000,"Source2_Only",0.861209964412811
100,1000,"Weighted",0.866548042704626
200,1000,"Target_Only",0.756525652565257
200,1000,"Source1_Only",0.63051305130513
200,1000,"Source2_Only",0.803330333033303
200,1000,"Weighted",0.804680468046805
300,1000,"Target_Only",0.758643470601189
300,1000,"Source1_Only",0.641488658885708
300,1000,"Source2_Only",0.79211627394847
300,1000,"Weighted",0.79630037436688
100,100,"Target_Only",0.711864406779661
100,100,"Source1_Only",0.640677966101695
100,100,"Source2_Only",0.630508474576271
100,100,"Weighted",0.701694915254237
200,100,"Target_Only",0.774647887323944
200,100,"Source1_Only",0.709963484611372
200,100,"Source2_Only",0.761606677099635
200,100,"Weighted",0.798643714136672
300,100,"Target_Only",0.798309178743961
300,100,"Source1_Only",0.728059581320451
300,100,"Source2_Only",0.746578099838969
300,100,"Weighted",0.802938808373591
100,300,"Target_Only",0.715746421267894
100,300,"Source1_Only",0.609406952965235
100,300,"Source2_Only",0.768916155419223
100,300,"Weighted",0.81799591002045
200,300,"Target_Only",0.744593202883625
200,300,"Source1_Only",0.663748712667353
200,300,"Source2_Only",0.804840370751802
200,300,"Weighted",0.811534500514933
300,300,"Target_Only",0.752080221890335
300,300,"Source1_Only",0.703008320887561
300,300,"Source2_Only",0.742905909963729
300,300,"Weighted",0.777682952848304
100,500,"Target_Only",0.713080168776371
100,500,"Source1_Only",0.666666666666667
100,500,"Source2_Only",0.805907172995781
100,500,"Weighted",0.835443037974684
200,500,"Target_Only",0.793421052631579
200,500,"Source1_Only",0.742982456140351
200,500,"Source2_Only",0.739473684210526
200,500,"Weighted",0.807456140350877
300,500,"Target_Only",0.77361530715005
300,500,"Source1_Only",0.657603222557905
300,500,"Source2_Only",0.794159113796576
300,500,"Weighted",0.81852970795569
100,1000,"Target_Only",0.609427609427609
100,1000,"Source1_Only",0.754208754208754
100,1000,"Source2_Only",0.818181818181818
100,1000,"Weighted",0.828282828282828
200,1000,"Target_Only",0.709555345316935
200,1000,"Source1_Only",0.675023651844844
200,1000,"Source2_Only",0.754493850520341
200,1000,"Weighted",0.787606433301798
300,1000,"Target_Only",0.739258967284194
300,1000,"Source1_Only",0.696689002759164
300,1000,"Source2_Only",0.758573117855735
300,1000,"Weighted",0.798975167520694
100,100,"Target_Only",0.674057649667406
100,100,"Source1_Only",0.64079822616408
100,100,"Source2_Only",0.696230598669623
100,100,"Weighted",0.689578713968958
200,100,"Target_Only",0.685774946921444
200,100,"Source1_Only",0.580042462845011
200,100,"Source2_Only",0.695966029723992
200,100,"Weighted",0.722717622080679
300,100,"Target_Only",0.727387251196775
300,100,"Source1_Only",0.630385487528345
300,100,"Source2_Only",0.683043587805493
300,100,"Weighted",0.780297304106828
100,300,"Target_Only",0.676356589147287
100,300,"Source1_Only",0.624031007751938
100,300,"Source2_Only",0.687984496124031
100,300,"Weighted",0.738372093023256
200,300,"Target_Only",0.733230134158927
200,300,"Source1_Only",0.682146542827657
200,300,"Source2_Only",0.754901960784314
200,300,"Weighted",0.791537667698658
300,300,"Target_Only",0.766604303086997
300,300,"Source1_Only",0.623012160898036
300,300,"Source2_Only",0.742282507015903
300,300,"Weighted",0.783208606173994
100,500,"Target_Only",0.602671118530885
100,500,"Source1_Only",0.66110183639399
100,500,"Source2_Only",0.791318864774624
100,500,"Weighted",0.806343906510851
200,500,"Target_Only",0.770020533880903
200,500,"Source1_Only",0.691170431211499
200,500,"Source2_Only",0.774537987679671
200,500,"Weighted",0.803285420944559
300,500,"Target_Only",0.795542046605876
300,500,"Source1_Only",0.726241134751773
300,500,"Source2_Only",0.771631205673759
300,500,"Weighted",0.81742654508612
100,1000,"Target_Only",0.793617021276596
100,1000,"Source1_Only",0.717021276595745
100,1000,"Source2_Only",0.846808510638298
100,1000,"Weighted",0.876595744680851
200,1000,"Target_Only",0.714354066985646
200,1000,"Source1_Only",0.777511961722488
200,1000,"Source2_Only",0.773205741626794
200,1000,"Weighted",0.812918660287081
300,1000,"Target_Only",0.796289355322339
300,1000,"Source1_Only",0.738943028485757
300,1000,"Source2_Only",0.784857571214393
300,1000,"Weighted",0.836394302848576
100,100,"Target_Only",0.727835051546392
100,100,"Source1_Only",0.709278350515464
100,100,"Source2_Only",0.775257731958763
100,100,"Weighted",0.810309278350515
200,100,"Target_Only",0.712071395021137
200,100,"Source1_Only",0.625645843118835
200,100,"Source2_Only",0.775951150775012
200,100,"Weighted",0.785345232503523
300,100,"Target_Only",0.768098159509202
300,100,"Source1_Only",0.664826175869121
300,100,"Source2_Only",0.716359918200409
300,100,"Weighted",0.773415132924335
100,300,"Target_Only",0.760820045558087
100,300,"Source1_Only",0.635535307517084
100,300,"Source2_Only",0.75626423690205
100,300,"Weighted",0.785876993166287
200,300,"Target_Only",0.704684317718941
200,300,"Source1_Only",0.673625254582485
200,300,"Source2_Only",0.732179226069246
200,300,"Weighted",0.729124236252546
300,300,"Target_Only",0.791592920353982
300,300,"Source1_Only",0.727433628318584
300,300,"Source2_Only",0.717699115044248
300,300,"Weighted",0.797345132743363
100,500,"Target_Only",0.665961945031712
100,500,"Source1_Only",0.699788583509514
100,500,"Source2_Only",0.822410147991543
100,500,"Weighted",0.782241014799154
200,500,"Target_Only",0.771182383915749
200,500,"Source1_Only",0.694590713259933
200,500,"Source2_Only",0.800861656294878
200,500,"Weighted",0.817616084250838
300,500,"Target_Only",0.7747277676951
300,500,"Source1_Only",0.672867513611615
300,500,"Source2_Only",0.775635208711434
300,500,"Weighted",0.809664246823956
100,1000,"Target_Only",0.608610567514677
100,1000,"Source1_Only",0.675146771037182
100,1000,"Source2_Only",0.73385518590998
100,1000,"Weighted",0.771037181996086
200,1000,"Target_Only",0.747474747474748
200,1000,"Source1_Only",0.657483930211203
200,1000,"Source2_Only",0.771349862258953
200,1000,"Weighted",0.822314049586777
300,1000,"Target_Only",0.7749144352728
300,1000,"Source1_Only",0.679887255888867
300,1000,"Source2_Only",0.761425407690759
300,1000,"Weighted",0.804912421985102
100,100,"Target_Only",0.783681214421252
100,100,"Source1_Only",0.614800759013283
100,100,"Source2_Only",0.785578747628084
100,100,"Weighted",0.806451612903226
200,100,"Target_Only",0.785017730496454
200,100,"Source1_Only",0.620567375886525
200,100,"Source2_Only",0.594414893617021
200,100,"Weighted",0.767730496453901
300,100,"Target_Only",0.765679442508711
300,100,"Source1_Only",0.628919860627178
300,100,"Source2_Only",0.71537456445993
300,100,"Weighted",0.77852787456446
100,300,"Target_Only",0.733075435203095
100,300,"Source1_Only",0.673114119922631
100,300,"Source2_Only",0.785299806576402
100,300,"Weighted",0.822050290135397
200,300,"Target_Only",0.776487663280116
200,300,"Source1_Only",0.595549104983067
200,300,"Source2_Only",0.798258345428157
200,300,"Weighted",0.801644895984519
300,300,"Target_Only",0.736705014108965
300,300,"Source1_Only",0.679183850662036
300,300,"Source2_Only",0.72151074451921
300,300,"Weighted",0.780117212936835
100,500,"Target_Only",0.733463035019455
100,500,"Source1_Only",0.675097276264591
100,500,"Source2_Only",0.815175097276265
100,500,"Weighted",0.848249027237354
200,500,"Target_Only",0.702664796633941
200,500,"Source1_Only",0.717625058438523
200,500,"Source2_Only",0.715287517531557
200,500,"Weighted",0.781673679289388
300,500,"Target_Only",0.770513803680982
300,500,"Source1_Only",0.714915644171779
300,500,"Source2_Only",0.765337423312883
300,500,"Weighted",0.814608895705522
100,1000,"Target_Only",0.64760147601476
100,1000,"Source1_Only",0.64760147601476
100,1000,"Source2_Only",0.714022140221402
100,1000,"Weighted",0.730627306273063
200,1000,"Target_Only",0.788535645472062
200,1000,"Source1_Only",0.718208092485549
200,1000,"Source2_Only",0.788053949903661
200,1000,"Weighted",0.828516377649326
300,1000,"Target_Only",0.77340206185567
300,1000,"Source1_Only",0.711134020618557
300,1000,"Source2_Only",0.837938144329897
300,1000,"Weighted",0.839175257731959
100,100,"Target_Only",0.661654135338346
100,100,"Source1_Only",0.548872180451128
100,100,"Source2_Only",0.740601503759398
100,100,"Weighted",0.710526315789474
200,100,"Target_Only",0.748490077653149
200,100,"Source1_Only",0.685073339085418
200,100,"Source2_Only",0.705780845556514
200,100,"Weighted",0.768766177739431
300,100,"Target_Only",0.768607790204396
300,100,"Source1_Only",0.596991901272657
300,100,"Source2_Only",0.782684149633629
300,100,"Weighted",0.79367527959892
100,300,"Target_Only",0.561135371179039
100,300,"Source1_Only",0.585152838427948
100,300,"Source2_Only",0.775109170305677
100,300,"Weighted",0.716157205240175
200,300,"Target_Only",0.766406608536026
200,300,"Source1_Only",0.652592932537861
200,300,"Source2_Only",0.736576411197797
200,300,"Weighted",0.787976135842129
300,300,"Target_Only",0.81705078523353
300,300,"Source1_Only",0.744034264735876
300,300,"Source2_Only",0.789924535998368
300,300,"Weighted",0.845604731796859
100,500,"Target_Only",0.742537313432836
100,500,"Source1_Only",0.641791044776119
100,500,"Source2_Only",0.738805970149254
100,500,"Weighted",0.833955223880597
200,500,"Target_Only",0.765937645416473
200,500,"Source1_Only",0.702652396463471
200,500,"Source2_Only",0.758492322010237
200,500,"Weighted",0.804560260586319
300,500,"Target_Only",0.732000859660434
300,500,"Source1_Only",0.702772404900065
300,500,"Source2_Only",0.771545239630346
300,500,"Weighted",0.796475392220073
100,1000,"Target_Only",0.739635157545605
100,1000,"Source1_Only",0.681592039800995
100,1000,"Source2_Only",0.835820895522388
100,1000,"Weighted",0.824212271973466
200,1000,"Target_Only",0.730943967693084
200,1000,"Source1_Only",0.676426047450782
200,1000,"Source2_Only",0.749621403331651
200,1000,"Weighted",0.774356385663806
300,1000,"Target_Only",0.792570951585977
300,1000,"Source1_Only",0.674040066777963
300,1000,"Source2_Only",0.805926544240401
300,1000,"Weighted",0.840776293823038
100,100,"Target_Only",0.70817843866171
100,100,"Source1_Only",0.661710037174721
100,100,"Source2_Only",0.732342007434944
100,100,"Weighted",0.741635687732342
200,100,"Target_Only",0.763134851138354
200,100,"Source1_Only",0.644483362521891
200,100,"Source2_Only",0.728108581436077
200,100,"Weighted",0.792907180385289
300,100,"Target_Only",0.757300454250487
300,100,"Source1_Only",0.6404931862427
300,100,"Source2_Only",0.718797317759031
300,100,"Weighted",0.785853341985724
100,300,"Target_Only",0.686
100,300,"Source1_Only",0.658
100,300,"Source2_Only",0.746
100,300,"Weighted",0.8
200,300,"Target_Only",0.788089330024814
200,300,"Source1_Only",0.733498759305211
200,300,"Source2_Only",0.796526054590571
200,300,"Weighted",0.828287841191067
300,300,"Target_Only",0.737758433079434
300,300,"Source1_Only",0.653971708378672
300,300,"Source2_Only",0.737323177366703
300,300,"Weighted",0.768008705114255
100,500,"Target_Only",0.688026981450253
100,500,"Source1_Only",0.659359190556492
100,500,"Source2_Only",0.72849915682968
100,500,"Weighted",0.81787521079258
200,500,"Target_Only",0.801989578398863
200,500,"Source1_Only",0.759355755566082
200,500,"Source2_Only",0.814306016106111
200,500,"Weighted",0.849834201800095
300,500,"Target_Only",0.789085215835384
300,500,"Source1_Only",0.737866249161261
300,500,"Source2_Only",0.696264817714158
300,500,"Weighted",0.799373741892194
100,1000,"Target_Only",0.837476099426386
100,1000,"Source1_Only",0.820267686424474
100,1000,"Source2_Only",0.772466539196941
100,1000,"Weighted",0.8565965583174
200,1000,"Target_Only",0.7292351008916
200,1000,"Source1_Only",0.685124354763022
200,1000,"Source2_Only",0.784608165180666
200,1000,"Weighted",0.805255748474894
300,1000,"Target_Only",0.792685475444096
300,1000,"Source1_Only",0.725809822361547
300,1000,"Source2_Only",0.815569487983281
300,1000,"Weighted",0.863740856844305
100,100,"Target_Only",0.864814814814815
100,100,"Source1_Only",0.596296296296296
100,100,"Source2_Only",0.774074074074074
100,100,"Weighted",0.864814814814815
200,100,"Target_Only",0.787262872628726
200,100,"Source1_Only",0.613821138211382
200,100,"Source2_Only",0.784552845528455
200,100,"Weighted",0.82836495031617
300,100,"Target_Only",0.82647476180823
300,100,"Source1_Only",0.591323738090411
300,100,"Source2_Only",0.743563754307723
300,100,"Weighted",0.820190553415771
100,300,"Target_Only",0.63265306122449
100,300,"Source1_Only",0.719851576994434
100,300,"Source2_Only",0.794063079777366
100,300,"Weighted",0.816326530612245
200,300,"Target_Only",0.832665330661323
200,300,"Source1_Only",0.744488977955912
200,300,"Source2_Only",0.748997995991984
200,300,"Weighted",0.827154308617234
300,300,"Target_Only",0.786948566781866
300,300,"Source1_Only",0.668021955682049
300,300,"Source2_Only",0.795080300874161
300,300,"Weighted",0.832689571051027
100,500,"Target_Only",0.65981308411215
100,500,"Source1_Only",0.706542056074766
100,500,"Source2_Only",0.654205607476635
100,500,"Weighted",0.749532710280374
200,500,"Target_Only",0.695160560832203
200,500,"Source1_Only",0.685662596110357
200,500,"Source2_Only",0.712799638172772
200,500,"Weighted",0.753052917232022
300,500,"Target_Only",0.827737809752198
300,500,"Source1_Only",0.653077537969624
300,500,"Source2_Only",0.79136690647482
300,500,"Weighted",0.834732214228617
100,1000,"Target_Only",0.658995815899582
100,1000,"Source1_Only",0.656903765690377
100,1000,"Source2_Only",0.780334728033473
100,1000,"Weighted",0.792887029288703
200,1000,"Target_Only",0.673862036602534
200,1000,"Source1_Only",0.651806663538245
200,1000,"Source2_Only",0.754575316752698
200,1000,"Weighted",0.747067104645706
300,1000,"Target_Only",0.777024331870762
300,1000,"Source1_Only",0.690466693258875
300,1000,"Source2_Only",0.777822098125249
300,1000,"Weighted",0.812923813322696
100,100,"Target_Only",0.801552106430155
100,100,"Source1_Only",0.731707317073171
100,100,"Source2_Only",0.780487804878049
100,100,"Weighted",0.858093126385809
200,100,"Target_Only",0.76695652173913
200,100,"Source1_Only",0.675652173913043
200,100,"Source2_Only",0.774782608695652
200,100,"Weighted",0.799565217391304
300,100,"Target_Only",0.718556701030928
300,100,"Source1_Only",0.654845360824742
300,100,"Source2_Only",0.703711340206186
300,100,"Weighted",0.728659793814433
100,300,"Target_Only",0.694488188976378
100,300,"Source1_Only",0.681889763779528
100,300,"Source2_Only",0.733858267716535
100,300,"Weighted",0.762204724409449
200,300,"Target_Only",0.735922330097087
200,300,"Source1_Only",0.710194174757282
200,300,"Source2_Only",0.783495145631068
200,300,"Weighted",0.796601941747573
300,300,"Target_Only",0.772062084257206
300,300,"Source1_Only",0.731485587583149
300,300,"Source2_Only",0.753880266075388
300,300,"Weighted",0.801330376940133
100,500,"Target_Only",0.683582089552239
100,500,"Source1_Only",0.634328358208955
100,500,"Source2_Only",0.747761194029851
100,500,"Weighted",0.734328358208955
200,500,"Target_Only",0.783318223028105
200,500,"Source1_Only",0.707615593834996
200,500,"Source2_Only",0.796010879419764
200,500,"Weighted",0.826835902085222
300,500,"Target_Only",0.732032365540219
300,500,"Source1_Only",0.619228938600666
300,500,"Source2_Only",0.734888148500714
300,500,"Weighted",0.757734412184674
100,1000,"Target_Only",0.77991452991453
100,1000,"Source1_Only",0.713675213675214
100,1000,"Source2_Only",0.745726495726496
100,1000,"Weighted",0.767094017094017
200,1000,"Target_Only",0.752899197145406
200,1000,"Source1_Only",0.768064228367529
200,1000,"Source2_Only",0.677520071364853
200,1000,"Weighted",0.793041926851026
300,1000,"Target_Only",0.79045279045279
300,1000,"Source1_Only",0.682169182169182
300,1000,"Source2_Only",0.77044577044577
300,1000,"Weighted",0.823095823095823
100,100,"Target_Only",0.555963302752294
100,100,"Source1_Only",0.581651376146789
100,100,"Source2_Only",0.831192660550459
100,100,"Weighted",0.73394495412844
200,100,"Target_Only",0.742550655542312
200,100,"Source1_Only",0.67699642431466
200,100,"Source2_Only",0.626936829558999
200,100,"Weighted",0.751489868891538
300,100,"Target_Only",0.739284921163669
300,100,"Source1_Only",0.661558960692871
300,100,"Source2_Only",0.73217854763491
300,100,"Weighted",0.767710415278703
100,300,"Target_Only",0.750922509225092
100,300,"Source1_Only",0.697416974169742
100,300,"Source2_Only",0.767527675276753
100,300,"Weighted",0.819188191881919
200,300,"Target_Only",0.66463700234192
200,300,"Source1_Only",0.675878220140515
200,300,"Source2_Only",0.746135831381733
200,300,"Weighted",0.753629976580796
300,300,"Target_Only",0.778923012200252
300,300,"Source1_Only",0.655658392932268
300,300,"Source2_Only",0.791754312158183
300,300,"Weighted",0.834034497265461
100,500,"Target_Only",0.780632411067194
100,500,"Source1_Only",0.636363636363636
100,500,"Source2_Only",0.837944664031621
100,500,"Weighted",0.859683794466403
200,500,"Target_Only",0.712432915921288
200,500,"Source1_Only",0.674418604651163
200,500,"Source2_Only",0.754472271914132
200,500,"Weighted",0.76520572450805
300,500,"Target_Only",0.784517347179608
300,500,"Source1_Only",0.692943120132169
300,500,"Source2_Only",0.751475100306821
300,500,"Weighted",0.819211706396035
100,1000,"Target_Only",0.690802348336595
100,1000,"Source1_Only",0.649706457925636
100,1000,"Source2_Only",0.776908023483366
100,1000,"Weighted",0.759295499021526
200,1000,"Target_Only",0.727154046997389
200,1000,"Source1_Only",0.695822454308094
200,1000,"Source2_Only",0.792863359442994
200,1000,"Weighted",0.792863359442994
300,1000,"Target_Only",0.740530303030303
300,1000,"Source1_Only",0.698390151515151
300,1000,"Source2_Only",0.785748106060606
300,1000,"Weighted",0.826231060606061
100,100,"Target_Only",0.650717703349282
100,100,"Source1_Only",0.725677830940989
100,100,"Source2_Only",0.708133971291866
100,100,"Weighted",0.748006379585327
200,100,"Target_Only",0.711805555555556
200,100,"Source1_Only",0.697916666666667
200,100,"Source2_Only",0.739583333333333
200,100,"Weighted",0.743055555555556
300,100,"Target_Only",0.770093457943925
300,100,"Source1_Only",0.705981308411215
300,100,"Source2_Only",0.762242990654206
300,100,"Weighted",0.821308411214953
100,300,"Target_Only",0.669354838709677
100,300,"Source1_Only",0.711693548387097
100,300,"Source2_Only",0.798387096774194
100,300,"Weighted",0.840725806451613
200,300,"Target_Only",0.745664739884393
200,300,"Source1_Only",0.714095153401512
200,300,"Source2_Only",0.702089817696754
200,300,"Weighted",0.775011116051578
300,300,"Target_Only",0.764635364635365
300,300,"Source1_Only",0.72007992007992
300,300,"Source2_Only",0.756443556443556
300,300,"Weighted",0.8001998001998
100,500,"Target_Only",0.742251223491028
100,500,"Source1_Only",0.706362153344209
100,500,"Source2_Only",0.840130505709625
100,500,"Weighted",0.861337683523654
200,500,"Target_Only",0.762290927521541
200,500,"Source1_Only",0.697415103902686
200,500,"Source2_Only",0.75772934617334
200,500,"Weighted",0.802331474911303
300,500,"Target_Only",0.779234290470246
300,500,"Source1_Only",0.637952559300874
300,500,"Source2_Only",0.78568456096546
300,500,"Weighted",0.808780690803163
100,1000,"Target_Only",0.688073394495413
100,1000,"Source1_Only",0.640366972477064
100,1000,"Source2_Only",0.779816513761468
100,1000,"Weighted",0.78348623853211
200,1000,"Target_Only",0.791666666666667
200,1000,"Source1_Only",0.760890151515151
200,1000,"Source2_Only",0.752840909090909
200,1000,"Weighted",0.834280303030303
300,1000,"Target_Only",0.76624203821656
300,1000,"Source1_Only",0.694904458598726
300,1000,"Source2_Only",0.746496815286624
300,1000,"Weighted",0.780042462845011
100,100,"Target_Only",0.689984101748808
100,100,"Source1_Only",0.621621621621622
100,100,"Source2_Only",0.744038155802862
100,100,"Weighted",0.779014308426073
200,100,"Target_Only",0.795240233497979
200,100,"Source1_Only",0.704086214638527
200,100,"Source2_Only",0.769645262685227
200,100,"Weighted",0.840592725639874
300,100,"Target_Only",0.769739478957916
300,100,"Source1_Only",0.682765531062124
300,100,"Source2_Only",0.712625250501002
300,100,"Weighted",0.787575150300601
100,300,"Target_Only",0.820224719101124
100,300,"Source1_Only",0.643659711075441
100,300,"Source2_Only",0.749598715890851
100,300,"Weighted",0.829855537720706
200,300,"Target_Only",0.70017873100983
200,300,"Source1_Only",0.717605004468275
200,300,"Source2_Only",0.740840035746202
200,300,"Weighted",0.803842716711349
300,300,"Target_Only",0.795315315315315
300,300,"Source1_Only",0.658198198198198
300,300,"Source2_Only",0.73963963963964
300,300,"Weighted",0.808648648648649
100,500,"Target_Only",0.680284191829485
100,500,"Source1_Only",0.660746003552398
100,500,"Source2_Only",0.680284191829485
100,500,"Weighted",0.765541740674956
200,500,"Target_Only",0.698622881355932
200,500,"Source1_Only",0.691207627118644
200,500,"Source2_Only",0.815148305084746
200,500,"Weighted",0.808262711864407
300,500,"Target_Only",0.776742380120365
300,500,"Source1_Only",0.649582605319355
300,500,"Source2_Only",0.803533294505921
300,500,"Weighted",0.837895554261308
100,1000,"Target_Only",0.741379310344828
100,1000,"Source1_Only",0.674568965517241
100,1000,"Source2_Only",0.732758620689655
100,1000,"Weighted",0.793103448275862
200,1000,"Target_Only",0.762125902992776
200,1000,"Source1_Only",0.70485036119711
200,1000,"Source2_Only",0.81062951496388
200,1000,"Weighted",0.841589267285862
300,1000,"Target_Only",0.821878453038674
300,1000,"Source1_Only",0.710718232044199
300,1000,"Source2_Only",0.831602209944751
300,1000,"Weighted",0.863867403314917
100,100,"Target_Only",0.704672897196262
100,100,"Source1_Only",0.657943925233645
100,100,"Source2_Only",0.607476635514019
100,100,"Weighted",0.689719626168224
200,100,"Target_Only",0.757862990090478
200,100,"Source1_Only",0.717363205514864
200,100,"Source2_Only",0.692804825506247
200,100,"Weighted",0.769495906936665
300,100,"Target_Only",0.71725768321513
300,100,"Source1_Only",0.606146572104019
300,100,"Source2_Only",0.700709219858156
300,100,"Weighted",0.754609929078014
100,300,"Target_Only",0.722222222222222
100,300,"Source1_Only",0.623931623931624
100,300,"Source2_Only",0.777777777777778
100,300,"Weighted",0.769230769230769
200,300,"Target_Only",0.732888888888889
200,300,"Source1_Only",0.663555555555556
200,300,"Source2_Only",0.714222222222222
200,300,"Weighted",0.770222222222222
300,300,"Target_Only",0.745225438078362
300,300,"Source1_Only",0.718842291789722
300,300,"Source2_Only",0.75329789328608
300,300,"Weighted",0.788147273085253
100,500,"Target_Only",0.705996131528046
100,500,"Source1_Only",0.661508704061896
100,500,"Source2_Only",0.804642166344294
100,500,"Weighted",0.81431334622824
200,500,"Target_Only",0.754607177497575
200,500,"Source1_Only",0.740058195926285
200,500,"Source2_Only",0.858874878758487
200,500,"Weighted",0.842386032977692
300,500,"Target_Only",0.752903484181017
300,500,"Source1_Only",0.635963155786944
300,500,"Source2_Only",0.760112134561474
300,500,"Weighted",0.796756107328795
100,1000,"Target_Only",0.789377289377289
100,1000,"Source1_Only",0.76007326007326
100,1000,"Source2_Only",0.802197802197802
100,1000,"Weighted",0.853479853479854
200,1000,"Target_Only",0.67948717948718
200,1000,"Source1_Only",0.610161443494777
200,1000,"Source2_Only",0.787274453941121
200,1000,"Weighted",0.780151946818614
300,1000,"Target_Only",0.74146042135406
300,1000,"Source1_Only",0.672530169768869
300,1000,"Source2_Only",0.752505624872162
300,1000,"Weighted",0.8048680711802
100,100,"Target_Only",0.687392055267703
100,100,"Source1_Only",0.673575129533679
100,100,"Source2_Only",0.797927461139896
100,100,"Weighted",0.784110535405872
200,100,"Target_Only",0.793742280773981
200,100,"Source1_Only",0.54055166735282
200,100,"Source2_Only",0.748867846850556
200,100,"Weighted",0.792507204610951
300,100,"Target_Only",0.738965670976371
300,100,"Source1_Only",0.615470352206866
300,100,"Source2_Only",0.691261703076237
300,100,"Weighted",0.739411502452073
100,300,"Target_Only",0.679702048417132
100,300,"Source1_Only",0.685288640595903
100,300,"Source2_Only",0.819366852886406
100,300,"Weighted",0.832402234636872
200,300,"Target_Only",0.809913969684556
200,300,"Source1_Only",0.703809913969685
200,300,"Source2_Only",0.787382220401475
200,300,"Weighted",0.842277755018435
300,300,"Target_Only",0.76356050069541
300,300,"Source1_Only",0.687661434532088
300,300,"Source2_Only",0.7681303397576
300,300,"Weighted",0.811444466520962
100,500,"Target_Only",0.652830188679245
100,500,"Source1_Only",0.609433962264151
100,500,"Source2_Only",0.675471698113208
100,500,"Weighted",0.737735849056604
200,500,"Target_Only",0.758698599186624
200,500,"Source1_Only",0.611387257117036
200,500,"Source2_Only",0.750564844103027
200,500,"Weighted",0.77315860822413
300,500,"Target_Only",0.810351341140914
300,500,"Source1_Only",0.761428031734039
300,500,"Source2_Only",0.804306762372497
300,500,"Weighted",0.849452210049112
100,1000,"Target_Only",0.852941176470588
100,1000,"Source1_Only",0.678571428571429
100,1000,"Source2_Only",0.808823529411765
100,1000,"Weighted",0.865546218487395
200,1000,"Target_Only",0.75619666802113
200,1000,"Source1_Only",0.721657862657456
200,1000,"Source2_Only",0.831775700934579
200,1000,"Weighted",0.84315318976026
300,1000,"Target_Only",0.759195285511075
300,1000,"Source1_Only",0.717333875228612
300,1000,"Source2_Only",0.780938833570412
300,1000,"Weighted",0.802275960170697
100,100,"Target_Only",0.868613138686131
100,100,"Source1_Only",0.713503649635036
100,100,"Source2_Only",0.85036496350365
100,100,"Weighted",0.881386861313869
200,100,"Target_Only",0.727699530516432
200,100,"Source1_Only",0.631194574856547
200,100,"Source2_Only",0.734480959833072
200,100,"Weighted",0.781950965049557
300,100,"Target_Only",0.769437598028232
300,100,"Source1_Only",0.601837329150795
300,100,"Source2_Only",0.71947120770782
300,100,"Weighted",0.770781985211741
100,300,"Target_Only",0.712933753943218
100,300,"Source1_Only",0.698738170347003
100,300,"Source2_Only",0.772870662460568
100,300,"Weighted",0.757097791798107
200,300,"Target_Only",0.721377459749553
200,300,"Source1_Only",0.722271914132379
200,300,"Source2_Only",0.761627906976744
200,300,"Weighted",0.788014311270125
300,300,"Target_Only",0.734594856865599
300,300,"Source1_Only",0.656720038816109
300,300,"Source2_Only",0.722464822901504
300,300,"Weighted",0.772683163512858
100,500,"Target_Only",0.782685512367491
100,500,"Source1_Only",0.745583038869258
100,500,"Source2_Only",0.862190812720848
100,500,"Weighted",0.853356890459364
200,500,"Target_Only",0.748878923766816
200,500,"Source1_Only",0.703039362232187
200,500,"Source2_Only",0.747384155455904
200,500,"Weighted",0.798206278026906
300,500,"Target_Only",0.798026315789474
300,500,"Source1_Only",0.689035087719298
300,500,"Source2_Only",0.831798245614035
300,500,"Weighted",0.8375
100,1000,"Target_Only",0.686567164179104
100,1000,"Source1_Only",0.743283582089552
100,1000,"Source2_Only",0.776119402985075
100,1000,"Weighted",0.805970149253731
200,1000,"Target_Only",0.772219524040797
200,1000,"Source1_Only",0.635745507527926
200,1000,"Source2_Only",0.789218067022827
200,1000,"Weighted",0.800874210781933
300,1000,"Target_Only",0.744360902255639
300,1000,"Source1_Only",0.729323308270677
300,1000,"Source2_Only",0.758031442241969
300,1000,"Weighted",0.799270904534062
100,100,"Target_Only",0.881578947368421
100,100,"Source1_Only",0.682565789473684
100,100,"Source2_Only",0.825657894736842
100,100,"Weighted",0.888157894736842
200,100,"Target_Only",0.716361931551805
200,100,"Source1_Only",0.668073136427567
200,100,"Source2_Only",0.699484294421003
200,100,"Weighted",0.767932489451477
300,100,"Target_Only",0.762699947266655
300,100,"Source1_Only",0.683424151872034
300,100,"Source2_Only",0.690806820179293
300,100,"Weighted",0.783793285287397
100,300,"Target_Only",0.689210950080515
100,300,"Source1_Only",0.697262479871176
100,300,"Source2_Only",0.695652173913043
100,300,"Weighted",0.748792270531401
200,300,"Target_Only",0.807670928293496
200,300,"Source1_Only",0.695942190105614
200,300,"Source2_Only",0.762645914396887
200,300,"Weighted",0.822679266259033
300,300,"Target_Only",0.799638663053297
300,300,"Source1_Only",0.687262872628726
300,300,"Source2_Only",0.755555555555556
300,300,"Weighted",0.815718157181572
100,500,"Target_Only",0.646864686468647
100,500,"Source1_Only",0.68976897689769
100,500,"Source2_Only",0.783828382838284
100,500,"Weighted",0.778877887788779
200,500,"Target_Only",0.731217918805413
200,500,"Source1_Only",0.674288380774615
200,500,"Source2_Only",0.755016332244517
200,500,"Weighted",0.781614559029398
300,500,"Target_Only",0.799352750809061
300,500,"Source1_Only",0.641932501155802
300,500,"Source2_Only",0.805594082293111
300,500,"Weighted",0.826860841423948
100,1000,"Target_Only",0.591726618705036
100,1000,"Source1_Only",0.767985611510791
100,1000,"Source2_Only",0.787769784172662
100,1000,"Weighted",0.798561151079137
200,1000,"Target_Only",0.745372460496614
200,1000,"Source1_Only",0.742663656884876
200,1000,"Source2_Only",0.829345372460497
200,1000,"Weighted",0.846049661399549
300,1000,"Target_Only",0.731733914940022
300,1000,"Source1_Only",0.756379498364231
300,1000,"Source2_Only",0.776444929116685
300,1000,"Weighted",0.812868047982552
100,100,"Target_Only",0.797147385103011
100,100,"Source1_Only",0.635499207606973
100,100,"Source2_Only",0.692551505546751
100,100,"Weighted",0.781299524564184
200,100,"Target_Only",0.73315949587136
200,100,"Source1_Only",0.59148196436332
200,100,"Source2_Only",0.666666666666667
200,100,"Weighted",0.722294654498044
300,100,"Target_Only",0.803115377648977
300,100,"Source1_Only",0.588299221155588
300,100,"Source2_Only",0.753848940409346
300,100,"Weighted",0.793696794059047
100,300,"Target_Only",0.696132596685083
100,300,"Source1_Only",0.668508287292818
100,300,"Source2_Only",0.793738489871087
100,300,"Weighted",0.766114180478821
200,300,"Target_Only",0.763220581229157
200,300,"Source1_Only",0.696998570747975
200,300,"Source2_Only",0.722725107193902
200,300,"Weighted",0.798951881848499
300,300,"Target_Only",0.784722222222222
300,300,"Source1_Only",0.634920634920635
300,300,"Source2_Only",0.81969246031746
300,300,"Weighted",0.840525793650794
100,500,"Target_Only",0.803786574870912
100,500,"Source1_Only",0.695352839931153
100,500,"Source2_Only",0.824440619621343
100,500,"Weighted",0.839931153184165
200,500,"Target_Only",0.7805
200,500,"Source1_Only",0.688
200,500,"Source2_Only",0.807
200,500,"Weighted",0.8465
300,500,"Target_Only",0.744439781787663
300,500,"Source1_Only",0.65757448594209
300,500,"Source2_Only",0.75409148132606
300,500,"Weighted",0.787452790600084
100,1000,"Target_Only",0.734432234432234
100,1000,"Source1_Only",0.752747252747253
100,1000,"Source2_Only",0.782051282051282
100,1000,"Weighted",0.802197802197802
200,1000,"Target_Only",0.74372829023543
200,1000,"Source1_Only",0.688923195677345
200,1000,"Source2_Only",0.785796989579313
200,1000,"Weighted",0.803936703975299
300,1000,"Target_Only",0.77238881062588
300,1000,"Source1_Only",0.627087945260616
300,1000,"Source2_Only",0.78728114308714
300,1000,"Weighted",0.813644596498289
100,100,"Target_Only",0.780844155844156
100,100,"Source1_Only",0.607142857142857
100,100,"Source2_Only",0.743506493506493
100,100,"Weighted",0.774350649350649
200,100,"Target_Only",0.792196405085489
200,100,"Source1_Only",0.737395879000438
200,100,"Source2_Only",0.705392371766769
200,100,"Weighted",0.794826830337571
300,100,"Target_Only",0.77914242620125
300,100,"Source1_Only",0.6996336996337
300,100,"Source2_Only",0.753932342167636
300,100,"Weighted",0.817065287653523
100,300,"Target_Only",0.697879858657244
100,300,"Source1_Only",0.535335689045936
100,300,"Source2_Only",0.754416961130742
100,300,"Weighted",0.731448763250883
200,300,"Target_Only",0.711896798853321
200,300,"Source1_Only",0.687529861442905
200,300,"Source2_Only",0.729096989966555
200,300,"Weighted",0.75011944577162
300,300,"Target_Only",0.772947925860547
300,300,"Source1_Only",0.631509267431598
300,300,"Source2_Only",0.697705207413945
300,300,"Weighted",0.773830538393645
100,500,"Target_Only",0.65045045045045
100,500,"Source1_Only",0.70990990990991
100,500,"Source2_Only",0.675675675675676
100,500,"Weighted",0.736936936936937
200,500,"Target_Only",0.807124239791486
200,500,"Source1_Only",0.637271937445699
200,500,"Source2_Only",0.762380538662033
200,500,"Weighted",0.82884448305821
300,500,"Target_Only",0.774517849815347
300,500,"Source1_Only",0.700451374640952
300,500,"Source2_Only",0.742921624948707
300,500,"Weighted",0.786828067295856
100,1000,"Target_Only",0.666666666666667
100,1000,"Source1_Only",0.727272727272727
100,1000,"Source2_Only",0.755244755244755
100,1000,"Weighted",0.776223776223776
200,1000,"Target_Only",0.829665492957746
200,1000,"Source1_Only",0.750880281690141
200,1000,"Source2_Only",0.837588028169014
200,1000,"Weighted",0.882922535211268
300,1000,"Target_Only",0.818146643451345
300,1000,"Source1_Only",0.728574192300252
300,1000,"Source2_Only",0.83710582317663
300,1000,"Weighted",0.873089572451151
100,100,"Target_Only",0.741007194244604
100,100,"Source1_Only",0.652877697841727
100,100,"Source2_Only",0.764388489208633
100,100,"Weighted",0.784172661870504
200,100,"Target_Only",0.707552222817354
200,100,"Source1_Only",0.606855918585967
200,100,"Source2_Only",0.795929298339582
200,100,"Weighted",0.765399035886449
300,100,"Target_Only",0.821144836015482
300,100,"Source1_Only",0.645956406600122
300,100,"Source2_Only",0.79079242208189
300,100,"Weighted",0.8313302098187
100,300,"Target_Only",0.734892787524366
100,300,"Source1_Only",0.693957115009747
100,300,"Source2_Only",0.795321637426901
100,300,"Weighted",0.828460038986355
200,300,"Target_Only",0.708985248100134
200,300,"Source1_Only",0.683504693786321
200,300,"Source2_Only",0.810907465355387
200,300,"Weighted",0.795708538220832
300,300,"Target_Only",0.763335377069283
300,300,"Source1_Only",0.596975270795013
300,300,"Source2_Only",0.80155323932148
300,300,"Weighted",0.800326997751891
100,500,"Target_Only",0.64989939637827
100,500,"Source1_Only",0.674044265593561
100,500,"Source2_Only",0.812877263581489
100,500,"Weighted",0.810865191146881
200,500,"Target_Only",0.73371104815864
200,500,"Source1_Only",0.6671388101983
200,500,"Source2_Only",0.805949008498584
200,500,"Weighted",0.842776203966006
300,500,"Target_Only",0.775394206087275
300,500,"Source1_Only",0.683535020168684
300,500,"Source2_Only",0.76989365603227
300,500,"Weighted",0.810597726439311
100,1000,"Target_Only",0.700159489633174
100,1000,"Source1_Only",0.677830940988836
100,1000,"Source2_Only",0.794258373205742
100,1000,"Weighted",0.791068580542265
200,1000,"Target_Only",0.848747591522158
200,1000,"Source1_Only",0.823699421965318
200,1000,"Source2_Only",0.839595375722543
200,1000,"Weighted",0.895472061657033
300,1000,"Target_Only",0.839792785878741
300,1000,"Source1_Only",0.72256331542594
300,1000,"Source2_Only",0.821373752877974
300,1000,"Weighted",0.858787413660783
100,100,"Target_Only",0.781906300484653
100,100,"Source1_Only",0.588045234248788
100,100,"Source2_Only",0.621970920840065
100,100,"Weighted",0.662358642972536
200,100,"Target_Only",0.805730937348227
200,100,"Source1_Only",0.629917435648373
200,100,"Source2_Only",0.762991743564837
200,100,"Weighted",0.810101991257892
300,100,"Target_Only",0.769800452581773
300,100,"Source1_Only",0.66426661180827
300,100,"Source2_Only",0.685661386545978
300,100,"Weighted",0.787492285537955
100,300,"Target_Only",0.624338624338624
100,300,"Source1_Only",0.659611992945326
100,300,"Source2_Only",0.774250440917108
100,300,"Weighted",0.793650793650794
200,300,"Target_Only",0.766039349871685
200,300,"Source1_Only",0.697604790419162
200,300,"Source2_Only",0.751924721984602
200,300,"Weighted",0.80196749358426
300,300,"Target_Only",0.763960971559062
300,300,"Source1_Only",0.68029894124974
300,300,"Source2_Only",0.758355823126427
300,300,"Weighted",0.794062694623209
100,500,"Target_Only",0.731958762886598
100,500,"Source1_Only",0.593814432989691
100,500,"Source2_Only",0.855670103092784
100,500,"Weighted",0.85360824742268
200,500,"Target_Only",0.766893661602933
200,500,"Source1_Only",0.682556312205343
200,500,"Source2_Only",0.675222629649031
200,500,"Weighted",0.809848088004191
300,500,"Target_Only",0.800045136538028
300,500,"Source1_Only",0.713834348905439
300,500,"Source2_Only",0.78921236741142
300,500,"Weighted",0.815165876777251
100,1000,"Target_Only",0.680129240710824
100,1000,"Source1_Only",0.731825525040388
100,1000,"Source2_Only",0.781906300484653
100,1000,"Weighted",0.773828756058158
200,1000,"Target_Only",0.725056433408578
200,1000,"Source1_Only",0.747629796839729
200,1000,"Source2_Only",0.75665914221219
200,1000,"Weighted",0.79548532731377
300,1000,"Target_Only",0.778863775198534
300,1000,"Source1_Only",0.651394827937284
300,1000,"Source2_Only",0.81633068621462
300,1000,"Weighted",0.825086540419466
100,100,"Target_Only",0.683417085427136
100,100,"Source1_Only",0.721943048576214
100,100,"Source2_Only",0.720268006700167
100,100,"Weighted",0.716917922948074
200,100,"Target_Only",0.743961352657005
200,100,"Source1_Only",0.599570585077831
200,100,"Source2_Only",0.658078368223296
200,100,"Weighted",0.74825550187869
300,100,"Target_Only",0.74037706205813
300,100,"Source1_Only",0.641987431264729
300,100,"Source2_Only",0.790259230164965
300,100,"Weighted",0.808326787117046
100,300,"Target_Only",0.707889125799574
100,300,"Source1_Only",0.686567164179104
100,300,"Source2_Only",0.754797441364605
100,300,"Weighted",0.729211087420043
200,300,"Target_Only",0.723970944309927
200,300,"Source1_Only",0.67635189669088
200,300,"Source2_Only",0.770379338175948
200,300,"Weighted",0.779257465698144
300,300,"Target_Only",0.774566473988439
300,300,"Source1_Only",0.650082576383154
300,300,"Source2_Only",0.773740710156895
300,300,"Weighted",0.817093311312964
100,500,"Target_Only",0.756302521008403
100,500,"Source1_Only",0.760504201680672
100,500,"Source2_Only",0.758403361344538
100,500,"Weighted",0.846638655462185
200,500,"Target_Only",0.737373737373737
200,500,"Source1_Only",0.641173641173641
200,500,"Source2_Only",0.706108706108706
200,500,"Weighted",0.751322751322751
300,500,"Target_Only",0.753539992345962
300,500,"Source1_Only",0.699770378874856
300,500,"Source2_Only",0.819556065824723
300,500,"Weighted",0.823957137389973
100,1000,"Target_Only",0.721649484536082
100,1000,"Source1_Only",0.731958762886598
100,1000,"Source2_Only",0.820618556701031
100,1000,"Weighted",0.85979381443299
200,1000,"Target_Only",0.670529801324503
200,1000,"Source1_Only",0.658112582781457
200,1000,"Source2_Only",0.764072847682119
200,1000,"Weighted",0.751655629139073
300,1000,"Target_Only",0.789802880970432
300,1000,"Source1_Only",0.745451099317665
300,1000,"Source2_Only",0.803639120545868
300,1000,"Weighted",0.828468536770281
100,100,"Target_Only",0.718045112781955
100,100,"Source1_Only",0.62593984962406
100,100,"Source2_Only",0.704887218045113
100,100,"Weighted",0.787593984962406
200,100,"Target_Only",0.767474370922647
200,100,"Source1_Only",0.614165890027959
200,100,"Source2_Only",0.820596458527493
200,100,"Weighted",0.827586206896552
300,100,"Target_Only",0.814441645675903
300,100,"Source1_Only",0.617128463476071
300,100,"Source2_Only",0.747271200671704
300,100,"Weighted",0.814861460957179
100,300,"Target_Only",0.534839924670433
100,300,"Source1_Only",0.745762711864407
100,300,"Source2_Only",0.755178907721281
100,300,"Weighted",0.721280602636535
200,300,"Target_Only",0.75703794369645
200,300,"Source1_Only",0.736230110159119
200,300,"Source2_Only",0.7937576499388
200,300,"Weighted",0.863525091799266
300,300,"Target_Only",0.801902063941724
300,300,"Source1_Only",0.680493727235937
300,300,"Source2_Only",0.774585188182922
300,300,"Weighted",0.839133953864832
100,500,"Target_Only",0.705772811918063
100,500,"Source1_Only",0.741154562383613
100,500,"Source2_Only",0.748603351955307
100,500,"Weighted",0.78584729981378
200,500,"Target_Only",0.818791946308725
200,500,"Source1_Only",0.669043624161074
200,500,"Source2_Only",0.80746644295302
200,500,"Weighted",0.847315436241611
300,500,"Target_Only",0.717750826901874
300,500,"Source1_Only",0.65178243292907
300,500,"Source2_Only",0.805034913634693
300,500,"Weighted",0.815509004042631
100,1000,"Target_Only",0.717360114777618
100,1000,"Source1_Only",0.641319942611191
100,1000,"Source2_Only",0.75896700143472
100,1000,"Weighted",0.802008608321377
200,1000,"Target_Only",0.601787487586892
200,1000,"Source1_Only",0.65888778550149
200,1000,"Source2_Only",0.743793445878848
200,1000,"Weighted",0.696127110228401
300,1000,"Target_Only",0.705179282868526
300,1000,"Source1_Only",0.705378486055777
300,1000,"Source2_Only",0.778286852589641
300,1000,"Weighted",0.788247011952191
100,100,"Target_Only",0.778512396694215
100,100,"Source1_Only",0.517355371900826
100,100,"Source2_Only",0.700826446280992
100,100,"Weighted",0.755371900826446
200,100,"Target_Only",0.776560266793711
200,100,"Source1_Only",0.604573606479276
200,100,"Source2_Only",0.693187232015245
200,100,"Weighted",0.763696998570748
300,100,"Target_Only",0.795742232451093
300,100,"Source1_Only",0.663789796701189
300,100,"Source2_Only",0.739355581127733
300,100,"Weighted",0.81319524357499
100,300,"Target_Only",0.62208067940552
100,300,"Source1_Only",0.609341825902335
100,300,"Source2_Only",0.796178343949045
100,300,"Weighted",0.73036093418259
200,300,"Target_Only",0.728848534874123
200,300,"Source1_Only",0.613289310771771
200,300,"Source2_Only",0.74742055303343
200,300,"Weighted",0.768468840280644
300,300,"Target_Only",0.763088512241055
300,300,"Source1_Only",0.636346516007533
300,300,"Source2_Only",0.724670433145009
300,300,"Weighted",0.79623352165725
100,500,"Target_Only",0.736596736596737
100,500,"Source1_Only",0.762237762237762
100,500,"Source2_Only",0.818181818181818
100,500,"Weighted",0.850815850815851
200,500,"Target_Only",0.721117424242424
200,500,"Source1_Only",0.67282196969697
200,500,"Source2_Only",0.769886363636364
200,500,"Weighted",0.791193181818182
300,500,"Target_Only",0.801462680146268
300,500,"Source1_Only",0.694988169498817
300,500,"Source2_Only",0.787696278769628
300,500,"Weighted",0.848354484835449
100,1000,"Target_Only",0.785046728971963
100,1000,"Source1_Only",0.731308411214953
100,1000,"Source2_Only",0.829439252336449
100,1000,"Weighted",0.824766355140187
200,1000,"Target_Only",0.828467153284671
200,1000,"Source1_Only",0.77235401459854
200,1000,"Source2_Only",0.838959854014599
200,1000,"Weighted",0.888686131386861
300,1000,"Target_Only",0.800224677026774
300,1000,"Source1_Only",0.704549709792174
300,1000,"Source2_Only",0.81089683579854
300,1000,"Weighted",0.847968545216252
100,100,"Target_Only",0.753846153846154
100,100,"Source1_Only",0.773626373626374
100,100,"Source2_Only",0.751648351648352
100,100,"Weighted",0.828571428571429
200,100,"Target_Only",0.760736196319018
200,100,"Source1_Only",0.607361963190184
200,100,"Source2_Only",0.687992988606486
200,100,"Weighted",0.76555652936021
300,100,"Target_Only",0.809053069719043
300,100,"Source1_Only",0.721470690253208
300,100,"Source2_Only",0.71661463753035
300,100,"Weighted",0.794311481096081
100,300,"Target_Only",0.661855670103093
100,300,"Source1_Only",0.701030927835051
100,300,"Source2_Only",0.760824742268041
100,300,"Weighted",0.764948453608247
200,300,"Target_Only",0.73109640831758
200,300,"Source1_Only",0.563799621928166
200,300,"Source2_Only",0.738185255198488
200,300,"Weighted",0.768431001890359
300,300,"Target_Only",0.750394944707741
300,300,"Source1_Only",0.642067253441661
300,300,"Source2_Only",0.772286165651095
300,300,"Weighted",0.797111261566238
100,500,"Target_Only",0.766816143497758
100,500,"Source1_Only",0.775784753363229
100,500,"Source2_Only",0.737668161434978
100,500,"Weighted",0.836322869955157
200,500,"Target_Only",0.674955595026643
200,500,"Source1_Only",0.588365896980462
200,500,"Source2_Only",0.765541740674956
200,500,"Weighted",0.773978685612789
300,500,"Target_Only",0.729540300968872
300,500,"Source1_Only",0.687280972995259
300,500,"Source2_Only",0.726242011956298
300,500,"Weighted",0.759224902082045
100,1000,"Target_Only",0.71875
100,1000,"Source1_Only",0.637867647058824
100,1000,"Source2_Only",0.830882352941176
100,1000,"Weighted",0.814338235294118
200,1000,"Target_Only",0.793330588719638
200,1000,"Source1_Only",0.730753396459448
200,1000,"Source2_Only",0.833264717990943
200,1000,"Weighted",0.85014409221902
300,1000,"Target_Only",0.766659187794481
300,1000,"Source1_Only",0.708323984743101
300,1000,"Source2_Only",0.775409468252188
300,1000,"Weighted",0.818487772043976
100,100,"Target_Only",0.657004830917874
100,100,"Source1_Only",0.687600644122383
100,100,"Source2_Only",0.692431561996779
100,100,"Weighted",0.694041867954911
200,100,"Target_Only",0.821006564551422
200,100,"Source1_Only",0.713785557986871
200,100,"Source2_Only",0.831072210065646
200,100,"Weighted",0.850765864332604
300,100,"Target_Only",0.809307604994325
300,100,"Source1_Only",0.620885357548241
300,100,"Source2_Only",0.77639046538025
300,100,"Weighted",0.826560726447219
100,300,"Target_Only",0.657980456026059
100,300,"Source1_Only",0.675895765472313
100,300,"Source2_Only",0.770358306188925
100,300,"Weighted",0.754071661237785
200,300,"Target_Only",0.75531914893617
200,300,"Source1_Only",0.697872340425532
200,300,"Source2_Only",0.807446808510638
200,300,"Weighted",0.81968085106383
300,300,"Target_Only",0.758649612078004
300,300,"Source1_Only",0.650241140700356
300,300,"Source2_Only",0.804780876494024
300,300,"Weighted",0.817362130425666
100,500,"Target_Only",0.753731343283582
100,500,"Source1_Only",0.662313432835821
100,500,"Source2_Only",0.76865671641791
100,500,"Weighted",0.772388059701492
200,500,"Target_Only",0.682447521214828
200,500,"Source1_Only",0.657436355515855
200,500,"Source2_Only",0.721750781598928
200,500,"Weighted",0.771773112996874
300,500,"Target_Only",0.828300258843831
300,500,"Source1_Only",0.763157894736842
300,500,"Source2_Only",0.761647972389991
300,500,"Weighted",0.853753235547886
100,1000,"Target_Only",0.703187250996016
100,1000,"Source1_Only",0.681274900398406
100,1000,"Source2_Only",0.747011952191235
100,1000,"Weighted",0.790836653386454
200,1000,"Target_Only",0.747235387045814
200,1000,"Source1_Only",0.701421800947867
200,1000,"Source2_Only",0.804107424960506
200,1000,"Weighted",0.810953133228015
300,1000,"Target_Only",0.789184793657247
300,1000,"Source1_Only",0.673307582842041
300,1000,"Source2_Only",0.815206342752592
300,1000,"Weighted",0.838991664972555
100,100,"Target_Only",0.644100580270793
100,100,"Source1_Only",0.67504835589942
100,100,"Source2_Only",0.748549323017408
100,100,"Weighted",0.750483558994197
200,100,"Target_Only",0.7125
200,100,"Source1_Only",0.645192307692308
200,100,"Source2_Only",0.684615384615385
200,100,"Weighted",0.755288461538462
300,100,"Target_Only",0.777636824936571
300,100,"Source1_Only",0.645523740485683
300,100,"Source2_Only",0.730880753896339
300,100,"Weighted",0.788510329829648
100,300,"Target_Only",0.7
100,300,"Source1_Only",0.654166666666667
100,300,"Source2_Only",0.765277777777778
100,300,"Weighted",0.791666666666667
200,300,"Target_Only",0.752989880404784
200,300,"Source1_Only",0.72493100275989
200,300,"Source2_Only",0.770009199632015
200,300,"Weighted",0.818307267709292
300,300,"Target_Only",0.760636182902585
300,300,"Source1_Only",0.701192842942346
300,300,"Source2_Only",0.733797216699801
300,300,"Weighted",0.778131212723658
100,500,"Target_Only",0.718918918918919
100,500,"Source1_Only",0.691891891891892
100,500,"Source2_Only",0.738738738738739
100,500,"Weighted",0.769369369369369
200,500,"Target_Only",0.790830945558739
200,500,"Source1_Only",0.728939828080229
200,500,"Source2_Only",0.74785100286533
200,500,"Weighted",0.8189111747851
300,500,"Target_Only",0.782429366879769
300,500,"Source1_Only",0.715199010105176
300,500,"Source2_Only",0.758300680552691
300,500,"Weighted",0.833986388946174
100,1000,"Target_Only",0.710679611650485
100,1000,"Source1_Only",0.666019417475728
100,1000,"Source2_Only",0.842718446601942
100,1000,"Weighted",0.81747572815534
200,1000,"Target_Only",0.681380010147133
200,1000,"Source1_Only",0.626078132927448
200,1000,"Source2_Only",0.822932521562659
200,1000,"Weighted",0.801116184677829
300,1000,"Target_Only",0.793468045112782
300,1000,"Source1_Only",0.661889097744361
300,1000,"Source2_Only",0.803336466165414
300,1000,"Weighted",0.821428571428571
100,100,"Target_Only",0.631578947368421
100,100,"Source1_Only",0.483430799220273
100,100,"Source2_Only",0.729044834307992
100,100,"Weighted",0.699805068226121
200,100,"Target_Only",0.86028659160696
200,100,"Source1_Only",0.685772773797339
200,100,"Source2_Only",0.862333674513818
200,100,"Weighted",0.915046059365404
300,100,"Target_Only",0.798197820620285
300,100,"Source1_Only",0.701592623637888
300,100,"Source2_Only",0.682523051131601
300,100,"Weighted",0.788767812238055
100,300,"Target_Only",0.648111332007952
100,300,"Source1_Only",0.671968190854871
100,300,"Source2_Only",0.803180914512923
100,300,"Weighted",0.777335984095427
200,300,"Target_Only",0.765938069216758
200,300,"Source1_Only",0.678051001821494
200,300,"Source2_Only",0.75591985428051
200,300,"Weighted",0.805555555555556
300,300,"Target_Only",0.833017527238276
300,300,"Source1_Only",0.747039317858835
300,300,"Source2_Only",0.832780672666982
300,300,"Weighted",0.873282804358124
100,500,"Target_Only",0.755711775043937
100,500,"Source1_Only",0.715289982425308
100,500,"Source2_Only",0.799648506151142
100,500,"Weighted",0.840070298769771
200,500,"Target_Only",0.807912087912088
200,500,"Source1_Only",0.692747252747253
200,500,"Source2_Only",0.803076923076923
200,500,"Weighted",0.83032967032967
300,500,"Target_Only",0.736740130782272
300,500,"Source1_Only",0.742552676192783
300,500,"Source2_Only",0.707193024945507
300,500,"Weighted",0.781545168321627
100,1000,"Target_Only",0.671945701357466
100,1000,"Source1_Only",0.527149321266968
100,1000,"Source2_Only",0.669683257918552
100,1000,"Weighted",0.714932126696833
200,1000,"Target_Only",0.773234200743494
200,1000,"Source1_Only",0.638940520446097
200,1000,"Source2_Only",0.803903345724907
200,1000,"Weighted",0.829925650557621
300,1000,"Target_Only",0.816804685922036
300,1000,"Source1_Only",0.70147444960614
300,1000,"Source2_Only",0.80872550999798
300,1000,"Weighted",0.846697636841042
100,100,"Target_Only",0.699145299145299
100,100,"Source1_Only",0.738461538461539
100,100,"Source2_Only",0.767521367521367
100,100,"Weighted",0.805128205128205
200,100,"Target_Only",0.742392663609837
200,100,"Source1_Only",0.669445602334306
200,100,"Source2_Only",0.678616090037516
200,100,"Weighted",0.741975823259692
300,100,"Target_Only",0.696127761977685
300,100,"Source1_Only",0.681251367315686
300,100,"Source2_Only",0.722817764165391
300,100,"Weighted",0.763727849485889
100,300,"Target_Only",0.710843373493976
100,300,"Source1_Only",0.640562248995984
100,300,"Source2_Only",0.77710843373494
100,300,"Weighted",0.79718875502008
200,300,"Target_Only",0.752376188094047
200,300,"Source1_Only",0.653826913456728
200,300,"Source2_Only",0.759879939969985
200,300,"Weighted",0.806903451725863
300,300,"Target_Only",0.73845076994867
300,300,"Source1_Only",0.680121325244984
300,300,"Source2_Only",0.778114792347177
300,300,"Weighted",0.809146056929538
100,500,"Target_Only",0.570057581573896
100,500,"Source1_Only",0.702495201535509
100,500,"Source2_Only",0.785028790786948
100,500,"Weighted",0.790786948176583
200,500,"Target_Only",0.738589211618257
200,500,"Source1_Only",0.721473029045643
200,500,"Source2_Only",0.796680497925311
200,500,"Weighted",0.813278008298755
300,500,"Target_Only",0.738267521190821
300,500,"Source1_Only",0.684928674798429
300,500,"Source2_Only",0.781062642133554
300,500,"Weighted",0.816208393632417
100,1000,"Target_Only",0.564971751412429
100,1000,"Source1_Only",0.681732580037665
100,1000,"Source2_Only",0.766478342749529
100,1000,"Weighted",0.787193973634652
200,1000,"Target_Only",0.77212389380531
200,1000,"Source1_Only",0.734513274336283
200,1000,"Source2_Only",0.736283185840708
200,1000,"Weighted",0.81283185840708
300,1000,"Target_Only",0.779072372843379
300,1000,"Source1_Only",0.673537978937934
300,1000,"Source2_Only",0.79587721263724
300,1000,"Weighted",0.823661214429756
100,100,"Target_Only",0.726190476190476
100,100,"Source1_Only",0.693877551020408
100,100,"Source2_Only",0.73469387755102
100,100,"Weighted",0.818027210884354
200,100,"Target_Only",0.703116745905969
200,100,"Source1_Only",0.54675118858954
200,100,"Source2_Only",0.770734284204966
200,100,"Weighted",0.762810353935552
300,100,"Target_Only",0.772435187236871
300,100,"Source1_Only",0.61799246620873
300,100,"Source2_Only",0.700421005982717
300,100,"Weighted",0.75736760469754
100,300,"Target_Only",0.675977653631285
100,300,"Source1_Only",0.677839851024209
100,300,"Source2_Only",0.759776536312849
100,300,"Weighted",0.733705772811918
200,300,"Target_Only",0.737047898338221
200,300,"Source1_Only",0.670087976539589
200,300,"Source2_Only",0.747311827956989
200,300,"Weighted",0.774682306940371
300,300,"Target_Only",0.765061415480601
300,300,"Source1_Only",0.594267888477286
300,300,"Source2_Only",0.749463833105869
300,300,"Weighted",0.779294209397543
100,500,"Target_Only",0.809352517985612
100,500,"Source1_Only",0.755395683453237
100,500,"Source2_Only",0.805755395683453
100,500,"Weighted",0.866906474820144
200,500,"Target_Only",0.694602272727273
200,500,"Source1_Only",0.585700757575758
200,500,"Source2_Only",0.753314393939394
200,500,"Weighted",0.76467803030303
300,500,"Target_Only",0.797910807553234
300,500,"Source1_Only",0.718963439132182
300,500,"Source2_Only",0.764363198071515
300,500,"Weighted",0.836681398151868
100,1000,"Target_Only",0.679347826086957
100,1000,"Source1_Only",0.764492753623188
100,1000,"Source2_Only",0.777173913043478
100,1000,"Weighted",0.815217391304348
200,1000,"Target_Only",0.719137466307278
200,1000,"Source1_Only",0.662533692722372
200,1000,"Source2_Only",0.776280323450135
200,1000,"Weighted",0.79622641509434
300,1000,"Target_Only",0.787667248400233
300,1000,"Source1_Only",0.71398099670351
300,1000,"Source2_Only",0.77855342253248
300,1000,"Weighted",0.82160170641846
100,100,"Target_Only",0.549060542797495
100,100,"Source1_Only",0.630480167014614
100,100,"Source2_Only",0.745302713987474
100,100,"Weighted",0.705636743215031
200,100,"Target_Only",0.83001808318264
200,100,"Source1_Only",0.656871609403255
200,100,"Source2_Only",0.704792043399638
200,100,"Weighted",0.796112115732369
300,100,"Target_Only",0.741280183978536
300,100,"Source1_Only",0.646607895745496
300,100,"Source2_Only",0.730739747029513
300,100,"Weighted",0.773476427750096
100,300,"Target_Only",0.757825370675453
100,300,"Source1_Only",0.632619439868204
100,300,"Source2_Only",0.790774299835255
100,300,"Weighted",0.756177924217463
200,300,"Target_Only",0.739214735821619
200,300,"Source1_Only",0.657779932137664
200,300,"Source2_Only",0.809985458070771
200,300,"Weighted",0.812409112942317
300,300,"Target_Only",0.776591760299626
300,300,"Source1_Only",0.706928838951311
300,300,"Source2_Only",0.759925093632959
300,300,"Weighted",0.810486891385768
100,500,"Target_Only",0.690322580645161
100,500,"Source1_Only",0.62741935483871
100,500,"Source2_Only",0.719354838709677
100,500,"Weighted",0.762903225806452
200,500,"Target_Only",0.731858407079646
200,500,"Source1_Only",0.680530973451327
200,500,"Source2_Only",0.784070796460177
200,500,"Weighted",0.795132743362832
300,500,"Target_Only",0.793940795559667
300,500,"Source1_Only",0.714616096207216
300,500,"Source2_Only",0.821461609620722
300,500,"Weighted",0.854764107308048
100,1000,"Target_Only",0.77431906614786
100,1000,"Source1_Only",0.636186770428016
100,1000,"Source2_Only",0.787937743190661
100,1000,"Weighted",0.821011673151751
200,1000,"Target_Only",0.768968871595331
200,1000,"Source1_Only",0.722762645914397
200,1000,"Source2_Only",0.766536964980545
200,1000,"Weighted",0.79523346303502
300,1000,"Target_Only",0.751945340671854
300,1000,"Source1_Only",0.70943252989182
300,1000,"Source2_Only",0.765989751375973
300,1000,"Weighted",0.812108559498956
100,100,"Target_Only",0.715859030837004
100,100,"Source1_Only",0.605726872246696
100,100,"Source2_Only",0.722466960352423
100,100,"Weighted",0.814977973568282
200,100,"Target_Only",0.702826267664173
200,100,"Source1_Only",0.508728179551122
200,100,"Source2_Only",0.745635910224439
200,100,"Weighted",0.744389027431421
300,100,"Target_Only",0.779557428872497
300,100,"Source1_Only",0.606322444678609
300,100,"Source2_Only",0.764805057955743
300,100,"Weighted",0.784193888303477
100,300,"Target_Only",0.531428571428571
100,300,"Source1_Only",0.54
100,300,"Source2_Only",0.691428571428571
100,300,"Weighted",0.697142857142857
200,300,"Target_Only",0.720999153259949
200,300,"Source1_Only",0.674851820491109
200,300,"Source2_Only",0.7307366638442
200,300,"Weighted",0.784928027095682
300,300,"Target_Only",0.798735927315821
300,300,"Source1_Only",0.638356705510567
300,300,"Source2_Only",0.775232075844361
300,300,"Weighted",0.815326881295674
100,500,"Target_Only",0.662974683544304
100,500,"Source1_Only",0.661392405063291
100,500,"Source2_Only",0.735759493670886
100,500,"Weighted",0.756329113924051
200,500,"Target_Only",0.848885218827415
200,500,"Source1_Only",0.765895953757225
200,500,"Source2_Only",0.799339388934765
200,500,"Weighted",0.864574731626755
300,500,"Target_Only",0.769586221382063
300,500,"Source1_Only",0.603024574669187
300,500,"Source2_Only",0.700063011972275
300,500,"Weighted",0.772106700273052
100,1000,"Target_Only",0.716190476190476
100,1000,"Source1_Only",0.721904761904762
100,1000,"Source2_Only",0.805714285714286
100,1000,"Weighted",0.84
200,1000,"Target_Only",0.78963684676705
200,1000,"Source1_Only",0.699734278122232
200,1000,"Source2_Only",0.761293179805137
200,1000,"Weighted",0.842781222320638
300,1000,"Target_Only",0.793023255813953
300,1000,"Source1_Only",0.686821705426357
300,1000,"Source2_Only",0.783139534883721
300,1000,"Weighted",0.818410852713178
100,100,"Target_Only",0.646586345381526
100,100,"Source1_Only",0.526104417670683
100,100,"Source2_Only",0.79718875502008
100,100,"Weighted",0.823293172690763
200,100,"Target_Only",0.755415162454874
200,100,"Source1_Only",0.640342960288809
200,100,"Source2_Only",0.70442238267148
200,100,"Weighted",0.757220216606498
300,100,"Target_Only",0.837735132053962
300,100,"Source1_Only",0.681360440813224
300,100,"Source2_Only",0.74292228766863
300,100,"Weighted",0.83925517765533
100,300,"Target_Only",0.705882352941176
100,300,"Source1_Only",0.722426470588235
100,300,"Source2_Only",0.786764705882353
100,300,"Weighted",0.766544117647059
200,300,"Target_Only",0.76164631388512
200,300,"Source1_Only",0.751243781094527
200,300,"Source2_Only",0.820443238353686
200,300,"Weighted",0.826322930800543
300,300,"Target_Only",0.746543778801843
300,300,"Source1_Only",0.663813912661839
300,300,"Source2_Only",0.78275181040158
300,300,"Weighted",0.795698924731183
100,500,"Target_Only",0.760907504363002
100,500,"Source1_Only",0.633507853403141
100,500,"Source2_Only",0.790575916230366
100,500,"Weighted",0.849912739965096
200,500,"Target_Only",0.798151750972763
200,500,"Source1_Only",0.776264591439689
200,500,"Source2_Only",0.766536964980545
200,500,"Weighted",0.842898832684825
300,500,"Target_Only",0.775142731664471
300,500,"Source1_Only",0.672595520421607
300,500,"Source2_Only",0.771629336846728
300,500,"Weighted",0.786780851998243
100,1000,"Target_Only",0.656996587030717
100,1000,"Source1_Only",0.583617747440273
100,1000,"Source2_Only",0.827645051194539
100,1000,"Weighted",0.81740614334471
200,1000,"Target_Only",0.806586270871985
200,1000,"Source1_Only",0.771335807050093
200,1000,"Source2_Only",0.844155844155844
200,1000,"Weighted",0.86734693877551
300,1000,"Target_Only",0.814496036240091
300,1000,"Source1_Only",0.725707814269536
300,1000,"Source2_Only",0.796149490373726
300,1000,"Weighted",0.864552661381653
100,100,"Target_Only",0.799528301886792
100,100,"Source1_Only",0.594339622641509
100,100,"Source2_Only",0.72877358490566
100,100,"Weighted",0.844339622641509
200,100,"Target_Only",0.672178586192642
200,100,"Source1_Only",0.681686647374948
200,100,"Source2_Only",0.677966101694915
200,100,"Weighted",0.726333195535345
300,100,"Target_Only",0.787267080745342
300,100,"Source1_Only",0.649262422360248
300,100,"Source2_Only",0.679347826086957
300,100,"Weighted",0.776009316770186
100,300,"Target_Only",0.688311688311688
100,300,"Source1_Only",0.662337662337662
100,300,"Source2_Only",0.764069264069264
100,300,"Weighted",0.781385281385281
200,300,"Target_Only",0.76266137040715
200,300,"Source1_Only",0.715988083416087
200,300,"Source2_Only",0.74428997020854
200,300,"Weighted",0.786494538232373
300,300,"Target_Only",0.783696900114811
300,300,"Source1_Only",0.703099885189437
300,300,"Source2_Only",0.738920780711825
300,300,"Weighted",0.796785304247991
100,500,"Target_Only",0.780399274047187
100,500,"Source1_Only",0.6497277676951
100,500,"Source2_Only",0.84573502722323
100,500,"Weighted",0.843920145190563
200,500,"Target_Only",0.814415907207954
200,500,"Source1_Only",0.797845898922949
200,500,"Source2_Only",0.77920463960232
200,500,"Weighted",0.86039768019884
300,500,"Target_Only",0.779606025492468
300,500,"Source1_Only",0.707763615295481
300,500,"Source2_Only",0.74252607184241
300,500,"Weighted",0.812050984936269
100,1000,"Target_Only",0.630672926447574
100,1000,"Source1_Only",0.633802816901408
100,1000,"Source2_Only",0.805946791862285
100,1000,"Weighted",0.766823161189358
200,1000,"Target_Only",0.734674777725784
200,1000,"Source1_Only",0.666822648572766
200,1000,"Source2_Only",0.817501169864296
200,1000,"Weighted",0.816097332709406
300,1000,"Target_Only",0.716659742417948
300,1000,"Source1_Only",0.717075197341088
300,1000,"Source2_Only",0.743872039883673
300,1000,"Weighted",0.783755712505193
100,100,"Target_Only",0.660377358490566
100,100,"Source1_Only",0.558962264150943
100,100,"Source2_Only",0.608490566037736
100,100,"Weighted",0.691037735849057
200,100,"Target_Only",0.739468302658487
200,100,"Source1_Only",0.675664621676892
200,100,"Source2_Only",0.665848670756646
200,100,"Weighted",0.765235173824131
300,100,"Target_Only",0.76186024772143
300,100,"Source1_Only",0.689880813274129
300,100,"Source2_Only",0.717457349848095
300,100,"Weighted",0.775648516008413
100,300,"Target_Only",0.788685524126456
100,300,"Source1_Only",0.713810316139767
100,300,"Source2_Only",0.813643926788685
100,300,"Weighted",0.8369384359401
200,300,"Target_Only",0.779661016949152
200,300,"Source1_Only",0.67409200968523
200,300,"Source2_Only",0.816949152542373
200,300,"Weighted",0.826150121065375
300,300,"Target_Only",0.790104282227646
300,300,"Source1_Only",0.71777235411582
300,300,"Source2_Only",0.73175061016197
300,300,"Weighted",0.7850011093854
100,500,"Target_Only",0.741732283464567
100,500,"Source1_Only",0.592125984251968
100,500,"Source2_Only",0.749606299212598
100,500,"Weighted",0.751181102362205
200,500,"Target_Only",0.849172576832151
200,500,"Source1_Only",0.750827423167849
200,500,"Source2_Only",0.828841607565012
200,500,"Weighted",0.872340425531915
300,500,"Target_Only",0.769476372924649
300,500,"Source1_Only",0.725415070242657
300,500,"Source2_Only",0.765857811834823
300,500,"Weighted",0.834184759472116
100,1000,"Target_Only",0.738095238095238
100,1000,"Source1_Only",0.696825396825397
100,1000,"Source2_Only",0.766666666666667
100,1000,"Weighted",0.795238095238095
200,1000,"Target_Only",0.749121926743603
200,1000,"Source1_Only",0.670346211741094
200,1000,"Source2_Only",0.790767686904165
200,1000,"Weighted",0.810837932764676
300,1000,"Target_Only",0.719133996489175
300,1000,"Source1_Only",0.643456212209869
300,1000,"Source2_Only",0.736102984201287
300,1000,"Weighted",0.748000780183343
100,100,"Target_Only",0.732142857142857
100,100,"Source1_Only",0.689285714285714
100,100,"Source2_Only",0.751785714285714
100,100,"Weighted",0.807142857142857
200,100,"Target_Only",0.820814479638009
200,100,"Source1_Only",0.646606334841629
200,100,"Source2_Only",0.787782805429864
200,100,"Weighted",0.818552036199095
300,100,"Target_Only",0.789830508474576
300,100,"Source1_Only",0.77148554336989
300,100,"Source2_Only",0.759322033898305
300,100,"Weighted",0.827118644067797
100,300,"Target_Only",0.680445151033386
100,300,"Source1_Only",0.726550079491256
100,300,"Source2_Only",0.712241653418124
100,300,"Weighted",0.813990461049285
200,300,"Target_Only",0.702106318956871
200,300,"Source1_Only",0.639418254764293
200,300,"Source2_Only",0.775325977933801
200,300,"Weighted",0.78234704112337
300,300,"Target_Only",0.773501437735014
300,300,"Source1_Only",0.701172307011723
300,300,"Source2_Only",0.781906657819067
300,300,"Weighted",0.805131608051316
100,500,"Target_Only",0.669724770642202
100,500,"Source1_Only",0.686238532110092
100,500,"Source2_Only",0.743119266055046
100,500,"Weighted",0.76697247706422
200,500,"Target_Only",0.748404740200547
200,500,"Source1_Only",0.697812215132179
200,500,"Source2_Only",0.800364630811303
200,500,"Weighted",0.813582497721058
300,500,"Target_Only",0.776896942242356
300,500,"Source1_Only",0.656285390713477
300,500,"Source2_Only",0.793318233295583
300,500,"Weighted",0.832578331445829
100,1000,"Target_Only",0.649659863945578
100,1000,"Source1_Only",0.79421768707483
100,1000,"Source2_Only",0.824829931972789
100,1000,"Weighted",0.782312925170068
200,1000,"Target_Only",0.727007299270073
200,1000,"Source1_Only",0.735279805352798
200,1000,"Source2_Only",0.811192214111922
200,1000,"Weighted",0.838929440389294
300,1000,"Target_Only",0.731026987864517
300,1000,"Source1_Only",0.702408983879732
300,1000,"Source2_Only",0.792247781199058
300,1000,"Weighted",0.804926643723963
100,100,"Target_Only",0.736940298507463
100,100,"Source1_Only",0.708955223880597
100,100,"Source2_Only",0.794776119402985
100,100,"Weighted",0.792910447761194
200,100,"Target_Only",0.748674443266172
200,100,"Source1_Only",0.618769883351007
200,100,"Source2_Only",0.650053022269353
200,100,"Weighted",0.756627783669141
300,100,"Target_Only",0.767926455566905
300,100,"Source1_Only",0.641266598569969
300,100,"Source2_Only",0.741573033707865
300,100,"Weighted",0.789989785495403
100,300,"Target_Only",0.524680073126143
100,300,"Source1_Only",0.603290676416819
100,300,"Source2_Only",0.736745886654479
100,300,"Weighted",0.687385740402194
200,300,"Target_Only",0.706392694063927
200,300,"Source1_Only",0.587214611872146
200,300,"Source2_Only",0.744748858447489
200,300,"Weighted",0.774885844748858
300,300,"Target_Only",0.757495948136143
300,300,"Source1_Only",0.690235008103728
300,300,"Source2_Only",0.826377633711507
300,300,"Weighted",0.831847649918963
100,500,"Target_Only",0.763671875
100,500,"Source1_Only",0.80859375
100,500,"Source2_Only",0.8359375
100,500,"Weighted",0.833984375
200,500,"Target_Only",0.742443064182195
200,500,"Source1_Only",0.706004140786749
200,500,"Source2_Only",0.804554865424431
200,500,"Weighted",0.812422360248447
300,500,"Target_Only",0.796667369753217
300,500,"Source1_Only",0.663573085846868
300,500,"Source2_Only",0.828517190466146
300,500,"Weighted",0.862054418898967
100,1000,"Target_Only",0.703296703296703
100,1000,"Source1_Only",0.754578754578755
100,1000,"Source2_Only",0.663003663003663
100,1000,"Weighted",0.738095238095238
200,1000,"Target_Only",0.748190279214064
200,1000,"Source1_Only",0.632885211995863
200,1000,"Source2_Only",0.779214064115822
200,1000,"Weighted",0.791106514994829
300,1000,"Target_Only",0.718424626527841
300,1000,"Source1_Only",0.674513354459031
300,1000,"Source2_Only",0.844273426889995
300,1000,"Weighted",0.804889090086012
100,100,"Target_Only",0.721476510067114
100,100,"Source1_Only",0.558724832214765
100,100,"Source2_Only",0.741610738255034
100,100,"Weighted",0.731543624161074
200,100,"Target_Only",0.75703564727955
200,100,"Source1_Only",0.682457786116323
200,100,"Source2_Only",0.75187617260788
200,100,"Weighted",0.794090056285178
300,100,"Target_Only",0.77606563938363
300,100,"Source1_Only",0.57134280568341
300,100,"Source2_Only",0.747848709225535
300,100,"Weighted",0.822093255953572
100,300,"Target_Only",0.724252491694352
100,300,"Source1_Only",0.651162790697674
100,300,"Source2_Only",0.76578073089701
100,300,"Weighted",0.790697674418605
200,300,"Target_Only",0.750529436679373
200,300,"Source1_Only",0.653960186361711
200,300,"Source2_Only",0.750529436679373
200,300,"Weighted",0.763235916984329
300,300,"Target_Only",0.725740131578947
300,300,"Source1_Only",0.666118421052632
300,300,"Source2_Only",0.763774671052632
300,300,"Weighted",0.759662828947368
100,500,"Target_Only",0.691683569979716
100,500,"Source1_Only",0.693711967545639
100,500,"Source2_Only",0.746450304259635
100,500,"Weighted",0.791075050709939
200,500,"Target_Only",0.783
200,500,"Source1_Only",0.696
200,500,"Source2_Only",0.7955
200,500,"Weighted",0.819
300,500,"Target_Only",0.696082949308756
300,500,"Source1_Only",0.665437788018433
300,500,"Source2_Only",0.764516129032258
300,500,"Weighted",0.783179723502304
100,1000,"Target_Only",0.574837310195228
100,1000,"Source1_Only",0.711496746203905
100,1000,"Source2_Only",0.754880694143167
100,1000,"Weighted",0.76355748373102
200,1000,"Target_Only",0.759029649595687
200,1000,"Source1_Only",0.78544474393531
200,1000,"Source2_Only",0.815633423180593
200,1000,"Weighted",0.839353099730458
300,1000,"Target_Only",0.8149502335974
300,1000,"Source1_Only",0.711557993093642
300,1000,"Source2_Only",0.789356083688808
300,1000,"Weighted",0.822262847856998
100,100,"Target_Only",0.720338983050847
100,100,"Source1_Only",0.646186440677966
100,100,"Source2_Only",0.809322033898305
100,100,"Weighted",0.794491525423729
200,100,"Target_Only",0.712975098296199
200,100,"Source1_Only",0.563564875491481
200,100,"Source2_Only",0.71909130624727
200,100,"Weighted",0.733508082131935
300,100,"Target_Only",0.784337109918505
300,100,"Source1_Only",0.613794474259591
300,100,"Source2_Only",0.770820910355794
300,100,"Weighted",0.804213873981316
100,300,"Target_Only",0.715563506261181
100,300,"Source1_Only",0.686940966010734
100,300,"Source2_Only",0.722719141323792
100,300,"Weighted",0.769230769230769
200,300,"Target_Only",0.709800190294957
200,300,"Source1_Only",0.649381541389153
200,300,"Source2_Only",0.774500475737393
200,300,"Weighted",0.75547098001903
300,300,"Target_Only",0.750199203187251
300,300,"Source1_Only",0.647808764940239
300,300,"Source2_Only",0.74003984063745
300,300,"Weighted",0.777689243027888
100,500,"Target_Only",0.702637889688249
100,500,"Source1_Only",0.654676258992806
100,500,"Source2_Only",0.810551558752998
100,500,"Weighted",0.73621103117506
200,500,"Target_Only",0.800310398344542
200,500,"Source1_Only",0.729436109674082
200,500,"Source2_Only",0.852560786342473
200,500,"Weighted",0.862907397827212
300,500,"Target_Only",0.809950694755715
300,500,"Source1_Only",0.772971761541909
300,500,"Source2_Only",0.834603316898252
300,500,"Weighted",0.856118332586284
100,1000,"Target_Only",0.801822323462415
100,1000,"Source1_Only",0.596810933940774
100,1000,"Source2_Only",0.738041002277904
100,1000,"Weighted",0.840546697038724
200,1000,"Target_Only",0.721495327102804
200,1000,"Source1_Only",0.620560747663551
200,1000,"Source2_Only",0.795794392523364
200,1000,"Weighted",0.774766355140187
300,1000,"Target_Only",0.784382284382284
300,1000,"Source1_Only",0.691919191919192
300,1000,"Source2_Only",0.751359751359751
300,1000,"Weighted",0.815073815073815
100,100,"Target_Only",0.614391143911439
100,100,"Source1_Only",0.551660516605166
100,100,"Source2_Only",0.608856088560886
100,100,"Weighted",0.638376383763838
200,100,"Target_Only",0.739916550764951
200,100,"Source1_Only",0.678256838201205
200,100,"Source2_Only",0.72461752433936
200,100,"Weighted",0.7964765878535
300,100,"Target_Only",0.7633791265122
300,100,"Source1_Only",0.671109288497027
300,100,"Source2_Only",0.773221242567152
300,100,"Weighted",0.825097395940127
100,300,"Target_Only",0.7
100,300,"Source1_Only",0.585
100,300,"Source2_Only",0.825
100,300,"Weighted",0.8225
200,300,"Target_Only",0.75453720508167
200,300,"Source1_Only",0.652903811252269
200,300,"Source2_Only",0.773593466424682
200,300,"Weighted",0.811705989110708
300,300,"Target_Only",0.752060875079264
300,300,"Source1_Only",0.708095540054957
300,300,"Source2_Only",0.761783978017333
300,300,"Weighted",0.830691185795815
100,500,"Target_Only",0.601694915254237
100,500,"Source1_Only",0.5
100,500,"Source2_Only",0.730508474576271
100,500,"Weighted",0.686440677966102
200,500,"Target_Only",0.763121862163396
200,500,"Source1_Only",0.648105887722501
200,500,"Source2_Only",0.802373345504336
200,500,"Weighted",0.791875855773619
300,500,"Target_Only",0.781261950286807
300,500,"Source1_Only",0.68546845124283
300,500,"Source2_Only",0.792543021032505
300,500,"Weighted",0.833843212237094
100,1000,"Target_Only",0.765151515151515
100,1000,"Source1_Only",0.590909090909091
100,1000,"Source2_Only",0.755681818181818
100,1000,"Weighted",0.831439393939394
200,1000,"Target_Only",0.660352991820921
200,1000,"Source1_Only",0.625053809728799
200,1000,"Source2_Only",0.698665518725786
200,1000,"Weighted",0.723202755058114
300,1000,"Target_Only",0.74985434064867
300,1000,"Source1_Only",0.679743639541659
300,1000,"Source2_Only",0.769275587492717
300,1000,"Weighted",0.809089143523014
100,100,"Target_Only",0.572614107883817
100,100,"Source1_Only",0.508298755186722
100,100,"Source2_Only",0.603734439834025
100,100,"Weighted",0.639004149377593
200,100,"Target_Only",0.786093674553356
200,100,"Source1_Only",0.678416224046354
200,100,"Source2_Only",0.802510864316755
200,100,"Weighted",0.814582327378078
300,100,"Target_Only",0.740924092409241
300,100,"Source1_Only",0.694513201320132
300,100,"Source2_Only",0.712252475247525
300,100,"Weighted",0.770008250825083
100,300,"Target_Only",0.630508474576271
100,300,"Source1_Only",0.698305084745763
100,300,"Source2_Only",0.750847457627119
100,300,"Weighted",0.766101694915254
200,300,"Target_Only",0.742968411942882
200,300,"Source1_Only",0.583297273907399
200,300,"Source2_Only",0.767633059281696
200,300,"Weighted",0.787970575508438
300,300,"Target_Only",0.769511932917652
300,300,"Source1_Only",0.706084712964954
300,300,"Source2_Only",0.723500322511288
300,300,"Weighted",0.795097828423995
100,500,"Target_Only",0.701789264413519
100,500,"Source1_Only",0.701789264413519
100,500,"Source2_Only",0.731610337972167
100,500,"Weighted",0.791252485089463
200,500,"Target_Only",0.735693501454898
200,500,"Source1_Only",0.678467507274491
200,500,"Source2_Only",0.746847720659554
200,500,"Weighted",0.792434529582929
300,500,"Target_Only",0.77425491439442
300,500,"Source1_Only",0.670682730923695
300,500,"Source2_Only",0.824561403508772
300,500,"Weighted",0.840625660536884
100,1000,"Target_Only",0.754816112084063
100,1000,"Source1_Only",0.809106830122592
100,1000,"Source2_Only",0.733800350262697
100,1000,"Weighted",0.807355516637478
200,1000,"Target_Only",0.759815242494226
200,1000,"Source1_Only",0.717321016166282
200,1000,"Source2_Only",0.700692840646651
200,1000,"Weighted",0.796766743648961
300,1000,"Target_Only",0.803413772807534
300,1000,"Source1_Only",0.709829311359623
300,1000,"Source2_Only",0.786148714930351
300,1000,"Weighted",0.836962919364332
100,100,"Target_Only",0.761821366024518
100,100,"Source1_Only",0.63922942206655
100,100,"Source2_Only",0.693520140105079
100,100,"Weighted",0.772329246935201
200,100,"Target_Only",0.749308755760369
200,100,"Source1_Only",0.635483870967742
200,100,"Source2_Only",0.751152073732719
200,100,"Weighted",0.754838709677419
300,100,"Target_Only",0.768067922965417
300,100,"Source1_Only",0.545454545454545
300,100,"Source2_Only",0.712984054669704
300,100,"Weighted",0.777386622489128
100,300,"Target_Only",0.730182926829268
100,300,"Source1_Only",0.754573170731707
100,300,"Source2_Only",0.707317073170732
100,300,"Weighted",0.788109756097561
200,300,"Target_Only",0.748986029743128
200,300,"Source1_Only",0.642181162685895
200,300,"Source2_Only",0.770617395223073
200,300,"Weighted",0.791347453808022
300,300,"Target_Only",0.773058013765978
300,300,"Source1_Only",0.583087512291052
300,300,"Source2_Only",0.79960668633235
300,300,"Weighted",0.814552605703048
100,500,"Target_Only",0.699186991869919
100,500,"Source1_Only",0.767479674796748
100,500,"Source2_Only",0.814634146341463
100,500,"Weighted",0.817886178861789
200,500,"Target_Only",0.735537190082645
200,500,"Source1_Only",0.674586776859504
200,500,"Source2_Only",0.763429752066116
200,500,"Weighted",0.803202479338843
300,500,"Target_Only",0.698992692079795
300,500,"Source1_Only",0.670353545328856
300,500,"Source2_Only",0.756666008295477
300,500,"Weighted",0.763183883073277
100,1000,"Target_Only",0.630289532293987
100,1000,"Source1_Only",0.746102449888641
100,1000,"Source2_Only",0.7728285077951
100,1000,"Weighted",0.741648106904232
200,1000,"Target_Only",0.759693417493237
200,1000,"Source1_Only",0.686654643823264
200,1000,"Source2_Only",0.813345356176736
200,1000,"Weighted",0.81605049594229
300,1000,"Target_Only",0.779048396977742
300,1000,"Source1_Only",0.730855625893404
300,1000,"Source2_Only",0.780273636920564
300,1000,"Weighted",0.823973861547886
100,100,"Target_Only",0.753205128205128
100,100,"Source1_Only",0.682692307692308
100,100,"Source2_Only",0.75801282051282
100,100,"Weighted",0.807692307692308
200,100,"Target_Only",0.795543905635649
200,100,"Source1_Only",0.688510266491918
200,100,"Source2_Only",0.736129314110965
200,100,"Weighted",0.824814329401485
300,100,"Target_Only",0.731974329935825
300,100,"Source1_Only",0.637787844469611
300,100,"Source2_Only",0.729709324273311
300,100,"Weighted",0.763684409211023
100,300,"Target_Only",0.681137724550898
100,300,"Source1_Only",0.609281437125748
100,300,"Source2_Only",0.76497005988024
100,300,"Weighted",0.726047904191617
200,300,"Target_Only",0.697396500213402
200,300,"Source1_Only",0.594963721724285
200,300,"Source2_Only",0.73026034997866
200,300,"Weighted",0.723431498079385
300,300,"Target_Only",0.736030828516378
300,300,"Source1_Only",0.736030828516378
300,300,"Source2_Only",0.748019695996575
300,300,"Weighted",0.806037251123956
100,500,"Target_Only",0.710261569416499
100,500,"Source1_Only",0.678068410462777
100,500,"Source2_Only",0.790744466800805
100,500,"Weighted",0.758551307847082
200,500,"Target_Only",0.765154726579059
200,500,"Source1_Only",0.699448919033489
200,500,"Source2_Only",0.732513777024163
200,500,"Weighted",0.806273844849512
300,500,"Target_Only",0.735979836168872
300,500,"Source1_Only",0.734299516908213
300,500,"Source2_Only",0.774837219071624
300,500,"Weighted",0.794791010291956
100,1000,"Target_Only",0.547210300429185
100,1000,"Source1_Only",0.532188841201717
100,1000,"Source2_Only",0.770386266094421
100,1000,"Weighted",0.675965665236052
200,1000,"Target_Only",0.775261324041812
200,1000,"Source1_Only",0.657375145180023
200,1000,"Source2_Only",0.768873403019744
200,1000,"Weighted",0.821718931475029
300,1000,"Target_Only",0.782804543674109
300,1000,"Source1_Only",0.774383078730905
300,1000,"Source2_Only",0.784371327849589
300,1000,"Weighted",0.840383862122993
100,100,"Target_Only",0.650319829424307
100,100,"Source1_Only",0.76545842217484
100,100,"Source2_Only",0.635394456289979
100,100,"Weighted",0.73773987206823
200,100,"Target_Only",0.738231412230532
200,100,"Source1_Only",0.632644082710075
200,100,"Source2_Only",0.747910250769908
200,100,"Weighted",0.783545974483062
300,100,"Target_Only",0.777471897224134
300,100,"Source1_Only",0.641890341821519
300,100,"Source2_Only",0.690525349850883
300,100,"Weighted",0.788254186740078
100,300,"Target_Only",0.636363636363636
100,300,"Source1_Only",0.625391849529781
100,300,"Source2_Only",0.789968652037618
100,300,"Weighted",0.761755485893417
200,300,"Target_Only",0.745597775718258
200,300,"Source1_Only",0.643188137164041
200,300,"Source2_Only",0.820667284522706
200,300,"Weighted",0.806765523632994
300,300,"Target_Only",0.762585034013605
300,300,"Source1_Only",0.609750566893424
300,300,"Source2_Only",0.76031746031746
300,300,"Weighted",0.781859410430839
100,500,"Target_Only",0.639774859287054
100,500,"Source1_Only",0.630393996247655
100,500,"Source2_Only",0.74859287054409
100,500,"Weighted",0.724202626641651
200,500,"Target_Only",0.779057591623037
200,500,"Source1_Only",0.668586387434555
200,500,"Source2_Only",0.813089005235602
200,500,"Weighted",0.850261780104712
300,500,"Target_Only",0.778181818181818
300,500,"Source1_Only",0.685090909090909
300,500,"Source2_Only",0.774545454545455
300,500,"Weighted",0.815818181818182
100,1000,"Target_Only",0.743529411764706
100,1000,"Source1_Only",0.755294117647059
100,1000,"Source2_Only",0.771764705882353
100,1000,"Weighted",0.750588235294118
200,1000,"Target_Only",0.751931330472103
200,1000,"Source1_Only",0.662231759656652
200,1000,"Source2_Only",0.815450643776824
200,1000,"Weighted",0.825751072961373
300,1000,"Target_Only",0.808942152569716
300,1000,"Source1_Only",0.632864715372206
300,1000,"Source2_Only",0.781516478451256
300,1000,"Weighted",0.832449873242683
100,100,"Target_Only",0.762652705061082
100,100,"Source1_Only",0.621291448516579
100,100,"Source2_Only",0.680628272251309
100,100,"Weighted",0.712041884816754
200,100,"Target_Only",0.766334440753045
200,100,"Source1_Only",0.686046511627907
200,100,"Source2_Only",0.728682170542636
200,100,"Weighted",0.758028792912514
300,100,"Target_Only",0.809560376271837
300,100,"Source1_Only",0.694375119984642
300,100,"Source2_Only",0.765598003455558
300,100,"Weighted",0.839700518333653
100,300,"Target_Only",0.688775510204082
100,300,"Source1_Only",0.630102040816326
100,300,"Source2_Only",0.729591836734694
100,300,"Weighted",0.727040816326531
200,300,"Target_Only",0.700780572419775
200,300,"Source1_Only",0.642671292281006
200,300,"Source2_Only",0.731136166522116
200,300,"Weighted",0.782740676496097
300,300,"Target_Only",0.805980369778589
300,300,"Source1_Only",0.661492809860762
300,300,"Source2_Only",0.779502396713079
300,300,"Weighted",0.831088792513125
100,500,"Target_Only",0.688013136288998
100,500,"Source1_Only",0.548440065681445
100,500,"Source2_Only",0.791461412151067
100,500,"Weighted",0.799671592775041
200,500,"Target_Only",0.765641025641026
200,500,"Source1_Only",0.644102564102564
200,500,"Source2_Only",0.774358974358974
200,500,"Weighted",0.793846153846154
300,500,"Target_Only",0.77512401249311
300,500,"Source1_Only",0.642844019841999
300,500,"Source2_Only",0.74940290281095
300,500,"Weighted",0.788168289546206
100,1000,"Target_Only",0.656307129798903
100,1000,"Source1_Only",0.597806215722121
100,1000,"Source2_Only",0.625228519195612
100,1000,"Weighted",0.694698354661792
200,1000,"Target_Only",0.725615314494075
200,1000,"Source1_Only",0.707839562443026
200,1000,"Source2_Only",0.773928896991796
200,1000,"Weighted",0.808113035551504
300,1000,"Target_Only",0.811120917917034
300,1000,"Source1_Only",0.726831421006178
300,1000,"Source2_Only",0.770079435127979
300,1000,"Weighted",0.826566637246249
100,100,"Target_Only",0.720226843100189
100,100,"Source1_Only",0.686200378071834
100,100,"Source2_Only",0.688090737240076
100,100,"Weighted",0.746691871455577
200,100,"Target_Only",0.733730522456462
200,100,"Source1_Only",0.744271310724106
200,100,"Source2_Only",0.773602199816682
200,100,"Weighted",0.81301558203483
300,100,"Target_Only",0.787374749498998
300,100,"Source1_Only",0.621042084168337
300,100,"Source2_Only",0.726452905811623
300,100,"Weighted",0.793386773547094
100,300,"Target_Only",0.710843373493976
100,300,"Source1_Only",0.657831325301205
100,300,"Source2_Only",0.754216867469879
100,300,"Weighted",0.783132530120482
200,300,"Target_Only",0.781190926275992
200,300,"Source1_Only",0.683837429111531
200,300,"Source2_Only",0.745274102079395
200,300,"Weighted",0.790642722117202
300,300,"Target_Only",0.742214889667973
300,300,"Source1_Only",0.711074448339864
300,300,"Source2_Only",0.760569189523613
300,300,"Weighted",0.809651474530831
100,500,"Target_Only",0.67787610619469
100,500,"Source1_Only",0.543362831858407
100,500,"Source2_Only",0.812389380530973
100,500,"Weighted",0.76283185840708
200,500,"Target_Only",0.800541516245487
200,500,"Source1_Only",0.652527075812274
200,500,"Source2_Only",0.802797833935018
200,500,"Weighted",0.834386281588448
300,500,"Target_Only",0.770545158665582
300,500,"Source1_Only",0.70240032546786
300,500,"Source2_Only",0.806753458096013
300,500,"Weighted",0.842148087876322
100,1000,"Target_Only",0.790286975717439
100,1000,"Source1_Only",0.724061810154525
100,1000,"Source2_Only",0.814569536423841
100,1000,"Weighted",0.836644591611479
200,1000,"Target_Only",0.765421372719374
200,1000,"Source1_Only",0.68375325803649
200,1000,"Source2_Only",0.735881841876629
200,1000,"Weighted",0.788010425716768
300,1000,"Target_Only",0.713888888888889
300,1000,"Source1_Only",0.724206349206349
300,1000,"Source2_Only",0.774801587301587
300,1000,"Weighted",0.798015873015873
100,100,"Target_Only",0.692028985507246
100,100,"Source1_Only",0.577898550724638
100,100,"Source2_Only",0.757246376811594
100,100,"Weighted",0.771739130434783
200,100,"Target_Only",0.763147166734611
200,100,"Source1_Only",0.624949041989401
200,100,"Source2_Only",0.736241337138198
200,100,"Weighted",0.79372197309417
300,100,"Target_Only",0.72444722569879
300,100,"Source1_Only",0.590947017104714
300,100,"Source2_Only",0.732373800584063
300,100,"Weighted",0.730287859824781
100,300,"Target_Only",0.747211895910781
100,300,"Source1_Only",0.62639405204461
100,300,"Source2_Only",0.830855018587361
100,300,"Weighted",0.871747211895911
200,300,"Target_Only",0.710751665080875
200,300,"Source1_Only",0.700761179828735
200,300,"Source2_Only",0.757849666983825
200,300,"Weighted",0.82302568981922
300,300,"Target_Only",0.786112833230006
300,300,"Source1_Only",0.658607150237652
300,300,"Source2_Only",0.743955362678239
300,300,"Weighted",0.797065509402769
100,500,"Target_Only",0.728813559322034
100,500,"Source1_Only",0.661016949152542
100,500,"Source2_Only",0.872881355932203
100,500,"Weighted",0.843220338983051
200,500,"Target_Only",0.704091341579448
200,500,"Source1_Only",0.686964795432921
200,500,"Source2_Only",0.784966698382493
200,500,"Weighted",0.80732635585157
300,500,"Target_Only",0.778474173330452
300,500,"Source1_Only",0.686622001296737
300,500,"Source2_Only",0.773287227145018
300,500,"Weighted",0.82105035660255
100,1000,"Target_Only",0.648484848484848
100,1000,"Source1_Only",0.573737373737374
100,1000,"Source2_Only",0.735353535353535
100,1000,"Weighted",0.725252525252525
200,1000,"Target_Only",0.733365477338476
200,1000,"Source1_Only",0.656702025072324
200,1000,"Source2_Only",0.806171648987464
200,1000,"Weighted",0.825940212150434
300,1000,"Target_Only",0.735114953821969
300,1000,"Source1_Only",0.688740420514836
300,1000,"Source2_Only",0.768127333464335
300,1000,"Weighted",0.796423658872077
100,100,"Target_Only",0.6232741617357
100,100,"Source1_Only",0.55818540433925
100,100,"Source2_Only",0.78698224852071
100,100,"Weighted",0.745562130177515
200,100,"Target_Only",0.700235294117647
200,100,"Source1_Only",0.485176470588235
200,100,"Source2_Only",0.729882352941176
200,100,"Weighted",0.739294117647059
300,100,"Target_Only",0.747061207944872
300,100,"Source1_Only",0.599716254560195
300,100,"Source2_Only",0.671868666396433
300,100,"Weighted",0.750506688285367
100,300,"Target_Only",0.727272727272727
100,300,"Source1_Only",0.679144385026738
100,300,"Source2_Only",0.825311942959002
100,300,"Weighted",0.827094474153298
200,300,"Target_Only",0.695364238410596
200,300,"Source1_Only",0.560016556291391
200,300,"Source2_Only",0.746688741721854
200,300,"Weighted",0.753725165562914
300,300,"Target_Only",0.770888302550572
300,300,"Source1_Only",0.683817062445031
300,300,"Source2_Only",0.845206684256816
300,300,"Weighted",0.843447669305189
100,500,"Target_Only",0.742647058823529
100,500,"Source1_Only",0.781862745098039
100,500,"Source2_Only",0.821078431372549
100,500,"Weighted",0.879901960784314
200,500,"Target_Only",0.771653543307087
200,500,"Source1_Only",0.748494673459935
200,500,"Source2_Only",0.817044928207503
200,500,"Weighted",0.863362667901806
300,500,"Target_Only",0.784317559640203
300,500,"Source1_Only",0.725850606179116
300,500,"Source2_Only",0.757919436840047
300,500,"Weighted",0.805044974579585
100,1000,"Target_Only",0.731164383561644
100,1000,"Source1_Only",0.695205479452055
100,1000,"Source2_Only",0.863013698630137
100,1000,"Weighted",0.881849315068493
200,1000,"Target_Only",0.767676767676768
200,1000,"Source1_Only",0.733525733525733
200,1000,"Source2_Only",0.836459836459836
200,1000,"Weighted",0.844636844636845
300,1000,"Target_Only",0.76533850493653
300,1000,"Source1_Only",0.682827926657264
300,1000,"Source2_Only",0.814880112834979
300,1000,"Weighted",0.828984485190409
100,100,"Target_Only",0.750566893424036
100,100,"Source1_Only",0.582766439909297
100,100,"Source2_Only",0.777777777777778
100,100,"Weighted",0.795918367346939
200,100,"Target_Only",0.709942084942085
200,100,"Source1_Only",0.602799227799228
200,100,"Source2_Only",0.754343629343629
200,100,"Weighted",0.777027027027027
300,100,"Target_Only",0.799077601764588
300,100,"Source1_Only",0.669741327451374
300,100,"Source2_Only",0.774212953679567
300,100,"Weighted",0.811509925807098
100,300,"Target_Only",0.597701149425287
100,300,"Source1_Only",0.701149425287356
100,300,"Source2_Only",0.808429118773946
100,300,"Weighted",0.772030651340996
200,300,"Target_Only",0.749487704918033
200,300,"Source1_Only",0.702356557377049
200,300,"Source2_Only",0.816086065573771
200,300,"Weighted",0.826844262295082
300,300,"Target_Only",0.749101527403414
300,300,"Source1_Only",0.73989218328841
300,300,"Source2_Only",0.726415094339623
300,300,"Weighted",0.800314465408805
100,500,"Target_Only",0.604166666666667
100,500,"Source1_Only",0.643939393939394
100,500,"Source2_Only",0.784090909090909
100,500,"Weighted",0.738636363636364
200,500,"Target_Only",0.81025873808443
200,500,"Source1_Only",0.701316386745347
200,500,"Source2_Only",0.809804811620517
200,500,"Weighted",0.842487517022242
300,500,"Target_Only",0.754819863680623
300,500,"Source1_Only",0.651217137293087
300,500,"Source2_Only",0.785978578383642
300,500,"Weighted",0.802726387536514
100,1000,"Target_Only",0.762820512820513
100,1000,"Source1_Only",0.771367521367521
100,1000,"Source2_Only",0.829059829059829
100,1000,"Weighted",0.833333333333333
200,1000,"Target_Only",0.772190642763446
200,1000,"Source1_Only",0.685614341932663
200,1000,"Source2_Only",0.754263226934849
200,1000,"Weighted",0.822037603847836
300,1000,"Target_Only",0.78590026036451
300,1000,"Source1_Only",0.693971560184258
300,1000,"Source2_Only",0.796114560384538
300,1000,"Weighted",0.825956338874424
100,100,"Target_Only",0.678638941398866
100,100,"Source1_Only",0.599243856332703
100,100,"Source2_Only",0.688090737240076
100,100,"Weighted",0.731568998109641
200,100,"Target_Only",0.772130211307824
200,100,"Source1_Only",0.685322672758424
200,100,"Source2_Only",0.663620788121074
200,100,"Weighted",0.794403198172473
300,100,"Target_Only",0.800783545543585
300,100,"Source1_Only",0.704799216454456
300,100,"Source2_Only",0.733986287952987
300,100,"Weighted",0.81900097943193
100,300,"Target_Only",0.663265306122449
100,300,"Source1_Only",0.724489795918367
100,300,"Source2_Only",0.8
100,300,"Weighted",0.808163265306122
200,300,"Target_Only",0.795969773299748
200,300,"Source1_Only",0.720403022670025
200,300,"Source2_Only",0.739546599496222
200,300,"Weighted",0.819647355163728
300,300,"Target_Only",0.752795899347623
300,300,"Source1_Only",0.647949673811743
300,300,"Source2_Only",0.727865796831314
300,300,"Weighted",0.784948741845294
100,500,"Target_Only",0.789719626168224
100,500,"Source1_Only",0.70404984423676
100,500,"Source2_Only",0.855140186915888
100,500,"Weighted",0.922118380062305
200,500,"Target_Only",0.722366148531952
200,500,"Source1_Only",0.637737478411054
200,500,"Source2_Only",0.843696027633851
200,500,"Weighted",0.839378238341969
300,500,"Target_Only",0.765174343521309
300,500,"Source1_Only",0.667025398191993
300,500,"Source2_Only",0.780456306500215
300,500,"Weighted",0.808652604390874
100,1000,"Target_Only",0.580645161290323
100,1000,"Source1_Only",0.543424317617866
100,1000,"Source2_Only",0.679900744416873
100,1000,"Weighted",0.632754342431762
200,1000,"Target_Only",0.77286432160804
200,1000,"Source1_Only",0.704522613065327
200,1000,"Source2_Only",0.755778894472362
200,1000,"Weighted",0.825125628140704
300,1000,"Target_Only",0.742769500438212
300,1000,"Source1_Only",0.692813321647678
300,1000,"Source2_Only",0.754163014899211
300,1000,"Weighted",0.797546012269939
100,100,"Target_Only",0.616766467065868
100,100,"Source1_Only",0.604790419161677
100,100,"Source2_Only",0.728542914171657
100,100,"Weighted",0.746506986027944
200,100,"Target_Only",0.746223564954683
200,100,"Source1_Only",0.518126888217523
200,100,"Source2_Only",0.728600201409869
200,100,"Weighted",0.784491440080564
300,100,"Target_Only",0.701632165605096
300,100,"Source1_Only",0.623407643312102
300,100,"Source2_Only",0.715565286624204
300,100,"Weighted",0.767914012738854
100,300,"Target_Only",0.582661290322581
100,300,"Source1_Only",0.693548387096774
100,300,"Source2_Only",0.737903225806452
100,300,"Weighted",0.743951612903226
200,300,"Target_Only",0.760668719753629
200,300,"Source1_Only",0.692036955565332
200,300,"Source2_Only",0.831940167179938
200,300,"Weighted",0.835899692036956
300,300,"Target_Only",0.758293838862559
300,300,"Source1_Only",0.689676488769833
300,300,"Source2_Only",0.738306202349062
300,300,"Weighted",0.802184215948898
100,500,"Target_Only",0.75583864118896
100,500,"Source1_Only",0.711252653927813
100,500,"Source2_Only",0.847133757961783
100,500,"Weighted",0.851380042462845
200,500,"Target_Only",0.725132148005766
200,500,"Source1_Only",0.584814992791927
200,500,"Source2_Only",0.765016818837098
200,500,"Weighted",0.782316194137434
300,500,"Target_Only",0.729620253164557
300,500,"Source1_Only",0.657215189873418
300,500,"Source2_Only",0.711645569620253
300,500,"Weighted",0.774936708860759
100,1000,"Target_Only",0.770318021201413
100,1000,"Source1_Only",0.740282685512367
100,1000,"Source2_Only",0.842756183745583
100,1000,"Weighted",0.862190812720848
200,1000,"Target_Only",0.741298701298701
200,1000,"Source1_Only",0.638441558441558
200,1000,"Source2_Only",0.778701298701299
200,1000,"Weighted",0.794285714285714
300,1000,"Target_Only",0.808514851485149
300,1000,"Source1_Only",0.732871287128713
300,1000,"Source2_Only",0.824554455445545
300,1000,"Weighted",0.853267326732673
100,100,"Target_Only",0.675118858954041
100,100,"Source1_Only",0.659270998415214
100,100,"Source2_Only",0.729001584786054
100,100,"Weighted",0.778129952456418
200,100,"Target_Only",0.809758097580976
200,100,"Source1_Only",0.619516195161952
200,100,"Source2_Only",0.788437884378844
200,100,"Weighted",0.855268552685527
300,100,"Target_Only",0.791480730223124
300,100,"Source1_Only",0.740162271805274
300,100,"Source2_Only",0.782352941176471
300,100,"Weighted",0.814604462474645
100,300,"Target_Only",0.710247349823321
100,300,"Source1_Only",0.731448763250883
100,300,"Source2_Only",0.816254416961131
100,300,"Weighted",0.809187279151943
200,300,"Target_Only",0.775953645581845
200,300,"Source1_Only",0.756156446161275
200,300,"Source2_Only",0.813133751810719
200,300,"Weighted",0.842105263157895
300,300,"Target_Only",0.750776236803974
300,300,"Source1_Only",0.67480852825502
300,300,"Source2_Only",0.751604222728214
300,300,"Weighted",0.794866487269716
100,500,"Target_Only",0.737881508078995
100,500,"Source1_Only",0.669658886894075
100,500,"Source2_Only",0.838420107719928
100,500,"Weighted",0.834829443447038
200,500,"Target_Only",0.749763481551561
200,500,"Source1_Only",0.690633869441816
200,500,"Source2_Only",0.736991485335856
200,500,"Weighted",0.785241248817408
300,500,"Target_Only",0.776841260284969
300,500,"Source1_Only",0.634557495484648
300,500,"Source2_Only",0.775436484045755
300,500,"Weighted",0.813365442504515
100,1000,"Target_Only",0.747011952191235
100,1000,"Source1_Only",0.733067729083665
100,1000,"Source2_Only",0.830677290836653
100,1000,"Weighted",0.790836653386454
200,1000,"Target_Only",0.773096446700508
200,1000,"Source1_Only",0.670558375634518
200,1000,"Source2_Only",0.829441624365482
200,1000,"Weighted",0.814720812182741
300,1000,"Target_Only",0.823304273867744
300,1000,"Source1_Only",0.70401871146077
300,1000,"Source2_Only",0.771422496278971
300,1000,"Weighted",0.841590474165426
100,100,"Target_Only",0.726126126126126
100,100,"Source1_Only",0.717117117117117
100,100,"Source2_Only",0.664864864864865
100,100,"Weighted",0.776576576576577
200,100,"Target_Only",0.750105887335875
200,100,"Source1_Only",0.698009318085557
200,100,"Source2_Only",0.755612028801355
200,100,"Weighted",0.779330792037272
300,100,"Target_Only",0.731585788561525
300,100,"Source1_Only",0.628466204506066
300,100,"Source2_Only",0.663128249566724
300,100,"Weighted",0.742201039861352
100,300,"Target_Only",0.727858293075684
100,300,"Source1_Only",0.718196457326892
100,300,"Source2_Only",0.801932367149758
100,300,"Weighted",0.824476650563607
200,300,"Target_Only",0.809273840769904
200,300,"Source1_Only",0.612860892388451
200,300,"Source2_Only",0.818022747156606
200,300,"Weighted",0.831146106736658
300,300,"Target_Only",0.725538813656304
300,300,"Source1_Only",0.644096891092886
300,300,"Source2_Only",0.77283997711234
300,300,"Weighted",0.788479877932481
100,500,"Target_Only",0.67156862745098
100,500,"Source1_Only",0.694444444444444
100,500,"Source2_Only",0.797385620915033
100,500,"Weighted",0.815359477124183
200,500,"Target_Only",0.70892552586697
200,500,"Source1_Only",0.695281409891984
200,500,"Source2_Only",0.766913018760659
200,500,"Weighted",0.796475270039795
300,500,"Target_Only",0.753238341968912
300,500,"Source1_Only",0.688255613126079
300,500,"Source2_Only",0.7463298791019
300,500,"Weighted",0.790371329879102
100,1000,"Target_Only",0.81174438687392
100,1000,"Source1_Only",0.64594127806563
100,1000,"Source2_Only",0.799654576856649
100,1000,"Weighted",0.825561312607945
200,1000,"Target_Only",0.719475277497477
200,1000,"Source1_Only",0.589808274470232
200,1000,"Source2_Only",0.800201816347124
200,1000,"Weighted",0.79364278506559
300,1000,"Target_Only",0.749357072205737
300,1000,"Source1_Only",0.6648862512364
300,1000,"Source2_Only",0.755885262116716
300,1000,"Weighted",0.793273986152324
100,100,"Target_Only",0.7109375
100,100,"Source1_Only",0.65625
100,100,"Source2_Only",0.71484375
100,100,"Weighted",0.75
200,100,"Target_Only",0.719886632026453
200,100,"Source1_Only",0.666981577704299
200,100,"Source2_Only",0.622579121398205
200,100,"Weighted",0.712328767123288
300,100,"Target_Only",0.818455366098295
300,100,"Source1_Only",0.647943831494483
300,100,"Source2_Only",0.817853560682046
300,100,"Weighted",0.830892678034102
100,300,"Target_Only",0.79073756432247
100,300,"Source1_Only",0.612349914236707
100,300,"Source2_Only",0.794168096054888
100,300,"Weighted",0.819897084048028
200,300,"Target_Only",0.786474973375932
200,300,"Source1_Only",0.721512247071353
200,300,"Source2_Only",0.861022364217252
200,300,"Weighted",0.859957401490948
300,300,"Target_Only",0.812427184466019
300,300,"Source1_Only",0.639417475728155
300,300,"Source2_Only",0.815728155339806
300,300,"Weighted",0.834757281553398
100,500,"Target_Only",0.734607218683652
100,500,"Source1_Only",0.721868365180467
100,500,"Source2_Only",0.745222929936306
100,500,"Weighted",0.78343949044586
200,500,"Target_Only",0.736338797814208
200,500,"Source1_Only",0.727231329690346
200,500,"Source2_Only",0.765482695810565
200,500,"Weighted",0.812386156648452
300,500,"Target_Only",0.765072347266881
300,500,"Source1_Only",0.691519292604502
300,500,"Source2_Only",0.770498392282958
300,500,"Weighted",0.803456591639871
100,1000,"Target_Only",0.663974151857835
100,1000,"Source1_Only",0.552504038772213
100,1000,"Source2_Only",0.730210016155089
100,1000,"Weighted",0.815831987075929
200,1000,"Target_Only",0.763831544178365
200,1000,"Source1_Only",0.690751445086705
200,1000,"Source2_Only",0.785714285714286
200,1000,"Weighted",0.835672997522709
300,1000,"Target_Only",0.77976056019878
300,1000,"Source1_Only",0.762367291619607
300,1000,"Source2_Only",0.802575107296137
300,1000,"Weighted",0.829907386491981
100,100,"Target_Only",0.730275229357798
100,100,"Source1_Only",0.656880733944954
100,100,"Source2_Only",0.803669724770642
100,100,"Weighted",0.805504587155963
200,100,"Target_Only",0.765574526995847
200,100,"Source1_Only",0.638670973696354
200,100,"Source2_Only",0.752653437932626
200,100,"Weighted",0.790955237655745
300,100,"Target_Only",0.824750342666928
300,100,"Source1_Only",0.688271000587429
300,100,"Source2_Only",0.733307225376934
300,100,"Weighted",0.845114548658704
100,300,"Target_Only",0.72202166064982
100,300,"Source1_Only",0.743682310469314
100,300,"Source2_Only",0.732851985559567
100,300,"Weighted",0.823104693140794
200,300,"Target_Only",0.766455387615797
200,300,"Source1_Only",0.643100926377377
200,300,"Source2_Only",0.820575329107752
200,300,"Weighted",0.832276938078986
300,300,"Target_Only",0.754186202277294
300,300,"Source1_Only",0.698370171913373
300,300,"Source2_Only",0.791248046438937
300,300,"Weighted",0.820495646349632
100,500,"Target_Only",0.6875
100,500,"Source1_Only",0.670833333333333
100,500,"Source2_Only",0.691666666666667
100,500,"Weighted",0.75625
200,500,"Target_Only",0.653550429669833
200,500,"Source1_Only",0.724106739032112
200,500,"Source2_Only",0.728177295341474
200,500,"Weighted",0.763455450022614
300,500,"Target_Only",0.792202318229716
300,500,"Source1_Only",0.732139093782929
300,500,"Source2_Only",0.705163329820864
300,500,"Weighted",0.807797681770285
100,1000,"Target_Only",0.71334431630972
100,1000,"Source1_Only",0.71828665568369
100,1000,"Source2_Only",0.761120263591433
100,1000,"Weighted",0.802306425041186
200,1000,"Target_Only",0.643835616438356
200,1000,"Source1_Only",0.656164383561644
200,1000,"Source2_Only",0.669406392694064
200,1000,"Weighted",0.715068493150685
300,1000,"Target_Only",0.74647590995161
300,1000,"Source1_Only",0.740164106879865
300,1000,"Source2_Only",0.786240269303598
300,1000,"Weighted",0.812329055333474
100,100,"Target_Only",0.584873949579832
100,100,"Source1_Only",0.626890756302521
100,100,"Source2_Only",0.665546218487395
100,100,"Weighted",0.684033613445378
200,100,"Target_Only",0.732817869415808
200,100,"Source1_Only",0.612972508591065
200,100,"Source2_Only",0.747852233676976
200,100,"Weighted",0.763745704467354
300,100,"Target_Only",0.839053713399263
300,100,"Source1_Only",0.651735505138647
300,100,"Source2_Only",0.781074267985263
300,100,"Weighted",0.833818111305022
100,300,"Target_Only",0.753846153846154
100,300,"Source1_Only",0.728205128205128
100,300,"Source2_Only",0.786324786324786
100,300,"Weighted",0.811965811965812
200,300,"Target_Only",0.797883064516129
200,300,"Source1_Only",0.673387096774194
200,300,"Source2_Only",0.805947580645161
200,300,"Weighted",0.846270161290323
300,300,"Target_Only",0.723051409618574
300,300,"Source1_Only",0.65257048092869
300,300,"Source2_Only",0.73922056384743
300,300,"Weighted",0.760364842454395
100,500,"Target_Only",0.747011952191235
100,500,"Source1_Only",0.776892430278884
100,500,"Source2_Only",0.766932270916335
100,500,"Weighted",0.824701195219123
200,500,"Target_Only",0.736445073078736
200,500,"Source1_Only",0.701084394153701
200,500,"Source2_Only",0.730787364450731
200,500,"Weighted",0.775106082036775
300,500,"Target_Only",0.790990647070052
300,500,"Source1_Only",0.698415728192403
300,500,"Source2_Only",0.816949799580073
300,500,"Weighted",0.83699179232678
100,1000,"Target_Only",0.77634011090573
100,1000,"Source1_Only",0.735674676524954
100,1000,"Source2_Only",0.77264325323475
100,1000,"Weighted",0.841035120147874
200,1000,"Target_Only",0.762180974477958
200,1000,"Source1_Only",0.656225831399845
200,1000,"Source2_Only",0.797370456303171
200,1000,"Weighted",0.804331013147718
300,1000,"Target_Only",0.781550539744848
300,1000,"Source1_Only",0.759568204121688
300,1000,"Source2_Only",0.766830225711482
300,1000,"Weighted",0.810402355250245
100,100,"Target_Only",0.660714285714286
100,100,"Source1_Only",0.628968253968254
100,100,"Source2_Only",0.702380952380952
100,100,"Weighted",0.696428571428571
200,100,"Target_Only",0.754627432368296
200,100,"Source1_Only",0.62078785002373
200,100,"Source2_Only",0.724727100142383
200,100,"Weighted",0.770764119601329
300,100,"Target_Only",0.77964047667138
300,100,"Source1_Only",0.654817208644718
300,100,"Source2_Only",0.765097960008079
300,100,"Weighted",0.799636437083417
100,300,"Target_Only",0.684665226781857
100,300,"Source1_Only",0.630669546436285
100,300,"Source2_Only",0.742980561555076
100,300,"Weighted",0.740820734341253
200,300,"Target_Only",0.662517289073306
200,300,"Source1_Only",0.62010142923006
200,300,"Source2_Only",0.769479022591056
200,300,"Weighted",0.761180267404334
300,300,"Target_Only",0.830218374975408
300,300,"Source1_Only",0.680700373795003
300,300,"Source2_Only",0.782018493015936
300,300,"Weighted",0.851072201455833
100,500,"Target_Only",0.67965367965368
100,500,"Source1_Only",0.655844155844156
100,500,"Source2_Only",0.714285714285714
100,500,"Weighted",0.748917748917749
200,500,"Target_Only",0.743194192377495
200,500,"Source1_Only",0.627949183303085
200,500,"Source2_Only",0.787658802177858
200,500,"Weighted",0.815335753176044
300,500,"Target_Only",0.789331672893317
300,500,"Source1_Only",0.70008302200083
300,500,"Source2_Only",0.798671647986716
300,500,"Weighted",0.831465338314653
100,1000,"Target_Only",0.706864564007421
100,1000,"Source1_Only",0.742115027829314
100,1000,"Source2_Only",0.74582560296846
100,1000,"Weighted",0.786641929499072
200,1000,"Target_Only",0.734274711168164
200,1000,"Source1_Only",0.706033376123235
200,1000,"Source2_Only",0.712023962344887
200,1000,"Weighted",0.764227642276423
300,1000,"Target_Only",0.790582403965304
300,1000,"Source1_Only",0.672242874845105
300,1000,"Source2_Only",0.798636926889715
300,1000,"Weighted",0.835192069392813
100,100,"Target_Only",0.760914760914761
100,100,"Source1_Only",0.706860706860707
100,100,"Source2_Only",0.719334719334719
100,100,"Weighted",0.785862785862786
200,100,"Target_Only",0.816245666171372
200,100,"Source1_Only",0.675086676572561
200,100,"Source2_Only",0.780089153046062
200,100,"Weighted",0.821198613174839
300,100,"Target_Only",0.753373753178173
300,100,"Source1_Only",0.700567181693722
300,100,"Source2_Only",0.69509094465089
300,100,"Weighted",0.767064345785253
100,300,"Target_Only",0.819237147595357
100,300,"Source1_Only",0.678275290215589
100,300,"Source2_Only",0.776119402985075
100,300,"Weighted",0.827529021558872
200,300,"Target_Only",0.68889970788705
200,300,"Source1_Only",0.585199610516066
200,300,"Source2_Only",0.729308666017527
200,300,"Weighted",0.791626095423564
300,300,"Target_Only",0.782153330540427
300,300,"Source1_Only",0.689149560117302
300,300,"Source2_Only",0.77377461248429
300,300,"Weighted",0.810012568077084
100,500,"Target_Only",0.672
100,500,"Source1_Only",0.642
100,500,"Source2_Only",0.764
100,500,"Weighted",0.76
200,500,"Target_Only",0.752715121136174
200,500,"Source1_Only",0.745614035087719
200,500,"Source2_Only",0.748955722639933
200,500,"Weighted",0.829991645781119
300,500,"Target_Only",0.772736124634859
300,500,"Source1_Only",0.705939629990263
300,500,"Source2_Only",0.790652385589094
300,500,"Weighted",0.799610516066212
100,1000,"Target_Only",0.684627575277338
100,1000,"Source1_Only",0.716323296354992
100,1000,"Source2_Only",0.784469096671949
100,1000,"Weighted",0.80824088748019
200,1000,"Target_Only",0.749751243781094
200,1000,"Source1_Only",0.708457711442786
200,1000,"Source2_Only",0.811442786069652
200,1000,"Weighted",0.833333333333333
300,1000,"Target_Only",0.792220296553052
300,1000,"Source1_Only",0.715578663585596
300,1000,"Source2_Only",0.794145965723089
300,1000,"Weighted",0.836125553629886
100,100,"Target_Only",0.689708141321045
100,100,"Source1_Only",0.675883256528418
100,100,"Source2_Only",0.599078341013825
100,100,"Weighted",0.686635944700461
200,100,"Target_Only",0.730994152046784
200,100,"Source1_Only",0.586048454469507
200,100,"Source2_Only",0.738930659983292
200,100,"Weighted",0.780284043441938
300,100,"Target_Only",0.79618540696385
300,100,"Source1_Only",0.693280106453759
300,100,"Source2_Only",0.754934575293857
300,100,"Weighted",0.816145486804169
100,300,"Target_Only",0.724489795918367
100,300,"Source1_Only",0.678571428571429
100,300,"Source2_Only",0.767857142857143
100,300,"Weighted",0.770408163265306
200,300,"Target_Only",0.753727971079982
200,300,"Source1_Only",0.642566651604157
200,300,"Source2_Only",0.746949841843651
200,300,"Weighted",0.815634884771803
300,300,"Target_Only",0.750729113055413
300,300,"Source1_Only",0.655687081832218
300,300,"Source2_Only",0.721393034825871
300,300,"Weighted",0.762394921942014
100,500,"Target_Only",0.581560283687943
100,500,"Source1_Only",0.75886524822695
100,500,"Source2_Only",0.840425531914894
100,500,"Weighted",0.801418439716312
200,500,"Target_Only",0.720388349514563
200,500,"Source1_Only",0.651941747572816
200,500,"Source2_Only",0.814563106796117
200,500,"Weighted",0.816504854368932
300,500,"Target_Only",0.797175362887407
300,500,"Source1_Only",0.706355433503335
300,500,"Source2_Only",0.779129070223617
300,500,"Weighted",0.818163985876814
100,1000,"Target_Only",0.737373737373737
100,1000,"Source1_Only",0.652525252525253
100,1000,"Source2_Only",0.777777777777778
100,1000,"Weighted",0.783838383838384
200,1000,"Target_Only",0.748509485094851
200,1000,"Source1_Only",0.695934959349593
200,1000,"Source2_Only",0.837940379403794
200,1000,"Weighted",0.862872628726287
300,1000,"Target_Only",0.739895697522816
300,1000,"Source1_Only",0.619947848761408
300,1000,"Source2_Only",0.730551933941764
300,1000,"Weighted",0.763146458061712
100,100,"Target_Only",0.750847457627119
100,100,"Source1_Only",0.64406779661017
100,100,"Source2_Only",0.679661016949153
100,100,"Weighted",0.749152542372881
200,100,"Target_Only",0.797368421052632
200,100,"Source1_Only",0.696842105263158
200,100,"Source2_Only",0.794210526315789
200,100,"Weighted",0.828947368421053
300,100,"Target_Only",0.788766519823789
300,100,"Source1_Only",0.655947136563877
300,100,"Source2_Only",0.723127753303965
300,100,"Weighted",0.788986784140969
100,300,"Target_Only",0.723849372384937
100,300,"Source1_Only",0.548117154811716
100,300,"Source2_Only",0.774058577405858
100,300,"Weighted",0.782426778242678
200,300,"Target_Only",0.777483443708609
200,300,"Source1_Only",0.720088300220751
200,300,"Source2_Only",0.778366445916115
200,300,"Weighted",0.834437086092715
300,300,"Target_Only",0.726585802346391
300,300,"Source1_Only",0.649433286935773
300,300,"Source2_Only",0.723404255319149
300,300,"Weighted",0.777490554782263
100,500,"Target_Only",0.754854368932039
100,500,"Source1_Only",0.757281553398058
100,500,"Source2_Only",0.759708737864078
100,500,"Weighted",0.881067961165048
200,500,"Target_Only",0.715469613259669
200,500,"Source1_Only",0.682780847145488
200,500,"Source2_Only",0.780386740331492
200,500,"Weighted",0.797882136279926
300,500,"Target_Only",0.777229757501028
300,500,"Source1_Only",0.66872174270448
300,500,"Source2_Only",0.743732018084669
300,500,"Weighted",0.790793259350596
100,1000,"Target_Only",0.734806629834254
100,1000,"Source1_Only",0.644567219152855
100,1000,"Source2_Only",0.876611418047882
100,1000,"Weighted",0.860036832412523
200,1000,"Target_Only",0.686683006535948
200,1000,"Source1_Only",0.643382352941176
200,1000,"Source2_Only",0.763071895424837
200,1000,"Weighted",0.77859477124183
300,1000,"Target_Only",0.781886951040135
300,1000,"Source1_Only",0.69405337255726
300,1000,"Source2_Only",0.772431183021643
300,1000,"Weighted",0.823072073965119
100,100,"Target_Only",0.807860262008734
100,100,"Source1_Only",0.75764192139738
100,100,"Source2_Only",0.703056768558952
100,100,"Weighted",0.807860262008734
200,100,"Target_Only",0.825046904315197
200,100,"Source1_Only",0.653846153846154
200,100,"Source2_Only",0.769699812382739
200,100,"Weighted",0.843808630393996
300,100,"Target_Only",0.765656979124028
300,100,"Source1_Only",0.722677036430618
300,100,"Source2_Only",0.675194433074089
300,100,"Weighted",0.776094965206713
100,300,"Target_Only",0.690248565965583
100,300,"Source1_Only",0.724665391969407
100,300,"Source2_Only",0.697896749521989
100,300,"Weighted",0.793499043977056
200,300,"Target_Only",0.825192802056555
200,300,"Source1_Only",0.737789203084833
200,300,"Source2_Only",0.843616109682948
200,300,"Weighted",0.869323050556984
300,300,"Target_Only",0.759169415874248
300,300,"Source1_Only",0.6964874830196
300,300,"Source2_Only",0.771977488841452
300,300,"Weighted",0.809431399184941
100,500,"Target_Only",0.726618705035971
100,500,"Source1_Only",0.60431654676259
100,500,"Source2_Only",0.784172661870504
100,500,"Weighted",0.807553956834532
200,500,"Target_Only",0.747268408551069
200,500,"Source1_Only",0.652731591448931
200,500,"Source2_Only",0.71021377672209
200,500,"Weighted",0.762470308788599
300,500,"Target_Only",0.751724137931034
300,500,"Source1_Only",0.723092998955068
300,500,"Source2_Only",0.755485893416928
300,500,"Weighted",0.801462904911181
100,1000,"Target_Only",0.614035087719298
100,1000,"Source1_Only",0.587719298245614
100,1000,"Source2_Only",0.778947368421053
100,1000,"Weighted",0.733333333333333
200,1000,"Target_Only",0.73327222731439
200,1000,"Source1_Only",0.614573785517873
200,1000,"Source2_Only",0.766269477543538
200,1000,"Weighted",0.776351970669111
300,1000,"Target_Only",0.760762728523688
300,1000,"Source1_Only",0.736583448004718
300,1000,"Source2_Only",0.768822488696678
300,1000,"Weighted",0.791625712600747
100,100,"Target_Only",0.719047619047619
100,100,"Source1_Only",0.550793650793651
100,100,"Source2_Only",0.741269841269841
100,100,"Weighted",0.776190476190476
200,100,"Target_Only",0.814088983050848
200,100,"Source1_Only",0.650423728813559
200,100,"Source2_Only",0.829449152542373
200,100,"Weighted",0.856991525423729
300,100,"Target_Only",0.769650434431198
300,100,"Source1_Only",0.604364518084461
300,100,"Source2_Only",0.763790664780764
300,100,"Weighted",0.783592644978784
100,300,"Target_Only",0.770758122743682
100,300,"Source1_Only",0.696750902527076
100,300,"Source2_Only",0.743682310469314
100,300,"Weighted",0.797833935018051
200,300,"Target_Only",0.808148530170191
200,300,"Source1_Only",0.693140794223827
200,300,"Source2_Only",0.756575554409489
200,300,"Weighted",0.834450747808149
300,300,"Target_Only",0.823416914577136
300,300,"Source1_Only",0.718232044198895
300,300,"Source2_Only",0.76774330641734
300,300,"Weighted",0.842966425839354
100,500,"Target_Only",0.812658227848101
100,500,"Source1_Only",0.683544303797468
100,500,"Source2_Only",0.853164556962025
100,500,"Weighted",0.835443037974684
200,500,"Target_Only",0.786077235772358
200,500,"Source1_Only",0.745426829268293
200,500,"Source2_Only",0.738313008130081
200,500,"Weighted",0.819613821138211
300,500,"Target_Only",0.716700201207243
300,500,"Source1_Only",0.629577464788732
300,500,"Source2_Only",0.764587525150905
300,500,"Weighted",0.779678068410463
100,1000,"Target_Only",0.717791411042945
100,1000,"Source1_Only",0.556237218813906
100,1000,"Source2_Only",0.738241308793456
100,1000,"Weighted",0.76278118609407
200,1000,"Target_Only",0.753126699293094
200,1000,"Source1_Only",0.698205546492659
200,1000,"Source2_Only",0.761827079934747
200,1000,"Weighted",0.798259923871669
300,1000,"Target_Only",0.716216216216216
300,1000,"Source1_Only",0.666814355338946
300,1000,"Source2_Only",0.787549844926894
300,1000,"Weighted",0.801727957465662
100,100,"Target_Only",0.786363636363636
100,100,"Source1_Only",0.804545454545455
100,100,"Source2_Only",0.765909090909091
100,100,"Weighted",0.865909090909091
200,100,"Target_Only",0.656692913385827
200,100,"Source1_Only",0.710761154855643
200,100,"Source2_Only",0.727034120734908
200,100,"Weighted",0.755905511811024
300,100,"Target_Only",0.755313250785437
300,100,"Source1_Only",0.666605063759009
300,100,"Source2_Only",0.654407688042876
300,100,"Weighted",0.763814452042136
100,300,"Target_Only",0.721212121212121
100,300,"Source1_Only",0.687878787878788
100,300,"Source2_Only",0.724242424242424
100,300,"Weighted",0.76969696969697
200,300,"Target_Only",0.720137990513152
200,300,"Source1_Only",0.729193617938767
200,300,"Source2_Only",0.742130228546787
200,300,"Weighted",0.79991375592928
300,300,"Target_Only",0.798001998001998
300,300,"Source1_Only",0.76983016983017
300,300,"Source2_Only",0.76983016983017
300,300,"Weighted",0.833766233766234
100,500,"Target_Only",0.834763948497854
100,500,"Source1_Only",0.581545064377682
100,500,"Source2_Only",0.804721030042918
100,500,"Weighted",0.890557939914163
200,500,"Target_Only",0.747502996404315
200,500,"Source1_Only",0.686376348381942
200,500,"Source2_Only",0.764282860567319
200,500,"Weighted",0.820215741110667
300,500,"Target_Only",0.839226973684211
300,500,"Source1_Only",0.736019736842105
300,500,"Source2_Only",0.833264802631579
300,500,"Weighted",0.865953947368421
100,1000,"Target_Only",0.711072664359862
100,1000,"Source1_Only",0.724913494809689
100,1000,"Source2_Only",0.666089965397924
100,1000,"Weighted",0.749134948096886
200,1000,"Target_Only",0.697401935812532
200,1000,"Source1_Only",0.70096790626592
200,1000,"Source2_Only",0.772796739684157
200,1000,"Weighted",0.80030565461029
300,1000,"Target_Only",0.740436611255758
300,1000,"Source1_Only",0.682555577808933
300,1000,"Source2_Only",0.761065491688364
300,1000,"Weighted",0.789104746645303
100,100,"Target_Only",0.717081850533808
100,100,"Source1_Only",0.633451957295374
100,100,"Source2_Only",0.722419928825623
100,100,"Weighted",0.761565836298932
200,100,"Target_Only",0.799552572706935
200,100,"Source1_Only",0.643847874720358
200,100,"Source2_Only",0.748545861297539
200,100,"Weighted",0.829082774049217
300,100,"Target_Only",0.742157458004453
300,100,"Source1_Only",0.671523982999393
300,100,"Source2_Only",0.735681036227484
300,100,"Weighted",0.786885245901639
100,300,"Target_Only",0.609154929577465
100,300,"Source1_Only",0.681338028169014
100,300,"Source2_Only",0.72887323943662
100,300,"Weighted",0.721830985915493
200,300,"Target_Only",0.759101123595506
200,300,"Source1_Only",0.653483146067416
200,300,"Source2_Only",0.746966292134831
200,300,"Weighted",0.775730337078652
300,300,"Target_Only",0.784703801945181
300,300,"Source1_Only",0.675066312997348
300,300,"Source2_Only",0.780282935455349
300,300,"Weighted",0.830459770114943
100,500,"Target_Only",0.756626506024096
100,500,"Source1_Only",0.734939759036145
100,500,"Source2_Only",0.792771084337349
100,500,"Weighted",0.857831325301205
200,500,"Target_Only",0.79018245004344
200,500,"Source1_Only",0.703301476976542
200,500,"Source2_Only",0.792354474370113
200,500,"Weighted",0.850999131190269
300,500,"Target_Only",0.813157352031347
300,500,"Source1_Only",0.683646112600536
300,500,"Source2_Only",0.753144978346051
300,500,"Weighted",0.830480511445659
100,1000,"Target_Only",0.728813559322034
100,1000,"Source1_Only",0.711864406779661
100,1000,"Source2_Only",0.765133171912833
100,1000,"Weighted",0.76271186440678
200,1000,"Target_Only",0.770093457943925
200,1000,"Source1_Only",0.694859813084112
200,1000,"Source2_Only",0.804672897196262
200,1000,"Weighted",0.835514018691589
300,1000,"Target_Only",0.767589388696655
300,1000,"Source1_Only",0.65916955017301
300,1000,"Source2_Only",0.821414840445982
300,1000,"Weighted",0.831026528258362
100,100,"Target_Only",0.668421052631579
100,100,"Source1_Only",0.687719298245614
100,100,"Source2_Only",0.750877192982456
100,100,"Weighted",0.787719298245614
200,100,"Target_Only",0.813976377952756
200,100,"Source1_Only",0.623523622047244
200,100,"Source2_Only",0.77755905511811
200,100,"Weighted",0.827755905511811
300,100,"Target_Only",0.86650868878357
300,100,"Source1_Only",0.634281200631912
300,100,"Source2_Only",0.786532385466035
300,100,"Weighted",0.84932859399684
100,300,"Target_Only",0.704132231404959
100,300,"Source1_Only",0.596694214876033
100,300,"Source2_Only",0.717355371900826
100,300,"Weighted",0.743801652892562
200,300,"Target_Only",0.753268663011388
200,300,"Source1_Only",0.730493462673977
200,300,"Source2_Only",0.804301982285955
200,300,"Weighted",0.832560101223113
300,300,"Target_Only",0.819168928795156
300,300,"Source1_Only",0.651075381081645
300,300,"Source2_Only",0.823553977865943
300,300,"Weighted",0.844017540196283
100,500,"Target_Only",0.673010380622837
100,500,"Source1_Only",0.79757785467128
100,500,"Source2_Only",0.816608996539792
100,500,"Weighted",0.832179930795848
200,500,"Target_Only",0.728805394990366
200,500,"Source1_Only",0.792870905587669
200,500,"Source2_Only",0.795761078998073
200,500,"Weighted",0.823217726396917
300,500,"Target_Only",0.736580751950816
300,500,"Source1_Only",0.684322534878222
300,500,"Source2_Only",0.771340742492315
300,500,"Weighted",0.813194608654528
100,1000,"Target_Only",0.762439807383628
100,1000,"Source1_Only",0.654895666131621
100,1000,"Source2_Only",0.86677367576244
100,1000,"Weighted",0.861958266452649
200,1000,"Target_Only",0.737176769817719
200,1000,"Source1_Only",0.665536244171259
200,1000,"Source2_Only",0.730818143281051
200,1000,"Weighted",0.785078423060619
300,1000,"Target_Only",0.791411042944785
300,1000,"Source1_Only",0.745590490797546
300,1000,"Source2_Only",0.79601226993865
300,1000,"Weighted",0.839148773006135
100,100,"Target_Only",0.853046594982079
100,100,"Source1_Only",0.6415770609319
100,100,"Source2_Only",0.845878136200717
100,100,"Weighted",0.872759856630824
200,100,"Target_Only",0.695305580159433
200,100,"Source1_Only",0.578830823737821
200,100,"Source2_Only",0.702834366696191
200,100,"Weighted",0.724534986713906
300,100,"Target_Only",0.750532594801875
300,100,"Source1_Only",0.609288453344695
300,100,"Source2_Only",0.763740945888368
300,100,"Weighted",0.784618662121858
100,300,"Target_Only",0.681818181818182
100,300,"Source1_Only",0.714285714285714
100,300,"Source2_Only",0.753246753246753
100,300,"Weighted",0.744588744588745
200,300,"Target_Only",0.712941176470588
200,300,"Source1_Only",0.665411764705882
200,300,"Source2_Only",0.741647058823529
200,300,"Weighted",0.791529411764706
300,300,"Target_Only",0.788025210084034
300,300,"Source1_Only",0.686554621848739
300,300,"Source2_Only",0.793067226890756
300,300,"Weighted",0.82436974789916
100,500,"Target_Only",0.724511930585683
100,500,"Source1_Only",0.754880694143167
100,500,"Source2_Only",0.715835140997831
100,500,"Weighted",0.767895878524946
200,500,"Target_Only",0.77518315018315
200,500,"Source1_Only",0.584249084249084
200,500,"Source2_Only",0.784798534798535
200,500,"Weighted",0.800824175824176
300,500,"Target_Only",0.802622950819672
300,500,"Source1_Only",0.721748633879781
300,500,"Source2_Only",0.826885245901639
300,500,"Weighted",0.846994535519126
100,1000,"Target_Only",0.614366729678639
100,1000,"Source1_Only",0.705103969754253
100,1000,"Source2_Only",0.812854442344045
100,1000,"Weighted",0.801512287334594
200,1000,"Target_Only",0.782096069868996
200,1000,"Source1_Only",0.703493449781659
200,1000,"Source2_Only",0.787772925764192
200,1000,"Weighted",0.862445414847162
300,1000,"Target_Only",0.754379355810887
300,1000,"Source1_Only",0.685816537954417
300,1000,"Source2_Only",0.772461857223583
300,1000,"Weighted",0.804294594085515
100,100,"Target_Only",0.664156626506024
100,100,"Source1_Only",0.674698795180723
100,100,"Source2_Only",0.706325301204819
100,100,"Weighted",0.766566265060241
200,100,"Target_Only",0.754893617021277
200,100,"Source1_Only",0.72936170212766
200,100,"Source2_Only",0.654893617021277
200,100,"Weighted",0.774893617021277
300,100,"Target_Only",0.764192139737991
300,100,"Source1_Only",0.656113537117904
300,100,"Source2_Only",0.749126637554585
300,100,"Weighted",0.827947598253275
100,300,"Target_Only",0.813765182186235
100,300,"Source1_Only",0.665991902834008
100,300,"Source2_Only",0.82995951417004
100,300,"Weighted",0.846153846153846
200,300,"Target_Only",0.648336414048059
200,300,"Source1_Only",0.693160813308688
200,300,"Source2_Only",0.703327171903882
200,300,"Weighted",0.75184842883549
300,300,"Target_Only",0.817330210772834
300,300,"Source1_Only",0.656128024980484
300,300,"Source2_Only",0.768345042935207
300,300,"Weighted",0.839773614363778
100,500,"Target_Only",0.64244741873805
100,500,"Source1_Only",0.709369024856597
100,500,"Source2_Only",0.701720841300191
100,500,"Weighted",0.734225621414914
200,500,"Target_Only",0.714036617262424
200,500,"Source1_Only",0.640366172624237
200,500,"Source2_Only",0.751525719267655
200,500,"Weighted",0.769834350479512
300,500,"Target_Only",0.782817725752508
300,500,"Source1_Only",0.673494983277592
300,500,"Source2_Only",0.725125418060201
300,500,"Weighted",0.815217391304348
100,1000,"Target_Only",0.634615384615385
100,1000,"Source1_Only",0.575
100,1000,"Source2_Only",0.825
100,1000,"Weighted",0.771153846153846
200,1000,"Target_Only",0.788093255620316
200,1000,"Source1_Only",0.7248126561199
200,1000,"Source2_Only",0.806411323896753
200,1000,"Weighted",0.846794338051624
300,1000,"Target_Only",0.762251923855812
300,1000,"Source1_Only",0.642567841231268
300,1000,"Source2_Only",0.755569056298096
300,1000,"Weighted",0.814297286350749
100,100,"Target_Only",0.815356489945155
100,100,"Source1_Only",0.608775137111517
100,100,"Source2_Only",0.751371115173675
100,100,"Weighted",0.808043875685558
200,100,"Target_Only",0.674257425742574
200,100,"Source1_Only",0.584158415841584
200,100,"Source2_Only",0.728712871287129
200,100,"Weighted",0.729207920792079
300,100,"Target_Only",0.735262593783494
300,100,"Source1_Only",0.632154340836013
300,100,"Source2_Only",0.688745980707395
300,100,"Weighted",0.757770632368703
100,300,"Target_Only",0.753646677471637
100,300,"Source1_Only",0.721231766612642
100,300,"Source2_Only",0.826580226904376
100,300,"Weighted",0.831442463533225
200,300,"Target_Only",0.762956669498726
200,300,"Source1_Only",0.654630416312659
200,300,"Source2_Only",0.762956669498726
200,300,"Weighted",0.810960067969414
300,300,"Target_Only",0.725854236618606
300,300,"Source1_Only",0.692079794588189
300,300,"Source2_Only",0.731779577325696
300,300,"Weighted",0.768516689709658
100,500,"Target_Only",0.747619047619048
100,500,"Source1_Only",0.671428571428571
100,500,"Source2_Only",0.757142857142857
100,500,"Weighted",0.826984126984127
200,500,"Target_Only",0.797790994052676
200,500,"Source1_Only",0.663976210705183
200,500,"Source2_Only",0.827527612574342
200,500,"Weighted",0.841546304163127
300,500,"Target_Only",0.736568457538995
300,500,"Source1_Only",0.660697092239553
300,500,"Source2_Only",0.768919699595609
300,500,"Weighted",0.786635855959946
100,1000,"Target_Only",0.738188976377953
100,1000,"Source1_Only",0.761811023622047
100,1000,"Source2_Only",0.809055118110236
100,1000,"Weighted",0.887795275590551
200,1000,"Target_Only",0.69837447320891
200,1000,"Source1_Only",0.692956050571945
200,1000,"Source2_Only",0.82059000602047
200,1000,"Weighted",0.821794099939795
300,1000,"Target_Only",0.710633484162896
300,1000,"Source1_Only",0.628506787330317
300,1000,"Source2_Only",0.780090497737557
300,1000,"Weighted",0.773981900452489
100,100,"Target_Only",0.702255639097744
100,100,"Source1_Only",0.581954887218045
100,100,"Source2_Only",0.789473684210526
100,100,"Weighted",0.784962406015038
200,100,"Target_Only",0.785004965243297
200,100,"Source1_Only",0.594836146971202
200,100,"Source2_Only",0.782025819265144
200,100,"Weighted",0.814299900695134
300,100,"Target_Only",0.773341399475701
300,100,"Source1_Only",0.580157289776165
300,100,"Source2_Only",0.715265174430329
300,100,"Weighted",0.795321637426901
100,300,"Target_Only",0.688461538461538
100,300,"Source1_Only",0.551923076923077
100,300,"Source2_Only",0.746153846153846
100,300,"Weighted",0.773076923076923
200,300,"Target_Only",0.713886300093197
200,300,"Source1_Only",0.657502329916123
200,300,"Source2_Only",0.726001863932898
200,300,"Weighted",0.774464119291705
300,300,"Target_Only",0.799813563271965
300,300,"Source1_Only",0.648566767653228
300,300,"Source2_Only",0.810766721044046
300,300,"Weighted",0.828478210207411
100,500,"Target_Only",0.593425605536332
100,500,"Source1_Only",0.581314878892734
100,500,"Source2_Only",0.705882352941176
100,500,"Weighted",0.690311418685121
200,500,"Target_Only",0.786836518046709
200,500,"Source1_Only",0.673460721868365
200,500,"Source2_Only",0.771974522292994
200,500,"Weighted",0.818259023354565
300,500,"Target_Only",0.758357211079274
300,500,"Source1_Only",0.680038204393505
300,500,"Source2_Only",0.761461318051576
300,500,"Weighted",0.810649474689589
100,1000,"Target_Only",0.716236722306525
100,1000,"Source1_Only",0.722306525037936
100,1000,"Source2_Only",0.798179059180577
100,1000,"Weighted",0.78907435508346
200,1000,"Target_Only",0.723132036847492
200,1000,"Source1_Only",0.75639713408393
200,1000,"Source2_Only",0.723643807574207
200,1000,"Weighted",0.807062436028659
300,1000,"Target_Only",0.748663101604278
300,1000,"Source1_Only",0.675191815856777
300,1000,"Source2_Only",0.780051150895141
300,1000,"Weighted",0.820274354801209
100,100,"Target_Only",0.799642218246869
100,100,"Source1_Only",0.629695885509839
100,100,"Source2_Only",0.779964221824687
100,100,"Weighted",0.837209302325581
200,100,"Target_Only",0.851688693098385
200,100,"Source1_Only",0.740088105726872
200,100,"Source2_Only",0.811062163485071
200,100,"Weighted",0.86441507586882
300,100,"Target_Only",0.811771450410854
300,100,"Source1_Only",0.64647429772597
300,100,"Source2_Only",0.720045862793809
300,100,"Weighted",0.819988534301548
100,300,"Target_Only",0.758064516129032
100,300,"Source1_Only",0.578853046594982
100,300,"Source2_Only",0.802867383512545
100,300,"Weighted",0.799283154121864
200,300,"Target_Only",0.796912114014252
200,300,"Source1_Only",0.720902612826603
200,300,"Source2_Only",0.750593824228029
200,300,"Weighted",0.809976247030879
300,300,"Target_Only",0.790284574950154
300,300,"Source1_Only",0.616458220047127
300,300,"Source2_Only",0.760014500634403
300,300,"Weighted",0.803516403842668
100,500,"Target_Only",0.773480662983425
100,500,"Source1_Only",0.677716390423573
100,500,"Source2_Only",0.791896869244936
100,500,"Weighted",0.865561694290976
200,500,"Target_Only",0.714223002633889
200,500,"Source1_Only",0.636084284460053
200,500,"Source2_Only",0.786654960491659
200,500,"Weighted",0.767339771729587
300,500,"Target_Only",0.787920250195465
300,500,"Source1_Only",0.625879593432369
300,500,"Source2_Only",0.785379202501955
300,500,"Weighted",0.827599687255669
100,1000,"Target_Only",0.62432915921288
100,1000,"Source1_Only",0.579606440071556
100,1000,"Source2_Only",0.805008944543828
100,1000,"Weighted",0.799642218246869
200,1000,"Target_Only",0.741176470588235
200,1000,"Source1_Only",0.710407239819005
200,1000,"Source2_Only",0.709049773755656
200,1000,"Weighted",0.784615384615385
300,1000,"Target_Only",0.776563099347909
300,1000,"Source1_Only",0.737245876486383
300,1000,"Source2_Only",0.782508630609897
300,1000,"Weighted",0.819907940161105
100,100,"Target_Only",0.742957746478873
100,100,"Source1_Only",0.716549295774648
100,100,"Source2_Only",0.707746478873239
100,100,"Weighted",0.767605633802817
200,100,"Target_Only",0.726999140154772
200,100,"Source1_Only",0.616938950988822
200,100,"Source2_Only",0.790627687016337
200,100,"Weighted",0.784178847807395
300,100,"Target_Only",0.759882538965439
300,100,"Source1_Only",0.60492432798735
300,100,"Source2_Only",0.725321888412017
300,100,"Weighted",0.760786085385137
100,300,"Target_Only",0.785140562248996
100,300,"Source1_Only",0.586345381526104
100,300,"Source2_Only",0.775100401606426
100,300,"Weighted",0.813253012048193
200,300,"Target_Only",0.727485928705441
200,300,"Source1_Only",0.704971857410882
200,300,"Source2_Only",0.790337711069418
200,300,"Weighted",0.809568480300188
300,300,"Target_Only",0.808668076109937
300,300,"Source1_Only",0.729175475687104
300,300,"Source2_Only",0.74122621564482
300,300,"Weighted",0.825158562367865
100,500,"Target_Only",0.806451612903226
100,500,"Source1_Only",0.548387096774194
100,500,"Source2_Only",0.752016129032258
100,500,"Weighted",0.806451612903226
200,500,"Target_Only",0.765377855887522
200,500,"Source1_Only",0.67530755711775
200,500,"Source2_Only",0.749121265377856
200,500,"Weighted",0.812829525483304
300,500,"Target_Only",0.800617556241729
300,500,"Source1_Only",0.636744596382885
300,500,"Source2_Only",0.774812527569475
300,500,"Weighted",0.843405381561535
100,1000,"Target_Only",0.728597449908925
100,1000,"Source1_Only",0.70856102003643
100,1000,"Source2_Only",0.768670309653916
100,1000,"Weighted",0.781420765027322
200,1000,"Target_Only",0.791578947368421
200,1000,"Source1_Only",0.657894736842105
200,1000,"Source2_Only",0.741578947368421
200,1000,"Weighted",0.809473684210526
300,1000,"Target_Only",0.786411483253588
300,1000,"Source1_Only",0.68688995215311
300,1000,"Source2_Only",0.739712918660287
300,1000,"Weighted",0.805933014354067
100,100,"Target_Only",0.685121107266436
100,100,"Source1_Only",0.586505190311419
100,100,"Source2_Only",0.693771626297578
100,100,"Weighted",0.738754325259516
200,100,"Target_Only",0.678870292887029
200,100,"Source1_Only",0.534518828451883
200,100,"Source2_Only",0.631799163179916
200,100,"Weighted",0.672594142259414
300,100,"Target_Only",0.797923751566136
300,100,"Source1_Only",0.65527116520494
300,100,"Source2_Only",0.782888849114015
300,100,"Weighted",0.823518883121532
100,300,"Target_Only",0.817531305903399
100,300,"Source1_Only",0.76386404293381
100,300,"Source2_Only",0.735241502683363
100,300,"Weighted",0.855098389982111
200,300,"Target_Only",0.804597701149425
200,300,"Source1_Only",0.708949096880131
200,300,"Source2_Only",0.823481116584565
200,300,"Weighted",0.835796387520525
300,300,"Target_Only",0.76043557168784
300,300,"Source1_Only",0.701351078846542
300,300,"Source2_Only",0.802379511998387
300,300,"Weighted",0.825368017745513
100,500,"Target_Only",0.718992248062015
100,500,"Source1_Only",0.711240310077519
100,500,"Source2_Only",0.736434108527132
100,500,"Weighted",0.781007751937985
200,500,"Target_Only",0.674347158218126
200,500,"Source1_Only",0.673835125448029
200,500,"Source2_Only",0.69994879672299
200,500,"Weighted",0.729134664618536
300,500,"Target_Only",0.764682460680868
300,500,"Source1_Only",0.692613975711726
300,500,"Source2_Only",0.786780808281903
300,500,"Weighted",0.822018713915986
100,1000,"Target_Only",0.767699115044248
100,1000,"Source1_Only",0.769911504424779
100,1000,"Source2_Only",0.829646017699115
100,1000,"Weighted",0.842920353982301
200,1000,"Target_Only",0.760211436809226
200,1000,"Source1_Only",0.70110523786641
200,1000,"Source2_Only",0.803459875060067
200,1000,"Weighted",0.825564632388275
300,1000,"Target_Only",0.777356103731815
300,1000,"Source1_Only",0.654438119333755
300,1000,"Source2_Only",0.794433902593295
300,1000,"Weighted",0.803921568627451
100,100,"Target_Only",0.665486725663717
100,100,"Source1_Only",0.697345132743363
100,100,"Source2_Only",0.683185840707965
100,100,"Weighted",0.76283185840708
200,100,"Target_Only",0.671483212919677
200,100,"Source1_Only",0.622609434764131
200,100,"Source2_Only",0.694857628559286
200,100,"Weighted",0.741606459838504
300,100,"Target_Only",0.712289354706124
300,100,"Source1_Only",0.604603370324702
300,100,"Source2_Only",0.687422934648582
300,100,"Weighted",0.737977805178792
100,300,"Target_Only",0.670634920634921
100,300,"Source1_Only",0.642857142857143
100,300,"Source2_Only",0.678571428571429
100,300,"Weighted",0.724206349206349
200,300,"Target_Only",0.728118161925602
200,300,"Source1_Only",0.655361050328228
200,300,"Source2_Only",0.7445295404814
200,300,"Weighted",0.74835886214442
300,300,"Target_Only",0.738630923887027
300,300,"Source1_Only",0.612254667304931
300,300,"Source2_Only",0.748204882719004
300,300,"Weighted",0.767831498324557
100,500,"Target_Only",0.696145124716553
100,500,"Source1_Only",0.770975056689342
100,500,"Source2_Only",0.693877551020408
100,500,"Weighted",0.72108843537415
200,500,"Target_Only",0.713266162888329
200,500,"Source1_Only",0.678001679261125
200,500,"Source2_Only",0.78127623845508
200,500,"Weighted",0.789672544080604
300,500,"Target_Only",0.761782547830145
300,500,"Source1_Only",0.647456836210919
300,500,"Source2_Only",0.728884741017266
300,500,"Weighted",0.773448436770882
100,1000,"Target_Only",0.670781893004115
100,1000,"Source1_Only",0.588477366255144
100,1000,"Source2_Only",0.670781893004115
100,1000,"Weighted",0.718106995884774
200,1000,"Target_Only",0.756036217303823
200,1000,"Source1_Only",0.727867203219316
200,1000,"Source2_Only",0.756539235412475
200,1000,"Weighted",0.804325955734406
300,1000,"Target_Only",0.750048590864917
300,1000,"Source1_Only",0.673080660835763
300,1000,"Source2_Only",0.770845481049563
300,1000,"Weighted",0.802137998056365
100,100,"Target_Only",0.792
100,100,"Source1_Only",0.652
100,100,"Source2_Only",0.704
100,100,"Weighted",0.822
200,100,"Target_Only",0.761973875181422
200,100,"Source1_Only",0.577648766328012
200,100,"Source2_Only",0.656990807934204
200,100,"Weighted",0.745524915336236
300,100,"Target_Only",0.837557857615164
300,100,"Source1_Only",0.695173021820586
300,100,"Source2_Only",0.728014106237602
300,100,"Weighted",0.816398501212255
100,300,"Target_Only",0.648148148148148
100,300,"Source1_Only",0.578189300411523
100,300,"Source2_Only",0.728395061728395
100,300,"Weighted",0.720164609053498
200,300,"Target_Only",0.790709046454768
200,300,"Source1_Only",0.712469437652812
200,300,"Source2_Only",0.788753056234719
200,300,"Weighted",0.857701711491442
300,300,"Target_Only",0.764787614132592
300,300,"Source1_Only",0.706431123461691
300,300,"Source2_Only",0.766574037316395
300,300,"Weighted",0.810043668122271
100,500,"Target_Only",0.650273224043716
100,500,"Source1_Only",0.577413479052823
100,500,"Source2_Only",0.788706739526412
100,500,"Weighted",0.777777777777778
200,500,"Target_Only",0.758876523582406
200,500,"Source1_Only",0.688394276629571
200,500,"Source2_Only",0.789083200847907
200,500,"Weighted",0.798092209856916
300,500,"Target_Only",0.755313448830148
300,500,"Source1_Only",0.739953563136274
300,500,"Source2_Only",0.774781210930523
300,500,"Weighted",0.809251652080729
100,1000,"Target_Only",0.732014388489209
100,1000,"Source1_Only",0.719424460431655
100,1000,"Source2_Only",0.845323741007194
100,1000,"Weighted",0.839928057553957
200,1000,"Target_Only",0.757804090419806
200,1000,"Source1_Only",0.652852529601722
200,1000,"Source2_Only",0.815392895586652
200,1000,"Weighted",0.833692142088267
300,1000,"Target_Only",0.760702935128061
300,1000,"Source1_Only",0.724995326229202
300,1000,"Source2_Only",0.757524770985231
300,1000,"Weighted",0.808001495606655
100,100,"Target_Only",0.791469194312796
100,100,"Source1_Only",0.630331753554502
100,100,"Source2_Only",0.812796208530806
100,100,"Weighted",0.843601895734597
200,100,"Target_Only",0.800850734725445
200,100,"Source1_Only",0.697989172467131
200,100,"Source2_Only",0.682134570765661
200,100,"Weighted",0.793116782675947
300,100,"Target_Only",0.818024637994381
300,100,"Source1_Only",0.71277285498163
300,100,"Source2_Only",0.764642316835963
300,100,"Weighted",0.82105035660255
100,300,"Target_Only",0.65990990990991
100,300,"Source1_Only",0.655405405405405
100,300,"Source2_Only",0.666666666666667
100,300,"Weighted",0.704954954954955
200,300,"Target_Only",0.792501284026708
200,300,"Source1_Only",0.695942475603493
200,300,"Source2_Only",0.714432460195172
200,300,"Weighted",0.820749871597329
300,300,"Target_Only",0.742786479802143
300,300,"Source1_Only",0.646949711459192
300,300,"Source2_Only",0.80234954657873
300,300,"Weighted",0.80997526793075
100,500,"Target_Only",0.657841140529532
100,500,"Source1_Only",0.602851323828921
100,500,"Source2_Only",0.814663951120163
100,500,"Weighted",0.780040733197556
200,500,"Target_Only",0.7405
200,500,"Source1_Only",0.724
200,500,"Source2_Only",0.8055
200,500,"Weighted",0.825
300,500,"Target_Only",0.763667565579799
300,500,"Source1_Only",0.666339789164011
300,500,"Source2_Only",0.788918852659966
300,500,"Weighted",0.805344447168424
100,1000,"Target_Only",0.619354838709677
100,1000,"Source1_Only",0.674193548387097
100,1000,"Source2_Only",0.793548387096774
100,1000,"Weighted",0.788709677419355
200,1000,"Target_Only",0.787728026533997
200,1000,"Source1_Only",0.731757877280265
200,1000,"Source2_Only",0.824212271973466
200,1000,"Weighted",0.837479270315091
300,1000,"Target_Only",0.754113345521024
300,1000,"Source1_Only",0.679159049360146
300,1000,"Source2_Only",0.809323583180987
300,1000,"Weighted",0.820658135283364
100,100,"Target_Only",0.60485651214128
100,100,"Source1_Only",0.644591611479029
100,100,"Source2_Only",0.589403973509934
100,100,"Weighted",0.644591611479029
200,100,"Target_Only",0.736737136019146
200,100,"Source1_Only",0.611487834064619
200,100,"Source2_Only",0.699242122058237
200,100,"Weighted",0.775827682489031
300,100,"Target_Only",0.812347188264059
300,100,"Source1_Only",0.677669111654442
300,100,"Source2_Only",0.645680521597392
300,100,"Weighted",0.805419722901386
100,300,"Target_Only",0.788863109048724
100,300,"Source1_Only",0.647331786542923
100,300,"Source2_Only",0.763341067285383
100,300,"Weighted",0.798143851508121
200,300,"Target_Only",0.788063909774436
200,300,"Source1_Only",0.75234962406015
200,300,"Source2_Only",0.74812030075188
200,300,"Weighted",0.817669172932331
300,300,"Target_Only",0.784128854841878
300,300,"Source1_Only",0.683559222156747
300,300,"Source2_Only",0.787860931054803
300,300,"Weighted",0.802396385778825
100,500,"Target_Only",0.634194831013916
100,500,"Source1_Only",0.664015904572565
100,500,"Source2_Only",0.781312127236581
100,500,"Weighted",0.799204771371769
200,500,"Target_Only",0.758986175115207
200,500,"Source1_Only",0.69815668202765
200,500,"Source2_Only",0.740552995391705
200,500,"Weighted",0.829032258064516
300,500,"Target_Only",0.751376708137875
300,500,"Source1_Only",0.707933918009382
300,500,"Source2_Only",0.71833571282888
300,500,"Weighted",0.782786049357536
100,1000,"Target_Only",0.727459016393443
100,1000,"Source1_Only",0.741803278688525
100,1000,"Source2_Only",0.745901639344262
100,1000,"Weighted",0.807377049180328
200,1000,"Target_Only",0.7462876537972
200,1000,"Source1_Only",0.621128553245651
200,1000,"Source2_Only",0.767925328807807
200,1000,"Weighted",0.815019092066186
300,1000,"Target_Only",0.823825887743413
300,1000,"Source1_Only",0.736540664375716
300,1000,"Source2_Only",0.772737686139748
300,1000,"Weighted",0.85360824742268
100,100,"Target_Only",0.779456193353474
100,100,"Source1_Only",0.732628398791541
100,100,"Source2_Only",0.767371601208459
100,100,"Weighted",0.823262839879154
200,100,"Target_Only",0.737712243074173
200,100,"Source1_Only",0.720732797140304
200,100,"Source2_Only",0.688561215370867
200,100,"Weighted",0.744414655942806
300,100,"Target_Only",0.752595155709343
300,100,"Source1_Only",0.688581314878893
300,100,"Source2_Only",0.774894271434064
300,100,"Weighted",0.798346789696271
100,300,"Target_Only",0.660674157303371
100,300,"Source1_Only",0.61123595505618
100,300,"Source2_Only",0.815730337078652
100,300,"Weighted",0.77752808988764
200,300,"Target_Only",0.662006989515726
200,300,"Source1_Only",0.663504742885672
200,300,"Source2_Only",0.72491263105342
200,300,"Weighted",0.757863205192212
300,300,"Target_Only",0.766711357977399
300,300,"Source1_Only",0.72859605439571
300,300,"Source2_Only",0.790270063206282
300,300,"Weighted",0.825512353955181
100,500,"Target_Only",0.8046875
100,500,"Source1_Only",0.689453125
100,500,"Source2_Only",0.8515625
100,500,"Weighted",0.828125
200,500,"Target_Only",0.714352720450281
200,500,"Source1_Only",0.685272045028143
200,500,"Source2_Only",0.774859287054409
200,500,"Weighted",0.787523452157598
300,500,"Target_Only",0.771076079506511
300,500,"Source1_Only",0.689284898332191
300,500,"Source2_Only",0.765821338816541
300,500,"Weighted",0.814027872972356
100,1000,"Target_Only",0.816666666666667
100,1000,"Source1_Only",0.757142857142857
100,1000,"Source2_Only",0.847619047619048
100,1000,"Weighted",0.871428571428571
200,1000,"Target_Only",0.801285219970341
200,1000,"Source1_Only",0.638655462184874
200,1000,"Source2_Only",0.823035096391498
200,1000,"Weighted",0.840336134453782
300,1000,"Target_Only",0.738336713995943
300,1000,"Source1_Only",0.642799188640974
300,1000,"Source2_Only",0.810750507099391
300,1000,"Weighted",0.815821501014199
100,100,"Target_Only",0.62753036437247
100,100,"Source1_Only",0.568825910931174
100,100,"Source2_Only",0.647773279352227
100,100,"Weighted",0.706477732793522
200,100,"Target_Only",0.769684210526316
200,100,"Source1_Only",0.608842105263158
200,100,"Source2_Only",0.694315789473684
200,100,"Weighted",0.748210526315789
300,100,"Target_Only",0.765375399361022
300,100,"Source1_Only",0.564297124600639
300,100,"Source2_Only",0.751996805111821
300,100,"Weighted",0.777555910543131
100,300,"Target_Only",0.734660033167496
100,300,"Source1_Only",0.661691542288557
100,300,"Source2_Only",0.781094527363184
100,300,"Weighted",0.791044776119403
200,300,"Target_Only",0.752297410192147
200,300,"Source1_Only",0.660401002506266
200,300,"Source2_Only",0.731829573934837
200,300,"Weighted",0.772765246449457
300,300,"Target_Only",0.804295463669209
300,300,"Source1_Only",0.70955439582497
300,300,"Source2_Only",0.783821758329988
300,300,"Weighted",0.842633480529908
100,500,"Target_Only",0.68693009118541
100,500,"Source1_Only",0.688449848024316
100,500,"Source2_Only",0.639817629179331
100,500,"Weighted",0.74468085106383
200,500,"Target_Only",0.774585635359116
200,500,"Source1_Only",0.671270718232044
200,500,"Source2_Only",0.690055248618785
200,500,"Weighted",0.776243093922652
300,500,"Target_Only",0.752901535005616
300,500,"Source1_Only",0.671284163234743
300,500,"Source2_Only",0.754773493073755
300,500,"Weighted",0.796143766379633
100,1000,"Target_Only",0.76
100,1000,"Source1_Only",0.698333333333333
100,1000,"Source2_Only",0.848333333333333
100,1000,"Weighted",0.876666666666667
200,1000,"Target_Only",0.805909090909091
200,1000,"Source1_Only",0.726363636363636
200,1000,"Source2_Only",0.817727272727273
200,1000,"Weighted",0.845454545454545
300,1000,"Target_Only",0.751260843251967
300,1000,"Source1_Only",0.729473471857979
300,1000,"Source2_Only",0.788581803510188
300,1000,"Weighted",0.827113173290297
100,100,"Target_Only",0.657314629258517
100,100,"Source1_Only",0.69939879759519
100,100,"Source2_Only",0.681362725450902
100,100,"Weighted",0.725450901803607
200,100,"Target_Only",0.764350453172205
200,100,"Source1_Only",0.619766940008632
200,100,"Source2_Only",0.678463530427277
200,100,"Weighted",0.775571860164005
300,100,"Target_Only",0.792116377287658
300,100,"Source1_Only",0.615204129516659
300,100,"Source2_Only",0.725011731581417
300,100,"Weighted",0.790708587517597
100,300,"Target_Only",0.695736434108527
100,300,"Source1_Only",0.637596899224806
100,300,"Source2_Only",0.777131782945736
100,300,"Weighted",0.788759689922481
200,300,"Target_Only",0.750961538461538
200,300,"Source1_Only",0.727884615384615
200,300,"Source2_Only",0.741346153846154
200,300,"Weighted",0.798076923076923
300,300,"Target_Only",0.780691838118924
300,300,"Source1_Only",0.718290752882659
300,300,"Source2_Only",0.81076192629437
300,300,"Weighted",0.838345014695908
100,500,"Target_Only",0.742616033755274
100,500,"Source1_Only",0.820675105485232
100,500,"Source2_Only",0.679324894514768
100,500,"Weighted",0.80379746835443
200,500,"Target_Only",0.708752515090543
200,500,"Source1_Only",0.630784708249497
200,500,"Source2_Only",0.715291750503018
200,500,"Weighted",0.76056338028169
300,500,"Target_Only",0.708860759493671
300,500,"Source1_Only",0.625316455696203
300,500,"Source2_Only",0.734810126582279
300,500,"Weighted",0.74704641350211
100,1000,"Target_Only",0.689655172413793
100,1000,"Source1_Only",0.633825944170772
100,1000,"Source2_Only",0.74384236453202
100,1000,"Weighted",0.730706075533662
200,1000,"Target_Only",0.788614298323036
200,1000,"Source1_Only",0.713592233009709
200,1000,"Source2_Only",0.791703442188879
200,1000,"Weighted",0.829655781112092
300,1000,"Target_Only",0.811504080839487
300,1000,"Source1_Only",0.720948309366498
300,1000,"Source2_Only",0.809172172561213
300,1000,"Weighted",0.844928099494753
100,100,"Target_Only",0.688841201716738
100,100,"Source1_Only",0.802575107296137
100,100,"Source2_Only",0.768240343347639
100,100,"Weighted",0.804721030042918
200,100,"Target_Only",0.737281067556297
200,100,"Source1_Only",0.654295246038365
200,100,"Source2_Only",0.731025854879066
200,100,"Weighted",0.739783152627189
300,100,"Target_Only",0.777915121549238
300,100,"Source1_Only",0.61536876802637
300,100,"Source2_Only",0.76926246394726
300,100,"Weighted",0.80799340749897
100,300,"Target_Only",0.864476386036961
100,300,"Source1_Only",0.722792607802875
100,300,"Source2_Only",0.700205338809035
100,300,"Weighted",0.872689938398357
200,300,"Target_Only",0.839482510781025
200,300,"Source1_Only",0.709151892668903
200,300,"Source2_Only",0.843315764254911
200,300,"Weighted",0.87158600862482
300,300,"Target_Only",0.798802395209581
300,300,"Source1_Only",0.670059880239521
300,300,"Source2_Only",0.778443113772455
300,300,"Weighted",0.813173652694611
100,500,"Target_Only",0.578661844484629
100,500,"Source1_Only",0.620253164556962
100,500,"Source2_Only",0.824593128390597
100,500,"Weighted",0.746835443037975
200,500,"Target_Only",0.787892791127542
200,500,"Source1_Only",0.683456561922366
200,500,"Source2_Only",0.822088724584104
200,500,"Weighted",0.830406654343808
300,500,"Target_Only",0.782154815836124
300,500,"Source1_Only",0.680323025408706
300,500,"Source2_Only",0.808351388615324
300,500,"Weighted",0.814457356706717
100,1000,"Target_Only",0.732371794871795
100,1000,"Source1_Only",0.72275641025641
100,1000,"Source2_Only",0.807692307692308
100,1000,"Weighted",0.833333333333333
200,1000,"Target_Only",0.768274490303332
200,1000,"Source1_Only",0.720537046245649
200,1000,"Source2_Only",0.794132272501243
200,1000,"Weighted",0.827946295375435
300,1000,"Target_Only",0.82046783625731
300,1000,"Source1_Only",0.673684210526316
300,1000,"Source2_Only",0.812280701754386
300,1000,"Weighted",0.842300194931774
100,100,"Target_Only",0.581132075471698
100,100,"Source1_Only",0.681132075471698
100,100,"Source2_Only",0.613207547169811
100,100,"Weighted",0.650943396226415
200,100,"Target_Only",0.731064237775647
200,100,"Source1_Only",0.60738255033557
200,100,"Source2_Only",0.708053691275168
200,100,"Weighted",0.763183125599233
300,100,"Target_Only",0.79795875859196
300,100,"Source1_Only",0.692564049156426
300,100,"Source2_Only",0.765882107894189
300,100,"Weighted",0.821287231826703
100,300,"Target_Only",0.730337078651685
100,300,"Source1_Only",0.674157303370786
100,300,"Source2_Only",0.818352059925094
100,300,"Weighted",0.835205992509363
200,300,"Target_Only",0.749072356215213
200,300,"Source1_Only",0.711038961038961
200,300,"Source2_Only",0.774118738404453
200,300,"Weighted",0.809833024118738
300,300,"Target_Only",0.789741322131329
300,300,"Source1_Only",0.671899181958877
300,300,"Source2_Only",0.723413663497679
300,300,"Weighted",0.822020782666372
100,500,"Target_Only",0.734146341463415
100,500,"Source1_Only",0.641463414634146
100,500,"Source2_Only",0.775609756097561
100,500,"Weighted",0.795121951219512
200,500,"Target_Only",0.766726943942134
200,500,"Source1_Only",0.702983725135624
200,500,"Source2_Only",0.783905967450271
200,500,"Weighted",0.827757685352622
300,500,"Target_Only",0.77097830536226
300,500,"Source1_Only",0.751944330740892
300,500,"Source2_Only",0.7752762996316
300,500,"Weighted",0.800859598853868
100,1000,"Target_Only",0.754838709677419
100,1000,"Source1_Only",0.746236559139785
100,1000,"Source2_Only",0.808602150537634
100,1000,"Weighted",0.868817204301075
200,1000,"Target_Only",0.756216479765968
200,1000,"Source1_Only",0.731350560702096
200,1000,"Source2_Only",0.834714773281326
200,1000,"Weighted",0.850316918576304
300,1000,"Target_Only",0.748639053254438
300,1000,"Source1_Only",0.688047337278107
300,1000,"Source2_Only",0.796449704142012
300,1000,"Weighted",0.810414201183432
100,100,"Target_Only",0.653543307086614
100,100,"Source1_Only",0.663385826771653
100,100,"Source2_Only",0.698818897637795
100,100,"Weighted",0.734251968503937
200,100,"Target_Only",0.751139471285324
200,100,"Source1_Only",0.739744758432088
200,100,"Source2_Only",0.664539653600729
200,100,"Weighted",0.773017319963537
300,100,"Target_Only",0.760785988893635
300,100,"Source1_Only",0.630499786416062
300,100,"Source2_Only",0.747757368645878
300,100,"Weighted",0.789192652712516
100,300,"Target_Only",0.697132616487455
100,300,"Source1_Only",0.609318996415771
100,300,"Source2_Only",0.688172043010753
100,300,"Weighted",0.716845878136201
200,300,"Target_Only",0.78234398782344
200,300,"Source1_Only",0.702688990360223
200,300,"Source2_Only",0.798579401319127
200,300,"Weighted",0.829020801623541
300,300,"Target_Only",0.79718255499807
300,300,"Source1_Only",0.669625627170976
300,300,"Source2_Only",0.784832111153995
300,300,"Weighted",0.807989193361636
100,500,"Target_Only",0.6625
100,500,"Source1_Only",0.616071428571429
100,500,"Source2_Only",0.803571428571429
100,500,"Weighted",0.782142857142857
200,500,"Target_Only",0.631253223310985
200,500,"Source1_Only",0.641567818463125
200,500,"Source2_Only",0.766374419804023
200,500,"Weighted",0.741619391438886
300,500,"Target_Only",0.83629112662014
300,500,"Source1_Only",0.714456630109671
300,500,"Source2_Only",0.791226321036889
300,500,"Weighted",0.863010967098704
100,1000,"Target_Only",0.675732217573222
100,1000,"Source1_Only",0.711297071129707
100,1000,"Source2_Only",0.742677824267782
100,1000,"Weighted",0.746861924686193
200,1000,"Target_Only",0.767616191904048
200,1000,"Source1_Only",0.685657171414293
200,1000,"Source2_Only",0.775112443778111
200,1000,"Weighted",0.842578710644678
300,1000,"Target_Only",0.751091703056769
300,1000,"Source1_Only",0.670901151250496
300,1000,"Source2_Only",0.815998412068281
300,1000,"Weighted",0.821754664549424
100,100,"Target_Only",0.615533980582524
100,100,"Source1_Only",0.440776699029126
100,100,"Source2_Only",0.611650485436893
100,100,"Weighted",0.6
200,100,"Target_Only",0.74421768707483
200,100,"Source1_Only",0.66031746031746
200,100,"Source2_Only",0.734240362811791
200,100,"Weighted",0.802721088435374
300,100,"Target_Only",0.76739336492891
300,100,"Source1_Only",0.630331753554502
300,100,"Source2_Only",0.692132701421801
300,100,"Weighted",0.774407582938389
100,300,"Target_Only",0.661048689138577
100,300,"Source1_Only",0.691011235955056
100,300,"Source2_Only",0.754681647940075
100,300,"Weighted",0.769662921348315
200,300,"Target_Only",0.736684917869587
200,300,"Source1_Only",0.607267297162768
200,300,"Source2_Only",0.71926331508213
200,300,"Weighted",0.751119960179194
300,300,"Target_Only",0.816770855787885
300,300,"Source1_Only",0.649277861608105
300,300,"Source2_Only",0.79047208450097
300,300,"Weighted",0.838542789394266
100,500,"Target_Only",0.751552795031056
100,500,"Source1_Only",0.658385093167702
100,500,"Source2_Only",0.759834368530021
100,500,"Weighted",0.788819875776398
200,500,"Target_Only",0.64551863041289
200,500,"Source1_Only",0.762839879154078
200,500,"Source2_Only",0.737160120845921
200,500,"Weighted",0.77190332326284
300,500,"Target_Only",0.745172968624296
300,500,"Source1_Only",0.640788415124698
300,500,"Source2_Only",0.777554304102977
300,500,"Weighted",0.798672566371681
100,1000,"Target_Only",0.736137667304015
100,1000,"Source1_Only",0.632887189292543
100,1000,"Source2_Only",0.789674952198853
100,1000,"Weighted",0.820267686424474
200,1000,"Target_Only",0.706479690522244
200,1000,"Source1_Only",0.702611218568665
200,1000,"Source2_Only",0.787717601547389
200,1000,"Weighted",0.82688588007737
300,1000,"Target_Only",0.839689578713969
300,1000,"Source1_Only",0.717294900221729
300,1000,"Source2_Only",0.819733924611973
300,1000,"Weighted",0.858093126385809
100,100,"Target_Only",0.785837651122625
100,100,"Source1_Only",0.709844559585492
100,100,"Source2_Only",0.806563039723662
100,100,"Weighted",0.837651122625216
200,100,"Target_Only",0.797171717171717
200,100,"Source1_Only",0.633939393939394
200,100,"Source2_Only",0.781414141414141
200,100,"Weighted",0.813333333333333
300,100,"Target_Only",0.780423814328961
300,100,"Source1_Only",0.642785065590313
300,100,"Source2_Only",0.740262361251261
300,100,"Weighted",0.790312815338042
100,300,"Target_Only",0.666136724960254
100,300,"Source1_Only",0.718600953895072
100,300,"Source2_Only",0.815580286168522
100,300,"Weighted",0.825119236883943
200,300,"Target_Only",0.665077989601387
200,300,"Source1_Only",0.592720970537262
200,300,"Source2_Only",0.686741767764298
200,300,"Weighted",0.699740034662045
300,300,"Target_Only",0.777246030019578
300,300,"Source1_Only",0.697193822057864
300,300,"Source2_Only",0.787252556014792
300,300,"Weighted",0.825973460952795
100,500,"Target_Only",0.8272921108742
100,500,"Source1_Only",0.801705756929638
100,500,"Source2_Only",0.861407249466951
100,500,"Weighted",0.876332622601279
200,500,"Target_Only",0.711227154046997
200,500,"Source1_Only",0.590600522193211
200,500,"Source2_Only",0.710182767624021
200,500,"Weighted",0.73420365535248
300,500,"Target_Only",0.784719458814166
300,500,"Source1_Only",0.671309192200557
300,500,"Source2_Only",0.85575009948269
300,500,"Weighted",0.852765618782332
100,1000,"Target_Only",0.680154142581888
100,1000,"Source1_Only",0.716763005780347
100,1000,"Source2_Only",0.705202312138728
100,1000,"Weighted",0.745664739884393
200,1000,"Target_Only",0.843180808529542
200,1000,"Source1_Only",0.793425144380275
200,1000,"Source2_Only",0.816970235450911
200,1000,"Weighted",0.873833851621502
300,1000,"Target_Only",0.77976840725366
300,1000,"Source1_Only",0.703736071662661
300,1000,"Source2_Only",0.785230500327726
300,1000,"Weighted",0.820624863447673
100,100,"Target_Only",0.705882352941176
100,100,"Source1_Only",0.650623885918004
100,100,"Source2_Only",0.745098039215686
100,100,"Weighted",0.805704099821747
200,100,"Target_Only",0.743692660550459
200,100,"Source1_Only",0.764908256880734
200,100,"Source2_Only",0.794724770642202
200,100,"Weighted",0.833715596330275
300,100,"Target_Only",0.79386605466305
300,100,"Source1_Only",0.611308157730023
300,100,"Source2_Only",0.736699353223451
300,100,"Weighted",0.823075318172335
100,300,"Target_Only",0.666666666666667
100,300,"Source1_Only",0.750524109014675
100,300,"Source2_Only",0.675052410901468
100,300,"Weighted",0.779874213836478
200,300,"Target_Only",0.749272550921436
200,300,"Source1_Only",0.688651794374394
200,300,"Source2_Only",0.684287099903007
200,300,"Weighted",0.782250242483026
300,300,"Target_Only",0.789088104877579
300,300,"Source1_Only",0.645267013688066
300,300,"Source2_Only",0.789666473877
300,300,"Weighted",0.827067669172932
100,500,"Target_Only",0.68189233278956
100,500,"Source1_Only",0.696574225122349
100,500,"Source2_Only",0.848287112561175
100,500,"Weighted",0.871125611745514
200,500,"Target_Only",0.805702217529039
200,500,"Source1_Only",0.753959873284055
200,500,"Source2_Only",0.78194297782471
200,500,"Weighted",0.842661034846885
300,500,"Target_Only",0.773748609566185
300,500,"Source1_Only",0.739043381535039
300,500,"Source2_Only",0.784872080088988
300,500,"Weighted",0.838709677419355
100,1000,"Target_Only",0.64171974522293
100,1000,"Source1_Only",0.657643312101911
100,1000,"Source2_Only",0.700636942675159
100,1000,"Weighted",0.751592356687898
200,1000,"Target_Only",0.714161220043573
200,1000,"Source1_Only",0.688888888888889
200,1000,"Source2_Only",0.755119825708061
200,1000,"Weighted",0.800435729847495
300,1000,"Target_Only",0.728482859226842
300,1000,"Source1_Only",0.693654266958424
300,1000,"Source2_Only",0.7454412837345
300,1000,"Weighted",0.787928519328957
100,100,"Target_Only",0.72037037037037
100,100,"Source1_Only",0.7
100,100,"Source2_Only",0.594444444444444
100,100,"Weighted",0.731481481481482
200,100,"Target_Only",0.824078624078624
200,100,"Source1_Only",0.718427518427518
200,100,"Source2_Only",0.707125307125307
200,100,"Weighted",0.813759213759214
300,100,"Target_Only",0.778691735213474
300,100,"Source1_Only",0.63611437524481
300,100,"Source2_Only",0.708773991382687
300,100,"Weighted",0.789267528397963
100,300,"Target_Only",0.606003752345216
100,300,"Source1_Only",0.75046904315197
100,300,"Source2_Only",0.711069418386492
100,300,"Weighted",0.74296435272045
200,300,"Target_Only",0.755253940455342
200,300,"Source1_Only",0.709719789842382
200,300,"Source2_Only",0.785464098073555
200,300,"Weighted",0.819176882661997
300,300,"Target_Only",0.804507470245632
300,300,"Source1_Only",0.672828564193467
300,300,"Source2_Only",0.748543935173462
300,300,"Weighted",0.807039756900481
100,500,"Target_Only",0.7
100,500,"Source1_Only",0.680701754385965
100,500,"Source2_Only",0.742105263157895
100,500,"Weighted",0.740350877192982
200,500,"Target_Only",0.723825226710635
200,500,"Source1_Only",0.771228359439406
200,500,"Source2_Only",0.812860676009893
200,500,"Weighted",0.833058532563891
300,500,"Target_Only",0.801748678324522
300,500,"Source1_Only",0.718178121187475
300,500,"Source2_Only",0.795445302968687
300,500,"Weighted",0.830215534770232
100,1000,"Target_Only",0.756007393715342
100,1000,"Source1_Only",0.735674676524954
100,1000,"Source2_Only",0.756007393715342
100,1000,"Weighted",0.844731977818854
200,1000,"Target_Only",0.836390679226574
200,1000,"Source1_Only",0.760039662865642
200,1000,"Source2_Only",0.824491819533961
200,1000,"Weighted",0.863163113534953
300,1000,"Target_Only",0.674936011025792
300,1000,"Source1_Only",0.682024020476472
300,1000,"Source2_Only",0.759007678676905
300,1000,"Weighted",0.747194329592439
100,100,"Target_Only",0.695378151260504
100,100,"Source1_Only",0.758403361344538
100,100,"Source2_Only",0.653361344537815
100,100,"Weighted",0.743697478991597
200,100,"Target_Only",0.77968923418424
200,100,"Source1_Only",0.54661487236404
200,100,"Source2_Only",0.727524972253052
200,100,"Weighted",0.80188679245283
300,100,"Target_Only",0.761883899233297
300,100,"Source1_Only",0.642278203723987
300,100,"Source2_Only",0.728148959474261
300,100,"Weighted",0.770865279299014
100,300,"Target_Only",0.706739526411658
100,300,"Source1_Only",0.581056466302368
100,300,"Source2_Only",0.774134790528233
100,300,"Weighted",0.739526411657559
200,300,"Target_Only",0.848346636259977
200,300,"Source1_Only",0.665906499429875
200,300,"Source2_Only",0.806157354618016
200,300,"Weighted",0.86830102622577
300,300,"Target_Only",0.785975478597548
300,300,"Source1_Only",0.635405463540546
300,300,"Source2_Only",0.795870079587008
300,300,"Weighted",0.837599483759948
100,500,"Target_Only",0.752327746741155
100,500,"Source1_Only",0.715083798882682
100,500,"Source2_Only",0.783985102420857
100,500,"Weighted",0.836126629422719
200,500,"Target_Only",0.756796836381612
200,500,"Source1_Only",0.653484923381117
200,500,"Source2_Only",0.831932773109244
200,500,"Weighted",0.815620365793376
300,500,"Target_Only",0.777989015631601
300,500,"Source1_Only",0.64575411913815
300,500,"Source2_Only",0.799535276721589
300,500,"Weighted",0.811153358681876
100,1000,"Target_Only",0.797266514806378
100,1000,"Source1_Only",0.774487471526196
100,1000,"Source2_Only",0.815489749430524
100,1000,"Weighted",0.883826879271071
200,1000,"Target_Only",0.80765306122449
200,1000,"Source1_Only",0.779081632653061
200,1000,"Source2_Only",0.833673469387755
200,1000,"Weighted",0.853571428571429
300,1000,"Target_Only",0.723158623874394
300,1000,"Source1_Only",0.694066035557608
300,1000,"Source2_Only",0.731701685522974
300,1000,"Weighted",0.773724313091665
100,100,"Target_Only",0.797066014669927
100,100,"Source1_Only",0.621026894865526
100,100,"Source2_Only",0.721271393643032
100,100,"Weighted",0.831295843520782
200,100,"Target_Only",0.779951100244499
200,100,"Source1_Only",0.704156479217604
200,100,"Source2_Only",0.722738386308069
200,100,"Weighted",0.790709046454768
300,100,"Target_Only",0.772624006058311
300,100,"Source1_Only",0.688564937523665
300,100,"Source2_Only",0.673419159409315
300,100,"Weighted",0.783226050738357
100,300,"Target_Only",0.738574040219378
100,300,"Source1_Only",0.652650822669104
100,300,"Source2_Only",0.747714808043876
100,300,"Weighted",0.789762340036563
200,300,"Target_Only",0.815762538382804
200,300,"Source1_Only",0.698055271238485
200,300,"Source2_Only",0.717502558853634
200,300,"Weighted",0.829580348004094
300,300,"Target_Only",0.794343434343434
300,300,"Source1_Only",0.689090909090909
300,300,"Source2_Only",0.822626262626263
300,300,"Weighted",0.836565656565657
100,500,"Target_Only",0.703703703703704
100,500,"Source1_Only",0.531481481481481
100,500,"Source2_Only",0.818518518518519
100,500,"Weighted",0.8
200,500,"Target_Only",0.711619225384974
200,500,"Source1_Only",0.641157256182921
200,500,"Source2_Only",0.704153056462902
200,500,"Weighted",0.757349510032664
300,500,"Target_Only",0.723020854423972
300,500,"Source1_Only",0.661874873456165
300,500,"Source2_Only",0.752986434500911
300,500,"Weighted",0.783559424984815
100,1000,"Target_Only",0.726078799249531
100,1000,"Source1_Only",0.74859287054409
100,1000,"Source2_Only",0.896810506566604
100,1000,"Weighted",0.857410881801126
200,1000,"Target_Only",0.833333333333333
200,1000,"Source1_Only",0.7015732546706
200,1000,"Source2_Only",0.81858407079646
200,1000,"Weighted",0.873647984267453
300,1000,"Target_Only",0.761190833154851
300,1000,"Source1_Only",0.675947740415507
300,1000,"Source2_Only",0.782394517027201
300,1000,"Weighted",0.817091454272864
100,100,"Target_Only",0.779661016949152
100,100,"Source1_Only",0.651600753295669
100,100,"Source2_Only",0.753295668549906
100,100,"Weighted",0.832391713747646
200,100,"Target_Only",0.796178343949045
200,100,"Source1_Only",0.668789808917197
200,100,"Source2_Only",0.777979981801638
200,100,"Weighted",0.81164695177434
300,100,"Target_Only",0.749595796281326
300,100,"Source1_Only",0.692198868229588
300,100,"Source2_Only",0.706750202101859
300,100,"Weighted",0.759700889248181
100,300,"Target_Only",0.764811490125673
100,300,"Source1_Only",0.653500897666068
100,300,"Source2_Only",0.755834829443447
100,300,"Weighted",0.825852782764811
200,300,"Target_Only",0.74494623655914
200,300,"Source1_Only",0.648172043010753
200,300,"Source2_Only",0.784086021505376
200,300,"Weighted",0.793548387096774
300,300,"Target_Only",0.739413039196376
300,300,"Source1_Only",0.698837896395509
300,300,"Source2_Only",0.702974197360646
300,300,"Weighted",0.776836714595233
100,500,"Target_Only",0.718992248062015
100,500,"Source1_Only",0.761627906976744
100,500,"Source2_Only",0.782945736434109
100,500,"Weighted",0.802325581395349
200,500,"Target_Only",0.788563190773667
200,500,"Source1_Only",0.690052859202307
200,500,"Source2_Only",0.845747236905334
200,500,"Weighted",0.855838539163864
300,500,"Target_Only",0.750490458355627
300,500,"Source1_Only",0.699661137863385
300,500,"Source2_Only",0.689495273764937
300,500,"Weighted",0.766185125735688
100,1000,"Target_Only",0.736607142857143
100,1000,"Source1_Only",0.636160714285714
100,1000,"Source2_Only",0.765625
100,1000,"Weighted",0.779017857142857
200,1000,"Target_Only",0.780547409579668
200,1000,"Source1_Only",0.679863147605083
200,1000,"Source2_Only",0.859237536656892
200,1000,"Weighted",0.858748778103617
300,1000,"Target_Only",0.793535353535354
300,1000,"Source1_Only",0.731919191919192
300,1000,"Source2_Only",0.809494949494949
300,1000,"Weighted",0.827878787878788
100,100,"Target_Only",0.73828125
100,100,"Source1_Only",0.697265625
100,100,"Source2_Only",0.705078125
100,100,"Weighted",0.736328125
200,100,"Target_Only",0.825012607160867
200,100,"Source1_Only",0.577407967725668
200,100,"Source2_Only",0.770045385779123
200,100,"Weighted",0.838124054462935
300,100,"Target_Only",0.738932561026065
300,100,"Source1_Only",0.598469176665288
300,100,"Source2_Only",0.689904840711626
300,100,"Weighted",0.747414149772445
100,300,"Target_Only",0.624365482233503
100,300,"Source1_Only",0.620981387478849
100,300,"Source2_Only",0.66497461928934
100,300,"Weighted",0.695431472081218
200,300,"Target_Only",0.713839285714286
200,300,"Source1_Only",0.626339285714286
200,300,"Source2_Only",0.80625
200,300,"Weighted",0.794642857142857
300,300,"Target_Only",0.756102877070619
300,300,"Source1_Only",0.706190061028771
300,300,"Source2_Only",0.753487358326068
300,300,"Weighted",0.807541412380122
100,500,"Target_Only",0.766497461928934
100,500,"Source1_Only",0.588832487309645
100,500,"Source2_Only",0.780033840947546
100,500,"Weighted",0.835871404399323
200,500,"Target_Only",0.72952540949181
200,500,"Source1_Only",0.656866862662747
200,500,"Source2_Only",0.770264594708106
200,500,"Weighted",0.792944141117178
300,500,"Target_Only",0.764092321349312
300,500,"Source1_Only",0.673546382600976
300,500,"Source2_Only",0.804039059032401
300,500,"Weighted",0.812694185530404
100,1000,"Target_Only",0.779569892473118
100,1000,"Source1_Only",0.698924731182796
100,1000,"Source2_Only",0.8584229390681
100,1000,"Weighted",0.879928315412186
200,1000,"Target_Only",0.760536398467433
200,1000,"Source1_Only",0.69588122605364
200,1000,"Source2_Only",0.865421455938697
200,1000,"Weighted",0.871647509578544
300,1000,"Target_Only",0.745600695198783
300,1000,"Source1_Only",0.726265479035412
300,1000,"Source2_Only",0.784053877905714
300,1000,"Weighted",0.820334564414512
100,100,"Target_Only",0.688090737240076
100,100,"Source1_Only",0.485822306238185
100,100,"Source2_Only",0.482041587901701
100,100,"Weighted",0.584120982986768
200,100,"Target_Only",0.767418032786885
200,100,"Source1_Only",0.657786885245902
200,100,"Source2_Only",0.734118852459016
200,100,"Weighted",0.79405737704918
300,100,"Target_Only",0.771926229508197
300,100,"Source1_Only",0.604303278688525
300,100,"Source2_Only",0.724180327868852
300,100,"Weighted",0.789344262295082
100,300,"Target_Only",0.776280323450135
100,300,"Source1_Only",0.598382749326146
100,300,"Source2_Only",0.681940700808625
100,300,"Weighted",0.808625336927224
200,300,"Target_Only",0.779042200094832
200,300,"Source1_Only",0.635846372688478
200,300,"Source2_Only",0.754860123281176
200,300,"Weighted",0.819345661450925
300,300,"Target_Only",0.747962106190791
300,300,"Source1_Only",0.641330689579202
300,300,"Source2_Only",0.78916060806345
300,300,"Weighted",0.802379378717779
100,500,"Target_Only",0.613259668508287
100,500,"Source1_Only",0.633517495395948
100,500,"Source2_Only",0.703499079189687
100,500,"Weighted",0.732965009208103
200,500,"Target_Only",0.734601902854281
200,500,"Source1_Only",0.606409614421632
200,500,"Source2_Only",0.763144717075613
200,500,"Weighted",0.787180771156735
300,500,"Target_Only",0.716074223116477
300,500,"Source1_Only",0.666890230270512
300,500,"Source2_Only",0.68075117370892
300,500,"Weighted",0.749608763693271
100,1000,"Target_Only",0.797794117647059
100,1000,"Source1_Only",0.628676470588235
100,1000,"Source2_Only",0.834558823529412
100,1000,"Weighted",0.845588235294118
200,1000,"Target_Only",0.811358024691358
200,1000,"Source1_Only",0.745185185185185
200,1000,"Source2_Only",0.78320987654321
200,1000,"Weighted",0.841975308641975
300,1000,"Target_Only",0.766946610677864
300,1000,"Source1_Only",0.719056188762248
300,1000,"Source2_Only",0.757248550289942
300,1000,"Weighted",0.817236552689462
100,100,"Target_Only",0.574358974358974
100,100,"Source1_Only",0.548717948717949
100,100,"Source2_Only",0.724786324786325
100,100,"Weighted",0.694017094017094
200,100,"Target_Only",0.786266924564797
200,100,"Source1_Only",0.729206963249516
200,100,"Source2_Only",0.790135396518375
200,100,"Weighted",0.830270793036751
300,100,"Target_Only",0.783935122610543
300,100,"Source1_Only",0.592199266267619
300,100,"Source2_Only",0.72562270708631
300,100,"Weighted",0.802664607067001
100,300,"Target_Only",0.757575757575758
100,300,"Source1_Only",0.668449197860963
100,300,"Source2_Only",0.757575757575758
100,300,"Weighted",0.798573975044563
200,300,"Target_Only",0.746064623032312
200,300,"Source1_Only",0.615575807787904
200,300,"Source2_Only",0.715410107705054
200,300,"Weighted",0.776304888152444
300,300,"Target_Only",0.81706580800966
300,300,"Source1_Only",0.661098812638358
300,300,"Source2_Only",0.754880257597102
300,300,"Weighted",0.827128194807808
100,500,"Target_Only",0.759259259259259
100,500,"Source1_Only",0.785185185185185
100,500,"Source2_Only",0.744444444444444
100,500,"Weighted",0.853703703703704
200,500,"Target_Only",0.711759082217973
200,500,"Source1_Only",0.647705544933078
200,500,"Source2_Only",0.766252390057361
200,500,"Weighted",0.790152963671128
300,500,"Target_Only",0.795877659574468
300,500,"Source1_Only",0.728501773049645
300,500,"Source2_Only",0.765070921985816
300,500,"Weighted",0.819148936170213
100,1000,"Target_Only",0.791814946619217
100,1000,"Source1_Only",0.628113879003559
100,1000,"Source2_Only",0.841637010676157
100,1000,"Weighted",0.838078291814947
200,1000,"Target_Only",0.723534558180227
200,1000,"Source1_Only",0.68153980752406
200,1000,"Source2_Only",0.744531933508311
200,1000,"Weighted",0.762029746281715
300,1000,"Target_Only",0.848385689354276
300,1000,"Source1_Only",0.775741710296684
300,1000,"Source2_Only",0.845767888307155
300,1000,"Weighted",0.87434554973822
100,100,"Target_Only",0.731428571428571
100,100,"Source1_Only",0.662857142857143
100,100,"Source2_Only",0.702857142857143
100,100,"Weighted",0.779047619047619
200,100,"Target_Only",0.787991718426501
200,100,"Source1_Only",0.614906832298137
200,100,"Source2_Only",0.7648033126294
200,100,"Weighted",0.812836438923396
300,100,"Target_Only",0.799048482102401
300,100,"Source1_Only",0.631400090620752
300,100,"Source2_Only",0.796556411418215
300,100,"Weighted",0.839148164929769
100,300,"Target_Only",0.694323144104803
100,300,"Source1_Only",0.746724890829694
100,300,"Source2_Only",0.844978165938865
100,300,"Weighted",0.862445414847162
200,300,"Target_Only",0.668067226890756
200,300,"Source1_Only",0.696638655462185
200,300,"Source2_Only",0.691596638655462
200,300,"Weighted",0.742436974789916
300,300,"Target_Only",0.798051005598175
300,300,"Source1_Only",0.589052456976985
300,300,"Source2_Only",0.771304167530583
300,300,"Weighted",0.825005183495749
100,500,"Target_Only",0.655448717948718
100,500,"Source1_Only",0.713141025641026
100,500,"Source2_Only",0.756410256410256
100,500,"Weighted",0.764423076923077
200,500,"Target_Only",0.706100795755968
200,500,"Source1_Only",0.625994694960212
200,500,"Source2_Only",0.803713527851459
200,500,"Weighted",0.763395225464191
300,500,"Target_Only",0.806366047745358
300,500,"Source1_Only",0.696165903062455
300,500,"Source2_Only",0.779117434289848
300,500,"Weighted",0.83289124668435
100,1000,"Target_Only",0.593561368209256
100,1000,"Source1_Only",0.76056338028169
100,1000,"Source2_Only",0.722334004024145
100,1000,"Weighted",0.746478873239437
200,1000,"Target_Only",0.74866785079929
200,1000,"Source1_Only",0.794849023090586
200,1000,"Source2_Only",0.77841918294849
200,1000,"Weighted",0.809946714031972
300,1000,"Target_Only",0.770107794361526
300,1000,"Source1_Only",0.63577943615257
300,1000,"Source2_Only",0.753316749585406
300,1000,"Weighted",0.785655058043118
100,100,"Target_Only",0.711356466876972
100,100,"Source1_Only",0.623028391167192
100,100,"Source2_Only",0.720820189274448
100,100,"Weighted",0.747634069400631
200,100,"Target_Only",0.681643132220796
200,100,"Source1_Only",0.600770218228498
200,100,"Source2_Only",0.663671373555841
200,100,"Weighted",0.700898587933248
300,100,"Target_Only",0.762668250197941
300,100,"Source1_Only",0.552058590657165
300,100,"Source2_Only",0.691805225653207
300,100,"Weighted",0.768408551068884
100,300,"Target_Only",0.805921052631579
100,300,"Source1_Only",0.643092105263158
100,300,"Source2_Only",0.754934210526316
100,300,"Weighted",0.850328947368421
200,300,"Target_Only",0.807456588355465
200,300,"Source1_Only",0.751276813074566
200,300,"Source2_Only",0.838610827374872
200,300,"Weighted",0.882022471910112
300,300,"Target_Only",0.763286093888397
300,300,"Source1_Only",0.691984056687334
300,300,"Source2_Only",0.734278122232064
300,300,"Weighted",0.804251550044287
100,500,"Target_Only",0.757417102966841
100,500,"Source1_Only",0.645724258289703
100,500,"Source2_Only",0.821989528795811
100,500,"Weighted",0.827225130890052
200,500,"Target_Only",0.772374547335748
200,500,"Source1_Only",0.693222969477496
200,500,"Source2_Only",0.823072943610967
200,500,"Weighted",0.839110191412312
300,500,"Target_Only",0.824009799918334
300,500,"Source1_Only",0.718252347897101
300,500,"Source2_Only",0.836259697835851
300,500,"Weighted",0.866476112699061
100,1000,"Target_Only",0.730569948186528
100,1000,"Source1_Only",0.654576856649395
100,1000,"Source2_Only",0.822107081174439
100,1000,"Weighted",0.792746113989637
200,1000,"Target_Only",0.705163043478261
200,1000,"Source1_Only",0.679347826086957
200,1000,"Source2_Only",0.799365942028986
200,1000,"Weighted",0.800724637681159
300,1000,"Target_Only",0.809412679891093
300,1000,"Source1_Only",0.694087903539479
300,1000,"Source2_Only",0.815441462465966
300,1000,"Weighted",0.8512252042007
100,100,"Target_Only",0.715116279069767
100,100,"Source1_Only",0.742248062015504
100,100,"Source2_Only",0.699612403100775
100,100,"Weighted",0.765503875968992
200,100,"Target_Only",0.730702515177797
200,100,"Source1_Only",0.594535993061578
200,100,"Source2_Only",0.754553339115351
200,100,"Weighted",0.772333044232437
300,100,"Target_Only",0.69251282051282
300,100,"Source1_Only",0.569025641025641
300,100,"Source2_Only",0.701128205128205
300,100,"Weighted",0.725333333333333
100,300,"Target_Only",0.755932203389831
100,300,"Source1_Only",0.755932203389831
100,300,"Source2_Only",0.755932203389831
100,300,"Weighted",0.806779661016949
200,300,"Target_Only",0.752026704816404
200,300,"Source1_Only",0.661897949451598
200,300,"Source2_Only",0.762517882689556
200,300,"Weighted",0.785884597043395
300,300,"Target_Only",0.776833816825528
300,300,"Source1_Only",0.72420223787816
300,300,"Source2_Only",0.773932863655201
300,300,"Weighted",0.802527973477
100,500,"Target_Only",0.6677471636953
100,500,"Source1_Only",0.625607779578606
100,500,"Source2_Only",0.761750405186386
100,500,"Weighted",0.753646677471637
200,500,"Target_Only",0.715744012563801
200,500,"Source1_Only",0.674519042010208
200,500,"Source2_Only",0.732626619552415
200,500,"Weighted",0.758146839418924
300,500,"Target_Only",0.82682112703711
300,500,"Source1_Only",0.715884547418025
300,500,"Source2_Only",0.853131749460043
300,500,"Weighted",0.843510700962105
100,1000,"Target_Only",0.728929384965831
100,1000,"Source1_Only",0.656036446469248
100,1000,"Source2_Only",0.856492027334852
100,1000,"Weighted",0.895216400911162
200,1000,"Target_Only",0.784577114427861
200,1000,"Source1_Only",0.736318407960199
200,1000,"Source2_Only",0.734825870646766
200,1000,"Weighted",0.821393034825871
300,1000,"Target_Only",0.778239021192921
300,1000,"Source1_Only",0.632073410530915
300,1000,"Source2_Only",0.746340397640376
300,1000,"Weighted",0.794843784138082
100,100,"Target_Only",0.712280701754386
100,100,"Source1_Only",0.621052631578947
100,100,"Source2_Only",0.675438596491228
100,100,"Weighted",0.726315789473684
200,100,"Target_Only",0.764730818143281
200,100,"Source1_Only",0.685036032217041
200,100,"Source2_Only",0.773208986858839
200,100,"Weighted",0.793556591776176
300,100,"Target_Only",0.787855495772483
300,100,"Source1_Only",0.672751729438893
300,100,"Source2_Only",0.750192159877018
300,100,"Weighted",0.802651806302844
100,300,"Target_Only",0.681102362204724
100,300,"Source1_Only",0.68503937007874
100,300,"Source2_Only",0.797244094488189
100,300,"Weighted",0.856299212598425
200,300,"Target_Only",0.817028985507246
200,300,"Source1_Only",0.678894927536232
200,300,"Source2_Only",0.826539855072464
200,300,"Weighted",0.867753623188406
300,300,"Target_Only",0.789207091369569
300,300,"Source1_Only",0.64621079290863
300,300,"Source2_Only",0.75219170075979
300,300,"Weighted",0.802844340541594
100,500,"Target_Only",0.872340425531915
100,500,"Source1_Only",0.69721767594108
100,500,"Source2_Only",0.823240589198036
100,500,"Weighted",0.86088379705401
200,500,"Target_Only",0.727505330490405
200,500,"Source1_Only",0.666950959488273
200,500,"Source2_Only",0.761620469083156
200,500,"Weighted",0.784221748400853
300,500,"Target_Only",0.757322175732217
300,500,"Source1_Only",0.681589958158996
300,500,"Source2_Only",0.789958158995816
300,500,"Weighted",0.827615062761506
100,1000,"Target_Only",0.749546279491833
100,1000,"Source1_Only",0.718693284936479
100,1000,"Source2_Only",0.765880217785844
100,1000,"Weighted",0.814882032667877
200,1000,"Target_Only",0.77919788453063
200,1000,"Source1_Only",0.690612604671662
200,1000,"Source2_Only",0.793301013662406
200,1000,"Weighted",0.816659321286911
300,1000,"Target_Only",0.734464627151052
300,1000,"Source1_Only",0.700286806883365
300,1000,"Source2_Only",0.760516252390057
300,1000,"Weighted",0.797323135755258
100,100,"Target_Only",0.678571428571429
100,100,"Source1_Only",0.617063492063492
100,100,"Source2_Only",0.694444444444444
100,100,"Weighted",0.773809523809524
200,100,"Target_Only",0.731820287169986
200,100,"Source1_Only",0.625289485873089
200,100,"Source2_Only",0.728114867994442
200,100,"Weighted",0.798981009726725
300,100,"Target_Only",0.767569481324128
300,100,"Source1_Only",0.678527172950965
300,100,"Source2_Only",0.760842627013631
300,100,"Weighted",0.797663303239511
100,300,"Target_Only",0.703374777975133
100,300,"Source1_Only",0.740674955595027
100,300,"Source2_Only",0.776198934280639
100,300,"Weighted",0.818827708703375
200,300,"Target_Only",0.742198100407056
200,300,"Source1_Only",0.712799638172772
200,300,"Source2_Only",0.733152419719584
200,300,"Weighted",0.800995024875622
300,300,"Target_Only",0.769262211322297
300,300,"Source1_Only",0.692622113222972
300,300,"Source2_Only",0.744737379930513
300,300,"Weighted",0.812589413447783
100,500,"Target_Only",0.584120982986768
100,500,"Source1_Only",0.612476370510397
100,500,"Source2_Only",0.720226843100189
100,500,"Weighted",0.667296786389414
200,500,"Target_Only",0.816052060737527
200,500,"Source1_Only",0.710629067245119
200,500,"Source2_Only",0.790889370932755
200,500,"Weighted",0.853796095444685
300,500,"Target_Only",0.778926829268293
300,500,"Source1_Only",0.659707317073171
300,500,"Source2_Only",0.796487804878049
300,500,"Weighted",0.816975609756098
100,1000,"Target_Only",0.604166666666667
100,1000,"Source1_Only",0.552083333333333
100,1000,"Source2_Only",0.670833333333333
100,1000,"Weighted",0.664583333333333
200,1000,"Target_Only",0.7545820295038
200,1000,"Source1_Only",0.652212784979884
200,1000,"Source2_Only",0.805990165400089
200,1000,"Weighted",0.810907465355387
300,1000,"Target_Only",0.74002849002849
300,1000,"Source1_Only",0.645061728395062
300,1000,"Source2_Only",0.712488129154796
300,1000,"Weighted",0.792260208926876
100,100,"Target_Only",0.654427645788337
100,100,"Source1_Only",0.721382289416847
100,100,"Source2_Only",0.676025917926566
100,100,"Weighted",0.704103671706264
200,100,"Target_Only",0.775739041794088
200,100,"Source1_Only",0.653924566768603
200,100,"Source2_Only",0.752803261977574
200,100,"Weighted",0.793068297655454
300,100,"Target_Only",0.712663587374904
300,100,"Source1_Only",0.644919168591224
300,100,"Source2_Only",0.720939183987683
300,100,"Weighted",0.755003849114704
100,300,"Target_Only",0.733333333333333
100,300,"Source1_Only",0.680392156862745
100,300,"Source2_Only",0.813725490196078
100,300,"Weighted",0.833333333333333
200,300,"Target_Only",0.738317757009346
200,300,"Source1_Only",0.670301142263759
200,300,"Source2_Only",0.712357217030114
200,300,"Weighted",0.780373831775701
300,300,"Target_Only",0.741975564299027
300,300,"Source1_Only",0.672188858977014
300,300,"Source2_Only",0.701180368606337
300,300,"Weighted",0.760198798923172
100,500,"Target_Only",0.65377532228361
100,500,"Source1_Only",0.650092081031308
100,500,"Source2_Only",0.771639042357274
100,500,"Weighted",0.76427255985267
200,500,"Target_Only",0.731914893617021
200,500,"Source1_Only",0.636879432624114
200,500,"Source2_Only",0.737115839243499
200,500,"Weighted",0.757919621749409
300,500,"Target_Only",0.789373007438895
300,500,"Source1_Only",0.725398512221041
300,500,"Source2_Only",0.752178533475027
300,500,"Weighted",0.815302869287992
100,1000,"Target_Only",0.681553398058252
100,1000,"Source1_Only",0.65631067961165
100,1000,"Source2_Only",0.792233009708738
100,1000,"Weighted",0.801941747572816
200,1000,"Target_Only",0.804195804195804
200,1000,"Source1_Only",0.681318681318681
200,1000,"Source2_Only",0.801198801198801
200,1000,"Weighted",0.83966033966034
300,1000,"Target_Only",0.824446113405933
300,1000,"Source1_Only",0.730754787833271
300,1000,"Source2_Only",0.799098760796095
300,1000,"Weighted",0.857679309049944
100,100,"Target_Only",0.735401459854015
100,100,"Source1_Only",0.635036496350365
100,100,"Source2_Only",0.693430656934307
100,100,"Weighted",0.764598540145985
200,100,"Target_Only",0.717707844058243
200,100,"Source1_Only",0.662282761860028
200,100,"Source2_Only",0.641615782057304
200,100,"Weighted",0.736965711601691
300,100,"Target_Only",0.765588914549653
300,100,"Source1_Only",0.600076982294072
300,100,"Source2_Only",0.650115473441109
300,100,"Weighted",0.743264049268668
100,300,"Target_Only",0.727106227106227
100,300,"Source1_Only",0.716117216117216
100,300,"Source2_Only",0.807692307692308
100,300,"Weighted",0.866300366300366
200,300,"Target_Only",0.739256198347107
200,300,"Source1_Only",0.695454545454545
200,300,"Source2_Only",0.795454545454545
200,300,"Weighted",0.804132231404959
300,300,"Target_Only",0.738238841978287
300,300,"Source1_Only",0.68854041013269
300,300,"Source2_Only",0.756815440289505
300,300,"Weighted",0.781664656212304
100,500,"Target_Only",0.726591760299625
100,500,"Source1_Only",0.713483146067416
100,500,"Source2_Only",0.820224719101124
100,500,"Weighted",0.790262172284644
200,500,"Target_Only",0.79652466367713
200,500,"Source1_Only",0.695067264573991
200,500,"Source2_Only",0.778587443946188
200,500,"Weighted",0.824551569506726
300,500,"Target_Only",0.80397489539749
300,500,"Source1_Only",0.70418410041841
300,500,"Source2_Only",0.771129707112971
300,500,"Weighted",0.833054393305439
100,1000,"Target_Only",0.695810564663024
100,1000,"Source1_Only",0.693989071038251
100,1000,"Source2_Only",0.761384335154827
100,1000,"Weighted",0.765027322404372
200,1000,"Target_Only",0.757327586206897
200,1000,"Source1_Only",0.683189655172414
200,1000,"Source2_Only",0.812931034482759
200,1000,"Weighted",0.824568965517241
300,1000,"Target_Only",0.809229410465887
300,1000,"Source1_Only",0.715610510046368
300,1000,"Source2_Only",0.813424597041289
300,1000,"Weighted",0.856701258555973
100,100,"Target_Only",0.731981981981982
100,100,"Source1_Only",0.671171171171171
100,100,"Source2_Only",0.772522522522523
100,100,"Weighted",0.738738738738739
200,100,"Target_Only",0.786870087840962
200,100,"Source1_Only",0.736014794267221
200,100,"Source2_Only",0.820157189089228
200,100,"Weighted",0.849283402681461
300,100,"Target_Only",0.772831765935214
300,100,"Source1_Only",0.603970741901776
300,100,"Source2_Only",0.691745036572623
300,100,"Weighted",0.767816091954023
100,300,"Target_Only",0.708510638297872
100,300,"Source1_Only",0.574468085106383
100,300,"Source2_Only",0.842553191489362
100,300,"Weighted",0.814893617021277
200,300,"Target_Only",0.807584269662921
200,300,"Source1_Only",0.715355805243446
200,300,"Source2_Only",0.779494382022472
200,300,"Weighted",0.845973782771536
300,300,"Target_Only",0.793190949460774
300,300,"Source1_Only",0.656375555085642
300,300,"Source2_Only",0.809262000422922
300,300,"Weighted",0.845633326284627
100,500,"Target_Only",0.75959595959596
100,500,"Source1_Only",0.658585858585859
100,500,"Source2_Only",0.842424242424242
100,500,"Weighted",0.852525252525252
200,500,"Target_Only",0.767772511848341
200,500,"Source1_Only",0.753123653597587
200,500,"Source2_Only",0.774666092201637
200,500,"Weighted",0.837139164153382
300,500,"Target_Only",0.769422989550204
300,500,"Source1_Only",0.693094048159927
300,500,"Source2_Only",0.805770104497955
300,500,"Weighted",0.808950477055884
100,1000,"Target_Only",0.553530751708428
100,1000,"Source1_Only",0.71753986332574
100,1000,"Source2_Only",0.726651480637813
100,1000,"Weighted",0.719817767653758
200,1000,"Target_Only",0.739816031537451
200,1000,"Source1_Only",0.696890056942619
200,1000,"Source2_Only",0.739378011388524
200,1000,"Weighted",0.780989925536575
300,1000,"Target_Only",0.767897205792372
300,1000,"Source1_Only",0.64205588415256
300,1000,"Source2_Only",0.809300428309198
300,1000,"Weighted",0.835406893738528
100,100,"Target_Only",0.628113879003559
100,100,"Source1_Only",0.597864768683274
100,100,"Source2_Only",0.670818505338078
100,100,"Weighted",0.688612099644128
200,100,"Target_Only",0.763010752688172
200,100,"Source1_Only",0.672258064516129
200,100,"Source2_Only",0.757849462365591
200,100,"Weighted",0.829677419354839
300,100,"Target_Only",0.686331533028666
300,100,"Source1_Only",0.630037390943083
300,100,"Source2_Only",0.740132945575405
300,100,"Weighted",0.750727046115496
100,300,"Target_Only",0.660919540229885
100,300,"Source1_Only",0.613026819923372
100,300,"Source2_Only",0.795019157088123
100,300,"Weighted",0.75095785440613
200,300,"Target_Only",0.719924812030075
200,300,"Source1_Only",0.631578947368421
200,300,"Source2_Only",0.755639097744361
200,300,"Weighted",0.779605263157895
300,300,"Target_Only",0.774647887323944
300,300,"Source1_Only",0.703000612369871
300,300,"Source2_Only",0.777709736680955
300,300,"Weighted",0.815472545417432
100,500,"Target_Only",0.674897119341564
100,500,"Source1_Only",0.633744855967078
100,500,"Source2_Only",0.796296296296296
100,500,"Weighted",0.794238683127572
200,500,"Target_Only",0.777570093457944
200,500,"Source1_Only",0.671028037383178
200,500,"Source2_Only",0.761682242990654
200,500,"Weighted",0.79392523364486
300,500,"Target_Only",0.809001865671642
300,500,"Source1_Only",0.671408582089552
300,500,"Source2_Only",0.801305970149254
300,500,"Weighted",0.830223880597015
100,1000,"Target_Only",0.823960880195599
100,1000,"Source1_Only",0.713936430317848
100,1000,"Source2_Only",0.750611246943765
100,1000,"Weighted",0.819070904645477
200,1000,"Target_Only",0.736960431654676
200,1000,"Source1_Only",0.683453237410072
200,1000,"Source2_Only",0.83228417266187
200,1000,"Weighted",0.838129496402878
300,1000,"Target_Only",0.780875748502994
300,1000,"Source1_Only",0.674214071856287
300,1000,"Source2_Only",0.797904191616766
300,1000,"Weighted",0.824101796407186
100,100,"Target_Only",0.828301886792453
100,100,"Source1_Only",0.756603773584906
100,100,"Source2_Only",0.671698113207547
100,100,"Weighted",0.80377358490566
200,100,"Target_Only",0.66436327739388
200,100,"Source1_Only",0.564165844027641
200,100,"Source2_Only",0.703849950641658
200,100,"Weighted",0.714708785784798
300,100,"Target_Only",0.761179828734539
300,100,"Source1_Only",0.524024738344434
300,100,"Source2_Only",0.764272121788773
300,100,"Weighted",0.793529971455756
100,300,"Target_Only",0.778523489932886
100,300,"Source1_Only",0.838926174496644
100,300,"Source2_Only",0.914988814317673
100,300,"Weighted",0.906040268456376
200,300,"Target_Only",0.722817133443163
200,300,"Source1_Only",0.629736408566722
200,300,"Source2_Only",0.71499176276771
200,300,"Weighted",0.74835255354201
300,300,"Target_Only",0.765368852459016
300,300,"Source1_Only",0.628893442622951
300,300,"Source2_Only",0.754508196721311
300,300,"Weighted",0.79077868852459
100,500,"Target_Only",0.671296296296296
100,500,"Source1_Only",0.671296296296296
100,500,"Source2_Only",0.710648148148148
100,500,"Weighted",0.743055555555556
200,500,"Target_Only",0.733646857631466
200,500,"Source1_Only",0.713125267208209
200,500,"Source2_Only",0.781530568619068
200,500,"Weighted",0.814023086789226
300,500,"Target_Only",0.767243367935409
300,500,"Source1_Only",0.724336793540946
300,500,"Source2_Only",0.754786620530565
300,500,"Weighted",0.814763552479815
100,1000,"Target_Only",0.534545454545455
100,1000,"Source1_Only",0.8
100,1000,"Source2_Only",0.749090909090909
100,1000,"Weighted",0.754545454545455
200,1000,"Target_Only",0.741063244729606
200,1000,"Source1_Only",0.751145737855179
200,1000,"Source2_Only",0.807974335472044
200,1000,"Weighted",0.824014665444546
300,1000,"Target_Only",0.762643783092934
300,1000,"Source1_Only",0.736352017527844
300,1000,"Source2_Only",0.777432901223297
300,1000,"Weighted",0.821617673909074
100,100,"Target_Only",0.684512428298279
100,100,"Source1_Only",0.688336520076482
100,100,"Source2_Only",0.724665391969407
100,100,"Weighted",0.739961759082218
200,100,"Target_Only",0.819773429454171
200,100,"Source1_Only",0.753347064881565
200,100,"Source2_Only",0.806385169927909
200,100,"Weighted",0.855818743563337
300,100,"Target_Only",0.82956326987682
300,100,"Source1_Only",0.608510638297872
300,100,"Source2_Only",0.73437849944009
300,100,"Weighted",0.799776035834266
100,300,"Target_Only",0.788732394366197
100,300,"Source1_Only",0.751760563380282
100,300,"Source2_Only",0.848591549295775
100,300,"Weighted",0.873239436619718
200,300,"Target_Only",0.73697270471464
200,300,"Source1_Only",0.617452440033085
200,300,"Source2_Only",0.755996691480562
200,300,"Weighted",0.776674937965261
300,300,"Target_Only",0.772113289760349
300,300,"Source1_Only",0.67363834422658
300,300,"Source2_Only",0.76318082788671
300,300,"Weighted",0.790196078431373
100,500,"Target_Only",0.694756554307116
100,500,"Source1_Only",0.657303370786517
100,500,"Source2_Only",0.782771535580524
100,500,"Weighted",0.808988764044944
200,500,"Target_Only",0.758223684210526
200,500,"Source1_Only",0.68969298245614
200,500,"Source2_Only",0.846491228070176
200,500,"Weighted",0.841008771929824
300,500,"Target_Only",0.749251347574366
300,500,"Source1_Only",0.632261928528648
300,500,"Source2_Only",0.736274705530046
300,500,"Weighted",0.769814334198443
100,1000,"Target_Only",0.665943600867679
100,1000,"Source1_Only",0.733188720173536
100,1000,"Source2_Only",0.752711496746204
100,1000,"Weighted",0.800433839479393
200,1000,"Target_Only",0.737720553171197
200,1000,"Source1_Only",0.659036719122556
200,1000,"Source2_Only",0.787792083929423
200,1000,"Weighted",0.813543156890796
300,1000,"Target_Only",0.837590861889927
300,1000,"Source1_Only",0.727518172377985
300,1000,"Source2_Only",0.826791277258567
300,1000,"Weighted",0.871235721703011
100,100,"Target_Only",0.814453125
100,100,"Source1_Only",0.587890625
100,100,"Source2_Only",0.841796875
100,100,"Weighted",0.86328125
200,100,"Target_Only",0.728448275862069
200,100,"Source1_Only",0.67801724137931
200,100,"Source2_Only",0.73448275862069
200,100,"Weighted",0.774137931034483
300,100,"Target_Only",0.841910161360663
300,100,"Source1_Only",0.58591365023986
300,100,"Source2_Only",0.790449193196685
300,100,"Weighted",0.832097688617532
100,300,"Target_Only",0.747148288973384
100,300,"Source1_Only",0.673003802281369
100,300,"Source2_Only",0.773764258555133
100,300,"Weighted",0.842205323193916
200,300,"Target_Only",0.780199818346957
200,300,"Source1_Only",0.650317892824705
200,300,"Source2_Only",0.810626702997275
200,300,"Weighted",0.829246139872843
300,300,"Target_Only",0.733320095313741
300,300,"Source1_Only",0.653891977760127
300,300,"Source2_Only",0.721008737092931
300,300,"Weighted",0.750595710881652
100,500,"Target_Only",0.634387351778656
100,500,"Source1_Only",0.677865612648221
100,500,"Source2_Only",0.804347826086957
100,500,"Weighted",0.798418972332016
200,500,"Target_Only",0.702400662251656
200,500,"Source1_Only",0.588990066225166
200,500,"Source2_Only",0.759105960264901
200,500,"Weighted",0.755794701986755
300,500,"Target_Only",0.811047089211206
300,500,"Source1_Only",0.707530300019869
300,500,"Source2_Only",0.826147426981919
300,500,"Weighted",0.859924498311146
100,1000,"Target_Only",0.659016393442623
100,1000,"Source1_Only",0.759016393442623
100,1000,"Source2_Only",0.79672131147541
100,1000,"Weighted",0.804918032786885
200,1000,"Target_Only",0.783482142857143
200,1000,"Source1_Only",0.70625
200,1000,"Source2_Only",0.803571428571429
200,1000,"Weighted",0.848660714285714
300,1000,"Target_Only",0.767915844838922
300,1000,"Source1_Only",0.724961648038571
300,1000,"Source2_Only",0.773175542406312
300,1000,"Weighted",0.809335963182117
100,100,"Target_Only",0.77431906614786
100,100,"Source1_Only",0.616731517509728
100,100,"Source2_Only",0.608949416342413
100,100,"Weighted",0.768482490272373
200,100,"Target_Only",0.73943661971831
200,100,"Source1_Only",0.623239436619718
200,100,"Source2_Only",0.719630281690141
200,100,"Weighted",0.772887323943662
300,100,"Target_Only",0.774132372463493
300,100,"Source1_Only",0.659965863834629
300,100,"Source2_Only",0.686895505404893
300,100,"Weighted",0.778304570453252
100,300,"Target_Only",0.735981308411215
100,300,"Source1_Only",0.670560747663551
100,300,"Source2_Only",0.764018691588785
100,300,"Weighted",0.789719626168224
200,300,"Target_Only",0.792258064516129
200,300,"Source1_Only",0.661505376344086
200,300,"Source2_Only",0.739784946236559
200,300,"Weighted",0.801720430107527
300,300,"Target_Only",0.803193612774451
300,300,"Source1_Only",0.700798403193613
300,300,"Source2_Only",0.749301397205589
300,300,"Weighted",0.821357285429142
100,500,"Target_Only",0.673507462686567
100,500,"Source1_Only",0.613805970149254
100,500,"Source2_Only",0.794776119402985
100,500,"Weighted",0.763059701492537
200,500,"Target_Only",0.800842105263158
200,500,"Source1_Only",0.68
200,500,"Source2_Only",0.813052631578947
200,500,"Weighted",0.819789473684211
300,500,"Target_Only",0.729701952723535
300,500,"Source1_Only",0.670298047276465
300,500,"Source2_Only",0.759712230215827
300,500,"Weighted",0.765262076053443
100,1000,"Target_Only",0.654362416107383
100,1000,"Source1_Only",0.714765100671141
100,1000,"Source2_Only",0.845637583892617
100,1000,"Weighted",0.796979865771812
200,1000,"Target_Only",0.758620689655172
200,1000,"Source1_Only",0.751264367816092
200,1000,"Source2_Only",0.76367816091954
200,1000,"Weighted",0.806436781609195
300,1000,"Target_Only",0.756232075887933
300,1000,"Source1_Only",0.694462828149129
300,1000,"Source2_Only",0.758217515993823
300,1000,"Weighted",0.800573571586146
100,100,"Target_Only",0.6529284164859
100,100,"Source1_Only",0.574837310195228
100,100,"Source2_Only",0.759219088937093
100,100,"Weighted",0.752711496746204
200,100,"Target_Only",0.780168381665108
200,100,"Source1_Only",0.698783910196445
200,100,"Source2_Only",0.783910196445276
200,100,"Weighted",0.833956969130028
300,100,"Target_Only",0.756827534605312
300,100,"Source1_Only",0.657687991021324
300,100,"Source2_Only",0.726337448559671
300,100,"Weighted",0.767302656191545
100,300,"Target_Only",0.728846153846154
100,300,"Source1_Only",0.667307692307692
100,300,"Source2_Only",0.830769230769231
100,300,"Weighted",0.836538461538462
200,300,"Target_Only",0.749003984063745
200,300,"Source1_Only",0.610889774236388
200,300,"Source2_Only",0.709606020362992
200,300,"Weighted",0.772023019034971
300,300,"Target_Only",0.770037278657968
300,300,"Source1_Only",0.660531220876048
300,300,"Source2_Only",0.743709226467847
300,300,"Weighted",0.795666356011184
100,500,"Target_Only",0.825980392156863
100,500,"Source1_Only",0.808823529411765
100,500,"Source2_Only",0.774509803921569
100,500,"Weighted",0.879901960784314
200,500,"Target_Only",0.767794043412418
200,500,"Source1_Only",0.624432104997476
200,500,"Source2_Only",0.804139323573953
200,500,"Weighted",0.809692074709743
300,500,"Target_Only",0.781640873436506
300,500,"Source1_Only",0.659953360186559
300,500,"Source2_Only",0.821284714861141
300,500,"Weighted",0.823192707229171
100,1000,"Target_Only",0.836734693877551
100,1000,"Source1_Only",0.73469387755102
100,1000,"Source2_Only",0.880102040816326
100,1000,"Weighted",0.885204081632653
200,1000,"Target_Only",0.691385435168739
200,1000,"Source1_Only",0.740230905861456
200,1000,"Source2_Only",0.760213143872114
200,1000,"Weighted",0.765097690941385
300,1000,"Target_Only",0.737615787354007
300,1000,"Source1_Only",0.718485702778896
300,1000,"Source2_Only",0.749496576721708
300,1000,"Weighted",0.766210229561015
100,100,"Target_Only",0.628185907046477
100,100,"Source1_Only",0.67616191904048
100,100,"Source2_Only",0.568215892053973
100,100,"Weighted",0.671664167916042
200,100,"Target_Only",0.666821130676552
200,100,"Source1_Only",0.65291936978684
200,100,"Source2_Only",0.728915662650602
200,100,"Weighted",0.766450417052827
300,100,"Target_Only",0.725335803612784
300,100,"Source1_Only",0.704724409448819
300,100,"Source2_Only",0.794812413154238
300,100,"Weighted",0.809170912459472
100,300,"Target_Only",0.661710037174721
100,300,"Source1_Only",0.54089219330855
100,300,"Source2_Only",0.802973977695167
100,300,"Weighted",0.795539033457249
200,300,"Target_Only",0.760034904013962
200,300,"Source1_Only",0.617364746945899
200,300,"Source2_Only",0.756980802792321
200,300,"Weighted",0.804101221640489
300,300,"Target_Only",0.745028997514499
300,300,"Source1_Only",0.712717481358741
300,300,"Source2_Only",0.725559237779619
300,300,"Weighted",0.786868268434134
100,500,"Target_Only",0.716262975778547
100,500,"Source1_Only",0.778546712802768
100,500,"Source2_Only",0.788927335640138
100,500,"Weighted",0.825259515570934
200,500,"Target_Only",0.789196940726577
200,500,"Source1_Only",0.700286806883365
200,500,"Source2_Only",0.823135755258126
200,500,"Weighted",0.841778202676864
300,500,"Target_Only",0.80294961081524
300,500,"Source1_Only",0.619008603031544
300,500,"Source2_Only",0.796394920114707
300,500,"Weighted",0.838385907414994
100,1000,"Target_Only",0.7232
100,1000,"Source1_Only",0.776
100,1000,"Source2_Only",0.7856
100,1000,"Weighted",0.8512
200,1000,"Target_Only",0.660157872870794
200,1000,"Source1_Only",0.708350643955131
200,1000,"Source2_Only",0.779808890735355
200,1000,"Weighted",0.785625259659327
300,1000,"Target_Only",0.803644553644554
300,1000,"Source1_Only",0.729320229320229
300,1000,"Source2_Only",0.782555282555283
300,1000,"Weighted",0.846642096642097
100,100,"Target_Only",0.813664596273292
100,100,"Source1_Only",0.670807453416149
100,100,"Source2_Only",0.728778467908903
100,100,"Weighted",0.838509316770186
200,100,"Target_Only",0.765975454930173
200,100,"Source1_Only",0.653406686415573
200,100,"Source2_Only",0.68049090139653
200,100,"Weighted",0.754126110876005
300,100,"Target_Only",0.762322399579021
300,100,"Source1_Only",0.714962287318014
300,100,"Source2_Only",0.726363795825294
300,100,"Weighted",0.800736712857393
100,300,"Target_Only",0.792338709677419
100,300,"Source1_Only",0.792338709677419
100,300,"Source2_Only",0.840725806451613
100,300,"Weighted",0.816532258064516
200,300,"Target_Only",0.734623655913978
200,300,"Source1_Only",0.677849462365591
200,300,"Source2_Only",0.752258064516129
200,300,"Weighted",0.795698924731183
300,300,"Target_Only",0.820455057445371
300,300,"Source1_Only",0.653976120747916
300,300,"Source2_Only",0.80378463617932
300,300,"Weighted",0.848164000901104
100,500,"Target_Only",0.668571428571429
100,500,"Source1_Only",0.700952380952381
100,500,"Source2_Only",0.824761904761905
100,500,"Weighted",0.817142857142857
200,500,"Target_Only",0.806410256410256
200,500,"Source1_Only",0.666239316239316
200,500,"Source2_Only",0.85
200,500,"Weighted",0.86025641025641
300,500,"Target_Only",0.77410522198318
300,500,"Source1_Only",0.627420301193037
300,500,"Source2_Only",0.737336201838451
300,500,"Weighted",0.793663211421866
100,1000,"Target_Only",0.703703703703704
100,1000,"Source1_Only",0.701058201058201
100,1000,"Source2_Only",0.822751322751323
100,1000,"Weighted",0.796296296296296
200,1000,"Target_Only",0.742607852641784
200,1000,"Source1_Only",0.707222491517208
200,1000,"Source2_Only",0.794958797867184
200,1000,"Weighted",0.795928259815802
300,1000,"Target_Only",0.73883707084739
300,1000,"Source1_Only",0.648144473109744
300,1000,"Source2_Only",0.735860289740028
300,1000,"Weighted",0.77594760865251
100,100,"Target_Only",0.779783393501805
100,100,"Source1_Only",0.61913357400722
100,100,"Source2_Only",0.73826714801444
100,100,"Weighted",0.823104693140794
200,100,"Target_Only",0.683069977426637
200,100,"Source1_Only",0.669525959367946
200,100,"Source2_Only",0.68352144469526
200,100,"Weighted",0.758465011286682
300,100,"Target_Only",0.807153630683042
300,100,"Source1_Only",0.688644688644689
300,100,"Source2_Only",0.755225166989873
300,100,"Weighted",0.826546003016591
100,300,"Target_Only",0.704761904761905
100,300,"Source1_Only",0.731428571428571
100,300,"Source2_Only",0.716190476190476
100,300,"Weighted",0.775238095238095
200,300,"Target_Only",0.742368177613321
200,300,"Source1_Only",0.613783533765032
200,300,"Source2_Only",0.77104532839963
200,300,"Weighted",0.784458834412581
300,300,"Target_Only",0.767801251956182
300,300,"Source1_Only",0.672143974960876
300,300,"Source2_Only",0.749217527386541
300,300,"Weighted",0.806338028169014
100,500,"Target_Only",0.631217838765009
100,500,"Source1_Only",0.578044596912521
100,500,"Source2_Only",0.799313893653516
100,500,"Weighted",0.746140651801029
200,500,"Target_Only",0.693383038210624
200,500,"Source1_Only",0.655172413793103
200,500,"Source2_Only",0.753494874184529
200,500,"Weighted",0.749767008387698
300,500,"Target_Only",0.756692160611855
300,500,"Source1_Only",0.670411089866157
300,500,"Source2_Only",0.788479923518164
300,500,"Weighted",0.809990439770555
100,1000,"Target_Only",0.789915966386555
100,1000,"Source1_Only",0.778151260504202
100,1000,"Source2_Only",0.764705882352941
100,1000,"Weighted",0.860504201680672
200,1000,"Target_Only",0.749282296650718
200,1000,"Source1_Only",0.704784688995215
200,1000,"Source2_Only",0.778947368421053
200,1000,"Weighted",0.812918660287081
300,1000,"Target_Only",0.784539147670961
300,1000,"Source1_Only",0.629930624380575
300,1000,"Source2_Only",0.792269573835481
300,1000,"Weighted",0.817046580773043
100,100,"Target_Only",0.650294695481336
100,100,"Source1_Only",0.640471512770137
100,100,"Source2_Only",0.772102161100196
100,100,"Weighted",0.789783889980354
200,100,"Target_Only",0.682765151515151
200,100,"Source1_Only",0.566287878787879
200,100,"Source2_Only",0.692708333333333
200,100,"Weighted",0.679924242424242
300,100,"Target_Only",0.73769184771776
300,100,"Source1_Only",0.636834761809847
300,100,"Source2_Only",0.731512856288619
300,100,"Weighted",0.75921865656767
100,300,"Target_Only",0.64327485380117
100,300,"Source1_Only",0.686159844054581
100,300,"Source2_Only",0.769980506822612
100,300,"Weighted",0.808966861598441
200,300,"Target_Only",0.738039944263818
200,300,"Source1_Only",0.7440780306549
200,300,"Source2_Only",0.734324198792383
200,300,"Weighted",0.789595912679981
300,300,"Target_Only",0.727833297894961
300,300,"Source1_Only",0.648096959387625
300,300,"Source2_Only",0.755475228577504
300,300,"Weighted",0.807782266638316
100,500,"Target_Only",0.727272727272727
100,500,"Source1_Only",0.714795008912656
100,500,"Source2_Only",0.764705882352941
100,500,"Weighted",0.850267379679144
200,500,"Target_Only",0.740077444336883
200,500,"Source1_Only",0.66892545982575
200,500,"Source2_Only",0.761374636979671
200,500,"Weighted",0.798160696999032
300,500,"Target_Only",0.737545827043347
300,500,"Source1_Only",0.655811947379771
300,500,"Source2_Only",0.757386241104162
300,500,"Weighted",0.797714039249515
100,1000,"Target_Only",0.728139904610493
100,1000,"Source1_Only",0.682034976152623
100,1000,"Source2_Only",0.712241653418124
100,1000,"Weighted",0.766295707472178
200,1000,"Target_Only",0.77159140727751
200,1000,"Source1_Only",0.609381850065761
200,1000,"Source2_Only",0.762384918895221
200,1000,"Weighted",0.809294169224025
300,1000,"Target_Only",0.780915876538229
300,1000,"Source1_Only",0.699011498890458
300,1000,"Source2_Only",0.785152309864838
300,1000,"Weighted",0.833366955820052
